{
"inputLengthInCharacters": 1048576,
"uniformInput": false,
"useMappingLetter": false,
"measurements": {
"histogram_one_thread_per_character": {
"timesTransferToDevice": [ 0.3224640, 0.2332160, 0.2274560, 0.2646720, 0.2616960, 0.2061440, 0.2073600, 0.2038400, 0.2048000, 0.2262720, 0.2116800, 0.2831680, 0.2239360, 0.2051840, 0.2424000, 0.2383040, 0.2356800, 0.2555520, 0.2749760, 0.2271040, 0.2276160, 0.2529600, 0.2474560, 0.2274240, 0.2347520, 0.2487040, 0.2906240, 0.2194880, 0.2265600, 0.2612480, 0.2456640, 0.2270720, 0.2787840, 0.2456640, 0.2341440, 0.2521600, 0.3156480, 0.2501440, 0.2473280, 0.2455040, 0.2964160, 0.2473600, 0.2546880, 0.2678400, 0.2258240, 0.2925120, 0.2583360, 0.2676160, 0.2624320, 0.2474560, 0.2427840, 0.2794880, 0.2463680, 0.2418880, 0.2527360, 0.2464960, 0.2435200, 0.2377920, 0.2568960, 0.3877760, 0.2496640, 0.2504000, 0.2698880, 0.2613440, 0.2554240, 0.3072000, 0.2542720, 0.2449280, 0.3174400, 0.2808640, 0.3782400, 0.2603520, 0.2524160, 0.2450240, 0.2499840, 0.2465600, 0.3043200, 0.2716480, 0.2455360, 0.2583040, 0.2521600, 0.2474880, 0.3046400, 0.2458560, 0.2496000, 0.2980160, 0.2473280, 0.3300480, 0.2519680, 0.2443840, 0.2450240, 0.2565120, 0.2432640, 0.2614080, 0.3672960, 0.2472640, 0.2458880, 0.2880320, 0.2574720, 0.2453760 ],
"timesExecution": [ 1.1203520, 0.9158720, 0.9357760, 0.9379200, 0.8907520, 0.9058560, 0.9095680, 0.8847360, 0.9209280, 0.8885760, 0.9091520, 0.9081280, 0.8769920, 0.9075840, 0.8997760, 0.8926080, 0.9035200, 0.9374080, 0.8903040, 0.8906560, 0.9602880, 0.8907840, 0.8901120, 0.8964160, 0.8900160, 0.9214720, 0.8789120, 0.8846080, 0.9143360, 0.8940800, 0.8759040, 0.9449280, 0.8972480, 0.9709120, 0.9487680, 0.9120640, 0.8869760, 0.9480960, 0.8971200, 0.9002240, 0.9306560, 0.8972480, 0.9491520, 0.8814080, 0.9032000, 0.9691840, 0.8963520, 0.9535680, 0.9206080, 0.8857920, 0.9155520, 0.9193280, 0.8788800, 0.9317760, 0.9592960, 0.8831680, 0.8900480, 0.9264000, 0.8913280, 0.9488320, 0.9394560, 0.9393920, 0.9294080, 0.9316800, 0.8918080, 0.9711360, 0.9233600, 0.8881280, 1.0009600, 0.9526720, 0.9376000, 0.9404480, 0.8985920, 0.9669440, 0.9114240, 0.9042240, 0.9320320, 0.9078400, 0.8790400, 0.9404160, 0.9105280, 0.8909120, 0.8963200, 0.8997760, 0.8998080, 0.9619200, 0.8825920, 0.9158720, 0.9524480, 0.8842240, 0.8837760, 0.9554560, 0.8929600, 0.8809920, 0.9544000, 0.8983360, 0.8924160, 1.0851520, 0.9124800, 0.8948480 ],
"timesTransferFromDevice": [ 0.0945280, 0.0630400, 0.0633920, 0.0918400, 0.0525760, 0.0858880, 0.0506240, 0.0504320, 0.0514560, 0.0572480, 0.0615040, 0.0625600, 0.0851840, 0.0567360, 0.0639680, 0.0984320, 0.0969920, 0.1206080, 0.1030080, 0.0654720, 0.1546560, 0.0751040, 0.0641920, 0.0643200, 0.0745280, 0.1132800, 0.0633920, 0.1080000, 0.1048960, 0.0733120, 0.0905280, 0.1089280, 0.0736000, 0.0979520, 0.1115520, 0.0763200, 0.1041600, 0.0738880, 0.0747840, 0.1066240, 0.0710400, 0.0752320, 0.1008320, 0.0674240, 0.1123840, 0.0766400, 0.0699200, 0.0806400, 0.0928320, 0.0717760, 0.0729920, 0.0716800, 0.0697280, 0.1001920, 0.0751360, 0.0703360, 0.0881600, 0.0743360, 0.0731200, 0.0815680, 0.0865600, 0.0827520, 0.0736640, 0.0759680, 0.1063360, 0.0754560, 0.0743680, 0.1032960, 0.0981440, 0.0776320, 0.1818560, 0.0844160, 0.0765120, 0.0865600, 0.0748160, 0.0753280, 0.0732160, 0.0748160, 0.0742400, 0.0732800, 0.0733760, 0.1063680, 0.0787520, 0.0757440, 0.1177600, 0.0935360, 0.0743040, 0.0752960, 0.0736000, 0.1637120, 0.0727360, 0.0757440, 0.0734400, 0.0755520, 0.0755200, 0.0755520, 0.0749760, 0.0753920, 0.0748800, 0.0745280 ],
"bins": [ 8214, 8159, 8157, 8120, 8184, 8153, 8004, 8109, 8257, 8150, 8246, 8160, 8224, 8089, 8071, 8001, 8328, 8272, 8286, 8088, 8247, 8270, 8206, 8201, 8190, 8200, 8202, 8047, 8170, 8120, 8245, 8135, 8274, 8336, 8087, 8157, 8276, 8168, 8217, 8197, 8193, 8138, 8228, 8249, 8033, 8122, 8344, 8193, 8219, 8157, 8295, 8056, 8273, 8183, 8062, 8251, 8182, 8195, 8118, 8189, 8066, 8272, 8195, 8300, 8287, 8113, 8177, 8149, 8144, 8206, 8176, 8030, 8094, 8176, 8149, 8197, 8343, 8138, 8236, 8142, 8211, 8227, 8402, 8274, 8209, 8399, 8390, 8213, 8056, 8385, 8279, 8263, 8285, 8304, 8110, 8136, 8122, 8192, 7882, 8263, 8133, 8232, 8231, 8020, 8281, 8209, 8379, 8207, 8154, 8202, 8338, 8101, 8252, 8114, 8127, 8162, 8054, 8102, 8101, 8241, 8184, 8171, 8246, 8283, 8214, 8211, 8306, 8232 ]
}
,
"histogram_atomic_private": {
"timesTransferToDevice": [ 0.3089280, 0.2652480, 0.4371840, 0.2596480, 0.2595520, 0.3182400, 0.2677440, 0.3711680, 0.2917120, 0.2327360, 0.2412160, 0.2946880, 0.3579200, 0.2151360, 0.2369600, 0.2083840, 0.1906240, 0.3092480, 0.2457920, 0.1864960, 0.3040320, 0.2522880, 0.1938880, 0.2615360, 0.1884160, 0.1853760, 0.1923200, 0.2051200, 0.1847680, 0.1987520, 0.2056320, 0.1982720, 0.1847360, 0.1920320, 0.2031680, 0.1929600, 0.1908800, 0.1848960, 0.1857280, 0.2465920, 0.2488320, 0.1872960, 0.2956160, 0.2526400, 0.1882880, 0.2113280, 0.2697920, 0.2489600, 0.1921280, 0.1857280, 0.2253120, 0.1843840, 0.3487040, 0.2869760, 0.1925120, 0.1877440, 0.2112000, 0.1867200, 0.2639360, 0.2837120, 0.1873600, 0.1857280, 0.2082560, 0.1995200, 0.2497280, 0.2762240, 0.1884160, 0.2588160, 0.2904320, 0.2190400, 0.1906880, 0.2641600, 0.1942720, 0.1836480, 0.2172480, 0.1856000, 0.2486080, 0.2449600, 0.1914560, 0.1850880, 0.1851520, 0.2105600, 0.1882880, 0.2040320, 0.2081600, 0.1890880, 0.1854400, 0.1838080, 0.1874240, 0.2469440, 0.2465280, 0.2103040, 0.1981760, 0.1841600, 0.2064320, 0.2448960, 0.2448320, 0.1902080, 0.2523520, 0.2823360 ],
"timesExecution": [ 0.3139200, 0.3052480, 0.3152320, 0.2896000, 0.3519360, 0.3255680, 0.3086080, 0.3407040, 0.3341120, 0.2827200, 0.3178560, 0.3220160, 0.2807680, 0.3165760, 0.3119040, 0.2640960, 0.2912320, 0.3277440, 0.2739200, 0.3069120, 0.3439680, 0.2861440, 0.3106240, 0.3073600, 0.2747200, 0.2778240, 0.3027200, 0.2775680, 0.2841920, 0.2967040, 0.2946560, 0.2859520, 0.2668480, 0.2941120, 0.2896960, 0.3039040, 0.3017920, 0.2920320, 0.2728640, 0.3533760, 0.3234240, 0.2878080, 0.3380480, 0.2902400, 0.2940800, 0.3111680, 0.4128320, 0.3287040, 0.2985920, 0.2701760, 0.3047040, 0.3138240, 0.3422720, 0.2947200, 0.2855680, 0.2881280, 0.3065600, 0.3661760, 0.3401280, 0.2788800, 0.2784960, 0.2949120, 0.2758400, 0.2986240, 0.3330880, 0.3055360, 0.2833920, 0.3474560, 0.3099200, 0.2967680, 0.2869440, 0.2832640, 0.2748800, 0.2693760, 0.3057600, 0.2723200, 0.3016320, 0.3099520, 0.3609600, 0.2651840, 0.2815040, 0.2912960, 0.2736640, 0.2923840, 0.2943680, 0.2894720, 0.2683840, 0.2738880, 0.2952000, 0.3025280, 0.3159680, 0.2912000, 0.3351360, 0.2703360, 0.2893760, 0.2901760, 0.2788800, 0.3024960, 0.3126080, 0.3220800 ],
"timesTransferFromDevice": [ 0.0838080, 0.1088320, 0.0763840, 0.0742080, 0.1070400, 0.0743360, 0.0728640, 0.1043200, 0.0642880, 0.0630720, 0.1089920, 0.0791360, 0.0609600, 0.0578560, 0.0725440, 0.0517120, 0.0748160, 0.0721920, 0.0550080, 0.1032000, 0.0758720, 0.0475200, 0.0495040, 0.0706560, 0.0650880, 0.0473920, 0.0482880, 0.0475520, 0.0482560, 0.0481600, 0.0489280, 0.0468160, 0.0473280, 0.0613760, 0.0485760, 0.0571520, 0.0485440, 0.0475520, 0.0751040, 0.1039040, 0.0487360, 0.0734720, 0.1105600, 0.0721920, 0.0542720, 0.0784640, 0.0795840, 0.0531520, 0.0542080, 0.0680960, 0.0476480, 0.0740480, 0.0758080, 0.0631360, 0.0480960, 0.0734080, 0.0481600, 0.0730240, 0.1044800, 0.0532480, 0.0544320, 0.0703360, 0.0475520, 0.0809280, 0.1017600, 0.0476480, 0.0841920, 0.1043840, 0.1131840, 0.0618560, 0.0812160, 0.0465600, 0.0608320, 0.0656640, 0.0477440, 0.0723520, 0.0740480, 0.0682560, 0.0476800, 0.0459840, 0.0592000, 0.0660800, 0.0476800, 0.0472960, 0.0656640, 0.0473920, 0.1097600, 0.0652160, 0.0728000, 0.0717760, 0.0665280, 0.0472960, 0.0472000, 0.0657920, 0.0727680, 0.0913920, 0.0662400, 0.0728320, 0.0737280, 0.0493120 ],