{
"inputLengthInCharacters": 16384,
"uniformInput": false,
"measurements": {
"histogram_one_thread_per_character": {
"timesTransferToDevice": [ 0.1194880, 0.0948800, 0.0977600, 0.0961600, 0.0959040, 0.0984640, 0.0945280, 0.0970880, 0.0946560, 0.1752960, 0.0954240, 0.0945920, 0.0965120, 0.0938560, 0.0942400, 0.1070400, 0.0962880, 0.0998400, 0.1186880, 0.0963200, 0.0886720, 0.0737280, 0.0722560, 0.0743360, 0.0731840, 0.0727680, 0.0725440, 0.0736000, 0.0732800, 0.0730240, 0.0787840, 0.0745600, 0.0945280, 0.0603840, 0.0445760, 0.0211200, 0.0205760, 0.0250880, 0.0212800, 0.0214080, 0.0210560, 0.0219840, 0.0269120, 0.0217280, 0.0209920, 0.0224000, 0.0204480, 0.0209920, 0.0200000, 0.0216960, 0.0204800, 0.0216640, 0.0389440, 0.0220480, 0.0205440, 0.0209920, 0.0209920, 0.0211840, 0.0212160, 0.0212160, 0.0223360, 0.0210880, 0.0213760, 0.0209920, 0.0213760, 0.0214720, 0.0203520, 0.0217280, 0.0210560, 0.0220160, 0.0395520, 0.0218240, 0.0212800, 0.0210560, 0.0206720, 0.0247040, 0.0214720, 0.0212160, 0.0211200, 0.0214720, 0.0213760, 0.0289600, 0.0217600, 0.0203520, 0.0204160, 0.0209920, 0.0224960, 0.0222080, 0.0209920, 0.0216640, 0.0206080, 0.0213760, 0.0210560, 0.0227840, 0.0211200, 0.0212160, 0.0204800, 0.0214720, 0.0203840, 0.0208320 ],
"timesExecution": [ 0.1107840, 0.1249920, 0.1034880, 0.0819200, 0.0962880, 0.1348800, 0.0850240, 0.1044480, 0.0799680, 0.1011520, 0.1034560, 0.1076480, 0.0830080, 0.1075520, 0.0798720, 0.1013760, 0.0831680, 0.1218240, 0.1082560, 0.2815680, 0.0781440, 0.0662720, 0.0638720, 0.1055040, 0.0652480, 0.0859200, 0.0675520, 0.0863360, 0.0796800, 0.0661760, 0.0637440, 0.1763200, 0.1333760, 0.0995200, 0.0749760, 0.0698560, 0.0675840, 0.0685760, 0.0667840, 0.0862400, 0.0685760, 0.0862720, 0.0675520, 0.0686400, 0.0675520, 0.0849600, 0.0683520, 0.1118400, 0.0685760, 0.0677760, 0.0685760, 0.0736000, 0.0675520, 0.0860160, 0.0665600, 0.0686400, 0.0676160, 0.0880640, 0.0669120, 0.0858240, 0.0785600, 0.0696320, 0.0675840, 0.0682240, 0.0675840, 0.0870720, 0.0696320, 0.0686400, 0.0675520, 0.0603520, 0.0676160, 0.0870080, 0.0689280, 0.0686080, 0.0676160, 0.0859840, 0.0665600, 0.0841920, 0.0736960, 0.0665600, 0.0716160, 0.0840320, 0.0675840, 0.0860800, 0.0672320, 0.0686720, 0.0728000, 0.0910080, 0.0682560, 0.0727040, 0.0674240, 0.0686720, 0.0675840, 0.0850240, 0.0682560, 0.0856640, 0.0655360, 0.0685760, 0.0677440, 0.1024000 ],
"timesTransferFromDevice": [ 0.1317120, 0.0821440, 0.0629760, 0.0632320, 0.0621760, 0.0645440, 0.0999680, 0.0627840, 0.0619520, 0.0617600, 0.0607680, 0.0934400, 0.0620160, 0.0625600, 0.0619520, 0.0628480, 0.0597440, 0.0692800, 0.0771840, 0.0489920, 0.0482880, 0.0479680, 0.0481280, 0.0486080, 0.0478400, 0.0483520, 0.0482560, 0.0488320, 0.0480640, 0.0490240, 0.0478080, 0.0431040, 0.0398080, 0.0408000, 0.0408640, 0.0404160, 0.0511680, 0.0410240, 0.0587840, 0.0408960, 0.0403200, 0.0406720, 0.0404480, 0.0410240, 0.0405760, 0.0415360, 0.0501760, 0.0407040, 0.0399360, 0.0408320, 0.0404480, 0.0412480, 0.0569920, 0.0411200, 0.0402880, 0.0625600, 0.0400000, 0.0410560, 0.0406400, 0.0412160, 0.0407360, 0.0408640, 0.0403840, 0.0407040, 0.1008000, 0.0405440, 0.0404160, 0.0410240, 0.0408320, 0.0408960, 0.0572160, 0.0416320, 0.0401280, 0.0502400, 0.0404160, 0.0406400, 0.0399680, 0.0409600, 0.0405440, 0.0406720, 0.0400640, 0.0409600, 0.0443840, 0.0405760, 0.0410560, 0.0406720, 0.0397760, 0.0412160, 0.0402880, 0.0405760, 0.0405760, 0.0413440, 0.0405120, 0.0411840, 0.0530880, 0.0416320, 0.0404480, 0.0408640, 0.0403200, 0.0699200 ]
}
,
"histogram_atomic_private": {
"timesTransferToDevice": [ 0.0513600, 0.0313600, 0.0300800, 0.0293440, 0.0361920, 0.0312000, 0.0630720, 0.0306560, 0.0316480, 0.0299840, 0.0316160, 0.0330560, 0.0314560, 0.0580160, 0.0444480, 0.0334080, 0.0257600, 0.0248960, 0.0251520, 0.0248640, 0.0451520, 0.0251840, 0.0264000, 0.0248320, 0.0268480, 0.0255040, 0.0310400, 0.0251840, 0.0263680, 0.0261760, 0.0261760, 0.0494080, 0.0218240, 0.0213120, 0.0223040, 0.0208000, 0.0215360, 0.0216320, 0.0210240, 0.0212800, 0.0399040, 0.0215360, 0.0215040, 0.0208960, 0.0222400, 0.0213120, 0.0383360, 0.0207040, 0.0224000, 0.0210880, 0.0209600, 0.0212800, 0.0221760, 0.0383360, 0.0215680, 0.0216000, 0.0218240, 0.0207360, 0.0211520, 0.0224640, 0.0215680, 0.0210240, 0.0250880, 0.0433280, 0.0216960, 0.0208640, 0.0215040, 0.0206080, 0.0214080, 0.0212800, 0.0225600, 0.0205440, 0.0238400, 0.0214080, 0.0204480, 0.0373760, 0.0209600, 0.0229440, 0.0225280, 0.0205760, 0.0216000, 0.0221120, 0.0219520, 0.0213120, 0.0219520, 0.0204800, 0.0216640, 0.0212160, 0.0225920, 0.0215040, 0.0220800, 0.0211200, 0.0221760, 0.0213440, 0.0215040, 0.0219840, 0.0213760, 0.0216320, 0.0216960, 0.0218240 ],
"timesExecution": [ 0.1126400, 0.1269760, 0.0802240, 0.0796160, 0.1382400, 0.1136960, 0.0849920, 0.0962560, 0.0851200, 0.0837760, 0.0856640, 0.0830400, 0.0913600, 0.0839360, 0.0849280, 0.1917120, 0.1064320, 0.0921280, 0.0655680, 0.0880960, 0.0656000, 0.0648640, 0.0655040, 0.0655040, 0.0666240, 0.0942080, 0.0665600, 0.0860160, 0.0665600, 0.0549440, 0.0622080, 0.0776640, 0.0563520, 0.0768000, 0.0555520, 0.0714880, 0.0556160, 0.0545920, 0.0562880, 0.0622720, 0.0560640, 0.0560960, 0.0553280, 0.0551680, 0.0555200, 0.0532160, 0.0559360, 0.0551040, 0.0553280, 0.0563200, 0.0562880, 0.0553280, 0.0758080, 0.0574720, 0.0563200, 0.0552960, 0.0581760, 0.0573760, 0.0563840, 0.0552640, 0.0567360, 0.0597120, 0.0606080, 0.0562240, 0.0552960, 0.0686400, 0.0553600, 0.0551360, 0.0727040, 0.0542720, 0.0552960, 0.0552960, 0.0556160, 0.0550720, 0.0787840, 0.0551680, 0.0559360, 0.0552960, 0.0562880, 0.0551680, 0.0533120, 0.0544960, 0.0718080, 0.0552640, 0.0474880, 0.0553280, 0.0561280, 0.0716480, 0.0563200, 0.0542720, 0.0553280, 0.0543680, 0.0562880, 0.0713280, 0.0555840, 0.0716800, 0.0554880, 0.0553280, 0.0559040, 0.0543040 ],
"timesTransferFromDevice": [ 0.1008000, 0.0592000, 0.0605760, 0.0645120, 0.0635840, 0.0615360, 0.0638400, 0.0617280, 0.0628160, 0.0612800, 0.0617920, 0.0603520, 0.0636160, 0.0616960, 0.0624000, 0.0479360, 0.0488960, 0.0477440, 0.0486400, 0.0472960, 0.0487360, 0.0469440, 0.0483200, 0.0473280, 0.0694080, 0.0478400, 0.0482880, 0.0477120, 0.0486400, 0.0476480, 0.0413760, 0.0402240, 0.0402880, 0.0549440, 0.0403840, 0.0400320, 0.0401280, 0.0501760, 0.0408320, 0.0399680, 0.0565440, 0.0399040, 0.0400640, 0.0396800, 0.0402240, 0.0393920, 0.0573120, 0.0827520, 0.0397440, 0.0398400, 0.0407680, 0.0566720, 0.0560640, 0.0402560, 0.0416960, 0.0401920, 0.0412160, 0.0602560, 0.0405760, 0.0402880, 0.0410240, 0.0408000, 0.0411200, 0.0956160, 0.1243520, 0.0393920, 0.0406400, 0.0582080, 0.0408000, 0.1070400, 0.0406720, 0.0394880, 0.0404160, 0.0397760, 0.0448960, 0.0562240, 0.0408320, 0.0392000, 0.0416640, 0.0403200, 0.0406080, 0.0556480, 0.0414080, 0.0396160, 0.0404160, 0.0397120, 0.0406720, 0.0394880, 0.0579200, 0.0397440, 0.0406080, 0.0521280, 0.0401920, 0.0397120, 0.0560960, 0.0397120, 0.0402240, 0.0399680, 0.0408640, 0.0392640 ]
}
,