{
"inputLengthInCharacters": 32768,
"uniformInput": false,
"measurements": {
"histogram_one_thread_per_character": {
"timesTransferToDevice": [ 0.1700160, 0.1503360, 0.1465280, 0.1482240, 0.1498880, 0.1632000, 0.1596800, 0.1570240, 0.1546560, 0.1551680, 0.1736000, 0.1426880, 0.1405440, 0.1381440, 0.1140480, 0.1132160, 0.1134720, 0.1268800, 0.0302400, 0.0275840, 0.0295360, 0.0458240, 0.0282560, 0.0283200, 0.0281920, 0.0288000, 0.0446080, 0.0279680, 0.0274880, 0.0278400, 0.0273600, 0.0278400, 0.0324800, 0.0279040, 0.0284480, 0.0271040, 0.0271040, 0.0278080, 0.0281600, 0.0280000, 0.0272320, 0.0278080, 0.0281600, 0.0279680, 0.0277760, 0.0420480, 0.0269760, 0.0273280, 0.0280320, 0.0286720, 0.0271680, 0.0267200, 0.0709120, 0.0286720, 0.0274880, 0.0275200, 0.0468160, 0.0278400, 0.0273920, 0.0269760, 0.0282560, 0.0270400, 0.0269440, 0.0287040, 0.0282880, 0.0279040, 0.0272320, 0.0281280, 0.0277440, 0.0280000, 0.0271360, 0.0276480, 0.0272960, 0.0268160, 0.0275200, 0.0302080, 0.0418240, 0.0276160, 0.0283520, 0.0267840, 0.0273280, 0.0272320, 0.0393920, 0.0273920, 0.0272000, 0.0276800, 0.0273600, 0.0273920, 0.0271040, 0.0283840, 0.0278720, 0.0272640, 0.0271360, 0.0459200, 0.0273920, 0.0275200, 0.0274560, 0.0283200, 0.0272000, 0.0277440 ],
"timesExecution": [ 0.1533760, 0.1064640, 0.1046720, 0.2016960, 0.1343360, 0.1597120, 0.1307200, 0.1042880, 0.1350720, 0.1248960, 0.1649280, 0.1363200, 0.1218880, 0.1290240, 0.0747200, 0.1441280, 0.1424640, 0.0788160, 0.1354880, 0.1072320, 0.0890880, 0.1115200, 0.1340160, 0.1054080, 0.1095360, 0.1024000, 0.1133440, 0.1307840, 0.1082240, 0.1044800, 0.1023360, 0.1033920, 0.1352000, 0.1250560, 0.1077120, 0.1047040, 0.1027520, 0.1720320, 0.1288960, 0.1116800, 0.1044480, 0.1035840, 0.1024640, 0.1351360, 0.1248000, 0.1093440, 0.1042880, 0.0795520, 0.0798720, 0.1085440, 0.1043520, 0.1095680, 0.1372480, 0.1073920, 0.1044480, 0.1088320, 0.1126720, 0.1269440, 0.1047680, 0.1048320, 0.1024320, 0.1027520, 0.1064640, 0.1293120, 0.1075840, 0.1044160, 0.1383360, 0.1045120, 0.1310080, 0.1051520, 0.1271680, 0.1054400, 0.1362560, 0.1054720, 0.1177280, 0.1036160, 0.1054400, 0.1312000, 0.1074240, 0.1064640, 0.1024640, 0.1044480, 0.1249280, 0.1075520, 0.1024000, 0.1033920, 0.1013440, 0.1239040, 0.1045440, 0.1258560, 0.1035520, 0.1033920, 0.1013760, 0.1075520, 0.1235520, 0.1474560, 0.1067200, 0.1157120, 0.1016960, 0.1310400 ],
"timesTransferFromDevice": [ 0.1271680, 0.1215040, 0.0640000, 0.0652160, 0.0639040, 0.0959360, 0.0634880, 0.0654080, 0.0627840, 0.0643200, 0.0944000, 0.0876480, 0.0575360, 0.0517760, 0.0463680, 0.0703680, 0.0649920, 0.0468480, 0.0445120, 0.0422080, 0.0407360, 0.0419520, 0.0762560, 0.0411520, 0.0405120, 0.0413120, 0.0410240, 0.0573120, 0.0404480, 0.0418560, 0.0410880, 0.0575040, 0.0408000, 0.0417920, 0.0403200, 0.0541760, 0.0547840, 0.0413120, 0.0574080, 0.0412160, 0.0412160, 0.0414400, 0.0587200, 0.0417280, 0.0409280, 0.0414720, 0.0411840, 0.0413760, 0.0405440, 0.0413760, 0.0405760, 0.0416320, 0.0411520, 0.0415040, 0.0411200, 0.0536640, 0.0600320, 0.0416000, 0.0404800, 0.0413120, 0.0403520, 0.0416320, 0.0410240, 0.0412800, 0.0408960, 0.0408960, 0.0452800, 0.0471360, 0.0403200, 0.0409600, 0.0408640, 0.0413440, 0.0408320, 0.0414080, 0.0403840, 0.0408960, 0.0410880, 0.0523520, 0.0407360, 0.0409600, 0.0829120, 0.0471360, 0.0402240, 0.0408000, 0.0411520, 0.0406400, 0.0411200, 0.0415360, 0.0407360, 0.0477760, 0.0410560, 0.0415680, 0.0406720, 0.0638720, 0.0531840, 0.0419840, 0.0410880, 0.0408640, 0.0409920, 0.0411520 ]
}
,
"histogram_atomic_private": {
"timesTransferToDevice": [ 0.0532800, 0.0359040, 0.0368640, 0.0355520, 0.0387200, 0.0351680, 0.0422720, 0.0356800, 0.0489280, 0.0352960, 0.0370880, 0.0368960, 0.0358720, 0.0345600, 0.0408320, 0.0380160, 0.0367680, 0.0352000, 0.0356160, 0.0417600, 0.1294080, 0.0566080, 0.0301440, 0.0293760, 0.0292480, 0.0294400, 0.0299840, 0.0288000, 0.0304640, 0.0285120, 0.0301440, 0.0324480, 0.0287680, 0.0302720, 0.0296000, 0.0285760, 0.0990720, 0.0284800, 0.0271360, 0.0261760, 0.0277120, 0.0274560, 0.0285120, 0.0266560, 0.0275840, 0.0272640, 0.0285120, 0.0273920, 0.0295040, 0.0270080, 0.0437440, 0.0277120, 0.0279040, 0.0280960, 0.0271360, 0.0280960, 0.0278720, 0.0277440, 0.0272960, 0.0271040, 0.0275200, 0.0270720, 0.0275520, 0.0333120, 0.0278400, 0.0274240, 0.0284480, 0.0264320, 0.0271680, 0.0277120, 0.0280960, 0.0264000, 0.0292160, 0.0281280, 0.0273920, 0.0272000, 0.0271360, 0.0284800, 0.0274880, 0.0265920, 0.0277760, 0.0285120, 0.0280000, 0.0270080, 0.0288320, 0.0271360, 0.0280000, 0.0263680, 0.0294400, 0.0281600, 0.0275840, 0.0485760, 0.0297600, 0.0276800, 0.0275840, 0.0272000, 0.0272960, 0.0272640, 0.0275520, 0.0278400 ],
"timesExecution": [ 0.0852160, 0.0851840, 0.0860800, 0.1148160, 0.0828800, 0.1114880, 0.0862720, 0.0857280, 0.0879680, 0.0849920, 0.0851200, 0.0850560, 0.0914560, 0.0850560, 0.0839680, 0.1098880, 0.0869760, 0.0857280, 0.0867200, 0.0853760, 0.0698560, 0.0808640, 0.0666880, 0.0870400, 0.0624960, 0.0614080, 0.0624640, 0.0805760, 0.0616000, 0.0818560, 0.0614400, 0.0788480, 0.0622400, 0.0726400, 0.0623360, 0.0821120, 0.0593920, 0.0751040, 0.0562880, 0.0555520, 0.0563200, 0.0736960, 0.0561280, 0.0716480, 0.0664960, 0.0744640, 0.0562240, 0.0561600, 0.0562880, 0.0736960, 0.0573120, 0.0563200, 0.0566080, 0.0563520, 0.0563520, 0.0736320, 0.0573760, 0.0723520, 0.0563520, 0.0553600, 0.0565120, 0.0554240, 0.0734400, 0.0563520, 0.0725120, 0.0553600, 0.0563200, 0.0553920, 0.0727040, 0.0556800, 0.0727040, 0.0888960, 0.0727040, 0.0556480, 0.0562880, 0.0560000, 0.0727040, 0.0562880, 0.0727040, 0.0563200, 0.0719040, 0.0563840, 0.0573440, 0.0553600, 0.0725760, 0.0562880, 0.0766400, 0.0562560, 0.0754560, 0.1003840, 0.0569600, 0.0563840, 0.0744320, 0.0566080, 0.0725760, 0.0562560, 0.0737280, 0.0563200, 0.0563520, 0.0554240 ],
"timesTransferFromDevice": [ 0.0724480, 0.0638720, 0.1003200, 0.0634240, 0.0637440, 0.0637760, 0.0649920, 0.0653760, 0.0643840, 0.0631360, 0.0624000, 0.0625600, 0.0642560, 0.0637440, 0.0900480, 0.0671680, 0.0642560, 0.0635840, 0.0642880, 0.0632320, 0.0455360, 0.0453440, 0.0462400, 0.0447680, 0.0456320, 0.0440640, 0.0577920, 0.0448000, 0.0455360, 0.0444480, 0.0462400, 0.0443840, 0.0455680, 0.0568000, 0.0450880, 0.0443200, 0.0408960, 0.0414080, 0.0414720, 0.0401280, 0.0413120, 0.0408960, 0.0409600, 0.0407040, 0.0415360, 0.0410880, 0.0413760, 0.0402240, 0.0409280, 0.0404160, 0.0600000, 0.0407680, 0.0571200, 0.0419840, 0.0612480, 0.0415040, 0.0409280, 0.0403840, 0.0413120, 0.0402240, 0.0410560, 0.0563520, 0.0416000, 0.0521600, 0.0411840, 0.0402560, 0.0410240, 0.0433920, 0.0417920, 0.0707520, 0.0413120, 0.0406080, 0.0406080, 0.0406720, 0.0414720, 0.0403840, 0.0411840, 0.0407360, 0.0412800, 0.0406400, 0.0415360, 0.0489280, 0.0416640, 0.0405760, 0.0414720, 0.0407040, 0.0414720, 0.0405760, 0.0418240, 0.0404160, 0.0416640, 0.0534400, 0.0418240, 0.0519680, 0.0413440, 0.0413440, 0.0417600, 0.0408640, 0.0412160, 0.0402240 ]
}
,