{
"inputLengthInCharacters": 134217728,
"uniformInput": true,
"useMappingLetter": false,
"measurements": {
"histogram_atomic_global": {
"timesTransferToDevice": [ 83.6657944, 83.6444473, 83.6700516, 83.6460190, 83.6454086, 83.6452179, 83.6424942, 83.6454391, 83.6457291, 83.6450577, 83.6453476, 83.6450577, 83.6434555, 83.6424942, 83.6760635, 83.6460800, 83.6437759, 83.6439362, 83.6430740, 83.6439972, 83.6456985, 83.6453781, 83.6464615, 83.6416321, 83.6454086, 83.6429443, 83.6419220, 83.6417618, 83.6436157, 83.6610260, 83.6458206, 83.6465912, 83.6455383, 83.6452484, 83.6466904, 83.6450272, 83.6425247, 83.6449890, 83.6455688, 83.6453476, 83.6432648, 83.6449585, 83.6445084, 83.6514893, 83.6451187, 83.6439972, 83.6439362, 83.6441269, 83.6597748, 83.6503372, 83.6453094, 83.6434860, 83.6424332, 83.6443558, 83.6449890, 83.6478043, 83.6444473, 83.6446686, 83.6447678, 83.6469727, 83.6441269, 83.6489944, 83.6451492, 83.6437759, 83.6457291, 83.6435165, 83.6436157, 83.6479340, 83.6429749, 83.6438751, 83.6434555, 83.6445770, 83.6460800, 83.6640320, 83.6417618, 83.6435165, 83.6453781, 83.6439362, 83.6440964, 83.6488342, 83.6459503, 83.6419830, 83.6437454, 83.6433258, 83.6463013, 83.6432343, 83.6480026, 83.6448669, 83.6464005, 83.6449280, 83.6442566, 83.6434250, 83.6422043, 83.6440659, 83.6437149, 83.6438751, 83.6476517, 83.6432648, 83.6439667, 83.6447067 ],
"timesExecution": [ 92.8688660, 92.8799973, 92.8781128, 92.8807373, 92.8746567, 92.8738861, 92.8728638, 92.8725739, 92.8726730, 92.8726044, 92.8749466, 92.8721924, 92.8731232, 92.8794250, 92.8758698, 92.8724518, 92.8728027, 92.8723831, 92.8723221, 92.8722229, 92.8738251, 92.8703995, 92.8709412, 92.8739853, 92.8782425, 92.8751984, 92.8721313, 92.8721313, 92.8825912, 92.8733444, 92.8714905, 92.8717728, 92.8730240, 92.8737259, 92.8722534, 92.8721313, 92.8735962, 92.8730545, 92.8720322, 92.8732834, 92.8716507, 92.8757782, 92.8729248, 92.8748474, 92.8714905, 92.8720016, 92.8723831, 92.8782425, 92.8717117, 92.8745270, 92.8714905, 92.8709412, 92.8731537, 92.8710709, 92.8714905, 92.8731842, 92.8740768, 92.8704987, 92.8736649, 92.8742371, 92.8793945, 92.8747177, 92.8728638, 92.8749466, 92.8715515, 92.8709106, 92.8743973, 92.8741760, 92.8727036, 92.8730545, 92.8705902, 92.8706894, 92.8787537, 92.8751678, 92.8711700, 92.8740158, 92.8709412, 92.8730545, 92.8718414, 92.8718109, 92.8760986, 92.8734055, 92.8734436, 92.8740158, 92.8717728, 92.8743973, 92.8712616, 92.8738251, 92.8722229, 92.8717422, 92.8737946, 92.8746262, 92.8761597, 92.8724518, 92.8722229, 92.8739548, 92.8748474, 92.8765793, 92.8731232, 92.8727036 ],
"timesTransferFromDevice": [ 0.0350400, 0.0384640, 0.0350080, 0.0330240, 0.0329280, 0.0315200, 0.0311680, 0.0305280, 0.0324480, 0.0305920, 0.0307840, 0.0291200, 0.0330240, 0.0366080, 0.0316160, 0.0322240, 0.0301120, 0.0297280, 0.0313600, 0.0312000, 0.0310080, 0.0309440, 0.0312640, 0.0316480, 0.0311360, 0.0312000, 0.0307200, 0.0320640, 0.0360960, 0.0321920, 0.0303040, 0.0323200, 0.0309120, 0.0313920, 0.0308160, 0.0302400, 0.0307520, 0.0306880, 0.0313920, 0.0332800, 0.0307840, 0.0315200, 0.0307200, 0.0320960, 0.0308480, 0.0304320, 0.0308160, 0.0355200, 0.0342720, 0.0300800, 0.0318080, 0.0330560, 0.0307840, 0.0315200, 0.0309120, 0.0323520, 0.0299840, 0.0312960, 0.0305600, 0.0351680, 0.0320000, 0.0323200, 0.0312640, 0.0326720, 0.0312640, 0.0325760, 0.0318400, 0.0312640, 0.0308160, 0.0306880, 0.0302400, 0.0315200, 0.0360000, 0.0332480, 0.0311360, 0.0311680, 0.0303680, 0.0313600, 0.0309440, 0.0306880, 0.0303680, 0.0299200, 0.0319680, 0.0316800, 0.0316160, 0.0305920, 0.0313600, 0.0318080, 0.0326400, 0.0315840, 0.0320960, 0.0304640, 0.0331200, 0.0313600, 0.0297280, 0.0300800, 0.0312640, 0.0313280, 0.0316160, 0.0316160 ],
"bins": [ 0, 0, 0, 0, 0, 0, 0, 0, 0, 0, 0, 0, 0, 0, 0, 0, 0, 0, 0, 0, 0, 0, 0, 0, 0, 0, 0, 0, 0, 0, 0, 0, 0, 0, 0, 0, 0, 0, 0, 0, 0, 0, 0, 0, 0, 0, 0, 0, 0, 0, 0, 0, 0, 0, 0, 0, 0, 0, 0, 0, 0, 0, 0, 0, 0, 0, 0, 0, 0, 0, 0, 0, 0, 0, 0, 0, 0, 0, 0, 0, 0, 0, 0, 0, 0, 0, 0, 0, 0, 0, 0, 0, 0, 0, 0, 0, 134217728, 0, 0, 0, 0, 0, 0, 0, 0, 0, 0, 0, 0, 0, 0, 0, 0, 0, 0, 0, 0, 0, 0, 0, 0, 0, 0, 0, 0, 0, 0, 0 ]
}
,
"histogram_atomic_private": {
"timesTransferToDevice": [ 83.6442871, 83.6455994, 83.6433258, 83.6466904, 83.6493759, 83.6440659, 83.6454697, 83.6448288, 83.6445770, 83.6437454, 83.6601562, 83.6442261, 83.6438751, 83.6444473, 83.6454697, 83.6408310, 83.6455994, 83.6437149, 83.6464310, 83.6446686, 83.6417923, 83.6424026, 83.6459503, 83.6440964, 83.6449890, 83.6438751, 83.6434250, 83.6424942, 83.6465302, 83.6427841, 83.6458588, 83.6437149, 83.6451492, 83.6537628, 83.6457596, 83.6427536, 83.6445770, 83.6448975, 83.6472626, 83.6439667, 83.6463394, 83.6432953, 83.6421738, 83.6454697, 83.6440659, 83.6466904, 83.6455078, 83.6425247, 83.6428146, 83.6433258, 83.6454086, 83.6442261, 83.6406403, 85.7615967, 83.6487350, 83.6429443, 83.6459808, 83.6450272, 83.6438370, 83.6427536, 83.6443863, 83.6429443, 83.6438370, 83.6461105, 83.6460800, 83.6423645, 83.6457901, 83.6450577, 83.6471329, 83.6420135, 83.6453781, 83.6422729, 83.6456985, 83.6437759, 83.6423035, 83.6480942, 83.6425247, 83.6441269, 83.6434555, 83.6443863, 83.6458206, 83.6430435, 83.6447678, 83.6420822, 83.6437149, 83.6424332, 83.6435547, 83.6823044, 83.6460495, 83.6451187, 83.6448288, 83.6455688, 83.6424942, 83.6428833, 83.6435165, 83.6587219, 83.6899872, 83.6451874, 83.6443863, 83.6487350 ],
"timesExecution": [ 3.7138240, 3.7123840, 3.7122560, 3.7128961, 3.7127681, 3.7129600, 3.7118721, 3.7126081, 3.7124479, 3.7213759, 3.7144959, 3.7174721, 3.7129920, 3.7125759, 3.7142079, 3.7129600, 3.7158720, 3.7145281, 3.7135360, 3.7139201, 3.7143681, 3.7122879, 3.7156160, 3.7135999, 3.7158079, 3.7120640, 3.7095039, 3.7124479, 3.7138240, 3.7133760, 3.7134080, 3.7141440, 3.7192960, 3.7162881, 3.7156799, 3.7136321, 3.7153280, 3.7143681, 3.7122879, 3.7127359, 3.7176001, 3.7131841, 3.7140801, 3.7130239, 3.7145281, 3.7151999, 3.7144001, 3.7128639, 3.7196159, 3.7156479, 3.7141120, 3.7133119, 3.7144639, 3.7326720, 3.7143359, 3.7158401, 3.7132161, 3.7135999, 3.7148800, 3.7140479, 3.7130239, 3.7148480, 3.7148480, 3.7145600, 3.7142720, 3.7126081, 3.7137599, 3.7135680, 3.7131519, 3.7141120, 3.7138560, 3.7159359, 3.7152960, 3.7164159, 3.7135041, 3.7146881, 3.7131519, 3.7137599, 3.7118399, 3.7129600, 3.7127681, 3.7115519, 3.7112961, 3.7146881, 3.7119040, 3.7125440, 3.7128961, 3.7155840, 3.7141759, 3.7150719, 3.7146881, 3.7138240, 3.7145600, 3.7147200, 3.7217281, 3.7752640, 3.7170880, 3.7142720, 3.7138560, 3.7141120 ],
"timesTransferFromDevice": [ 0.0310720, 0.0308480, 0.0315520, 0.0306240, 0.0310080, 0.0303680, 0.0298240, 0.0303360, 0.0299840, 0.0339520, 0.0296960, 0.0304320, 0.0301760, 0.0295680, 0.0304960, 0.0294400, 0.0313920, 0.0304320, 0.0290880, 0.0296640, 0.0304640, 0.0309120, 0.0307200, 0.0307840, 0.0315200, 0.0311360, 0.0306560, 0.0311040, 0.0311360, 0.0313600, 0.0301440, 0.0311040, 0.0505280, 0.0313280, 0.0306880, 0.0297280, 0.0313280, 0.0314880, 0.0293440, 0.0298880, 0.0309120, 0.0316480, 0.0309760, 0.0312320, 0.0306240, 0.0295040, 0.0305920, 0.0325120, 0.0310720, 0.0302720, 0.0308160, 0.0314560, 0.0301440, 0.0332800, 0.0314560, 0.0303040, 0.0302400, 0.0312320, 0.0305600, 0.0309760, 0.0289920, 0.0298240, 0.0299840, 0.0318400, 0.0313280, 0.0297920, 0.0304640, 0.0293760, 0.0301120, 0.0320640, 0.0315200, 0.0298560, 0.0303040, 0.0306240, 0.0289920, 0.0315200, 0.0309440, 0.0308800, 0.0307520, 0.0306880, 0.0307200, 0.0311360, 0.0301760, 0.0312960, 0.0300800, 0.0314560, 0.0295040, 0.0303360, 0.0306240, 0.0305280, 0.0298880, 0.0299200, 0.0300480, 0.0319040, 0.0358080, 0.0602240, 0.0319680, 0.0302400, 0.0308480, 0.0306880 ],