{
"inputLengthInCharacters": 268435456,
"uniformInput": false,
"useMappingLetter": true,
"measurements": {
"histogram_atomic_global": {
"timesTransferToDevice": [ 167.2142792, 167.1965790, 167.1975708, 167.1997375, 167.2174377, 167.2006683, 167.1982727, 167.2011566, 167.1974792, 167.1966400, 167.1966095, 167.2142792, 167.1945648, 167.1973419, 167.2024994, 167.1988525, 167.1980438, 167.2055969, 167.2013092, 167.1952362, 167.1979828, 167.2145233, 167.1961670, 167.1968994, 167.1961670, 167.2002563, 167.1992950, 167.2049255, 167.1968384, 167.1973724, 167.1995239, 167.1973114, 167.1974030, 167.2162628, 167.2011871, 167.1972809, 167.1972809, 167.2037506, 167.1971130, 167.1978607, 167.2014771, 167.1944885, 167.1969299, 167.1952057, 167.1971130, 167.1983337, 167.1998444, 167.2036133, 167.1992035, 167.2158051, 167.2015381, 167.1964111, 167.1995239, 167.1987152, 168.6146545, 167.2089233, 167.1968994, 167.1920624, 167.2008057, 167.1953583, 167.2042847, 167.1943054, 167.1983032, 167.2015686, 167.1976929, 167.2002563, 167.1979828, 167.1977539, 167.2016296, 167.1974030, 167.2184601, 167.1987915, 167.1971893, 167.2026520, 167.1995850, 167.1989136, 167.1995850, 167.1995544, 167.1989746, 167.2024994, 167.2041626, 167.1979828, 167.2006683, 167.2026215, 167.1995239, 167.2004089, 167.2023926, 167.2045746, 167.2066956, 167.1987152, 167.1961670, 167.1974335, 167.1959381, 167.1994934, 167.1969604, 167.1964417, 167.2019501, 167.2151947, 167.1970520, 167.2003784 ],
"timesExecution": [ 148.7603912, 148.7624054, 148.7590027, 148.7611237, 148.7537231, 148.7546844, 148.7559662, 148.7482605, 148.7518463, 148.7524109, 148.7553253, 148.7570496, 148.7505951, 148.7518463, 148.7566071, 148.7531891, 148.7531891, 148.7506256, 148.7512665, 148.7545013, 148.7579498, 148.7487640, 148.7499847, 148.7548828, 148.7568359, 148.7732086, 148.7605438, 148.7597046, 148.7505646, 148.7508850, 148.7480011, 148.7521973, 148.7598114, 148.7612762, 148.7503357, 148.7554626, 148.7524109, 148.7494049, 148.7519379, 148.7538605, 148.7513275, 148.7494659, 148.7479095, 148.7479706, 148.7476501, 148.7478027, 148.7513580, 148.7526398, 148.7587891, 148.7573395, 148.7514954, 148.7534332, 148.7558441, 148.7516785, 151.6030426, 148.7519073, 148.7481232, 148.7539825, 148.7574005, 148.7756195, 148.7578888, 148.7563782, 148.7584381, 148.7576904, 148.7553558, 148.7589417, 148.7548523, 148.7537231, 148.7552948, 148.7652130, 148.7701111, 148.7559662, 148.7566681, 148.7579498, 148.7838440, 148.7825928, 148.7849884, 148.7853699, 148.7845154, 148.7872620, 148.7847748, 148.7882538, 148.7838135, 148.7857208, 148.7855072, 148.7870026, 148.7868805, 148.7862701, 148.7505035, 148.7500153, 148.7487030, 148.7516479, 148.7494354, 148.7507477, 148.7506561, 148.7496643, 148.7583313, 148.7555847, 148.7497253, 148.7494049 ],
"timesTransferFromDevice": [ 0.0364800, 0.0346240, 0.0318720, 0.0378880, 0.0321280, 0.0335040, 0.0346240, 0.0321600, 0.0336000, 0.0332160, 0.0396800, 0.0330880, 0.0316160, 0.0323200, 0.0345600, 0.0337920, 0.0328640, 0.0321280, 0.0349120, 0.0325120, 0.0406400, 0.0325120, 0.0319040, 0.0323840, 0.0346880, 0.0341120, 0.0322240, 0.0318400, 0.0334080, 0.0323840, 0.0321920, 0.0327040, 0.0386880, 0.0322880, 0.0328640, 0.0318720, 0.0304640, 0.0304960, 0.0312320, 0.0332800, 0.0318400, 0.0317120, 0.0332800, 0.0321920, 0.0311680, 0.0312960, 0.0314240, 0.0308800, 0.0373440, 0.0332160, 0.0325760, 0.0337920, 0.0330880, 0.0341760, 0.0448640, 0.0318080, 0.0325760, 0.0320320, 0.0323200, 0.0333120, 0.0334400, 0.0350400, 0.0339840, 0.0334400, 0.0348800, 0.0340480, 0.0351680, 0.0323840, 0.0328000, 0.0377920, 0.0345280, 0.0334080, 0.0339200, 0.0443840, 0.0450240, 0.0465600, 0.0461760, 0.0485120, 0.0468160, 0.0476800, 0.0466880, 0.0456000, 0.0462080, 0.0462720, 0.0459200, 0.0468160, 0.0463040, 0.0444160, 0.0324800, 0.0306560, 0.0355840, 0.0325440, 0.0324480, 0.0323520, 0.0324160, 0.0312000, 0.0367040, 0.0325440, 0.0323200, 0.0312320 ],
"bins": [ 159386062, 4195604, 4189413, 4194367, 4198249, 4193810, 4195127, 4199006, 4195758, 4191026, 4193602, 4195526, 4194517, 4194196, 4192040, 4196222, 4198145, 4197199, 4192318, 4191371, 4193739, 4192174, 4192049, 4191128, 4194205, 4195567, 4193036 ]
}
,
"histogram_atomic_private": {
"timesTransferToDevice": [ 167.1974792, 167.1973724, 167.1965790, 167.1997375, 167.1962891, 167.2044830, 167.1943665, 167.1963501, 167.1973114, 167.1969910, 167.1977234, 167.2033844, 167.1983948, 167.1991425, 167.1953888, 167.1987915, 167.1973114, 167.2000885, 167.1993256, 167.1969910, 167.1979523, 167.1983032, 167.1983337, 167.2004547, 167.1977844, 167.1996460, 167.1957092, 167.1992035, 167.1986542, 167.2018585, 167.1965790, 167.1972504, 167.1955261, 167.2008667, 167.1966095, 167.1987152, 167.1977234, 167.2019196, 167.1996460, 167.1954956, 167.1989746, 167.2029419, 167.2015991, 167.2011261, 167.1965790, 167.1990967, 167.1995850, 167.2041626, 167.1976929, 167.2130280, 167.2029419, 167.2034912, 167.1990662, 167.2014771, 167.1988220, 167.2011261, 167.1963806, 167.2033844, 167.2023315, 167.2010498, 167.2189178, 167.2032013, 167.2028503, 167.2008057, 167.1991425, 167.2020111, 167.2020874, 167.2023926, 167.1982422, 167.2016602, 167.1947479, 167.1942444, 167.2016296, 167.1970215, 167.1979828, 167.1988831, 167.1975403, 167.1987915, 167.1996155, 167.1993561, 167.2005157, 167.2005157, 167.1953583, 167.1958466, 167.2038116, 167.1961670, 167.1981049, 167.1991425, 167.1950073, 167.1960907, 167.1985931, 167.1947784, 167.1994934, 167.1953888, 167.1966095, 167.1967010, 167.1975403, 167.1966095, 167.1993256, 167.1967621 ],
"timesExecution": [ 3.7265279, 3.7275519, 3.7284479, 3.7282240, 3.7274239, 3.7277761, 3.7276161, 3.7263360, 3.7286720, 3.7269759, 3.7306881, 3.7290239, 3.7286401, 3.7275519, 3.7270401, 3.7278080, 3.7283840, 3.7280641, 3.7286720, 3.7271681, 3.7298560, 3.7306559, 3.7288001, 3.7296641, 3.7260160, 3.7292800, 3.7293761, 3.7265279, 3.7274561, 3.7259200, 3.7279360, 3.7278719, 3.7265279, 3.7282879, 3.7256000, 3.7272961, 3.7617600, 3.7616000, 3.7625599, 3.7641921, 3.7648320, 3.7656960, 3.7631681, 3.7637119, 3.7661760, 3.7638719, 3.7641921, 3.7632959, 3.7646401, 3.7656319, 3.7637761, 3.7671361, 3.7628160, 3.7655680, 3.7646079, 3.7644160, 3.7623680, 3.7645760, 3.7649920, 3.7700801, 3.7637761, 3.7639680, 3.7621119, 3.7639360, 3.7637119, 3.7656641, 3.7632320, 3.7653439, 3.7304959, 3.7272961, 3.7263999, 3.7255361, 3.7261760, 3.7277119, 3.7289600, 3.7262399, 3.7264640, 3.7300799, 3.7282240, 3.7283199, 3.7270720, 3.7267840, 3.7288640, 3.7275839, 3.7302401, 3.7277441, 3.7264960, 3.7269120, 3.7281599, 3.7290239, 3.7268479, 3.7288640, 3.7280641, 3.7267520, 3.7265921, 3.7286720, 3.7309120, 3.7269440, 3.7294719, 3.7258561 ],
"timesTransferFromDevice": [ 0.0309120, 0.0321920, 0.0311040, 0.0322240, 0.0296640, 0.0294400, 0.0309440, 0.0310720, 0.0316800, 0.0326720, 0.0308480, 0.0318080, 0.0309440, 0.0312960, 0.0299520, 0.0310720, 0.0316800, 0.0322560, 0.0304960, 0.0312320, 0.0317760, 0.0319040, 0.0309440, 0.0316160, 0.0318720, 0.0312640, 0.0311360, 0.0307840, 0.0294400, 0.0304960, 0.0310720, 0.0307840, 0.0307520, 0.0309760, 0.0311360, 0.0299200, 0.0453760, 0.0451520, 0.0464320, 0.0476480, 0.0479680, 0.0464640, 0.0479360, 0.0471040, 0.0472640, 0.0469440, 0.0471680, 0.0467840, 0.0460480, 0.0465280, 0.0484800, 0.0458560, 0.0455040, 0.0472000, 0.0463360, 0.0462720, 0.0463040, 0.0464000, 0.0473280, 0.0524800, 0.0468160, 0.0454720, 0.0458240, 0.0467520, 0.0458880, 0.0462720, 0.0452800, 0.0470720, 0.0321280, 0.0300480, 0.0325760, 0.0316480, 0.0312960, 0.0298880, 0.0307840, 0.0303680, 0.0312960, 0.0313920, 0.0320640, 0.0308800, 0.0313280, 0.0315840, 0.0312000, 0.0306560, 0.0326400, 0.0312960, 0.0424960, 0.0304320, 0.0310080, 0.0311040, 0.0325760, 0.0307520, 0.0302400, 0.0317120, 0.0315200, 0.0299200, 0.0313920, 0.0305280, 0.0319680, 0.0298240 ],