{
"inputLengthInCharacters": 1048576,
"uniformInput": true,
"useMappingLetter": true,
"measurements": {
"histogram_atomic_global": {
"timesTransferToDevice": [ 0.7619520, 0.7276160, 0.6923840, 0.6911680, 0.6905280, 0.6909120, 0.6906240, 0.6909120, 0.6904640, 0.6907520, 0.6908160, 0.6906560, 0.6908800, 0.6908480, 0.6908160, 0.6906560, 0.6909440, 0.6911040, 0.6904960, 0.6908160, 0.6908800, 0.6907840, 0.6904640, 0.6908160, 0.6907200, 0.6910400, 0.6909440, 0.6909760, 0.6906240, 0.6911680, 0.6910720, 0.6909760, 0.6910080, 0.6910720, 0.6907840, 0.6911040, 0.6906560, 0.6910400, 0.6910400, 0.6912960, 0.6910720, 0.6909760, 0.6907840, 0.6907840, 0.6906560, 0.6907520, 0.6904000, 0.6906880, 0.6908480, 0.6908480, 0.6908800, 0.6910400, 0.6908800, 0.6909120, 0.6906240, 0.6905920, 0.6906560, 0.6907520, 0.6904000, 0.6906880, 0.6909760, 0.6908480, 0.6908480, 0.6905600, 0.6909120, 0.6908160, 0.6906560, 0.6908800, 0.6904320, 0.6905920, 0.6906240, 0.6927360, 0.6904960, 0.6913600, 0.6906880, 0.6907840, 0.6906240, 0.6905920, 0.6906880, 0.6906560, 0.6908800, 0.6912320, 0.6904960, 0.6910080, 0.6905280, 0.6909120, 0.6904960, 0.6906560, 0.6906240, 0.6910080, 0.6905600, 0.6906880, 0.6904000, 0.6909120, 0.6906240, 0.6905920, 0.6905920, 0.6908800, 0.6907200, 0.6905280 ],
"timesExecution": [ 0.7428480, 0.7427840, 0.7428480, 0.7426560, 0.7424000, 0.7419840, 0.7427520, 0.7426880, 0.7419520, 0.7421760, 0.7415680, 0.7426560, 0.7423680, 0.7423360, 0.7424960, 0.7420800, 0.7424640, 0.7430400, 0.7418240, 0.7424320, 0.7424960, 0.7424000, 0.7420160, 0.7425280, 0.7420800, 0.7421440, 0.7421760, 0.7426560, 0.7425600, 0.7415680, 0.7430400, 0.7416640, 0.7414400, 0.7428160, 0.7416960, 0.7415040, 0.7416960, 0.7423040, 0.7422720, 0.7426240, 0.7424640, 0.7423040, 0.7423360, 0.7423040, 0.7428160, 0.7425600, 0.7426560, 0.7420480, 0.7424320, 0.7420800, 0.7426880, 0.7416320, 0.7416000, 0.7426560, 0.7424640, 0.7419520, 0.7424000, 0.7418560, 0.7425600, 0.7420800, 0.7424640, 0.7425600, 0.7420800, 0.7417920, 0.7421440, 0.7421760, 0.7425920, 0.7414400, 0.7415360, 0.7427520, 0.7424320, 0.7424000, 0.7420160, 0.7435200, 0.7418880, 0.7421120, 0.7422720, 0.7414400, 0.7424960, 0.7428800, 0.7423040, 0.7425280, 0.7427520, 0.7423360, 0.7422720, 0.7421760, 0.7421760, 0.7423040, 0.7417920, 0.7416640, 0.7418240, 0.7425920, 0.7420800, 0.7430080, 0.7423040, 0.7419520, 0.7417280, 0.7424320, 0.7423360, 0.7425280 ],
"timesTransferFromDevice": [ 0.0234880, 0.0189440, 0.0179840, 0.0175680, 0.0178560, 0.0172160, 0.0173760, 0.0173760, 0.0170880, 0.0165760, 0.0169920, 0.0169920, 0.0166400, 0.0176000, 0.0177280, 0.0167360, 0.0177600, 0.0167040, 0.0170560, 0.0168320, 0.0171840, 0.0166720, 0.0168960, 0.0174400, 0.0170560, 0.0168320, 0.0176640, 0.0172480, 0.0169280, 0.0174400, 0.0165760, 0.0168000, 0.0170240, 0.0176000, 0.0172800, 0.0172160, 0.0167360, 0.0172160, 0.0166400, 0.0163840, 0.0169280, 0.0172480, 0.0168000, 0.0166400, 0.0170240, 0.0173760, 0.0173760, 0.0168640, 0.0172480, 0.0163200, 0.0173760, 0.0168000, 0.0169600, 0.0173760, 0.0169600, 0.0173440, 0.0166400, 0.0168320, 0.0173760, 0.0165440, 0.0170880, 0.0174720, 0.0169920, 0.0167680, 0.0174720, 0.0165440, 0.0170880, 0.0165760, 0.0168960, 0.0172480, 0.0178560, 0.0172800, 0.0174720, 0.0166400, 0.0175680, 0.0174720, 0.0172800, 0.0171200, 0.0168000, 0.0168320, 0.0166080, 0.0171520, 0.0172160, 0.0171200, 0.0167360, 0.0166080, 0.0174080, 0.0167680, 0.0165440, 0.0167040, 0.0169920, 0.0167040, 0.0171840, 0.0175360, 0.0168000, 0.0163200, 0.0166400, 0.0169280, 0.0173440, 0.0171520 ],
"bins": [ 0, 1048576, 0, 0, 0, 0, 0, 0, 0, 0, 0, 0, 0, 0, 0, 0, 0, 0, 0, 0, 0, 0, 0, 0, 0, 0, 0 ]
}
,
"histogram_atomic_private": {
"timesTransferToDevice": [ 0.6904640, 0.6911360, 0.6908160, 0.6932480, 0.6907520, 0.6907200, 0.6907840, 0.6910400, 0.6908480, 0.6908160, 0.6903680, 0.6909120, 0.6907200, 0.6908480, 0.6903680, 0.6909760, 0.6906560, 0.6905600, 0.6904320, 0.6907200, 0.6911040, 0.6908160, 0.6907520, 0.6907840, 0.6904960, 0.6910080, 0.6904000, 0.6908480, 0.6920320, 0.6910720, 0.6908800, 0.6908480, 0.6909120, 0.6909120, 0.6905920, 0.6911360, 0.6909120, 0.6908800, 0.6910080, 0.6910720, 0.6910720, 0.6908800, 0.6909440, 0.6912640, 0.6909440, 0.6910720, 0.6906560, 0.6906560, 0.6905600, 0.6909760, 0.6904640, 0.6909440, 0.6908480, 0.6921600, 0.6908160, 0.6906880, 0.6904640, 0.6907200, 0.6907520, 0.6907200, 0.6905600, 0.6912000, 0.6908160, 0.6907200, 0.6907520, 0.6907200, 0.6906240, 0.6909120, 0.6906880, 0.6910400, 0.6904000, 0.6908480, 0.6903040, 0.6905920, 0.6904960, 0.6909440, 0.6907840, 0.6909120, 0.6907200, 0.6909120, 0.6905280, 0.6907520, 0.6904960, 0.6907200, 0.6906880, 0.6909760, 0.6904960, 0.6906880, 0.6908480, 0.6910080, 0.6908480, 0.6906880, 0.6907520, 0.6911680, 0.6905280, 0.6909120, 0.6904000, 0.6908160, 0.6904960, 0.6907520 ],
"timesExecution": [ 0.0334080, 0.0329600, 0.0334400, 0.0319040, 0.0331200, 0.0332480, 0.0324480, 0.0324480, 0.0323520, 0.0316480, 0.0323200, 0.0328000, 0.0319040, 0.0331520, 0.0320320, 0.0319680, 0.0323520, 0.0321920, 0.0342400, 0.0337280, 0.0326400, 0.0328960, 0.0323840, 0.0324800, 0.0327680, 0.0323840, 0.0319360, 0.0326080, 0.0320960, 0.0322880, 0.0322880, 0.0325440, 0.0335040, 0.0325440, 0.0319680, 0.0323520, 0.0323520, 0.0315200, 0.0320640, 0.0322240, 0.0323520, 0.0321600, 0.0324160, 0.0327680, 0.0325120, 0.0318400, 0.0325440, 0.0318080, 0.0328960, 0.0326400, 0.0329280, 0.0319680, 0.0333120, 0.0322240, 0.0323200, 0.0315840, 0.0316480, 0.0324160, 0.0324480, 0.0324800, 0.0320640, 0.0322240, 0.0324800, 0.0325120, 0.0321600, 0.0314560, 0.0332480, 0.0319360, 0.0320000, 0.0320000, 0.0317760, 0.0317120, 0.0317120, 0.0324800, 0.0319040, 0.0320640, 0.0326400, 0.0313280, 0.0321920, 0.0319680, 0.0321920, 0.0319040, 0.0323840, 0.0320640, 0.0320640, 0.0320640, 0.0326080, 0.0315520, 0.0322240, 0.0320000, 0.0320320, 0.0330880, 0.0331200, 0.0321280, 0.0330560, 0.0320000, 0.0320000, 0.0325760, 0.0328640, 0.0323200 ],
"timesTransferFromDevice": [ 0.0175040, 0.0175040, 0.0177920, 0.0170560, 0.0175360, 0.0173120, 0.0168000, 0.0172480, 0.0171200, 0.0172800, 0.0164480, 0.0170240, 0.0169280, 0.0168640, 0.0166080, 0.0166720, 0.0164480, 0.0172160, 0.0168000, 0.0179840, 0.0166080, 0.0170880, 0.0170880, 0.0174400, 0.0169920, 0.0175040, 0.0168320, 0.0171520, 0.0164800, 0.0175680, 0.0173440, 0.0169280, 0.0175040, 0.0171520, 0.0163520, 0.0176000, 0.0170240, 0.0166720, 0.0169920, 0.0169280, 0.0173760, 0.0172160, 0.0167360, 0.0168960, 0.0176640, 0.0174720, 0.0170560, 0.0171840, 0.0168000, 0.0175040, 0.0167680, 0.0176000, 0.0185280, 0.0175680, 0.0173760, 0.0168000, 0.0216640, 0.0165760, 0.0174720, 0.0172160, 0.0172800, 0.0172480, 0.0170880, 0.0169280, 0.0176000, 0.0168960, 0.0168640, 0.0167360, 0.0171840, 0.0168000, 0.0170560, 0.0167360, 0.0167680, 0.0174400, 0.0167360, 0.0163200, 0.0172480, 0.0168000, 0.0173760, 0.0168640, 0.0171520, 0.0173120, 0.0170560, 0.0166720, 0.0173120, 0.0163200, 0.0171840, 0.0167680, 0.0167040, 0.0168960, 0.0168000, 0.0164800, 0.0174720, 0.0169920, 0.0177600, 0.0168000, 0.0174400, 0.0166080, 0.0175040, 0.0166080 ],
"bins": [ 0, 1048576, 0, 0, 0, 0, 0, 0, 0, 0, 0, 0, 0, 0, 0, 0, 0, 0, 0, 0, 0, 0, 0, 0, 0, 0, 0 ]
}
,