{
"inputLengthInCharacters": 4294967296,
"uniformInput": true,
"useMappingLetter": false,
"measurements": {
"histogram_atomic_private_stride": {
"timesTransferToDevice": [ 2674.0112305, 2673.9113770, 2673.9052734, 2673.8876953, 2673.9008789, 2673.9025879, 2673.9099121, 2673.9226074, 2673.8986816, 2673.9006348, 2673.9113770, 2673.9023438, 2673.8930664, 2673.9023438, 2676.0136719, 2673.9106445, 2673.9204102, 2673.8974609, 2673.9096680, 2673.9094238, 2673.8945312, 2673.8959961, 2673.9001465, 2673.9050293, 2673.9006348, 2673.9157715, 2673.9020996, 2673.9272461, 2673.8930664, 2673.9074707, 2673.8991699, 2673.9045410, 2673.9123535, 2673.8935547, 2673.8959961, 2673.9050293, 2673.9111328, 2673.9064941, 2673.9038086, 2673.8981934, 2673.9033203, 2673.9069824, 2674.0554199, 2673.9018555, 2673.9018555, 2673.9052734, 2673.8886719, 2673.8881836, 2673.9086914, 2673.8903809, 2673.8945312, 2673.9023438, 2673.9079590, 2673.8876953, 2673.8991699, 2673.8977051, 2673.8959961, 2673.8962402, 2673.9060059, 2675.9953613, 2673.8925781, 2673.8906250, 2673.9047852, 2673.8986816, 2673.8916016, 2673.8967285, 2673.9082031, 2673.9177246, 2673.9013672, 2673.9064941, 2673.9033203, 2673.9072266, 2673.9038086, 2673.9047852, 2673.8937988, 2673.9016113, 2673.9086914, 2673.9067383, 2673.9052734, 2673.8947754, 2673.9025879, 2673.9218750, 2673.9033203, 2673.9074707, 2673.8989258, 2673.9013672, 2673.9035645, 2673.9060059, 2673.9006348, 2673.9033203, 2673.8947754, 2673.9125977, 2673.8896484, 2673.9211426, 2673.9147949, 2673.8957520, 2673.9030762, 2673.9096680, 2673.8974609, 2673.9033203 ],
"timesExecution": [ 45.3624649, 45.3657913, 45.4175034, 45.3591690, 45.3968315, 45.3973770, 45.3807678, 45.3759041, 45.3124809, 45.4014702, 45.3856010, 45.3888016, 45.3931847, 45.3736305, 45.4128952, 45.4096947, 45.3929901, 45.3810577, 45.3988495, 45.4007988, 45.4276161, 45.3649292, 45.3690567, 45.3924484, 45.3592339, 45.3572464, 45.3632317, 45.3650246, 45.3591042, 45.3731842, 45.3618889, 45.3556175, 45.3451843, 45.4011536, 45.3797455, 45.3786545, 45.3695374, 45.3857918, 45.3718719, 45.4197426, 45.3759995, 45.3893433, 45.3892479, 45.3815346, 45.3976631, 45.3731194, 45.3467216, 45.3546562, 45.3878708, 45.3510094, 45.3675842, 45.3573112, 45.3649292, 45.3725128, 45.3912964, 45.4001923, 45.3773766, 45.3825912, 45.3915825, 45.3977928, 45.3879662, 45.3563538, 45.3647690, 45.3789749, 45.3751373, 45.3934402, 45.3581772, 45.3695984, 45.3786240, 45.3651199, 45.3629112, 45.3650246, 45.3955536, 45.3571205, 45.3608322, 45.3594551, 45.3906250, 45.4015045, 45.4184647, 45.3622398, 45.4061127, 45.3724480, 45.3668175, 45.3484154, 45.3906555, 45.3722878, 45.3768654, 45.3786545, 45.3588142, 45.3754883, 45.3383369, 45.3568649, 45.3687363, 45.3644142, 45.3689613, 45.3448639, 45.3629761, 45.3653107, 45.3670731, 45.3676796 ],
"timesTransferFromDevice": [ 0.0433600, 0.0318400, 0.0343680, 0.0323840, 0.0341440, 0.0307840, 0.0387200, 0.0317760, 0.0314560, 0.0304320, 0.0306880, 0.0313280, 0.0305280, 0.0323520, 0.0335040, 0.0358080, 0.0318400, 0.0324160, 0.0305600, 0.0317440, 0.0328640, 0.0326720, 0.0317440, 0.0327360, 0.0314880, 0.0310400, 0.0372480, 0.0325120, 0.0317120, 0.0308800, 0.0327040, 0.0296000, 0.0325440, 0.0314880, 0.0330880, 0.0317120, 0.0319040, 0.0318080, 0.0316160, 0.0326080, 0.0369920, 0.0324160, 0.0327040, 0.0323520, 0.0314560, 0.0306240, 0.0304320, 0.0311680, 0.0305600, 0.0310080, 0.0324160, 0.0321600, 0.0335680, 0.0316800, 0.0573760, 0.0328000, 0.0311040, 0.0302720, 0.0372800, 0.0342400, 0.0328640, 0.0323200, 0.0320320, 0.0318720, 0.0317120, 0.0322240, 0.0330560, 0.0301760, 0.0313600, 0.0313920, 0.0488640, 0.0318080, 0.0473600, 0.0320000, 0.0312000, 0.0316800, 0.0486720, 0.0468480, 0.0348480, 0.0318400, 0.0363200, 0.0466560, 0.0325760, 0.0309120, 0.0468480, 0.0337920, 0.0337920, 0.0328000, 0.0334080, 0.0328640, 0.0341120, 0.0330880, 0.0501760, 0.0346560, 0.0332800, 0.0330560, 0.0331520, 0.0316480, 0.0321280, 0.0320960 ],
"bins": [ 0, 0, 0, 0, 0, 0, 0, 0, 0, 0, 0, 0, 0, 0, 0, 0, 0, 0, 0, 0, 0, 0, 0, 0, 0, 0, 0, 0, 0, 0, 0, 0, 0, 0, 0, 0, 0, 0, 0, 0, 0, 0, 0, 0, 0, 0, 0, 0, 0, 0, 0, 0, 0, 0, 0, 0, 0, 0, 0, 0, 0, 0, 0, 0, 0, 0, 0, 0, 0, 0, 0, 0, 0, 0, 0, 0, 0, 0, 0, 0, 0, 0, 0, 0, 0, 0, 0, 0, 0, 0, 0, 0, 0, 0, 0, 0, 0, 0, 0, 0, 0, 0, 0, 0, 0, 0, 0, 0, 0, 0, 0, 0, 0, 0, 0, 0, 0, 0, 0, 0, 0, 0, 0, 0, 0, 0, 0, 0 ]
}
,
"histogram_atomic_global_stride": {
"timesTransferToDevice": [ 2673.9033203, 2673.8930664, 2673.9296875, 2673.9047852, 2673.9025879, 2673.9069824, 2673.8999023, 2673.8984375, 2673.9060059, 2673.9033203, 2673.9064941, 2673.8981934, 2673.9084473, 2673.9011230, 2673.9008789, 2673.8845215, 2673.9067383, 2673.8937988, 2673.8925781, 2673.8989258, 2673.9020996, 2673.8962402, 2673.9035645, 2673.9360352, 2673.9025879, 2673.9008789, 2673.9208984, 2673.8884277, 2673.9099121, 2673.8925781, 2673.9008789, 2673.8898926, 2673.9099121, 2673.8991699, 2673.9318848, 2673.8977051, 2673.9040527, 2673.9057617, 2673.9145508, 2673.9101562, 2673.8923340, 2673.8896484, 2673.9150391, 2673.9023438, 2673.8994141, 2676.0224609, 2673.9042969, 2673.8903809, 2673.9035645, 2673.9074707, 2673.9145508, 2673.9133301, 2673.9016113, 2673.9050293, 2673.9233398, 2673.9321289, 2673.9091797, 2673.9008789, 2673.9023438, 2673.8918457, 2673.9028320, 2673.9016113, 2673.9035645, 2673.9050293, 2673.9023438, 2673.9023438, 2673.9240723, 2673.9111328, 2673.8974609, 2673.8974609, 2673.8996582, 2673.8955078, 2673.9101562, 2673.9055176, 2673.9145508, 2673.9082031, 2673.8972168, 2673.9301758, 2673.9016113, 2673.9050293, 2673.9074707, 2673.9047852, 2673.9113770, 2673.8969727, 2673.9023438, 2673.8967285, 2673.9025879, 2673.9289551, 2673.9011230, 2673.9052734, 2673.9057617, 2673.9111328, 2673.9108887, 2673.9147949, 2673.8945312, 2673.8994141, 2673.9062500, 2673.9133301, 2673.9204102, 2673.8964844 ],
"timesExecution": [ 2970.2573242, 2975.2709961, 2970.2604980, 2970.2265625, 2970.2287598, 2970.2124023, 2970.2202148, 2970.2192383, 2970.2319336, 2970.2194824, 2970.2116699, 2970.2272949, 2970.2446289, 2970.2167969, 2970.2167969, 2970.2124023, 2970.2119141, 2970.2177734, 2970.2065430, 2970.2014160, 2970.2131348, 2970.2104492, 2970.2329102, 2979.1555176, 2970.2094727, 2970.2126465, 2970.2343750, 2970.2065430, 2970.2097168, 2970.2202148, 2970.2028809, 2970.2104492, 2970.2109375, 2970.2094727, 2970.1997070, 2970.2253418, 2970.2111816, 2970.2058105, 2970.2263184, 2970.2050781, 2970.2065430, 2970.2023926, 2970.2065430, 2970.2038574, 2970.2197266, 2970.2338867, 2970.2001953, 2970.2060547, 2970.2033691, 2970.2121582, 2970.2009277, 2970.2150879, 2970.1982422, 2970.2197266, 2970.2070312, 2970.2128906, 2970.2004395, 2970.1987305, 2970.1943359, 2970.2031250, 2970.1955566, 2970.1948242, 2970.2023926, 2970.2019043, 2970.1977539, 2970.2185059, 2977.2602539, 2970.2009277, 2970.2058105, 2970.1979980, 2970.2041016, 2970.1894531, 2970.1945801, 2970.2053223, 2970.2041016, 2970.1945801, 2970.1972656, 2970.1972656, 2970.1936035, 2970.1967773, 2970.1855469, 2970.1855469, 2970.1835938, 2970.1887207, 2970.2001953, 2970.1870117, 2970.2204590, 2970.2060547, 2979.2722168, 2970.2070312, 2970.1894531, 2970.1916504, 2970.2023926, 2970.1877441, 2970.1823730, 2970.1833496, 2970.2036133, 2970.1918945, 2970.1865234, 2970.1894531 ],