{
"inputLengthInCharacters": 131072,
"uniformInput": false,
"useMappingLetter": true,
"measurements": {
"histogram_atomic_global": {
"timesTransferToDevice": [ 0.1204160, 0.1012480, 0.0998720, 0.0994560, 0.0994880, 0.0993920, 0.0993280, 0.0993920, 0.0995840, 0.0994240, 0.0993600, 0.0993600, 0.0994240, 0.0994240, 0.0996800, 0.0993920, 0.0996160, 0.0994560, 0.0994240, 0.0993280, 0.0992320, 0.0996160, 0.0993600, 0.0993280, 0.0995200, 0.0994560, 0.1014720, 0.1014720, 0.0995520, 0.0994240, 0.0994240, 0.0993280, 0.0995840, 0.0996480, 0.0997760, 0.0996800, 0.0994880, 0.0996800, 0.0996480, 0.0994560, 0.0993600, 0.0995520, 0.0995840, 0.0994240, 0.0997760, 0.0994560, 0.0995520, 0.0994880, 0.0996800, 0.0994240, 0.0994880, 0.0993280, 0.0994240, 0.0994240, 0.0994880, 0.0992320, 0.0995520, 0.0995520, 0.0992960, 0.0997120, 0.0996480, 0.0994240, 0.0992320, 0.0993920, 0.0993280, 0.0996480, 0.0993920, 0.1012160, 0.0997760, 0.0992320, 0.0994880, 0.0994560, 0.0995840, 0.0996480, 0.0994880, 0.0992960, 0.0992320, 0.0992960, 0.1005120, 0.0993920, 0.0996480, 0.0998080, 0.0995520, 0.0994880, 0.0995200, 0.0996800, 0.0994240, 0.0996480, 0.0998400, 0.0994240, 0.0993920, 0.0996800, 0.0992640, 0.0995840, 0.0993280, 0.0994240, 0.0992640, 0.0999040, 0.0994240, 0.0992000 ],
"timesExecution": [ 0.0904640, 0.0907200, 0.0899520, 0.0903680, 0.0898560, 0.0897600, 0.0900800, 0.0895360, 0.0898880, 0.0895680, 0.0898240, 0.0891520, 0.0897600, 0.0900160, 0.0898560, 0.0902080, 0.0893760, 0.0898560, 0.0892160, 0.0895680, 0.0898880, 0.0905280, 0.0900800, 0.0901760, 0.0901120, 0.0906880, 0.0926080, 0.0906880, 0.0900800, 0.0896960, 0.0901120, 0.0900800, 0.0895680, 0.0896320, 0.0904000, 0.0896320, 0.0898560, 0.0903040, 0.0901120, 0.0895040, 0.0893120, 0.0902080, 0.0892480, 0.0897600, 0.0897920, 0.0900480, 0.0903360, 0.0900160, 0.0896960, 0.0898880, 0.0903680, 0.0894400, 0.0899520, 0.0907520, 0.0894080, 0.0900800, 0.0899200, 0.0898880, 0.0901120, 0.0892480, 0.0893120, 0.0902080, 0.0891840, 0.0900800, 0.0892480, 0.0903680, 0.0903360, 0.0901440, 0.0899840, 0.0903040, 0.0898240, 0.0900800, 0.0904000, 0.0900160, 0.0891200, 0.0893440, 0.0904000, 0.0896000, 0.0900480, 0.0903040, 0.0896960, 0.0902720, 0.0898240, 0.0891840, 0.0894400, 0.0902080, 0.0899520, 0.0894720, 0.0893760, 0.0911040, 0.0900800, 0.0895360, 0.0894720, 0.0894720, 0.0896640, 0.0896640, 0.0901760, 0.0900480, 0.0902080, 0.0896000 ],
"timesTransferFromDevice": [ 0.0240640, 0.0188800, 0.0173760, 0.0172160, 0.0167360, 0.0170240, 0.0175040, 0.0166720, 0.0173760, 0.0169600, 0.0168640, 0.0168960, 0.0169600, 0.0171520, 0.0171200, 0.0167360, 0.0171520, 0.0169920, 0.0169280, 0.0166720, 0.0174080, 0.0174080, 0.0176320, 0.0168640, 0.0168960, 0.0168640, 0.0173120, 0.0171840, 0.0171200, 0.0171520, 0.0169280, 0.0164160, 0.0172480, 0.0166080, 0.0180800, 0.0164800, 0.0174400, 0.0177280, 0.0174080, 0.0172160, 0.0169600, 0.0168000, 0.0167040, 0.0161280, 0.0172160, 0.0175680, 0.0172480, 0.0171520, 0.0163520, 0.0165440, 0.0176320, 0.0161280, 0.0174080, 0.0176320, 0.0172800, 0.0170560, 0.0170560, 0.0164480, 0.0175040, 0.0168000, 0.0171200, 0.0168640, 0.0170880, 0.0170560, 0.0166080, 0.0167040, 0.0173760, 0.0162240, 0.0172160, 0.0165120, 0.0170880, 0.0164160, 0.0168640, 0.0162560, 0.0171520, 0.0172480, 0.0173120, 0.0182720, 0.0171200, 0.0172480, 0.0172160, 0.0173120, 0.0171520, 0.0167360, 0.0168000, 0.0175360, 0.0168000, 0.0164160, 0.0166720, 0.0171520, 0.0173760, 0.0169600, 0.0175360, 0.0174080, 0.0163840, 0.0168960, 0.0167680, 0.0173120, 0.0169600, 0.0166720 ],
"bins": [ 77847, 2019, 2065, 1943, 2089, 1941, 2013, 2039, 2015, 2105, 2095, 2102, 2110, 2070, 2048, 2056, 2022, 2082, 2004, 2067, 2047, 1990, 2068, 2076, 2009, 2061, 2089 ]
}
,
"histogram_atomic_private": {
"timesTransferToDevice": [ 0.0989760, 0.0995520, 0.0997760, 0.0997120, 0.0993280, 0.0994560, 0.0993920, 0.0997760, 0.0993600, 0.0993920, 0.0992000, 0.0994240, 0.0994560, 0.0994560, 0.0993920, 0.0997440, 0.0994240, 0.0993280, 0.0998400, 0.0993600, 0.0993920, 0.0996160, 0.0995200, 0.0996160, 0.0993280, 0.0993920, 0.0993600, 0.0994240, 0.0997440, 0.0995840, 0.0994240, 0.0994880, 0.0994880, 0.0994560, 0.0994560, 0.1018560, 0.1015360, 0.0993280, 0.0995840, 0.0995200, 0.0992640, 0.0992640, 0.0992960, 0.0993280, 0.0994560, 0.0996160, 0.0995840, 0.0996160, 0.0995520, 0.0995840, 0.0993600, 0.0994560, 0.0995200, 0.0998080, 0.0996800, 0.0993280, 0.0991680, 0.0997120, 0.0993280, 0.0993280, 0.0997760, 0.0995200, 0.0992960, 0.0995200, 0.0996800, 0.0994240, 0.0997120, 0.0996800, 0.0992640, 0.0994240, 0.0998080, 0.0994240, 0.0997120, 0.0997440, 0.0996480, 0.0993600, 0.0996800, 0.0994240, 0.0992640, 0.0996800, 0.0996800, 0.0993280, 0.0994880, 0.0996800, 0.0994560, 0.0998080, 0.0992960, 0.0994560, 0.0995520, 0.0995200, 0.0994560, 0.0992000, 0.0993920, 0.0997440, 0.0995840, 0.0995840, 0.0997120, 0.0997760, 0.0993920, 0.0996480 ],
"timesExecution": [ 0.0193600, 0.0190400, 0.0193920, 0.0189440, 0.0191040, 0.0187840, 0.0196480, 0.0186240, 0.0194560, 0.0186240, 0.0186880, 0.0196160, 0.0190080, 0.0185600, 0.0192000, 0.0186240, 0.0186240, 0.0197440, 0.0188160, 0.0195840, 0.0195200, 0.0190720, 0.0184640, 0.0189120, 0.0193920, 0.0193920, 0.0185280, 0.0194880, 0.0190400, 0.0194880, 0.0195840, 0.0197760, 0.0193600, 0.0190080, 0.0214080, 0.0199680, 0.0188160, 0.0193600, 0.0191680, 0.0187840, 0.0193600, 0.0190400, 0.0195200, 0.0194240, 0.0188800, 0.0191360, 0.0187840, 0.0192320, 0.0190720, 0.0192320, 0.0199040, 0.0190720, 0.0190720, 0.0190720, 0.0194880, 0.0193280, 0.0194880, 0.0187840, 0.0194240, 0.0192000, 0.0195520, 0.0189760, 0.0186560, 0.0190720, 0.0197760, 0.0193280, 0.0196800, 0.0187840, 0.0187520, 0.0199360, 0.0195200, 0.0186240, 0.0191040, 0.0196480, 0.0190400, 0.0196800, 0.0194560, 0.0185920, 0.0190720, 0.0188480, 0.0189120, 0.0189120, 0.0191680, 0.0192000, 0.0192000, 0.0194560, 0.0191360, 0.0187200, 0.0195840, 0.0199040, 0.0224960, 0.0201920, 0.0194880, 0.0190400, 0.0194560, 0.0195520, 0.0189440, 0.0198400, 0.0193600, 0.0191360 ],
"timesTransferFromDevice": [ 0.0173440, 0.0168640, 0.0163520, 0.0172160, 0.0167680, 0.0166720, 0.0170880, 0.0170240, 0.0170560, 0.0169600, 0.0168640, 0.0175040, 0.0168320, 0.0170880, 0.0172800, 0.0169280, 0.0168320, 0.0172800, 0.0167040, 0.0172480, 0.0169280, 0.0165120, 0.0168640, 0.0172480, 0.0171840, 0.0172160, 0.0168320, 0.0163520, 0.0167360, 0.0168000, 0.0165760, 0.0173440, 0.0169920, 0.0183360, 0.0175040, 0.0179520, 0.0174080, 0.0169600, 0.0164800, 0.0166400, 0.0167360, 0.0169920, 0.0165760, 0.0177280, 0.0170560, 0.0172480, 0.0166080, 0.0165760, 0.0171520, 0.0175040, 0.0176000, 0.0164480, 0.0171200, 0.0164480, 0.0169600, 0.0166400, 0.0164480, 0.0171200, 0.0172160, 0.0167040, 0.0164480, 0.0167040, 0.0169920, 0.0164480, 0.0173120, 0.0167040, 0.0165440, 0.0170560, 0.0173760, 0.0173760, 0.0168960, 0.0171840, 0.0165440, 0.0174080, 0.0169280, 0.0170560, 0.0171840, 0.0166400, 0.0163840, 0.0172800, 0.0166080, 0.0173120, 0.0163200, 0.0166720, 0.0167360, 0.0174720, 0.0165760, 0.0165760, 0.0163840, 0.0170240, 0.0175040, 0.0175680, 0.0166400, 0.0167360, 0.0166080, 0.0173120, 0.0167040, 0.0172160, 0.0178880, 0.0166400 ],
"bins": [ 77847, 2019, 2065, 1943, 2089, 1941, 2013, 2039, 2015, 2105, 2095, 2102, 2110, 2070, 2048, 2056, 2022, 2082, 2004, 2067, 2047, 1990, 2068, 2076, 2009, 2061, 2089 ]
}
,