{
"inputLengthInCharacters": 32768,
"uniformInput": false,
"useMappingLetter": false,
"measurements": {
"histogram_atomic_global": {
"timesTransferToDevice": [ 0.0450560, 0.0333760, 0.0330560, 0.0336640, 0.0336320, 0.0337280, 0.0340480, 0.0335360, 0.0338240, 0.0335360, 0.0330880, 0.0333120, 0.0334720, 0.0335680, 0.0345920, 0.0336000, 0.0334720, 0.0352960, 0.0335680, 0.0332160, 0.0338240, 0.0336000, 0.0334080, 0.0339200, 0.0339840, 0.0335040, 0.0333440, 0.0338240, 0.0336000, 0.0333440, 0.0330560, 0.0340800, 0.0329600, 0.0334720, 0.0337920, 0.0343040, 0.0338560, 0.0336000, 0.0330240, 0.0336320, 0.0330240, 0.0334400, 0.0341120, 0.0333760, 0.0332160, 0.0338880, 0.0337600, 0.0336960, 0.0330240, 0.0340800, 0.0336320, 0.0335680, 0.0337920, 0.0331520, 0.0338880, 0.0332480, 0.0331520, 0.0332800, 0.0332800, 0.0339840, 0.0334080, 0.0333120, 0.0333440, 0.0331840, 0.0330880, 0.0337600, 0.0335040, 0.0336320, 0.0338880, 0.0338880, 0.0335360, 0.0340480, 0.0333760, 0.0337280, 0.0335680, 0.0338560, 0.0336000, 0.0333440, 0.0340480, 0.0336000, 0.0334080, 0.0333120, 0.0331840, 0.0337600, 0.0334400, 0.0334080, 0.0338240, 0.0335360, 0.0330240, 0.0340160, 0.0331840, 0.0329920, 0.0334400, 0.0331520, 0.0336000, 0.0332160, 0.0332480, 0.0337600, 0.0335040, 0.0330240 ],
"timesExecution": [ 0.0245760, 0.0245760, 0.0245760, 0.0235520, 0.0235520, 0.0245760, 0.0235520, 0.0245760, 0.0235520, 0.0245760, 0.0235520, 0.0235520, 0.0235520, 0.0235520, 0.0256000, 0.0245760, 0.0256000, 0.0235520, 0.0235520, 0.0235520, 0.0245760, 0.0245760, 0.0235520, 0.0245760, 0.0245760, 0.0245760, 0.0235520, 0.0245760, 0.0245760, 0.0235520, 0.0245760, 0.0235520, 0.0245760, 0.0235520, 0.0235520, 0.0235520, 0.0245760, 0.0235520, 0.0235520, 0.0245760, 0.0245760, 0.0235520, 0.0245760, 0.0235520, 0.0235520, 0.0245760, 0.0235520, 0.0245760, 0.0235520, 0.0235520, 0.0235520, 0.0235520, 0.0245760, 0.0235520, 0.0235520, 0.0235520, 0.0245760, 0.0235520, 0.0235520, 0.0245760, 0.0245760, 0.0235520, 0.0235520, 0.0245760, 0.0235520, 0.0235520, 0.0235520, 0.0235520, 0.0245760, 0.0245760, 0.0245760, 0.0235520, 0.0245760, 0.0256000, 0.0235520, 0.0245760, 0.0235520, 0.0245760, 0.0235520, 0.0235520, 0.0235520, 0.0235520, 0.0245760, 0.0235520, 0.0245760, 0.0235520, 0.0245760, 0.0245760, 0.0245760, 0.0235520, 0.0235520, 0.0235520, 0.0245760, 0.0235520, 0.0245760, 0.0235520, 0.0235520, 0.0235520, 0.0235520, 0.0235520 ],
"timesTransferFromDevice": [ 0.0256960, 0.0188800, 0.0173120, 0.0163840, 0.0174080, 0.0171200, 0.0165120, 0.0160320, 0.0165440, 0.0158400, 0.0167040, 0.0166400, 0.0177280, 0.0167680, 0.0170880, 0.0188480, 0.0172160, 0.0174080, 0.0170880, 0.0166080, 0.0167360, 0.0170240, 0.0170240, 0.0169280, 0.0165760, 0.0170240, 0.0174400, 0.0166400, 0.0166400, 0.0162560, 0.0172480, 0.0162240, 0.0167040, 0.0165760, 0.0169600, 0.0166080, 0.0174400, 0.0171520, 0.0165120, 0.0169600, 0.0168000, 0.0158720, 0.0170880, 0.0170560, 0.0170880, 0.0173120, 0.0165120, 0.0169920, 0.0163840, 0.0163520, 0.0168000, 0.0164800, 0.0170560, 0.0163840, 0.0168320, 0.0168960, 0.0166720, 0.0160960, 0.0170560, 0.0169920, 0.0169600, 0.0165120, 0.0168960, 0.0171200, 0.0175040, 0.0165760, 0.0174720, 0.0163520, 0.0170880, 0.0167040, 0.0172160, 0.0165760, 0.0173120, 0.0165760, 0.0164800, 0.0168000, 0.0170240, 0.0171840, 0.0165760, 0.0166400, 0.0167360, 0.0169280, 0.0176000, 0.0168000, 0.0167360, 0.0165760, 0.0174720, 0.0168960, 0.0163520, 0.0170880, 0.0172800, 0.0158720, 0.0169920, 0.0166720, 0.0171520, 0.0160000, 0.0163840, 0.0167040, 0.0161920, 0.0159040 ],
"bins": [ 275, 268, 252, 250, 214, 278, 254, 239, 275, 243, 256, 236, 267, 247, 281, 242, 246, 263, 267, 263, 228, 263, 274, 235, 244, 255, 233, 244, 249, 258, 287, 261, 290, 264, 236, 241, 299, 252, 249, 236, 261, 238, 257, 274, 241, 249, 243, 245, 281, 261, 255, 272, 255, 252, 270, 264, 254, 265, 251, 267, 223, 251, 256, 272, 249, 250, 256, 252, 246, 264, 262, 236, 263, 265, 239, 272, 253, 252, 222, 266, 241, 255, 249, 262, 251, 243, 264, 237, 249, 271, 265, 276, 255, 288, 269, 281, 258, 278, 240, 292, 240, 250, 252, 258, 263, 242, 269, 272, 253, 250, 270, 234, 245, 238, 261, 258, 240, 267, 248, 231, 278, 266, 255, 270, 256, 272, 237, 251 ]
}
,
"histogram_atomic_private": {
"timesTransferToDevice": [ 0.0327680, 0.0336960, 0.0328320, 0.0335680, 0.0330240, 0.0328320, 0.0327680, 0.0327680, 0.0328000, 0.0326400, 0.0326720, 0.0328320, 0.0331200, 0.0332800, 0.0335680, 0.0328960, 0.0323200, 0.0326400, 0.0328320, 0.0327360, 0.0329600, 0.0336640, 0.0334400, 0.0332160, 0.0331520, 0.0324160, 0.0328640, 0.0329920, 0.0327040, 0.0332800, 0.0324800, 0.0329920, 0.0330560, 0.0329920, 0.0352640, 0.0331200, 0.0334400, 0.0346240, 0.0352320, 0.0323520, 0.0329280, 0.0334400, 0.0326080, 0.0329600, 0.0332160, 0.0325760, 0.0332800, 0.0325760, 0.0332160, 0.0330240, 0.0329920, 0.0331520, 0.0330880, 0.0325760, 0.0332160, 0.0328320, 0.0333440, 0.0334080, 0.0333760, 0.0326720, 0.0327040, 0.0322240, 0.0330880, 0.0330880, 0.0324160, 0.0325760, 0.0333120, 0.0328320, 0.0330880, 0.0327360, 0.0335360, 0.0328640, 0.0328320, 0.0324160, 0.0333760, 0.0326400, 0.0323520, 0.0332160, 0.0334080, 0.0323200, 0.0325440, 0.0328000, 0.0330880, 0.0331200, 0.0330240, 0.0327040, 0.0329920, 0.0331520, 0.0330880, 0.0337920, 0.0335680, 0.0330560, 0.0333440, 0.0326720, 0.0330880, 0.0327040, 0.0332800, 0.0326080, 0.0327040, 0.0328000 ],
"timesExecution": [ 0.0174080, 0.0174080, 0.0163840, 0.0174080, 0.0163840, 0.0163840, 0.0163840, 0.0163840, 0.0174080, 0.0174080, 0.0163840, 0.0163840, 0.0174080, 0.0174080, 0.0163840, 0.0174080, 0.0163840, 0.0163840, 0.0163840, 0.0163840, 0.0163840, 0.0174080, 0.0174080, 0.0163840, 0.0163840, 0.0163840, 0.0163840, 0.0163840, 0.0163840, 0.0163840, 0.0174080, 0.0163840, 0.0163840, 0.0163840, 0.0174080, 0.0163840, 0.0163840, 0.0174080, 0.0163840, 0.0163840, 0.0163840, 0.0163840, 0.0163840, 0.0163840, 0.0163840, 0.0163840, 0.0163840, 0.0163840, 0.0163840, 0.0163840, 0.0174080, 0.0163840, 0.0163840, 0.0174080, 0.0163840, 0.0163840, 0.0163840, 0.0163840, 0.0174080, 0.0163840, 0.0163840, 0.0184320, 0.0174080, 0.0174080, 0.0163840, 0.0174080, 0.0163840, 0.0163840, 0.0163840, 0.0163840, 0.0163840, 0.0163840, 0.0163840, 0.0163840, 0.0163840, 0.0163840, 0.0163840, 0.0174080, 0.0163840, 0.0163840, 0.0163840, 0.0163840, 0.0174080, 0.0163840, 0.0174080, 0.0163840, 0.0174080, 0.0174080, 0.0163840, 0.0163840, 0.0163840, 0.0174080, 0.0163840, 0.0163840, 0.0174080, 0.0163840, 0.0163840, 0.0163840, 0.0163840, 0.0174080 ],
"timesTransferFromDevice": [ 0.0175360, 0.0169920, 0.0168000, 0.0172800, 0.0171520, 0.0166720, 0.0162880, 0.0163200, 0.0166720, 0.0168320, 0.0164160, 0.0159680, 0.0169280, 0.0165440, 0.0171840, 0.0168960, 0.0164480, 0.0165760, 0.0163520, 0.0171840, 0.0175040, 0.0167040, 0.0168320, 0.0161920, 0.0164160, 0.0165440, 0.0163200, 0.0166400, 0.0168960, 0.0167360, 0.0167680, 0.0169920, 0.0169920, 0.0173760, 0.0171200, 0.0190400, 0.0166080, 0.0175040, 0.0167040, 0.0160640, 0.0166400, 0.0165120, 0.0170560, 0.0169920, 0.0166080, 0.0169920, 0.0166400, 0.0170880, 0.0162240, 0.0163840, 0.0169600, 0.0169920, 0.0173760, 0.0168320, 0.0163520, 0.0168960, 0.0169920, 0.0170880, 0.0174080, 0.0165760, 0.0171200, 0.0171840, 0.0171200, 0.0168640, 0.0167680, 0.0170560, 0.0165440, 0.0161920, 0.0164480, 0.0168960, 0.0170560, 0.0172160, 0.0169280, 0.0166720, 0.0164160, 0.0167360, 0.0171200, 0.0169280, 0.0167040, 0.0166080, 0.0169920, 0.0163520, 0.0172480, 0.0162560, 0.0167360, 0.0160640, 0.0168000, 0.0172160, 0.0162880, 0.0168960, 0.0170880, 0.0168320, 0.0163200, 0.0171520, 0.0172160, 0.0169280, 0.0166400, 0.0173440, 0.0163520, 0.0168640 ],