{
"inputLengthInCharacters": 524288,
"uniformInput": true,
"useMappingLetter": false,
"measurements": {
"histogram_atomic_global": {
"timesTransferToDevice": [ 0.3937280, 0.3708480, 0.3536320, 0.3531840, 0.3535680, 0.3530240, 0.3529920, 0.3529920, 0.3530560, 0.3536960, 0.3531200, 0.3533120, 0.3530560, 0.3529600, 0.3533760, 0.3531840, 0.3530880, 0.3534720, 0.3528960, 0.3529920, 0.3530880, 0.3531200, 0.3529280, 0.3530560, 0.3531520, 0.3531840, 0.3532160, 0.3530240, 0.3529280, 0.3532160, 0.3531840, 0.3529920, 0.3531200, 0.3533760, 0.3532800, 0.3529600, 0.3532480, 0.3530240, 0.3530560, 0.3530880, 0.3530560, 0.3553920, 0.3533760, 0.3529600, 0.3529600, 0.3533760, 0.3534400, 0.3529600, 0.3534080, 0.3532480, 0.3531840, 0.3529920, 0.3534080, 0.3529600, 0.3532480, 0.3529280, 0.3528640, 0.3533440, 0.3530560, 0.3531840, 0.3529280, 0.3531200, 0.3543680, 0.3533120, 0.3530240, 0.3533120, 0.3533120, 0.3530880, 0.3530240, 0.3529920, 0.3529920, 0.3530880, 0.3532160, 0.3534720, 0.3532480, 0.3528960, 0.3538560, 0.3534400, 0.3531840, 0.3530560, 0.3528640, 0.3530880, 0.3531200, 0.3528960, 0.3531520, 0.3530240, 0.3528640, 0.3543360, 0.3532800, 0.3532160, 0.3533760, 0.3531520, 0.3529920, 0.3531520, 0.3530560, 0.3532480, 0.3532800, 0.3535040, 0.3533120, 0.3530880 ],
"timesExecution": [ 0.3800320, 0.3804160, 0.3795840, 0.3796160, 0.3791360, 0.3801280, 0.3797760, 0.3798720, 0.3795840, 0.3790720, 0.3797120, 0.3791680, 0.3808960, 0.3795200, 0.3805760, 0.3794240, 0.3798080, 0.3796160, 0.3801280, 0.3797760, 0.3798400, 0.3792000, 0.3799360, 0.3796800, 0.3792000, 0.3796160, 0.3796800, 0.3796160, 0.3796800, 0.3792640, 0.3797120, 0.3801920, 0.3794560, 0.3796800, 0.3795200, 0.3789440, 0.3793920, 0.3804800, 0.3792960, 0.3789440, 0.3794880, 0.3801600, 0.3789120, 0.3799680, 0.3793600, 0.3800640, 0.3790080, 0.3795200, 0.3800000, 0.3793920, 0.3800960, 0.3796800, 0.3806080, 0.3795840, 0.3791360, 0.3794560, 0.3790080, 0.3800000, 0.3790720, 0.3795520, 0.3796480, 0.3795200, 0.3801280, 0.3799040, 0.3795200, 0.3800320, 0.3791040, 0.3802560, 0.3800000, 0.3799040, 0.3790400, 0.3799040, 0.3800640, 0.3798080, 0.3799040, 0.3802560, 0.3792000, 0.3798720, 0.3799360, 0.3792320, 0.3794240, 0.3792320, 0.3795520, 0.3797760, 0.3790720, 0.3795840, 0.3812800, 0.3810560, 0.3798400, 0.3796480, 0.3802880, 0.3796480, 0.3789760, 0.3802880, 0.3792320, 0.3797440, 0.3791360, 0.3802880, 0.3789760, 0.3790080 ],
"timesTransferFromDevice": [ 0.0233600, 0.0188160, 0.0184960, 0.0174400, 0.0174080, 0.0182400, 0.0170880, 0.0168640, 0.0174400, 0.0174080, 0.0175360, 0.0170880, 0.0179520, 0.0173440, 0.0174720, 0.0172800, 0.0170880, 0.0172480, 0.0173440, 0.0171520, 0.0168000, 0.0174400, 0.0176320, 0.0166400, 0.0172800, 0.0170560, 0.0176640, 0.0164480, 0.0169600, 0.0173120, 0.0171520, 0.0175680, 0.0170240, 0.0175360, 0.0170560, 0.0172800, 0.0168640, 0.0168000, 0.0169920, 0.0172480, 0.0167040, 0.0174080, 0.0171840, 0.0170880, 0.0166720, 0.0176000, 0.0170240, 0.0168320, 0.0173120, 0.0167680, 0.0174720, 0.0170880, 0.0172160, 0.0176640, 0.0169920, 0.0165120, 0.0171520, 0.0170240, 0.0175360, 0.0167360, 0.0165760, 0.0167040, 0.0172800, 0.0173760, 0.0169920, 0.0167680, 0.0170240, 0.0171200, 0.0174400, 0.0177280, 0.0169920, 0.0166720, 0.0171200, 0.0169600, 0.0175040, 0.0169280, 0.0166400, 0.0175040, 0.0168000, 0.0166400, 0.0168000, 0.0174400, 0.0168960, 0.0170560, 0.0174080, 0.0170240, 0.0191680, 0.0162880, 0.0171200, 0.0165120, 0.0173120, 0.0169600, 0.0169920, 0.0176640, 0.0173120, 0.0167680, 0.0172800, 0.0169920, 0.0174080, 0.0172160 ],
"bins": [ 0, 0, 0, 0, 0, 0, 0, 0, 0, 0, 0, 0, 0, 0, 0, 0, 0, 0, 0, 0, 0, 0, 0, 0, 0, 0, 0, 0, 0, 0, 0, 0, 0, 0, 0, 0, 0, 0, 0, 0, 0, 0, 0, 0, 0, 0, 0, 0, 0, 0, 0, 0, 0, 0, 0, 0, 0, 0, 0, 0, 0, 0, 0, 0, 0, 0, 0, 0, 0, 0, 0, 0, 0, 0, 0, 0, 0, 0, 0, 0, 0, 0, 0, 0, 0, 0, 0, 0, 0, 0, 0, 0, 0, 0, 0, 0, 524288, 0, 0, 0, 0, 0, 0, 0, 0, 0, 0, 0, 0, 0, 0, 0, 0, 0, 0, 0, 0, 0, 0, 0, 0, 0, 0, 0, 0, 0, 0, 0 ]
}
,
"histogram_atomic_private": {
"timesTransferToDevice": [ 0.3533440, 0.3531840, 0.3530880, 0.3531520, 0.3531200, 0.3532480, 0.3530560, 0.3530560, 0.3531840, 0.3530880, 0.3532480, 0.3533760, 0.3532800, 0.3531520, 0.3532160, 0.3530240, 0.3532160, 0.3529600, 0.3529920, 0.3530560, 0.3530880, 0.3531520, 0.3530560, 0.3529280, 0.3532480, 0.3530880, 0.3531520, 0.3530880, 0.3531840, 0.3533760, 0.3531200, 0.3530240, 0.3530240, 0.3530560, 0.3531200, 0.3536640, 0.3533760, 0.3598080, 0.3533120, 0.3529600, 0.3529600, 0.3530240, 0.3531840, 0.3530560, 0.3532800, 0.3530560, 0.3531200, 0.3532160, 0.3530240, 0.3557120, 0.3535040, 0.3530560, 0.3532800, 0.3557440, 0.3531200, 0.3532800, 0.3530880, 0.3528960, 0.3532480, 0.3594560, 0.3530240, 0.3532480, 0.3529280, 0.3533760, 0.3529920, 0.3530240, 0.3530880, 0.3530240, 0.3530240, 0.3546560, 0.3530560, 0.3530880, 0.3529600, 0.3530880, 0.3532480, 0.3529920, 0.3530880, 0.3534400, 0.3529920, 0.3531520, 0.3529280, 0.3531520, 0.3528640, 0.3530560, 0.3532160, 0.3532480, 0.3529920, 0.3530240, 0.3532160, 0.3531840, 0.3533440, 0.3529920, 0.3530560, 0.3532160, 0.3532480, 0.3529280, 0.3528960, 0.3551680, 0.3531520, 0.3530240 ],
"timesExecution": [ 0.0322560, 0.0320640, 0.0319680, 0.0325760, 0.0321280, 0.0312320, 0.0315200, 0.0317440, 0.0324480, 0.0317760, 0.0315840, 0.0320320, 0.0322880, 0.0320000, 0.0324800, 0.0330880, 0.0322240, 0.0320320, 0.0322880, 0.0320320, 0.0315840, 0.0320000, 0.0321600, 0.0319040, 0.0325760, 0.0318720, 0.0322240, 0.0320960, 0.0320960, 0.0325760, 0.0319040, 0.0316160, 0.0319040, 0.0316800, 0.0320000, 0.0318400, 0.0317440, 0.0322880, 0.0318080, 0.0320640, 0.0315840, 0.0322560, 0.0315840, 0.0326400, 0.0319360, 0.0320960, 0.0312000, 0.0314240, 0.0315520, 0.0325120, 0.0321280, 0.0322880, 0.0323840, 0.0317440, 0.0323200, 0.0320000, 0.0324480, 0.0319040, 0.0314240, 0.0323840, 0.0320960, 0.0323520, 0.0326080, 0.0316480, 0.0321600, 0.0321600, 0.0317440, 0.0315200, 0.0322240, 0.0319040, 0.0316160, 0.0315840, 0.0320640, 0.0320960, 0.0314240, 0.0322240, 0.0317760, 0.0322560, 0.0318080, 0.0317760, 0.0316480, 0.0322560, 0.0322240, 0.0315520, 0.0319680, 0.0322240, 0.0316480, 0.0311040, 0.0323200, 0.0320960, 0.0319360, 0.0321920, 0.0325440, 0.0321920, 0.0318720, 0.0314240, 0.0324160, 0.0318400, 0.0322560, 0.0316160 ],
"timesTransferFromDevice": [ 0.0181120, 0.0170880, 0.0162880, 0.0178880, 0.0176320, 0.0166720, 0.0171520, 0.0164800, 0.0171200, 0.0178880, 0.0167040, 0.0175040, 0.0168320, 0.0163840, 0.0174080, 0.0172160, 0.0172800, 0.0169920, 0.0170240, 0.0174080, 0.0169920, 0.0166080, 0.0168640, 0.0165760, 0.0166400, 0.0177920, 0.0168320, 0.0175040, 0.0167680, 0.0174400, 0.0170240, 0.0168640, 0.0170880, 0.0165760, 0.0171200, 0.0170880, 0.0170240, 0.0175040, 0.0168000, 0.0175680, 0.0165760, 0.0171520, 0.0171840, 0.0169600, 0.0178240, 0.0168960, 0.0170240, 0.0172480, 0.0167360, 0.0173760, 0.0164480, 0.0176320, 0.0179840, 0.0172480, 0.0166080, 0.0175680, 0.0165760, 0.0174400, 0.0170880, 0.0171840, 0.0173440, 0.0173760, 0.0168000, 0.0176320, 0.0176640, 0.0180160, 0.0171520, 0.0176640, 0.0170880, 0.0172480, 0.0166720, 0.0170880, 0.0169920, 0.0182400, 0.0170880, 0.0169920, 0.0174080, 0.0170880, 0.0168000, 0.0177280, 0.0162880, 0.0169600, 0.0164800, 0.0172160, 0.0167680, 0.0174080, 0.0171840, 0.0166400, 0.0175040, 0.0179200, 0.0167040, 0.0175680, 0.0175040, 0.0168640, 0.0165440, 0.0168960, 0.0173760, 0.0168640, 0.0172800, 0.0167360 ],
"bins": [ 0, 0, 0, 0, 0, 0, 0, 0, 0, 0, 0, 0, 0, 0, 0, 0, 0, 0, 0, 0, 0, 0, 0, 0, 0, 0, 0, 0, 0, 0, 0, 0, 0, 0, 0, 0, 0, 0, 0, 0, 0, 0, 0, 0, 0, 0, 0, 0, 0, 0, 0, 0, 0, 0, 0, 0, 0, 0, 0, 0, 0, 0, 0, 0, 0, 0, 0, 0, 0, 0, 0, 0, 0, 0, 0, 0, 0, 0, 0, 0, 0, 0, 0, 0, 0, 0, 0, 0, 0, 0, 0, 0, 0, 0, 0, 0, 524288, 0, 0, 0, 0, 0, 0, 0, 0, 0, 0, 0, 0, 0, 0, 0, 0, 0, 0, 0, 0, 0, 0, 0, 0, 0, 0, 0, 0, 0, 0, 0 ]
}
,