{
"inputLengthInCharacters": 8388608,
"uniformInput": false,
"useMappingLetter": true,
"measurements": {
"histogram_atomic_global": {
"timesTransferToDevice": [ 5.3288960, 5.2875199, 5.2790079, 5.2742720, 5.2751360, 5.2723198, 5.2725120, 5.2733121, 5.2733121, 5.2727041, 5.2726722, 5.2732801, 5.2723522, 5.2727361, 5.2734399, 5.2735038, 5.2727361, 5.2734718, 5.2739201, 5.2763519, 5.2751679, 5.2732482, 5.2730880, 5.2731838, 5.2731199, 5.2735362, 5.2728958, 5.2725439, 5.2794242, 5.2773442, 5.2755518, 5.2759042, 5.2743039, 5.2732482, 5.2738562, 5.2730241, 5.2724800, 5.2722878, 5.2729282, 5.2726078, 5.2718401, 5.2734079, 5.2732158, 5.2732801, 5.2736959, 5.2729602, 5.2728319, 5.2731199, 5.2775679, 5.2759361, 5.2737918, 5.2731519, 5.2724800, 5.2734399, 5.2735038, 5.2720642, 5.2725439, 5.2728000, 5.2738881, 5.2727041, 5.2718081, 5.2717438, 5.2723198, 5.2733760, 5.2725439, 5.2728319, 5.2737918, 5.2752318, 5.2736959, 5.2724161, 5.2727361, 5.2716799, 5.2724800, 5.2730560, 5.2730241, 5.2731519, 5.2732801, 5.2733440, 5.2731199, 5.2727041, 5.2723522, 5.2735682, 5.2724800, 5.2728319, 5.2729921, 5.2725439, 5.2729282, 5.2728000, 5.2741761, 5.2745600, 5.2741442, 5.2729602, 5.2772160, 5.2781439, 5.2787519, 5.2736640, 5.2729602, 5.2728639, 5.2834239, 5.2781758 ],
"timesExecution": [ 4.6642241, 4.6647682, 4.6648002, 4.6655359, 4.6642241, 4.6648002, 4.6648641, 4.6648960, 4.6652160, 4.6653762, 4.6643519, 4.6642880, 4.6643200, 4.6637759, 4.6643200, 4.6647682, 4.6651840, 4.6647682, 4.6658878, 4.6656318, 4.6645122, 4.6651840, 4.6654081, 4.6644158, 4.6642880, 4.6644802, 4.6658878, 4.6701121, 4.6668162, 4.6664319, 4.6672640, 4.6658878, 4.6645441, 4.6654081, 4.6648002, 4.6652799, 4.6656642, 4.6648002, 4.6661439, 4.6653442, 4.6654081, 4.6652160, 4.6650238, 4.6654720, 4.6648321, 4.6658239, 4.6657281, 4.6684480, 4.6656642, 4.6650562, 4.6644478, 4.6647038, 4.6653442, 4.6649599, 4.6649599, 4.6645761, 4.6648002, 4.6648002, 4.6654081, 4.6656642, 4.6646719, 4.6645441, 4.6648321, 4.6644158, 4.6648960, 4.6646399, 4.6660480, 4.6661439, 4.6648002, 4.6644802, 4.6644802, 4.6657920, 4.6650238, 4.6650562, 4.6649280, 4.6649599, 4.6643519, 4.6655359, 4.6640959, 4.6653118, 4.6643839, 4.6643200, 4.6646399, 4.6649280, 4.6647358, 4.6651201, 4.6641598, 4.6659522, 4.6652160, 4.6655359, 4.6646399, 4.6645122, 4.6651840, 4.6659522, 4.6648960, 4.6650882, 4.6653762, 4.6704001, 4.6664319, 4.6670079 ],
"timesTransferFromDevice": [ 0.0236800, 0.0196160, 0.0184960, 0.0190080, 0.0191360, 0.0187840, 0.0190080, 0.0186560, 0.0191680, 0.0194560, 0.0189120, 0.0185600, 0.0192320, 0.0192320, 0.0190720, 0.0190720, 0.0191680, 0.0192640, 0.0200960, 0.0186560, 0.0189760, 0.0187840, 0.0189120, 0.0188800, 0.0190400, 0.0192000, 0.0194560, 0.0186240, 0.0194240, 0.0198080, 0.0227520, 0.0191040, 0.0190720, 0.0192640, 0.0190080, 0.0187840, 0.0191040, 0.0184640, 0.0198080, 0.0183040, 0.0195200, 0.0186880, 0.0194560, 0.0187520, 0.0193600, 0.0194880, 0.0192000, 0.0196480, 0.0189440, 0.0187840, 0.0194240, 0.0187520, 0.0185920, 0.0189120, 0.0190720, 0.0188800, 0.0182080, 0.0193920, 0.0196480, 0.0189440, 0.0186880, 0.0191360, 0.0194880, 0.0192960, 0.0194560, 0.0186560, 0.0192000, 0.0195520, 0.0195200, 0.0185920, 0.0187200, 0.0192000, 0.0188480, 0.0189120, 0.0193600, 0.0188800, 0.0190080, 0.0191360, 0.0193600, 0.0192000, 0.0193600, 0.0190720, 0.0189120, 0.0185600, 0.0184320, 0.0191360, 0.0190400, 0.0194560, 0.0197440, 0.0191680, 0.0187200, 0.0197120, 0.0201920, 0.0194880, 0.0192960, 0.0194880, 0.0185280, 0.0196480, 0.0193280, 0.0201280 ],
"bins": [ 4977694, 131259, 130528, 130622, 131162, 131266, 130873, 130497, 131233, 130925, 131293, 131142, 130998, 131315, 130598, 131661, 131236, 131047, 131721, 131177, 131151, 131426, 131537, 131327, 131711, 131435, 131774 ]
}
,
"histogram_atomic_private": {
"timesTransferToDevice": [ 5.2777281, 5.2763839, 5.2744641, 5.2753601, 5.2743678, 5.2723198, 5.2719679, 5.2722559, 5.2730560, 5.2724800, 5.2726078, 5.2731199, 5.2729282, 5.2717438, 5.2728000, 5.2720962, 5.2725759, 5.2728000, 5.2724800, 5.2718720, 5.2718720, 5.2724161, 5.2719998, 5.2726722, 5.2719040, 5.2729282, 5.2715840, 5.2717118, 5.2874241, 5.2748480, 5.2725120, 5.2734399, 5.2729282, 5.2724161, 5.2723198, 5.2720318, 5.2722559, 5.2715521, 5.2722878, 5.2720962, 5.2723842, 5.2722559, 5.2721601, 5.2733121, 5.2753921, 5.2729282, 5.2722878, 5.2723842, 5.2855682, 5.2775040, 5.2759681, 5.2728000, 5.2735682, 5.2717762, 5.2729921, 5.2718401, 5.2729602, 5.2714882, 5.2721601, 5.2733760, 5.2722239, 5.2747841, 5.2723522, 5.2716479, 5.2719359, 5.2732158, 5.2721281, 5.2718720, 5.2735038, 5.2722559, 5.2742720, 5.2727041, 5.2737918, 5.2712960, 5.2728319, 5.2721920, 5.2723522, 5.2722239, 5.2731199, 5.2720642, 5.2731838, 5.2747521, 5.2727361, 5.2732801, 5.2775359, 5.2758398, 5.2733440, 5.2729602, 5.2716479, 5.2741122, 5.2737918, 5.2727041, 5.2729602, 5.2725120, 5.2730880, 5.2720642, 5.2723522, 5.2721281, 5.2723842, 5.2721281 ],
"timesExecution": [ 0.1341760, 0.1336000, 0.1339840, 0.1336000, 0.1330880, 0.1335040, 0.1336640, 0.1337920, 0.1333760, 0.1336320, 0.1351040, 0.1346880, 0.1335040, 0.1339840, 0.1337600, 0.1343680, 0.1337920, 0.1340800, 0.1337280, 0.1342080, 0.1344000, 0.1339520, 0.1335360, 0.1332160, 0.1337600, 0.1333440, 0.1337280, 0.1420160, 0.1347840, 0.1345920, 0.1346240, 0.1332480, 0.1339520, 0.1336960, 0.1340480, 0.1332480, 0.1338240, 0.1340160, 0.1341760, 0.1332800, 0.1343360, 0.1331840, 0.1366080, 0.1339520, 0.1350080, 0.1347520, 0.1341760, 0.1384640, 0.1356800, 0.1342080, 0.1344000, 0.1346240, 0.1347200, 0.1341760, 0.1344000, 0.1338560, 0.1340480, 0.1335680, 0.1339840, 0.1348480, 0.1332800, 0.1330880, 0.1342080, 0.1338240, 0.1340160, 0.1350720, 0.1347200, 0.1345280, 0.1340480, 0.1336960, 0.1340480, 0.1352320, 0.1338240, 0.1333440, 0.1336000, 0.1336320, 0.1333440, 0.1334080, 0.1340480, 0.1346560, 0.1340800, 0.1332480, 0.1336320, 0.1400640, 0.1353920, 0.1344320, 0.1337280, 0.1345920, 0.1337920, 0.1414080, 0.1339200, 0.1347200, 0.1334400, 0.1336320, 0.1345920, 0.1338880, 0.1339840, 0.1344960, 0.1338880, 0.1337280 ],
"timesTransferFromDevice": [ 0.0194240, 0.0195520, 0.0194240, 0.0184320, 0.0183680, 0.0189760, 0.0184960, 0.0196800, 0.0182080, 0.0186880, 0.0194880, 0.0185280, 0.0182080, 0.0183360, 0.0187520, 0.0190400, 0.0184000, 0.0189760, 0.0188480, 0.0187840, 0.0187520, 0.0184960, 0.0183040, 0.0185600, 0.0186560, 0.0184960, 0.0183680, 0.0217920, 0.0181120, 0.0191680, 0.0184960, 0.0185280, 0.0188480, 0.0180800, 0.0186560, 0.0192000, 0.0185920, 0.0185600, 0.0187840, 0.0184000, 0.0188800, 0.0186880, 0.0196800, 0.0186880, 0.0191040, 0.0191040, 0.0185920, 0.0185600, 0.0197120, 0.0193600, 0.0183360, 0.0192960, 0.0185920, 0.0190720, 0.0191360, 0.0190720, 0.0198720, 0.0188160, 0.0188160, 0.0186880, 0.0194880, 0.0183360, 0.0184000, 0.0184000, 0.0184640, 0.0189760, 0.0187520, 0.0184320, 0.0188480, 0.0189120, 0.0184320, 0.0200320, 0.0183040, 0.0184320, 0.0185600, 0.0192640, 0.0183360, 0.0190400, 0.0189120, 0.0187200, 0.0201920, 0.0189120, 0.0183040, 0.0192960, 0.0186880, 0.0187840, 0.0192000, 0.0186560, 0.0186560, 0.0195200, 0.0185600, 0.0183040, 0.0184960, 0.0196160, 0.0187200, 0.0189440, 0.0188480, 0.0189120, 0.0186240, 0.0185920 ],
"bins": [ 4977694, 131259, 130528, 130622, 131162, 131266, 130873, 130497, 131233, 130925, 131293, 131142, 130998, 131315, 130598, 131661, 131236, 131047, 131721, 131177, 131151, 131426, 131537, 131327, 131711, 131435, 131774 ]
}
,