{
"inputLengthInCharacters": 8388608,
"uniformInput": true,
"useMappingLetter": false,
"measurements": {
"histogram_atomic_global": {
"timesTransferToDevice": [ 5.3280001, 5.2895999, 5.2789440, 5.2783999, 5.2768321, 5.2771840, 5.2772160, 5.2765121, 5.2764802, 5.2762241, 5.2762561, 5.2766399, 5.2756481, 5.2763519, 5.2777281, 5.2764802, 5.2765441, 5.2763519, 5.2761278, 5.2756162, 5.2755518, 5.2760959, 5.2758398, 5.2758722, 5.2755842, 5.2760320, 5.2764158, 5.2760639, 5.2766080, 5.2761922, 5.2765441, 5.2761922, 5.2759681, 5.2776642, 5.2760639, 5.2758398, 5.2759361, 5.2760320, 5.2757120, 5.2757759, 5.2760000, 5.2760320, 5.2777600, 5.2762241, 5.2758398, 5.2761278, 5.2755518, 5.2765441, 5.2759042, 5.2758722, 5.2754240, 5.2763200, 5.2760639, 5.2769279, 5.2759042, 5.2766080, 5.2763519, 5.2761278, 5.2749758, 5.2764478, 5.2754240, 5.2766080, 5.2762561, 5.2760000, 5.2760000, 5.2757759, 5.2758079, 5.2764802, 5.2768321, 5.2766399, 5.2758079, 5.2760639, 5.2775998, 5.2765121, 5.2761278, 5.2764802, 5.2751360, 5.2758722, 5.2759042, 5.2757440, 5.2754560, 5.2760639, 5.2755842, 5.2758079, 5.2761922, 5.2760639, 5.2762241, 5.2769599, 5.2759042, 5.2758398, 5.2758398, 5.2751360, 5.2765441, 5.2768960, 5.2757120, 5.2755518, 5.2763200, 5.2825918, 5.2804799, 5.2773118 ],
"timesExecution": [ 5.8214078, 5.8217602, 5.8213120, 5.8200321, 5.8210878, 5.8207359, 5.8205762, 5.8217282, 5.8262720, 5.8210239, 5.8206081, 5.8215361, 5.8212800, 5.8216639, 5.8211198, 5.8217282, 5.8211198, 5.8210239, 5.8208961, 5.8207998, 5.8208961, 5.8214402, 5.8209920, 5.8212481, 5.8213120, 5.8212800, 5.8216958, 5.8207998, 5.8211198, 5.8212481, 5.8207359, 5.8213758, 5.8216639, 5.8221440, 5.8203840, 5.8209281, 5.8205438, 5.8213439, 5.8217282, 5.8221760, 5.8216000, 5.8209600, 5.8211842, 5.8213120, 5.8213439, 5.8213439, 5.8207040, 5.8211842, 5.8206720, 5.8217602, 5.8212161, 5.8220158, 5.8207998, 5.8216319, 5.8213439, 5.8209920, 5.8210878, 5.8219838, 5.8211198, 5.8209281, 5.8208318, 5.8210878, 5.8209600, 5.8217602, 5.8211842, 5.8210878, 5.8213439, 5.8209600, 5.8209600, 5.8209920, 5.8207998, 5.8216319, 5.8209600, 5.8216958, 5.8215680, 5.8215680, 5.8207679, 5.8208961, 5.8207998, 5.8216958, 5.8204160, 5.8216319, 5.8208961, 5.8215041, 5.8216639, 5.8217921, 5.8209920, 5.8211522, 5.8208642, 5.8210878, 5.8214078, 5.8212481, 5.8210239, 5.8210878, 5.8216958, 5.8212481, 5.8245440, 5.8234882, 5.8225598, 5.8224959 ],
"timesTransferFromDevice": [ 0.0251520, 0.0212160, 0.0194560, 0.0185920, 0.0199040, 0.0196480, 0.0195520, 0.0185600, 0.0180160, 0.0191680, 0.0194560, 0.0196160, 0.0189440, 0.0197440, 0.0196160, 0.0199040, 0.0195520, 0.0196480, 0.0191040, 0.0195840, 0.0191360, 0.0186560, 0.0195840, 0.0188480, 0.0193920, 0.0187840, 0.0187200, 0.0188800, 0.0188480, 0.0194240, 0.0183360, 0.0189120, 0.0187200, 0.0192000, 0.0189760, 0.0182720, 0.0188480, 0.0190720, 0.0187840, 0.0187200, 0.0194880, 0.0194560, 0.0192640, 0.0192960, 0.0191040, 0.0192000, 0.0191360, 0.0188160, 0.0188480, 0.0195840, 0.0195200, 0.0196800, 0.0199680, 0.0192960, 0.0190400, 0.0191680, 0.0182400, 0.0193280, 0.0200960, 0.0192960, 0.0188800, 0.0189760, 0.0194240, 0.0193920, 0.0184960, 0.0186240, 0.0189760, 0.0189120, 0.0178560, 0.0190720, 0.0189440, 0.0197760, 0.0184320, 0.0189440, 0.0195200, 0.0193920, 0.0192000, 0.0188160, 0.0194240, 0.0192960, 0.0186880, 0.0189440, 0.0195840, 0.0189760, 0.0194240, 0.0190080, 0.0184320, 0.0187840, 0.0187200, 0.0185600, 0.0193280, 0.0194240, 0.0192640, 0.0194240, 0.0184960, 0.0193280, 0.0199680, 0.0200960, 0.0189120, 0.0200960 ],
"bins": [ 0, 0, 0, 0, 0, 0, 0, 0, 0, 0, 0, 0, 0, 0, 0, 0, 0, 0, 0, 0, 0, 0, 0, 0, 0, 0, 0, 0, 0, 0, 0, 0, 0, 0, 0, 0, 0, 0, 0, 0, 0, 0, 0, 0, 0, 0, 0, 0, 0, 0, 0, 0, 0, 0, 0, 0, 0, 0, 0, 0, 0, 0, 0, 0, 0, 0, 0, 0, 0, 0, 0, 0, 0, 0, 0, 0, 0, 0, 0, 0, 0, 0, 0, 0, 0, 0, 0, 0, 0, 0, 0, 0, 0, 0, 0, 0, 8388608, 0, 0, 0, 0, 0, 0, 0, 0, 0, 0, 0, 0, 0, 0, 0, 0, 0, 0, 0, 0, 0, 0, 0, 0, 0, 0, 0, 0, 0, 0, 0 ]
}
,
"histogram_atomic_private": {
"timesTransferToDevice": [ 5.2790399, 5.2772160, 5.2764478, 5.2762880, 5.2756801, 5.2757759, 5.2759361, 5.2756481, 5.2763839, 5.2757120, 5.2761278, 5.2758079, 5.2756481, 5.2906241, 5.2761922, 5.2754240, 5.2760639, 5.2760320, 5.2756801, 5.2770562, 5.2756481, 5.2763519, 5.2759681, 5.2765441, 5.2967682, 5.2759361, 5.2760000, 5.2762561, 5.2758079, 5.2763839, 5.2765760, 5.2760320, 5.2763519, 5.2761278, 5.2763200, 5.2760000, 5.2757759, 5.2763519, 5.2765121, 5.2763839, 5.2757759, 5.2756481, 5.2764478, 5.2761922, 5.2762561, 5.2766719, 5.2762880, 5.2759681, 5.2758398, 5.2759681, 5.2759681, 5.2760000, 5.2760000, 5.2763200, 5.2760959, 5.2773442, 5.2758398, 5.2761278, 5.2772160, 5.2762241, 5.2763200, 5.2756801, 5.2755198, 5.2760000, 5.2755518, 5.2760320, 5.2766080, 5.2759361, 5.2751040, 5.2761278, 5.2840638, 5.2762880, 5.2760639, 5.2754879, 5.2756801, 5.2759361, 5.2760000, 5.2761922, 5.2761598, 5.2762561, 5.2760000, 5.2799678, 5.2854400, 5.2762241, 5.2752638, 5.2760639, 5.2757120, 5.2762561, 5.2758398, 5.2766399, 5.2765760, 5.2799358, 5.2761278, 5.2765441, 5.2753282, 5.2762880, 5.2767038, 5.2765121, 5.2762880, 5.2759681 ],
"timesExecution": [ 0.2477440, 0.2477120, 0.2473280, 0.2488320, 0.2481280, 0.2488640, 0.2485120, 0.2488000, 0.2478080, 0.2482880, 0.2493760, 0.2477120, 0.2568000, 0.2488320, 0.2480640, 0.2480960, 0.2481920, 0.2483200, 0.2477120, 0.2488960, 0.2484480, 0.2485760, 0.2488960, 0.2486720, 0.2488960, 0.2479680, 0.2483200, 0.2493440, 0.2481280, 0.2478400, 0.2481600, 0.2500160, 0.2480320, 0.2480640, 0.2479360, 0.2480960, 0.2477760, 0.2486400, 0.2484800, 0.2482560, 0.2486080, 0.2491200, 0.2475520, 0.2486400, 0.2491200, 0.2479040, 0.2486400, 0.2480000, 0.2479680, 0.2491840, 0.2478400, 0.2482560, 0.2480000, 0.2489600, 0.2484160, 0.2484480, 0.2481600, 0.2482240, 0.2490240, 0.2484160, 0.2489920, 0.2484160, 0.2490560, 0.2483840, 0.2473600, 0.2494080, 0.2487680, 0.2480320, 0.2483840, 0.2485760, 0.2481600, 0.2486720, 0.2483840, 0.2488320, 0.2481280, 0.2482560, 0.2484160, 0.2487680, 0.2490880, 0.2476480, 0.2497280, 0.2505600, 0.2490560, 0.2474240, 0.2483200, 0.2477440, 0.2488000, 0.2488000, 0.2489600, 0.2491200, 0.2484800, 0.2483520, 0.2488640, 0.2478400, 0.2481920, 0.2484160, 0.2485440, 0.2482240, 0.2487040, 0.2487680 ],
"timesTransferFromDevice": [ 0.0187840, 0.0189760, 0.0185600, 0.0193920, 0.0191680, 0.0194560, 0.0184640, 0.0187840, 0.0188160, 0.0193280, 0.0182720, 0.0187200, 0.0229120, 0.0195840, 0.0185280, 0.0184640, 0.0187840, 0.0191680, 0.0201600, 0.0192640, 0.0185920, 0.0192000, 0.0186880, 0.0187520, 0.0186240, 0.0185920, 0.0192640, 0.0186240, 0.0185600, 0.0190400, 0.0189440, 0.0186560, 0.0187840, 0.0195200, 0.0184960, 0.0184960, 0.0201600, 0.0191040, 0.0189120, 0.0187840, 0.0192000, 0.0198720, 0.0181120, 0.0191360, 0.0192640, 0.0195520, 0.0188480, 0.0190720, 0.0190400, 0.0191680, 0.0187840, 0.0189760, 0.0183040, 0.0191360, 0.0188160, 0.0190400, 0.0193280, 0.0184000, 0.0185600, 0.0197120, 0.0189440, 0.0187840, 0.0186560, 0.0188800, 0.0183360, 0.0184320, 0.0191040, 0.0190400, 0.0192640, 0.0189440, 0.0186880, 0.0183680, 0.0185280, 0.0192000, 0.0189120, 0.0186560, 0.0184320, 0.0193600, 0.0189120, 0.0187520, 0.0192640, 0.0186560, 0.0186880, 0.0186240, 0.0182720, 0.0187200, 0.0192640, 0.0186560, 0.0191360, 0.0188160, 0.0184640, 0.0183360, 0.0193600, 0.0184000, 0.0184640, 0.0186240, 0.0192000, 0.0191360, 0.0184320, 0.0190720 ],
"bins": [ 0, 0, 0, 0, 0, 0, 0, 0, 0, 0, 0, 0, 0, 0, 0, 0, 0, 0, 0, 0, 0, 0, 0, 0, 0, 0, 0, 0, 0, 0, 0, 0, 0, 0, 0, 0, 0, 0, 0, 0, 0, 0, 0, 0, 0, 0, 0, 0, 0, 0, 0, 0, 0, 0, 0, 0, 0, 0, 0, 0, 0, 0, 0, 0, 0, 0, 0, 0, 0, 0, 0, 0, 0, 0, 0, 0, 0, 0, 0, 0, 0, 0, 0, 0, 0, 0, 0, 0, 0, 0, 0, 0, 0, 0, 0, 0, 8388608, 0, 0, 0, 0, 0, 0, 0, 0, 0, 0, 0, 0, 0, 0, 0, 0, 0, 0, 0, 0, 0, 0, 0, 0, 0, 0, 0, 0, 0, 0, 0 ]
}
,