{
"output": {
"x": [ 25.9816799, 3.2711999, 14.4287701, 3.1138301, 34.2595901, 24.0112896, 15.4940796, 15.7127199, 6.2288299, 19.4951096, 25.8269691, 17.6264000, 6.5503502, 21.5400791, 17.4670105, 23.6385994, 6.7528601, 20.5130901, 36.4401588, 15.5987501, 34.1784706, 24.2054501, 33.7264786, 24.5707703, 15.9901304, 24.3749809, 25.3926105, 25.3108692, 4.4931798, 25.4133797, 21.0468502, 15.6930304, 33.7565498, 33.1807213, 24.7421207, 4.5931702, 33.9584885, 25.6789608, 25.4070301, 15.0015602, 8.1869001, 20.2881203, 7.7445102, 33.6694984, 13.7698698, 25.3108902, 24.3264103, 16.5183792, 15.4556103, 19.9524307, 34.7802887, 14.4426804, 40.1268806, 20.9375191, 15.4557400, 2.8389699, 20.5867100, 7.1445398, 34.8711891, 4.7716699, 35.8295212, 15.8711004, 4.9873700, 14.8856802, 25.3719807, 25.8390808, 36.5280304, 18.7072392, 18.5229206, 15.8931503, 7.0819898, 15.8040104, 18.5421791, 22.0024796, 26.2328300, 35.7153511, 24.8849297, 34.7879906, 34.2941704, 6.7037401, 36.3296089, 15.0165100, 33.3369408, 36.1841202, 21.3966103, 14.0168896, 5.7729502, 20.0901699, 20.3511505, 8.0526600, 15.3523903, 2.9234900, 24.1090698, 24.7894802, 33.0923119, 15.6875200, 18.6979599, 2.4312000, 21.1145992, 4.1362300 ],
"y": [ 15.8513803, 7.8142700, 4.3986502, 12.6211500, 8.9295197, 15.9581699, 7.9926801, 14.7139101, 6.4967299, 18.8606701, 16.0328293, 9.9831600, 11.6399097, 9.3712997, 19.6718197, 9.6141901, 6.5092602, 10.1796303, 18.7492599, 14.9456501, 10.8805799, 7.4944501, 10.6075401, 6.4046998, 17.4167309, 6.6114302, 6.3919501, 16.3473701, 13.0145798, 15.8233404, 19.5374298, 13.0087795, 16.3769703, 17.2610207, 16.5482292, 7.2619700, 12.6357899, 15.2512903, 15.2440205, 7.6902299, 7.3732800, 9.9957800, 13.7672997, 11.2661400, 17.4722996, 6.0338101, 6.0519099, 7.7139902, 13.9797201, 10.2301502, 15.1154203, 6.4582701, 16.6264305, 19.3456497, 15.6727104, 8.0308104, 19.0242805, 7.1753802, 17.2068691, 13.0419798, 12.6752701, 12.2599201, 11.8689499, 3.7618999, 8.6569901, 6.5736899, 17.5540504, 19.6918201, 19.6289997, 9.2855902, 12.7502804, 8.7523603, 9.4950895, 18.4640198, 17.1845303, 9.2660799, 7.8414698, 8.0711899, 9.4625502, 13.3539400, 9.1101799, 5.4961400, 9.1295605, 15.0101995, 10.7545700, 7.9782000, 6.9377398, 9.9217501, 18.8068905, 12.3972301, 16.1001701, 10.7974195, 15.6606503, 5.6024199, 13.9357996, 16.1232395, 18.7608204, 6.8744602, 9.8414497, 7.2899499 ],
"is_core": [ 1, 1, 1, 0, 1, 1, 1, 1, 1, 1, 1, 1, 1, 1, 1, 0, 1, 1, 1, 1, 1, 1, 1, 1, 1, 1, 1, 1, 1, 1, 1, 1, 1, 1, 1, 1, 1, 1, 1, 1, 1, 1, 1, 1, 0, 1, 1, 1, 1, 1, 0, 1, 0, 1, 1, 1, 1, 1, 1, 1, 0, 1, 1, 1, 1, 1, 1, 1, 1, 1, 1, 1, 1, 1, 1, 1, 1, 1, 1, 1, 1, 1, 1, 0, 1, 1, 1, 1, 1, 1, 1, 0, 1, 1, 0, 1, 1, 1, 1, 1 ],
"cluster_id": [ 10, 3, 7, 0, 12, 10, 7, 13, 3, 2, 10, 9, 8, 4, 2, 0, 3, 4, 6, 13, 12, 5, 12, 5, 13, 5, 5, 10, 15, 10, 2, 13, 14, 14, 10, 3, 12, 10, 10, 7, 3, 4, 8, 12, 0, 5, 5, 7, 13, 4, 0, 7, 0, 2, 13, 3, 2, 3, 14, 15, 0, 13, 15, 7, 5, 5, 6, 2, 2, 7, 8, 7, 9, 2, 10, 11, 5, 12, 12, 8, 11, 7, 12, 0, 4, 7, 3, 4, 2, 8, 13, 0, 10, 5, 0, 13, 2, 3, 4, 3 ]
},
"profiles": [
{
"timeNeighborCount": 0.102496,
"timePrefixScan": 0.324416,
"timeBuildIncidenceList": 0.038368,
"timeMarkNonCore": 0.15872,
"timeFindComponents": 7.53482,
"timeTotal": 10.054
},
{
"timeNeighborCount": 0.049152,
"timePrefixScan": 0.147488,
"timeBuildIncidenceList": 0.080352,
"timeMarkNonCore": 0.066272,
"timeFindComponents": 7.08506,
"timeTotal": 8.98032
},
{
"timeNeighborCount": 0.011424,
"timePrefixScan": 0.18272,
"timeBuildIncidenceList": 0.053472,
"timeMarkNonCore": 0.050016,
"timeFindComponents": 7.32336,
"timeTotal": 8.99018
},
{
"timeNeighborCount": 0.066304,
"timePrefixScan": 0.14384,
"timeBuildIncidenceList": 0.034784,
"timeMarkNonCore": 0.064608,
"timeFindComponents": 7.05501,
"timeTotal": 8.42854
},
{
"timeNeighborCount": 0.031872,
"timePrefixScan": 0.365664,
"timeBuildIncidenceList": 0.050176,
"timeMarkNonCore": 0.087648,
"timeFindComponents": 7.34701,
"timeTotal": 9.34179
},
{
"timeNeighborCount": 0.065952,
"timePrefixScan": 0.166912,
"timeBuildIncidenceList": 0.071072,
"timeMarkNonCore": 0.034592,
"timeFindComponents": 6.90243,
"timeTotal": 8.89853
},
{
"timeNeighborCount": 0.034368,
"timePrefixScan": 0.173568,
"timeBuildIncidenceList": 0.03536,
"timeMarkNonCore": 0.03072,
"timeFindComponents": 6.86202,
"timeTotal": 8.63606
},
{
"timeNeighborCount": 0.050528,
"timePrefixScan": 0.14816,
"timeBuildIncidenceList": 0.033088,
"timeMarkNonCore": 0.062592,
"timeFindComponents": 6.91546,
"timeTotal": 8.25533
},
{
"timeNeighborCount": 0.075776,
"timePrefixScan": 0.21456,
"timeBuildIncidenceList": 0.03328,
"timeMarkNonCore": 0.029696,
"timeFindComponents": 6.84803,
"timeTotal": 8.10598
},
{
"timeNeighborCount": 0.032192,
"timePrefixScan": 0.201824,
"timeBuildIncidenceList": 0.051392,
"timeMarkNonCore": 0.048224,
"timeFindComponents": 6.71005,
"timeTotal": 8.00618
},
{
"timeNeighborCount": 0.031872,
"timePrefixScan": 0.152576,
"timeBuildIncidenceList": 0.033824,
"timeMarkNonCore": 0.049344,
"timeFindComponents": 6.57827,
"timeTotal": 7.96691
}
]
}
