{
"output": {
"x": [ 19.4673691, 26.0068607, 19.8809700, 13.2820902, 19.2790604, 24.0036507, 13.5202398, 4.7553000, 3.6471601, 19.8055496, 4.3186898, 24.4220905, 24.4295101, 24.6222401, 4.6258998, 25.5999908, 19.2163105, 25.9137402, 8.1649904, 6.3276701, 16.0478306, 24.9615097, 15.0443201, 20.9727802, 5.6958399, 3.2145500, 2.9214599, 4.4882798, 23.8856201, 17.2204895, 5.3562102, 24.3991299, 15.8033895, 15.9427500, 5.0788898, 25.8418808, 20.7436504, 20.1304092, 2.4941499, 25.1335201, 19.3507500, 20.2051392, 15.6881704, 16.0333500, 5.6486502, 14.1911602, 25.1868992, 15.3153095, 15.7943096, 16.2675095, 14.4124899, 3.7330401, 15.5353003, 23.8008404, 21.4877205, 23.9040604, 24.4009895, 5.2658801, 21.0275097, 1.7829800, 4.4562998, 14.2812796, 24.8136406, 14.3723803, 25.0364094, 4.4388099, 25.0419102, 5.1582398, 14.1097698, 26.1101799, 2.5567901, 17.4557705, 24.0463600, 21.3506508, 25.6784592, 15.2145395, 14.4754200, 5.0581102, 16.3354702, 19.6413994, 21.2526207, 14.3185701, 15.9476404, 25.3837891, 16.1607704, 25.6301003, 25.7571106, 19.6405506, 20.1498795, 3.3963399, 4.2681599, 19.4205894, 19.7131901, 24.7916298, 22.9995708, 15.1002302, 16.2049198, 20.6097107, 3.2974601, 13.9057598 ],
"y": [ 10.4005203, 6.8475099, 10.3706503, 9.7489004, 10.1859703, 8.0040398, 5.7508202, 7.2034101, 6.9238400, 9.6173697, 7.4400101, 8.6609001, 10.1118698, 5.6087499, 8.1419697, 7.8639102, 9.9545403, 6.4837899, 6.5476699, 7.3867898, 10.5017204, 6.0700498, 10.4199600, 9.4585600, 6.6574402, 6.9192200, 6.5198698, 7.0892200, 7.2051001, 10.2957602, 6.8474202, 6.8506398, 8.7766104, 9.3969898, 6.9451199, 8.5389500, 9.8791304, 9.9951601, 8.3309698, 7.8157201, 10.2638302, 10.3163795, 3.0607500, 7.6683402, 7.4846802, 10.5460701, 7.1075501, 6.6570501, 7.0873299, 4.4511900, 5.7620502, 6.9369702, 6.8018899, 7.7129102, 9.8040895, 5.8133302, 5.7424798, 7.8582501, 8.9834003, 7.3386302, 7.7080898, 7.3552799, 7.9386001, 7.5404100, 7.5669999, 6.0483899, 6.4209800, 7.1044798, 8.7613001, 7.3504500, 7.4153299, 9.8970499, 5.9801698, 10.2624798, 8.3083296, 9.4220304, 7.1879101, 6.5316901, 7.7891698, 9.1456604, 9.7669401, 8.6429901, 7.9786701, 6.6094398, 6.3294301, 8.4261398, 9.0625496, 9.8350296, 10.0806303, 8.0361204, 5.9364800, 9.0417500, 10.1690102, 8.1684799, 10.3038702, 8.2281103, 11.9041796, 9.6912699, 6.2566900, 9.9865398 ],
"is_core": [ 1, 1, 1, 0, 1, 1, 0, 1, 1, 1, 1, 1, 0, 1, 1, 1, 1, 1, 0, 1, 1, 1, 1, 1, 1, 1, 1, 1, 1, 0, 1, 1, 1, 1, 1, 1, 1, 1, 0, 1, 1, 1, 0, 1, 1, 0, 1, 1, 1, 0, 0, 1, 1, 1, 1, 1, 1, 1, 1, 0, 1, 1, 1, 1, 1, 1, 1, 1, 1, 1, 1, 0, 1, 1, 1, 1, 1, 1, 1, 1, 1, 1, 1, 1, 1, 1, 1, 1, 1, 1, 1, 1, 1, 1, 0, 1, 0, 1, 1, 1 ],
"cluster_id": [ 1, 2, 3, 100, 5, 6, 0, 8, 9, 10, 11, 12, 0, 14, 15, 16, 17, 18, 0, 20, 21, 22, 23, 24, 25, 26, 27, 28, 29, 21, 31, 32, 33, 34, 35, 36, 37, 38, 71, 40, 41, 42, 0, 44, 45, 100, 47, 48, 49, 0, 48, 52, 53, 54, 55, 56, 57, 58, 59, 71, 61, 62, 63, 64, 65, 66, 67, 68, 69, 70, 71, 0, 73, 74, 75, 76, 77, 78, 79, 80, 81, 82, 83, 84, 85, 86, 87, 88, 89, 90, 91, 92, 93, 94, 0, 96, 0, 98, 99, 100 ]
},
"profiles": [
{
"timeTotal": 9.15408
},
{
"timeTotal": 7.3145
},
{
"timeTotal": 7.27389
},
{
"timeTotal": 7.25571
},
{
"timeTotal": 6.9248
},
{
"timeTotal": 7.00006
},
{
"timeTotal": 7.03939
},
{
"timeTotal": 7.14035
},
{
"timeTotal": 6.96285
},
{
"timeTotal": 6.59165
},
{
"timeTotal": 6.05674
}
]
}
