{
"output": {
"x": [ 25.9816799, 3.2711999, 14.4287701, 3.1138301, 34.2595901, 24.0112896, 15.4940796, 15.7127199, 6.2288299, 19.4951096, 25.8269691, 17.6264000, 6.5503502, 21.5400791, 17.4670105, 23.6385994, 6.7528601, 20.5130901, 36.4401588, 15.5987501, 34.1784706, 24.2054501, 33.7264786, 24.5707703, 15.9901304, 24.3749809, 25.3926105, 25.3108692, 4.4931798, 25.4133797, 21.0468502, 15.6930304, 33.7565498, 33.1807213, 24.7421207, 4.5931702, 33.9584885, 25.6789608, 25.4070301, 15.0015602, 8.1869001, 20.2881203, 7.7445102, 33.6694984, 13.7698698, 25.3108902, 24.3264103, 16.5183792, 15.4556103, 19.9524307, 34.7802887, 14.4426804, 40.1268806, 20.9375191, 15.4557400, 2.8389699, 20.5867100, 7.1445398, 34.8711891, 4.7716699, 35.8295212, 15.8711004, 4.9873700, 14.8856802, 25.3719807, 25.8390808, 36.5280304, 18.7072392, 18.5229206, 15.8931503, 7.0819898, 15.8040104, 18.5421791, 22.0024796, 26.2328300, 35.7153511, 24.8849297, 34.7879906, 34.2941704, 6.7037401, 36.3296089, 15.0165100, 33.3369408, 36.1841202, 21.3966103, 14.0168896, 5.7729502, 20.0901699, 20.3511505, 8.0526600, 15.3523903, 2.9234900, 24.1090698, 24.7894802, 33.0923119, 15.6875200, 18.6979599, 2.4312000, 21.1145992, 4.1362300 ],
"y": [ 15.8513803, 7.8142700, 4.3986502, 12.6211500, 8.9295197, 15.9581699, 7.9926801, 14.7139101, 6.4967299, 18.8606701, 16.0328293, 9.9831600, 11.6399097, 9.3712997, 19.6718197, 9.6141901, 6.5092602, 10.1796303, 18.7492599, 14.9456501, 10.8805799, 7.4944501, 10.6075401, 6.4046998, 17.4167309, 6.6114302, 6.3919501, 16.3473701, 13.0145798, 15.8233404, 19.5374298, 13.0087795, 16.3769703, 17.2610207, 16.5482292, 7.2619700, 12.6357899, 15.2512903, 15.2440205, 7.6902299, 7.3732800, 9.9957800, 13.7672997, 11.2661400, 17.4722996, 6.0338101, 6.0519099, 7.7139902, 13.9797201, 10.2301502, 15.1154203, 6.4582701, 16.6264305, 19.3456497, 15.6727104, 8.0308104, 19.0242805, 7.1753802, 17.2068691, 13.0419798, 12.6752701, 12.2599201, 11.8689499, 3.7618999, 8.6569901, 6.5736899, 17.5540504, 19.6918201, 19.6289997, 9.2855902, 12.7502804, 8.7523603, 9.4950895, 18.4640198, 17.1845303, 9.2660799, 7.8414698, 8.0711899, 9.4625502, 13.3539400, 9.1101799, 5.4961400, 9.1295605, 15.0101995, 10.7545700, 7.9782000, 6.9377398, 9.9217501, 18.8068905, 12.3972301, 16.1001701, 10.7974195, 15.6606503, 5.6024199, 13.9357996, 16.1232395, 18.7608204, 6.8744602, 9.8414497, 7.2899499 ],
"is_core": [ 1, 1, 1, 0, 1, 1, 1, 1, 1, 1, 1, 1, 1, 1, 1, 0, 1, 1, 1, 1, 1, 1, 1, 1, 1, 1, 1, 1, 1, 1, 1, 1, 1, 1, 1, 1, 1, 1, 1, 1, 1, 1, 1, 1, 0, 1, 1, 1, 1, 1, 0, 1, 0, 1, 1, 1, 1, 1, 1, 1, 0, 1, 1, 1, 1, 1, 1, 1, 1, 1, 1, 1, 1, 1, 1, 1, 1, 1, 1, 1, 1, 1, 1, 0, 1, 1, 1, 1, 1, 1, 1, 0, 1, 1, 0, 1, 1, 1, 1, 1 ],
"cluster_id": [ 10, 3, 7, 0, 12, 10, 7, 13, 3, 2, 10, 9, 8, 4, 2, 0, 3, 4, 6, 13, 12, 5, 12, 5, 13, 5, 5, 10, 15, 10, 2, 13, 14, 14, 10, 3, 12, 10, 10, 7, 3, 4, 8, 12, 0, 5, 5, 7, 13, 4, 0, 7, 0, 2, 13, 3, 2, 3, 14, 15, 0, 13, 15, 7, 5, 5, 6, 2, 2, 7, 8, 7, 9, 2, 10, 11, 5, 12, 12, 8, 11, 7, 12, 0, 4, 7, 3, 4, 2, 8, 13, 0, 10, 5, 0, 13, 2, 3, 4, 3 ]
},
"profiles": [
{
"timeNeighborCount": 0.098304,
"timePrefixScan": 0.261632,
"timeBuildIncidenceList": 0.035648,
"timeMarkCoreUnvisited": 0.034336,
"timeFindComponents": 6.91741,
"timeTotal": 8.67997
},
{
"timeNeighborCount": 0.05616,
"timePrefixScan": 0.209184,
"timeBuildIncidenceList": 0.053248,
"timeMarkCoreUnvisited": 0.032416,
"timeFindComponents": 6.70694,
"timeTotal": 8.1631
},
{
"timeNeighborCount": 0.063392,
"timePrefixScan": 0.338176,
"timeBuildIncidenceList": 0.087008,
"timeMarkCoreUnvisited": 0.080608,
"timeFindComponents": 7.86179,
"timeTotal": 10.2837
},
{
"timeNeighborCount": 0.034752,
"timePrefixScan": 0.147456,
"timeBuildIncidenceList": 0.034912,
"timeMarkCoreUnvisited": 0.07936,
"timeFindComponents": 7.09069,
"timeTotal": 8.63962
},
{
"timeNeighborCount": 0.03264,
"timePrefixScan": 0.166368,
"timeBuildIncidenceList": 0.065568,
"timeMarkCoreUnvisited": 0.031744,
"timeFindComponents": 6.94198,
"timeTotal": 8.30989
},
{
"timeNeighborCount": 0.075168,
"timePrefixScan": 0.173472,
"timeBuildIncidenceList": 0.060064,
"timeMarkCoreUnvisited": 0.034368,
"timeFindComponents": 6.99818,
"timeTotal": 8.55171
},
{
"timeNeighborCount": 0.074752,
"timePrefixScan": 0.220608,
"timeBuildIncidenceList": 0.03568,
"timeMarkCoreUnvisited": 0.031392,
"timeFindComponents": 6.94102,
"timeTotal": 8.31638
},
{
"timeNeighborCount": 0.050336,
"timePrefixScan": 0.185728,
"timeBuildIncidenceList": 0.034144,
"timeMarkCoreUnvisited": 0.03216,
"timeFindComponents": 6.77053,
"timeTotal": 8.06848
},
{
"timeNeighborCount": 0.078304,
"timePrefixScan": 0.211616,
"timeBuildIncidenceList": 0.034752,
"timeMarkCoreUnvisited": 0.03104,
"timeFindComponents": 6.8863,
"timeTotal": 8.24368
},
{
"timeNeighborCount": 0.032384,
"timePrefixScan": 0.16304,
"timeBuildIncidenceList": 0.053568,
"timeMarkCoreUnvisited": 0.079744,
"timeFindComponents": 6.71696,
"timeTotal": 8.05629
},
{
"timeNeighborCount": 0.062528,
"timePrefixScan": 0.226304,
"timeBuildIncidenceList": 0.036128,
"timeMarkCoreUnvisited": 0.052096,
"timeFindComponents": 6.58288,
"timeTotal": 7.91555
}
]
}
