{
"inputLengthInCharacters": 16777216,
"uniformInput": false,
"measurements": {
"histogram_one_thread_per_character": {
"timesTransferToDevice": [ 3.7522881, 3.6568639, 3.4087999, 3.3858881, 3.3662081, 3.3483839, 3.3332479, 3.3212800, 3.3215041, 3.3454399, 3.3426881, 3.3768001, 3.4249599, 3.4150720, 3.4095681, 3.4215360, 3.4193921, 3.3662720, 3.3609281, 3.4008000, 3.3809600, 3.3924479, 3.3793280, 3.3691199, 3.3742080, 3.4519999, 3.3489921, 3.3436160, 3.3865280, 3.3925760, 3.4096000, 3.3710079, 3.3896000, 3.3946559, 3.4207361, 3.4782081, 3.4313920, 3.5605121, 3.5218880, 3.5071681, 3.5243840, 3.5388801, 3.5239999, 3.5086720, 3.6234879, 3.4487360, 3.4101119, 3.3319359, 3.3113279, 3.3028159, 3.3071361, 3.3016641, 3.2965441, 3.3141119, 3.4181759, 3.3590720, 3.3756480, 3.3676479, 3.4366081, 3.4286079, 3.4381120, 3.3448961, 3.3486400, 3.3133121, 3.3164480, 3.3059840, 3.3046720, 3.3186560, 3.3498240, 3.3563521, 3.4034560, 3.4314239, 3.4492159, 3.5603521, 3.5213120, 3.5228159, 3.5413120, 3.5139201, 3.5170560, 3.4889600, 3.4203200, 3.4316161, 3.4539840, 3.4134400, 3.3619201, 3.3765121, 3.3778241, 3.5107839, 3.5299520, 3.4792960, 3.4593279, 3.4111681, 3.3702719, 3.3830400, 3.3327680, 3.3485119, 3.3394239, 3.3768959, 3.3674879, 3.5420160 ],
"timesExecution": [ 3.3848641, 3.3853440, 3.3800001, 3.3804801, 3.3788800, 3.3796160, 3.3792319, 3.3807681, 3.3807361, 3.3798079, 3.3815360, 3.3835199, 3.3812799, 3.3838720, 3.3830719, 3.3821440, 3.3797441, 3.3794880, 3.3813760, 3.3823040, 3.3795519, 3.3791361, 3.3796160, 3.3800640, 3.3783040, 3.3814399, 3.3798399, 3.3784320, 3.3802240, 3.3801601, 3.3801920, 3.3790400, 3.3792319, 3.3808000, 3.3855360, 3.3797760, 3.3897920, 3.3841281, 3.3823359, 3.3808639, 3.3821120, 3.3813760, 3.3796480, 3.3810561, 3.3831041, 3.3826239, 3.3803840, 3.3786881, 3.3803520, 3.3796799, 3.3796160, 3.3796160, 3.3788800, 3.3834879, 3.3860481, 3.3818560, 3.3805759, 3.3829119, 3.3808961, 3.3796799, 3.3801601, 3.3789120, 3.3791361, 3.3796480, 3.3789120, 3.3790400, 3.3787200, 3.3808000, 3.3803520, 3.3798399, 3.3789439, 3.3807681, 3.3804801, 3.3819840, 3.3817921, 3.3796160, 3.3802559, 3.3797121, 3.3793919, 3.3794880, 3.3798721, 3.3800960, 3.3791680, 3.3793919, 3.3795841, 3.3792961, 3.3788481, 3.4003520, 3.3882239, 3.3839040, 3.3828161, 3.3858881, 3.3806400, 3.3792961, 3.3797441, 3.3820479, 3.3861120, 3.3812160, 3.3807039, 3.3848000 ],
"timesTransferFromDevice": [ 0.0209280, 0.0177920, 0.0147840, 0.0139840, 0.0132160, 0.0276160, 0.0125760, 0.0137600, 0.0140800, 0.0134080, 0.0140160, 0.0154880, 0.0150400, 0.0208320, 0.0144320, 0.0143040, 0.0144960, 0.0142080, 0.0132160, 0.0222080, 0.0143680, 0.0138560, 0.0151680, 0.0134400, 0.0138560, 0.0142400, 0.0149440, 0.0134720, 0.0138560, 0.0148160, 0.0142720, 0.0132480, 0.0144000, 0.0144000, 0.0172480, 0.0144000, 0.0210880, 0.0204800, 0.0242240, 0.0174400, 0.0159040, 0.0165760, 0.0172800, 0.0152640, 0.0160960, 0.0132480, 0.0134720, 0.0127040, 0.0158720, 0.0131520, 0.0132480, 0.0128640, 0.0128000, 0.0173760, 0.0120640, 0.0155840, 0.0146240, 0.0156160, 0.0155200, 0.0137920, 0.0124480, 0.0135040, 0.0126080, 0.0127040, 0.0123520, 0.0132480, 0.0178560, 0.0139520, 0.0130560, 0.0148800, 0.0147840, 0.0299200, 0.0181760, 0.0171200, 0.0167360, 0.0161600, 0.0163200, 0.0168000, 0.0160640, 0.0142720, 0.0139840, 0.0152640, 0.0148160, 0.0136320, 0.0138880, 0.0151360, 0.0146240, 0.0224320, 0.0172800, 0.0161920, 0.0145600, 0.0148480, 0.0139200, 0.0139520, 0.0133120, 0.0144640, 0.0194880, 0.0143680, 0.0164480, 0.0168000 ]
}
,
"histogram_atomic_private": {
"timesTransferToDevice": [ 3.6245761, 3.5891521, 3.4920001, 3.4093759, 3.3948481, 3.3938241, 3.4379840, 3.3717761, 3.3717439, 3.3710079, 3.3343041, 3.3570881, 3.3229120, 3.3320000, 3.3361599, 3.3459201, 3.3338239, 3.3378241, 3.3354881, 3.3294401, 3.3729601, 3.4033921, 3.3662720, 3.3373439, 3.3176639, 3.3617280, 3.3013761, 3.3187521, 3.3498881, 3.3956800, 3.3680961, 3.3636799, 3.3606720, 3.3673601, 3.3772161, 3.4048319, 3.3641920, 3.3692160, 3.3520319, 3.3649600, 3.3911359, 3.3848960, 3.3799679, 3.3864319, 3.3927679, 3.5014400, 3.4899521, 3.4236801, 3.4695680, 3.4364159, 3.4078400, 3.3856320, 3.3902080, 3.4934721, 3.3880961, 3.3347840, 3.3722241, 3.3508160, 3.3552639, 3.3531520, 3.3229761, 3.3467200, 3.3864641, 3.3505280, 3.3492479, 3.3248320, 3.2893760, 3.3101120, 3.2944641, 3.2958400, 3.2779520, 3.3015361, 3.3408959, 3.3007360, 3.3026879, 3.3464000, 3.3723199, 3.3971839, 3.3584001, 3.3723519, 3.3708799, 3.3862081, 3.3495679, 3.3495040, 3.3441920, 3.3492160, 3.3521280, 3.3185599, 3.3068800, 3.2880001, 3.3293121, 3.3286400, 3.3736320, 3.3926079, 3.3926401, 3.3745601, 3.3668480, 3.3402879, 3.3285761, 3.3095040 ],
"timesExecution": [ 0.3930560, 0.3897280, 0.3899520, 0.3882560, 0.3902080, 0.3900480, 0.3933760, 0.3880320, 0.3904000, 0.3895360, 0.3879680, 0.3888320, 0.3883840, 0.3897600, 0.3866880, 0.3881600, 0.3877120, 0.3883200, 0.3876800, 0.3882880, 0.3915520, 0.3907840, 0.3892800, 0.3965440, 0.3878720, 0.3871360, 0.3874560, 0.3881920, 0.3894720, 0.3912640, 0.3888640, 0.3889920, 0.3904320, 0.3891200, 0.3894400, 0.3893760, 0.3893120, 0.3887040, 0.3889920, 0.3885760, 0.3892480, 0.3893760, 0.3888960, 0.3914880, 0.3897600, 0.3895360, 0.3902080, 0.3906880, 0.3926080, 0.3901760, 0.3899200, 0.3908800, 0.3902080, 0.3908480, 0.3880960, 0.3876800, 0.3904960, 0.3901760, 0.3890880, 0.3880320, 0.3925760, 0.3910080, 0.3904000, 0.3889600, 0.3872000, 0.3892480, 0.3877440, 0.3867520, 0.3867840, 0.3869760, 0.3862080, 0.3885120, 0.3881920, 0.3886080, 0.3889600, 0.3895680, 0.3893120, 0.3895360, 0.3944000, 0.3887680, 0.3887360, 0.3879680, 0.3872960, 0.3893440, 0.3909120, 0.3897920, 0.3871040, 0.3886400, 0.3880640, 0.3867200, 0.3881920, 0.3885440, 0.3904960, 0.3939200, 0.3884160, 0.3890560, 0.3898880, 0.3899200, 0.3914880, 0.3872960 ],
"timesTransferFromDevice": [ 0.0158080, 0.0149120, 0.0139200, 0.0134400, 0.0139840, 0.0134080, 0.0167680, 0.0132480, 0.0135360, 0.0132800, 0.0131200, 0.0126720, 0.0137920, 0.0129920, 0.0131840, 0.0120640, 0.0137920, 0.0133760, 0.0282560, 0.0128000, 0.0143040, 0.0139520, 0.0133440, 0.0130560, 0.0127680, 0.0128320, 0.0131840, 0.0125440, 0.0146880, 0.0138240, 0.0132160, 0.0141120, 0.0136000, 0.0170880, 0.0127360, 0.0135680, 0.0142080, 0.0144320, 0.0129600, 0.0130240, 0.0138880, 0.0153280, 0.0162880, 0.0146880, 0.0138240, 0.0141120, 0.0141120, 0.0152320, 0.0152960, 0.0144960, 0.0135040, 0.0157440, 0.0138560, 0.0144320, 0.0131200, 0.0124160, 0.0143360, 0.0134400, 0.0128960, 0.0132800, 0.0130240, 0.0150720, 0.0131520, 0.0126720, 0.0140480, 0.0138560, 0.0124160, 0.0128000, 0.0123520, 0.0132160, 0.0301760, 0.0126080, 0.0115520, 0.0126400, 0.0299520, 0.0145280, 0.0140160, 0.0144320, 0.0150720, 0.0150400, 0.0144960, 0.0132160, 0.0175360, 0.0138560, 0.0138560, 0.0133120, 0.0132800, 0.0131840, 0.0126080, 0.0119680, 0.0120640, 0.0141120, 0.0144960, 0.0227520, 0.0138240, 0.0135680, 0.0140800, 0.0137600, 0.0132160, 0.0120960 ]
}
,