{
"inputLengthInCharacters": 16384,
"uniformInput": false,
"measurements": {
"histogram_one_thread_per_character": {
"timesTransferToDevice": [ 0.0286080, 0.0148160, 0.0149440, 0.0143040, 0.0153280, 0.0140480, 0.0141760, 0.0138880, 0.0141440, 0.0149120, 0.0140800, 0.0142400, 0.0140480, 0.0144640, 0.0136960, 0.0136960, 0.0138240, 0.0134720, 0.0137280, 0.0147200, 0.0138240, 0.0136640, 0.0149760, 0.0130240, 0.0137920, 0.0138240, 0.0143680, 0.0141760, 0.0143040, 0.0133440, 0.0139520, 0.0148480, 0.0136960, 0.0149760, 0.0145600, 0.0139840, 0.0145920, 0.0141760, 0.0144000, 0.0143360, 0.0133760, 0.0143040, 0.0139200, 0.0148160, 0.0149440, 0.0141120, 0.0149440, 0.0148480, 0.0138240, 0.0146240, 0.0150080, 0.0149440, 0.0146880, 0.0136960, 0.0144640, 0.0137600, 0.0138880, 0.0155840, 0.0136640, 0.0149760, 0.0139200, 0.0140160, 0.0134080, 0.0139840, 0.0142080, 0.0144960, 0.0154880, 0.0144000, 0.0149760, 0.0139840, 0.0153280, 0.0140800, 0.0146880, 0.0145600, 0.0138880, 0.0130240, 0.0127360, 0.0130880, 0.0127040, 0.0127680, 0.0130880, 0.0122880, 0.0132160, 0.0127360, 0.0133760, 0.0129600, 0.0131520, 0.0128960, 0.0128320, 0.0131200, 0.0122880, 0.0122560, 0.0203840, 0.0121920, 0.0127360, 0.0121600, 0.0130560, 0.0128000, 0.0131840, 0.0120320 ],
"timesExecution": [ 0.0163840, 0.0153600, 0.0133120, 0.0153600, 0.0142720, 0.0143040, 0.0143360, 0.0133120, 0.0143360, 0.0142400, 0.0133440, 0.0133120, 0.0133120, 0.0133120, 0.0225280, 0.0144000, 0.0133120, 0.0134080, 0.0133120, 0.0143360, 0.0143360, 0.0143360, 0.0142720, 0.0143360, 0.0143360, 0.0143360, 0.0143360, 0.0133120, 0.0143360, 0.0184320, 0.0143360, 0.0153600, 0.0134080, 0.0143360, 0.0143360, 0.0143360, 0.0143360, 0.0143360, 0.0143360, 0.0133120, 0.0143360, 0.0143360, 0.0133120, 0.0143360, 0.0143360, 0.0133120, 0.0143360, 0.0152960, 0.0143360, 0.0134080, 0.0143360, 0.0153600, 0.0133120, 0.0143360, 0.0142720, 0.0133120, 0.0143360, 0.0143360, 0.0134080, 0.0143040, 0.0143360, 0.0153600, 0.0133120, 0.0143360, 0.0133120, 0.0143360, 0.0143360, 0.0133120, 0.0143360, 0.0143360, 0.0133120, 0.0133120, 0.0142720, 0.0143360, 0.0143360, 0.0184320, 0.0143360, 0.0143360, 0.0133120, 0.0143680, 0.0133120, 0.0143360, 0.0133120, 0.0143360, 0.0133120, 0.0133120, 0.0143360, 0.0143360, 0.0133120, 0.0133440, 0.0143360, 0.0133120, 0.0143360, 0.0143360, 0.0133120, 0.0143360, 0.0133120, 0.0142400, 0.0133120, 0.0143360 ],
"timesTransferFromDevice": [ 0.0168000, 0.0119360, 0.0096000, 0.0094400, 0.0087680, 0.0090560, 0.0093120, 0.0090560, 0.0093120, 0.0085120, 0.0093760, 0.0096320, 0.0093440, 0.0091200, 0.0099200, 0.0092800, 0.0089920, 0.0088960, 0.0094400, 0.0088960, 0.0096320, 0.0088640, 0.0095040, 0.0086400, 0.0093760, 0.0097600, 0.0084800, 0.0089600, 0.0088640, 0.0102080, 0.0103040, 0.0090240, 0.0096000, 0.0086720, 0.0092160, 0.0091840, 0.0090240, 0.0095680, 0.0088960, 0.0088640, 0.0088000, 0.0092800, 0.0090240, 0.0092800, 0.0094080, 0.0152960, 0.0094080, 0.0091200, 0.0089600, 0.0091840, 0.0099840, 0.0093440, 0.0092480, 0.0093760, 0.0089920, 0.0089600, 0.0095040, 0.0095040, 0.0091520, 0.0091200, 0.0096320, 0.0097920, 0.0089600, 0.0087680, 0.0086720, 0.0091200, 0.0098240, 0.0089600, 0.0092800, 0.0088960, 0.0088000, 0.0089280, 0.0086400, 0.0093120, 0.0091520, 0.0092480, 0.0099520, 0.0095040, 0.0093760, 0.0088640, 0.0088000, 0.0093760, 0.0088640, 0.0085760, 0.0092160, 0.0089920, 0.0093120, 0.0089280, 0.0089280, 0.0088960, 0.0095360, 0.0099200, 0.0095360, 0.0091200, 0.0090240, 0.0091200, 0.0092160, 0.0090240, 0.0093440, 0.0097280 ]
}
,
"histogram_atomic_private": {
"timesTransferToDevice": [ 0.0194560, 0.0257600, 0.0130880, 0.0135360, 0.0128320, 0.0124800, 0.0126720, 0.0137280, 0.0130240, 0.0124800, 0.0128000, 0.0125760, 0.0139200, 0.0125440, 0.0122560, 0.0123200, 0.0127680, 0.0136960, 0.0126400, 0.0128960, 0.0126720, 0.0127040, 0.0129920, 0.0133120, 0.0125440, 0.0127040, 0.0129920, 0.0126080, 0.0126400, 0.0126080, 0.0121920, 0.0123840, 0.0121920, 0.0128960, 0.0123520, 0.0133760, 0.0124480, 0.0128960, 0.0130240, 0.0129600, 0.0129600, 0.0136000, 0.0130560, 0.0121280, 0.0129280, 0.0128000, 0.0128960, 0.0123200, 0.0124800, 0.0128000, 0.0122560, 0.0133760, 0.0132800, 0.0125760, 0.0125760, 0.0128320, 0.0123840, 0.0125760, 0.0138240, 0.0120640, 0.0133120, 0.0127360, 0.0128000, 0.0125760, 0.0241280, 0.0145280, 0.0143040, 0.0143680, 0.0141440, 0.0144000, 0.0140160, 0.0139200, 0.0146560, 0.0140160, 0.0139840, 0.0139200, 0.0140160, 0.0135680, 0.0136320, 0.0141760, 0.0140160, 0.0154240, 0.0139520, 0.0147840, 0.0135680, 0.0142400, 0.0148480, 0.0150400, 0.0145280, 0.0152320, 0.0147200, 0.0135680, 0.0144640, 0.0136960, 0.0155520, 0.0140160, 0.0142720, 0.0142080, 0.0134720, 0.0151680 ],
"timesExecution": [ 0.0112640, 0.0143360, 0.0112640, 0.0112640, 0.0112640, 0.0102400, 0.0112640, 0.0112640, 0.0112640, 0.0112640, 0.0112640, 0.0103040, 0.0112640, 0.0153600, 0.0112640, 0.0112640, 0.0112640, 0.0112640, 0.0112640, 0.0112000, 0.0122880, 0.0112640, 0.0112640, 0.0102400, 0.0102400, 0.0112640, 0.0102400, 0.0112640, 0.0102400, 0.0112640, 0.0112640, 0.0112640, 0.0112960, 0.0112640, 0.0112640, 0.0112640, 0.0112640, 0.0102720, 0.0112640, 0.0112640, 0.0112640, 0.0112640, 0.0111680, 0.0112640, 0.0102400, 0.0112640, 0.0152640, 0.0163840, 0.0122880, 0.0102400, 0.0112640, 0.0112640, 0.0112640, 0.0112640, 0.0112640, 0.0112640, 0.0102720, 0.0112640, 0.0112640, 0.0112640, 0.0112640, 0.0112640, 0.0153600, 0.0102400, 0.0112640, 0.0111680, 0.0112640, 0.0112640, 0.0112640, 0.0112640, 0.0102400, 0.0112640, 0.0112640, 0.0143360, 0.0102400, 0.0102400, 0.0112640, 0.0112640, 0.0112640, 0.0112640, 0.0194560, 0.0122880, 0.0122880, 0.0112640, 0.0112640, 0.0112000, 0.0122880, 0.0112640, 0.0103360, 0.0122880, 0.0102400, 0.0112640, 0.0112000, 0.0112640, 0.0112640, 0.0112640, 0.0194240, 0.0103040, 0.0112640, 0.0113600 ],
"timesTransferFromDevice": [ 0.0199360, 0.0102720, 0.0089920, 0.0092800, 0.0086720, 0.0095360, 0.0094720, 0.0085760, 0.0086080, 0.0094080, 0.0096000, 0.0090240, 0.0093440, 0.0092800, 0.0106560, 0.0093440, 0.0098880, 0.0095680, 0.0095360, 0.0092480, 0.0095040, 0.0092160, 0.0088960, 0.0089600, 0.0088320, 0.0092160, 0.0086400, 0.0085440, 0.0095040, 0.0088000, 0.0178560, 0.0089920, 0.0092160, 0.0088320, 0.0091840, 0.0093760, 0.0099840, 0.0091520, 0.0092800, 0.0092480, 0.0092800, 0.0088640, 0.0088320, 0.0092480, 0.0094080, 0.0092800, 0.0089920, 0.0097280, 0.0093120, 0.0089600, 0.0088640, 0.0095360, 0.0087360, 0.0085440, 0.0094400, 0.0088320, 0.0096320, 0.0089600, 0.0091520, 0.0099200, 0.0094400, 0.0094080, 0.0091520, 0.0092160, 0.0097280, 0.0089600, 0.0087680, 0.0098560, 0.0091200, 0.0092160, 0.0088000, 0.0086400, 0.0091840, 0.0085120, 0.0087360, 0.0090560, 0.0087040, 0.0085760, 0.0090880, 0.0087040, 0.0091840, 0.0100160, 0.0103360, 0.0094400, 0.0099840, 0.0088320, 0.0091520, 0.0095680, 0.0090240, 0.0094720, 0.0093120, 0.0092160, 0.0085760, 0.0087680, 0.0091840, 0.0099200, 0.0094720, 0.0089600, 0.0090880, 0.0093120 ]
}
,