{
"inputLengthInCharacters": 262144,
"uniformInput": false,
"measurements": {
"histogram_one_thread_per_character": {
"timesTransferToDevice": [ 0.1158400, 0.0842880, 0.0778240, 0.0777280, 0.0841280, 0.0912000, 0.0782720, 0.0782080, 0.0768320, 0.0786240, 0.0772160, 0.0781760, 0.0782080, 0.0784960, 0.0780480, 0.0774720, 0.0863680, 0.0778560, 0.0781120, 0.0786880, 0.0786240, 0.0779200, 0.0771840, 0.0781760, 0.0792320, 0.0783360, 0.0776640, 0.0773760, 0.0784000, 0.0777920, 0.0770880, 0.0783040, 0.0779200, 0.0777280, 0.0779200, 0.0777920, 0.0782720, 0.0784960, 0.0788800, 0.0782720, 0.0781120, 0.0789120, 0.0778880, 0.0782720, 0.0778880, 0.0814400, 0.0777920, 0.0806400, 0.0831360, 0.1027520, 0.0853760, 0.0788160, 0.0770240, 0.0778240, 0.0964160, 0.0804160, 0.0836480, 0.0854400, 0.0792320, 0.1025600, 0.0838720, 0.0776640, 0.0782720, 0.0786240, 0.0784000, 0.0773120, 0.0778560, 0.0784000, 0.0782720, 0.0781120, 0.0899200, 0.0816640, 0.0772480, 0.0770240, 0.0786560, 0.0776000, 0.0778240, 0.0785280, 0.0778560, 0.0783040, 0.0779520, 0.0850240, 0.0821760, 0.0776960, 0.0785280, 0.0782720, 0.0772800, 0.0782400, 0.0779520, 0.0783360, 0.0779520, 0.0779200, 0.0793600, 0.0783040, 0.0780800, 0.0801920, 0.0778240, 0.0784320, 0.0782080, 0.0783360 ],
"timesExecution": [ 0.0670400, 0.0654400, 0.0635200, 0.0665920, 0.0686080, 0.0658880, 0.0650240, 0.0638400, 0.0633280, 0.0651520, 0.0636160, 0.0640000, 0.0638080, 0.0633600, 0.0632000, 0.0643520, 0.0640000, 0.0641600, 0.0638400, 0.0644480, 0.0641600, 0.0632960, 0.0639680, 0.0646400, 0.0658880, 0.0646720, 0.0639360, 0.0643840, 0.0643520, 0.0641280, 0.0637120, 0.0641280, 0.0640000, 0.0644160, 0.0644480, 0.0638720, 0.0640960, 0.0634240, 0.0649280, 0.0676160, 0.0638720, 0.0645760, 0.0637440, 0.0639040, 0.0648960, 0.0642560, 0.0643520, 0.0687040, 0.0714880, 0.0879040, 0.0690240, 0.0646080, 0.0638720, 0.0643520, 0.0648960, 0.0647360, 0.0704960, 0.0739520, 0.0652160, 0.0658880, 0.0651840, 0.0642880, 0.0639680, 0.0642880, 0.0640000, 0.0652160, 0.0643520, 0.0636480, 0.0644160, 0.0640000, 0.0648320, 0.0644800, 0.0643200, 0.0638720, 0.0641600, 0.0643840, 0.0648320, 0.0640960, 0.0635840, 0.0639040, 0.0630400, 0.0641280, 0.0641600, 0.0642240, 0.0641280, 0.0643200, 0.0638720, 0.0643840, 0.0639040, 0.0634240, 0.0642560, 0.0645440, 0.0645760, 0.0638080, 0.0642560, 0.0640640, 0.0630080, 0.0640000, 0.0651520, 0.0634880 ],
"timesTransferFromDevice": [ 0.0158080, 0.0121920, 0.0103040, 0.0128960, 0.0104960, 0.0104320, 0.0103680, 0.0096000, 0.0096000, 0.0094400, 0.0099840, 0.0101120, 0.0093440, 0.0086400, 0.0092480, 0.0088960, 0.0089920, 0.0097280, 0.0090880, 0.0094400, 0.0094720, 0.0105280, 0.0134400, 0.0134720, 0.0097280, 0.0094720, 0.0089280, 0.0099200, 0.0096960, 0.0091200, 0.0087360, 0.0091520, 0.0184640, 0.0089920, 0.0092800, 0.0086720, 0.0091520, 0.0088320, 0.0094720, 0.0096960, 0.0094080, 0.0095360, 0.0092160, 0.0091520, 0.0097280, 0.0096320, 0.0090880, 0.0159360, 0.0139200, 0.0202880, 0.0109760, 0.0097600, 0.0099840, 0.0091200, 0.0096320, 0.0090240, 0.0142080, 0.0123520, 0.0111360, 0.0104960, 0.0096640, 0.0097600, 0.0100160, 0.0093120, 0.0104640, 0.0097600, 0.0089600, 0.0083840, 0.0086080, 0.0096000, 0.0101440, 0.0094400, 0.0085440, 0.0092160, 0.0086080, 0.0104640, 0.0096000, 0.0095680, 0.0097600, 0.0092480, 0.0088000, 0.0098240, 0.0105920, 0.0097920, 0.0093760, 0.0094400, 0.0104000, 0.0088640, 0.0084800, 0.0095360, 0.0087360, 0.0096000, 0.0099200, 0.0093120, 0.0094720, 0.0095680, 0.0092480, 0.0184320, 0.0127680, 0.0092480 ]
}
,
"histogram_atomic_private": {
"timesTransferToDevice": [ 0.0910400, 0.0825600, 0.0779840, 0.0786880, 0.0775360, 0.0784320, 0.0772160, 0.0785600, 0.0825920, 0.0782080, 0.0783680, 0.0783680, 0.0789120, 0.0775040, 0.0864000, 0.0786240, 0.0784000, 0.0780480, 0.0785280, 0.0928320, 0.0782080, 0.0784320, 0.0780160, 0.0804160, 0.0783040, 0.0776960, 0.0783040, 0.0780800, 0.0779840, 0.0864640, 0.0775040, 0.0778240, 0.0779200, 0.0785280, 0.0784000, 0.0775040, 0.0775680, 0.0784320, 0.0816640, 0.0777920, 0.0783680, 0.0779840, 0.0776320, 0.0781120, 0.0852160, 0.0768000, 0.0772480, 0.0778560, 0.0772160, 0.0774720, 0.0776960, 0.0784000, 0.0775040, 0.0821760, 0.0776640, 0.0786880, 0.0779200, 0.0782720, 0.0779840, 0.0862400, 0.0777600, 0.0781120, 0.0783680, 0.0778560, 0.0776000, 0.0773440, 0.0773760, 0.0781440, 0.0818880, 0.0784000, 0.0777920, 0.0776320, 0.0779520, 0.0778240, 0.0869120, 0.0782400, 0.0772480, 0.0782080, 0.0778880, 0.0778240, 0.0776640, 0.0779200, 0.0778560, 0.0808640, 0.0777600, 0.0774720, 0.0776320, 0.0784000, 0.0784640, 0.0873280, 0.0777600, 0.0784000, 0.0782400, 0.0778240, 0.0782080, 0.0776320, 0.0777920, 0.0780800, 0.0823360, 0.0783680 ],
"timesExecution": [ 0.0191360, 0.0225920, 0.0167040, 0.0173760, 0.0178880, 0.0169920, 0.0259840, 0.0178880, 0.0180480, 0.0171200, 0.0176000, 0.0173120, 0.0166080, 0.0179200, 0.0176640, 0.0173120, 0.0178240, 0.0167040, 0.0168320, 0.0181120, 0.0168960, 0.0175680, 0.0176960, 0.0177600, 0.0169920, 0.0168320, 0.0172800, 0.0176960, 0.0163520, 0.0182720, 0.0170560, 0.0169280, 0.0174400, 0.0180480, 0.0167360, 0.0170880, 0.0253440, 0.0184320, 0.0175360, 0.0167680, 0.0170560, 0.0172160, 0.0169280, 0.0173440, 0.0168000, 0.0169600, 0.0173440, 0.0171200, 0.0187840, 0.0166080, 0.0163200, 0.0232000, 0.0172160, 0.0169280, 0.0174400, 0.0178240, 0.0175360, 0.0175680, 0.0168320, 0.0178560, 0.0176640, 0.0173440, 0.0181440, 0.0175360, 0.0167040, 0.0181760, 0.0198720, 0.0175680, 0.0174400, 0.0174400, 0.0178240, 0.0170240, 0.0161920, 0.0177920, 0.0168640, 0.0231360, 0.0168960, 0.0170560, 0.0170880, 0.0178240, 0.0165760, 0.0252160, 0.0181120, 0.0175040, 0.0173760, 0.0167680, 0.0173440, 0.0166720, 0.0167680, 0.0179200, 0.0210880, 0.0168960, 0.0181120, 0.0169920, 0.0168000, 0.0174720, 0.0170560, 0.0175360, 0.0179200, 0.0175360 ],
"timesTransferFromDevice": [ 0.0176000, 0.0213440, 0.0095040, 0.0088640, 0.0095360, 0.0089920, 0.0097280, 0.0096000, 0.0095680, 0.0090560, 0.0093440, 0.0094400, 0.0095040, 0.0084800, 0.0097600, 0.0091200, 0.0093120, 0.0096000, 0.0097920, 0.0088960, 0.0091520, 0.0096000, 0.0088320, 0.0088640, 0.0088640, 0.0086720, 0.0093120, 0.0096000, 0.0094720, 0.0089920, 0.0093440, 0.0093760, 0.0091840, 0.0088320, 0.0093440, 0.0090240, 0.0096960, 0.0098880, 0.0089600, 0.0095680, 0.0092160, 0.0093120, 0.0087040, 0.0094080, 0.0096640, 0.0098240, 0.0086400, 0.0088640, 0.0093120, 0.0090240, 0.0091840, 0.0094400, 0.0087360, 0.0090560, 0.0088960, 0.0096960, 0.0091840, 0.0094720, 0.0088320, 0.0091520, 0.0106560, 0.0095680, 0.0128000, 0.0093120, 0.0090240, 0.0093120, 0.0095680, 0.0095680, 0.0089600, 0.0094080, 0.0095680, 0.0088640, 0.0096000, 0.0094720, 0.0091200, 0.0097280, 0.0092800, 0.0091520, 0.0094400, 0.0092480, 0.0086720, 0.0095040, 0.0096640, 0.0100160, 0.0087040, 0.0085120, 0.0088640, 0.0092160, 0.0109760, 0.0092480, 0.0088640, 0.0089280, 0.0091520, 0.0087040, 0.0091840, 0.0092160, 0.0095040, 0.0087360, 0.0094400, 0.0087680 ]
}
,