{
"inputLengthInCharacters": 134217728,
"uniformInput": false,
"measurements": {
"histogram_one_thread_per_character": {
"timesTransferToDevice": [ 28.5970879, 28.4989433, 28.5066242, 28.5935364, 28.4613113, 28.4663353, 28.5201912, 28.3977280, 28.3932800, 28.7829113, 28.7949753, 28.3942394, 28.5397129, 28.6137600, 28.6550713, 28.6683521, 28.4415035, 28.5989113, 28.3644485, 28.5783367, 28.4417915, 28.5374718, 28.6301765, 28.4287033, 28.6446400, 28.4613762, 28.6132164, 28.8045769, 28.4263992, 28.1697598, 28.3308487, 28.0902405, 28.0979843, 28.1283512, 28.2835846, 28.2075195, 28.1584969, 27.9527683, 28.0476151, 28.1175041, 28.0599041, 28.2507839, 27.9725761, 28.0872326, 27.9335365, 28.0517769, 28.9104633, 28.8343048, 28.6238403, 28.5275192, 28.5727997, 28.6262074, 28.5094090, 28.5815048, 28.4524803, 28.6844158, 28.5226231, 28.4496956, 28.6288319, 28.4883842, 28.4482555, 28.4011517, 28.4290237, 28.4236794, 28.7573433, 28.5942726, 28.3860798, 28.4573765, 28.6061115, 28.4802551, 28.5103035, 28.4545288, 28.4353600, 28.3374405, 28.4104633, 28.6187840, 28.3373756, 28.5400314, 28.5023041, 28.5482883, 28.5591049, 28.5758076, 28.2458553, 28.3346558, 28.1937923, 28.2506237, 28.3409920, 28.1406403, 28.4238720, 28.4082565, 28.5593281, 28.2476158, 28.4115200, 28.3881912, 28.3886719, 28.2758713, 28.3683529, 28.8212471, 28.5994568, 28.6501122 ],
"timesExecution": [ 26.9198399, 26.9223671, 26.9205437, 26.9217281, 26.9197769, 26.9207363, 26.9223995, 26.9168968, 26.9344006, 26.9430084, 26.9268169, 26.9435844, 26.9237766, 26.9237118, 26.9272003, 26.9232960, 26.9215031, 26.9216633, 26.9215031, 26.9237766, 26.9226875, 26.9215355, 26.9309444, 26.9309769, 26.9256954, 26.9209270, 26.9245758, 26.9353600, 26.9296322, 26.9271049, 26.9230728, 26.9337597, 26.9210243, 26.9296322, 26.9257927, 26.9305592, 26.9230080, 26.9209919, 26.9220486, 26.9231358, 26.9235840, 26.9235191, 26.9198399, 26.9191685, 26.9170551, 26.9445763, 26.9252796, 26.9328003, 26.9238396, 26.9337921, 26.9314880, 26.9276791, 26.9399033, 26.9339199, 26.9245129, 26.9230728, 26.9227524, 26.9258232, 26.9223671, 26.9245758, 26.9231358, 26.9191685, 26.9190083, 26.9204483, 26.9259205, 26.9205437, 26.9260807, 26.9272003, 26.9203529, 26.9218559, 26.9193916, 26.9267845, 26.9232311, 26.9182072, 26.9203205, 26.9249916, 26.9197121, 26.9197769, 26.9227848, 26.9220791, 26.9245434, 26.9272327, 26.9273911, 26.9238071, 26.9172478, 26.9201927, 26.9215355, 26.9228802, 26.9247360, 26.9337273, 26.9221439, 26.9223671, 26.9244156, 26.9228802, 26.9231358, 26.9201603, 26.9367352, 26.9288960, 26.9295368, 26.9350719 ],
"timesTransferFromDevice": [ 0.0259840, 0.0235840, 0.0231360, 0.0213760, 0.0205760, 0.0232320, 0.0221120, 0.0205120, 0.0296960, 0.0286080, 0.0234880, 0.0251200, 0.0235200, 0.0254720, 0.0254400, 0.0225920, 0.0228160, 0.0221440, 0.0223040, 0.0264960, 0.0235520, 0.0235840, 0.0238400, 0.0266880, 0.0261120, 0.0210880, 0.0228800, 0.0252160, 0.0289920, 0.0244800, 0.0302080, 0.0388800, 0.0219200, 0.0240320, 0.0244160, 0.0228480, 0.0220480, 0.0207360, 0.0243520, 0.0246720, 0.0283520, 0.0236800, 0.0218880, 0.0227840, 0.0195520, 0.0281600, 0.0235840, 0.0243840, 0.0216320, 0.0261440, 0.0234240, 0.0297920, 0.0221760, 0.0267200, 0.0246400, 0.0232000, 0.0224960, 0.0243840, 0.0234240, 0.0234560, 0.0223680, 0.0216000, 0.0216960, 0.0217920, 0.0247360, 0.0216000, 0.0234560, 0.0263040, 0.0216960, 0.0225600, 0.0208640, 0.0230400, 0.0208960, 0.0208000, 0.0256960, 0.0211840, 0.0224320, 0.0202560, 0.0239040, 0.0230400, 0.0228480, 0.0230080, 0.0241600, 0.0221120, 0.0202240, 0.0233280, 0.0210240, 0.0261440, 0.0232960, 0.0278080, 0.0228800, 0.0217920, 0.0243200, 0.0224960, 0.0224000, 0.0221120, 0.0291840, 0.0237120, 0.0241600, 0.0247040 ]
}
,
"histogram_atomic_private": {
"timesTransferToDevice": [ 28.7159367, 28.6229763, 28.3814392, 28.6333122, 28.6455688, 28.6239357, 28.7391357, 28.0622082, 28.0034237, 28.1694393, 28.0792313, 28.0581760, 28.1611195, 28.1033592, 28.0714245, 28.1031361, 28.0605755, 28.0025921, 28.1008644, 28.0534725, 27.9867840, 28.0139198, 27.9847679, 28.0483513, 28.0385914, 28.0615673, 28.0380154, 28.4358406, 28.3872967, 28.3768005, 28.3062725, 28.3289928, 28.5434551, 28.4700489, 28.6698551, 28.4319363, 28.4559364, 28.4101448, 28.5177593, 28.6510715, 28.3654079, 28.4235516, 28.3945923, 28.3879032, 28.3601608, 28.3174725, 28.3477116, 28.3698235, 28.4127674, 28.5220165, 28.4940166, 28.5516472, 28.5779839, 28.3930569, 28.4521923, 28.2872963, 28.2907524, 28.3919353, 28.3874569, 28.4288960, 28.5272312, 28.0815048, 28.7370243, 28.5539837, 28.4232311, 28.4923515, 28.5586567, 28.2968311, 28.3388805, 28.2275200, 28.5033913, 28.4702721, 28.5016003, 28.3562889, 28.4383049, 28.3582077, 28.3466568, 28.3310394, 28.4650879, 28.3112316, 28.3239689, 28.2876472, 28.4010239, 28.3622074, 28.3318081, 28.3309441, 28.3511353, 28.3649597, 28.4172802, 28.3820477, 28.4482231, 28.7938232, 28.5769920, 28.8423367, 28.6954231, 28.3678074, 28.3377609, 28.3391037, 28.5153275, 28.5415039 ],
"timesExecution": [ 2.9898560, 2.9936640, 3.0039361, 2.9926081, 2.9928639, 2.9903679, 2.9944320, 3.0094719, 2.9876800, 2.9915199, 2.9911361, 2.9944639, 2.9937601, 2.9961920, 2.9895360, 2.9906240, 2.9895680, 2.9882879, 2.9910400, 2.9895680, 2.9877760, 2.9909120, 2.9883521, 2.9918399, 3.0026879, 2.9882879, 2.9935040, 2.9949119, 2.9912641, 2.9898560, 2.9885759, 3.0019200, 2.9940159, 2.9922559, 2.9910719, 2.9881599, 2.9926400, 2.9896641, 2.9911361, 2.9881279, 2.9894080, 3.0023041, 2.9884479, 2.9888000, 2.9908161, 2.9886720, 2.9893119, 2.9880960, 2.9905281, 2.9894719, 2.9888320, 2.9904320, 2.9894080, 2.9906559, 2.9893439, 2.9892800, 2.9894080, 2.9872639, 2.9880641, 2.9878080, 2.9962239, 2.9931200, 2.9949760, 2.9904959, 2.9990399, 2.9893761, 2.9913919, 2.9874239, 2.9849920, 2.9852481, 2.9930241, 2.9891520, 2.9887040, 2.9888320, 2.9894080, 2.9886720, 2.9894719, 2.9880321, 2.9906559, 2.9854400, 2.9855680, 2.9878399, 2.9906240, 2.9873919, 2.9899199, 2.9932799, 2.9897280, 2.9902720, 2.9886401, 2.9893439, 2.9893761, 2.9935999, 2.9931200, 2.9917440, 3.0061760, 2.9923201, 2.9864960, 2.9904640, 2.9902720, 2.9886401 ],
"timesTransferFromDevice": [ 0.0222080, 0.0219520, 0.0279360, 0.0210560, 0.0200000, 0.0213120, 0.0217600, 0.0202240, 0.0200000, 0.0219840, 0.0243200, 0.0216640, 0.0237440, 0.0224960, 0.0207360, 0.0192320, 0.0204480, 0.0201600, 0.0207040, 0.0197760, 0.0200000, 0.0204160, 0.0198400, 0.0201280, 0.0200640, 0.0193600, 0.0283840, 0.0222400, 0.0186560, 0.0206400, 0.0206080, 0.0252800, 0.0225280, 0.0208000, 0.0211200, 0.0200000, 0.0220800, 0.0210560, 0.0215680, 0.0186880, 0.0200320, 0.0278400, 0.0203520, 0.0200000, 0.0218240, 0.0188800, 0.0190720, 0.0193600, 0.0207040, 0.0218240, 0.0203840, 0.0203520, 0.0193600, 0.0212800, 0.0190400, 0.0197120, 0.0208960, 0.0212480, 0.0195200, 0.0194560, 0.0231680, 0.0232960, 0.0224320, 0.0198720, 0.0232000, 0.0207680, 0.0226560, 0.0197120, 0.0186880, 0.0188800, 0.0214080, 0.0200000, 0.0215360, 0.0198080, 0.0202880, 0.0192320, 0.0199040, 0.0203520, 0.0207040, 0.0194240, 0.0186560, 0.0196800, 0.0208000, 0.0193600, 0.0203200, 0.0193600, 0.0187520, 0.0196160, 0.0198720, 0.0192320, 0.0197760, 0.0220480, 0.0214400, 0.0208000, 0.0255040, 0.0208000, 0.0202240, 0.0212160, 0.0204160, 0.0200640 ]
}
,