{
"inputLengthInCharacters": 32,
"uniformInput": false,
"useMappingLetter": false,
"measurements": {
"histogram_one_thread_per_character": {
"timesTransferToDevice": [ 0.1065280, 0.0292480, 0.0290880, 0.0660480, 0.0337920, 0.0296960, 0.0292480, 0.0328640, 0.0286080, 0.0304640, 0.0316480, 0.0622400, 0.0278080, 0.0279680, 0.0270400, 0.0508800, 0.0272000, 0.0318720, 0.0567040, 0.0278400, 0.0276480, 0.0286080, 0.0525440, 0.0426880, 0.0203520, 0.0205440, 0.0218880, 0.0201920, 0.0207360, 0.0211200, 0.0202240, 0.0236160, 0.0373760, 0.0207040, 0.0204480, 0.0202560, 0.0364800, 0.0200320, 0.0198080, 0.0195840, 0.0399360, 0.0204160, 0.0200000, 0.0202560, 0.0210880, 0.0200320, 0.0201280, 0.0202880, 0.0200320, 0.0363520, 0.0200640, 0.0208320, 0.0362560, 0.0199040, 0.0201280, 0.0201920, 0.0206400, 0.0188800, 0.0208960, 0.0248640, 0.0215680, 0.0198720, 0.0204800, 0.0199040, 0.0325760, 0.0202560, 0.0203200, 0.0203200, 0.0200320, 0.0380160, 0.0198400, 0.0201600, 0.0365440, 0.0211520, 0.0202560, 0.0237760, 0.0205120, 0.0207680, 0.0202560, 0.0204480, 0.0223040, 0.0211520, 0.0204160, 0.0202880, 0.0212160, 0.0387520, 0.0199680, 0.0304640, 0.0205760, 0.0201600, 0.0361920, 0.0207360, 0.0204160, 0.0363520, 0.0201920, 0.0207360, 0.0210560, 0.0202560, 0.0203200, 0.0208320 ],
"timesExecution": [ 0.0932480, 0.0613760, 0.0813120, 0.0911360, 0.0581760, 0.1074880, 0.0573440, 0.0837440, 0.0880960, 0.0584320, 0.0798720, 0.0891520, 0.0754240, 0.0520960, 0.0749760, 0.0750400, 0.0512000, 0.0677120, 0.0798720, 0.0545280, 0.0719360, 0.0525120, 0.0644800, 0.1517440, 0.0552960, 0.0542080, 0.0616000, 0.0562880, 0.0703680, 0.0774720, 0.0512640, 0.0562560, 0.0571200, 0.0542720, 0.0573440, 0.0522880, 0.0912000, 0.0572800, 0.0676480, 0.0563520, 0.0723520, 0.0572160, 0.0559680, 0.0706560, 0.0745920, 0.0397760, 0.0727040, 0.0555200, 0.0696320, 0.0563200, 0.0558720, 0.0542400, 0.0746560, 0.0522240, 0.0583680, 0.0560960, 0.0674240, 0.0582080, 0.0512000, 0.0566080, 0.0726720, 0.0552640, 0.0555520, 0.0563200, 0.0768000, 0.0553600, 0.0518400, 0.0573120, 0.0594240, 0.0551360, 0.0563840, 0.0531840, 0.0795200, 0.0413440, 0.0706560, 0.0573440, 0.1258880, 0.0617280, 0.0565440, 0.0549440, 0.0731200, 0.0502080, 0.0540480, 0.0563200, 0.0501440, 0.0740480, 0.0563200, 0.0571520, 0.0556480, 0.0539520, 0.0562880, 0.0574080, 0.0706240, 0.0756480, 0.0539520, 0.0562880, 0.0570560, 0.0697600, 0.0735360, 0.0550080 ],
"timesTransferFromDevice": [ 0.1327040, 0.0829120, 0.0982080, 0.0694400, 0.0673280, 0.0679360, 0.0680960, 0.0679360, 0.0675840, 0.0683520, 0.0613760, 0.0971840, 0.0578240, 0.0592000, 0.0811840, 0.0590720, 0.0592320, 0.0824640, 0.0503360, 0.0588480, 0.0581120, 0.0836800, 0.0576640, 0.0452160, 0.0418560, 0.0643840, 0.0414400, 0.0422080, 0.0606400, 0.0421440, 0.0523200, 0.0430080, 0.0411200, 0.0422720, 0.0419840, 0.0464960, 0.0528320, 0.0417920, 0.0421120, 0.0432320, 0.0442880, 0.0424960, 0.0421120, 0.0423680, 0.0644480, 0.0423040, 0.0412480, 0.0424640, 0.0416320, 0.0425280, 0.0414080, 0.0422720, 0.0575040, 0.0423680, 0.0412160, 0.0519040, 0.0421440, 0.0421440, 0.0837120, 0.0423040, 0.0590400, 0.0438080, 0.0418560, 0.0475200, 0.0641600, 0.0421120, 0.0427520, 0.0422400, 0.0570880, 0.0422720, 0.0414720, 0.0421440, 0.0646080, 0.0528000, 0.0420480, 0.0426880, 0.0622080, 0.0425920, 0.0422080, 0.0422400, 0.0589440, 0.0425920, 0.0425920, 0.0423040, 0.0424000, 0.0425280, 0.0422720, 0.0425920, 0.0421120, 0.0426240, 0.0424960, 0.0464000, 0.0420800, 0.0591360, 0.0528640, 0.0430720, 0.0426560, 0.0582720, 0.0421120, 0.0432640 ],
"bins": [ 1, 0, 0, 0, 0, 1, 0, 0, 0, 0, 0, 0, 0, 0, 0, 0, 0, 1, 0, 1, 0, 0, 0, 0, 1, 0, 0, 0, 0, 0, 1, 0, 0, 0, 0, 0, 0, 0, 0, 0, 0, 1, 0, 1, 0, 1, 0, 0, 0, 0, 0, 0, 2, 1, 0, 0, 0, 0, 0, 0, 1, 0, 0, 1, 0, 1, 0, 0, 0, 0, 0, 0, 0, 0, 1, 0, 1, 0, 0, 0, 0, 0, 0, 0, 1, 0, 0, 2, 0, 0, 0, 0, 1, 0, 0, 1, 0, 0, 0, 0, 0, 1, 0, 0, 1, 0, 0, 0, 0, 0, 0, 0, 0, 0, 1, 0, 0, 3, 1, 1, 0, 0, 1, 0, 1, 0, 0, 0 ]
}
,
"histogram_atomic_private": {
"timesTransferToDevice": [ 0.0400000, 0.0286720, 0.0338560, 0.0281920, 0.0311040, 0.0290880, 0.0326720, 0.0288320, 0.0287360, 0.0284480, 0.0523840, 0.0282880, 0.0278720, 0.0313600, 0.0338240, 0.0284480, 0.0282240, 0.0316160, 0.0280640, 0.0302720, 0.0284800, 0.0317440, 0.0292800, 0.0217280, 0.0219200, 0.0280640, 0.0216640, 0.0216000, 0.0225280, 0.0220800, 0.0220800, 0.0219520, 0.0221120, 0.0217920, 0.0219200, 0.0225920, 0.0221760, 0.0214080, 0.0224640, 0.0376960, 0.0200000, 0.0199360, 0.0202880, 0.0202240, 0.0198080, 0.0205760, 0.0204800, 0.0198720, 0.0365120, 0.0196800, 0.0207360, 0.0323520, 0.0195520, 0.0198080, 0.0195840, 0.0201280, 0.0204160, 0.0203520, 0.0213120, 0.0200320, 0.0208640, 0.0202240, 0.0198720, 0.0203200, 0.0202880, 0.0200000, 0.0192960, 0.0199360, 0.0203520, 0.0200320, 0.0425280, 0.0243840, 0.0237760, 0.0203200, 0.0330560, 0.0205760, 0.0205120, 0.0207680, 0.0216000, 0.0204480, 0.0199680, 0.0197440, 0.0366400, 0.0199680, 0.0201600, 0.0195200, 0.0201600, 0.0197440, 0.0199680, 0.0195840, 0.0205760, 0.0197120, 0.0199360, 0.0370240, 0.0280320, 0.0183040, 0.0198080, 0.0200320, 0.0197440, 0.0197440 ],
"timesExecution": [ 0.0552640, 0.0685760, 0.1167360, 0.0656960, 0.0869760, 0.0593600, 0.0602240, 0.1208320, 0.0604160, 0.0584640, 0.0594560, 0.0881280, 0.0819520, 0.0584320, 0.0586560, 0.0819520, 0.0849920, 0.0811840, 0.0602240, 0.0583680, 0.0829440, 0.0574080, 0.1762560, 0.0624960, 0.0423360, 0.0808640, 0.0634560, 0.0952000, 0.0430400, 0.0624000, 0.0570240, 0.0798720, 0.0430400, 0.0644480, 0.0645760, 0.0574400, 0.0440640, 0.0624320, 0.0633600, 0.0614080, 0.0546240, 0.0570880, 0.0583680, 0.0706560, 0.0747840, 0.0532800, 0.0576000, 0.0488960, 0.0736640, 0.0573440, 0.0583360, 0.0581760, 0.0574080, 0.0532480, 0.0754240, 0.0750720, 0.0552960, 0.0572800, 0.0543360, 0.0788800, 0.0584000, 0.0838080, 0.0583360, 0.0532800, 0.0573440, 0.0758400, 0.0545280, 0.0583040, 0.0543360, 0.0583360, 0.0583680, 0.0535680, 0.0581120, 0.0573440, 0.1126720, 0.0575360, 0.0716800, 0.0572480, 0.0583680, 0.0716160, 0.0780160, 0.0532800, 0.0573440, 0.0563200, 0.0706560, 0.0562880, 0.0526400, 0.0735040, 0.0573760, 0.0951360, 0.0573120, 0.0662720, 0.1044160, 0.0678720, 0.0521920, 0.0573120, 0.0563520, 0.0583680, 0.0573440, 0.0521920 ],
"timesTransferFromDevice": [ 0.0738240, 0.0658880, 0.0820160, 0.0647040, 0.0673600, 0.0913600, 0.0673280, 0.0663040, 0.0670080, 0.0672000, 0.1021440, 0.0896960, 0.0640640, 0.0633920, 0.0650880, 0.0642880, 0.0891840, 0.0623360, 0.0647360, 0.0639360, 0.0653440, 0.0897280, 0.0473920, 0.0452480, 0.0458240, 0.0668160, 0.0464960, 0.0457920, 0.0449280, 0.0451200, 0.0458560, 0.0449920, 0.0463040, 0.0685120, 0.0456000, 0.0449280, 0.0455680, 0.0449280, 0.0462720, 0.0415680, 0.0416640, 0.0421440, 0.0648000, 0.0571200, 0.0427520, 0.0411200, 0.0422080, 0.0408320, 0.0419200, 0.0414080, 0.0421440, 0.0411840, 0.0625600, 0.0575360, 0.0423360, 0.0423680, 0.0991360, 0.0417920, 0.0431680, 0.0429120, 0.0434560, 0.0621440, 0.0428160, 0.0421760, 0.0424960, 0.0416000, 0.0429760, 0.0408960, 0.0425920, 0.0716480, 0.0761600, 0.0614400, 0.0419200, 0.0413440, 0.0433280, 0.0420480, 0.0423040, 0.0412800, 0.0424640, 0.0411200, 0.0418560, 0.0406720, 0.0422720, 0.0407040, 0.0417920, 0.0414400, 0.0419520, 0.0412800, 0.0420160, 0.0408000, 0.0417920, 0.0520960, 0.0420800, 0.0412160, 0.0419840, 0.0404800, 0.0419840, 0.0412160, 0.0412800, 0.0575680 ],
"bins": [ 1, 0, 0, 0, 0, 1, 0, 0, 0, 0, 0, 0, 0, 0, 0, 0, 0, 1, 0, 1, 0, 0, 0, 0, 1, 0, 0, 0, 0, 0, 1, 0, 0, 0, 0, 0, 0, 0, 0, 0, 0, 1, 0, 1, 0, 1, 0, 0, 0, 0, 0, 0, 2, 1, 0, 0, 0, 0, 0, 0, 1, 0, 0, 1, 0, 1, 0, 0, 0, 0, 0, 0, 0, 0, 1, 0, 1, 0, 0, 0, 0, 0, 0, 0, 1, 0, 0, 2, 0, 0, 0, 0, 1, 0, 0, 1, 0, 0, 0, 0, 0, 1, 0, 0, 1, 0, 0, 0, 0, 0, 0, 0, 0, 0, 1, 0, 0, 3, 1, 1, 0, 0, 1, 0, 1, 0, 0, 0 ]
}
,