{
"inputLengthInCharacters": 256,
"uniformInput": false,
"useMappingLetter": false,
"measurements": {
"histogram_one_thread_per_character": {
"timesTransferToDevice": [ 0.0686400, 0.0288960, 0.0536640, 0.0274880, 0.0306880, 0.0268480, 0.0262080, 0.0439680, 0.0260160, 0.1243200, 0.0268480, 0.0612480, 0.0266240, 0.0270400, 0.0272320, 0.0301440, 0.0265600, 0.0326080, 0.0268480, 0.0523840, 0.0263360, 0.0270080, 0.0291840, 0.0517120, 0.0227200, 0.0275520, 0.0231680, 0.0222720, 0.0224960, 0.0225280, 0.0229120, 0.0222400, 0.0224640, 0.0236480, 0.0229120, 0.0224960, 0.0227200, 0.0224320, 0.0220160, 0.0207360, 0.0189440, 0.0181760, 0.0345600, 0.0197120, 0.0182080, 0.0181440, 0.0181760, 0.0483200, 0.0191040, 0.0176960, 0.0177600, 0.0184320, 0.0343360, 0.0183680, 0.0179520, 0.0187840, 0.0346880, 0.0181760, 0.0176960, 0.0185600, 0.0182080, 0.0185600, 0.0184960, 0.0176320, 0.0341760, 0.0304960, 0.0180480, 0.0181120, 0.0182720, 0.0345920, 0.0189120, 0.0179520, 0.0182080, 0.0184000, 0.0299840, 0.0206080, 0.0344320, 0.0187520, 0.0181120, 0.0180800, 0.0176000, 0.0185600, 0.0183040, 0.0304960, 0.0182400, 0.0185280, 0.0180480, 0.0178880, 0.0188800, 0.0180480, 0.0178560, 0.0181440, 0.0307200, 0.0182400, 0.0346240, 0.0180160, 0.0179520, 0.0177920, 0.0177920, 0.0182720 ],
"timesExecution": [ 0.0913280, 0.0576000, 0.0737600, 0.0576640, 0.0812800, 0.0562880, 0.1034560, 0.0552960, 0.0555840, 0.0543040, 0.0552320, 0.0747840, 0.0840000, 0.0757760, 0.0542720, 0.0770560, 0.0828160, 0.0552640, 0.0810240, 0.0553600, 0.0737920, 0.0552640, 0.0737600, 0.0458880, 0.0829120, 0.0442240, 0.0604480, 0.0447040, 0.0860160, 0.0593920, 0.0856960, 0.0584640, 0.0637760, 0.0616000, 0.0840960, 0.0566080, 0.0993920, 0.0438080, 0.1136960, 0.0542720, 0.0675840, 0.0718080, 0.0572160, 0.0541120, 0.0662400, 0.0542400, 0.0714880, 0.0640640, 0.0540800, 0.0645120, 0.0532800, 0.0655360, 0.0535680, 0.0800960, 0.0533120, 0.0539520, 0.0539520, 0.0809600, 0.0643200, 0.0524800, 0.0655680, 0.0542400, 0.0754240, 0.0696320, 0.0552320, 0.0534400, 0.0534080, 0.0678080, 0.0535680, 0.0491520, 0.0510720, 0.0490240, 0.0541760, 0.0646080, 0.0535680, 0.0700480, 0.1009600, 0.0632320, 0.0675840, 0.0535360, 0.0809600, 0.0542720, 0.0790080, 0.0542720, 0.0549440, 0.0648320, 0.0541440, 0.0678400, 0.0717440, 0.0491200, 0.0532800, 0.0542720, 0.0543360, 0.0696960, 0.0652480, 0.0543040, 0.0675200, 0.0542400, 0.0829440, 0.0541760 ],
"timesTransferFromDevice": [ 0.0973440, 0.0833600, 0.0641600, 0.0636160, 0.0628480, 0.0971840, 0.0628160, 0.0618240, 0.0619200, 0.0628480, 0.0729280, 0.0890240, 0.0633600, 0.0627840, 0.0616640, 0.0621760, 0.0614080, 0.0696320, 0.0620160, 0.0624320, 0.0623040, 0.0628800, 0.1379840, 0.0694080, 0.0477760, 0.0475520, 0.0477440, 0.0481920, 0.0481280, 0.0478080, 0.0477440, 0.0479040, 0.0601920, 0.0627840, 0.0480640, 0.0479680, 0.0806720, 0.0478080, 0.0468480, 0.0395840, 0.0393600, 0.0404480, 0.0400000, 0.0401280, 0.0394240, 0.0394240, 0.0408320, 0.0559680, 0.0395840, 0.0400960, 0.0397120, 0.0395200, 0.0561280, 0.0395520, 0.0394880, 0.0498560, 0.0392640, 0.0566400, 0.0395840, 0.0400000, 0.0400960, 0.0392640, 0.0396800, 0.0399040, 0.0546240, 0.0398080, 0.0390080, 0.0404160, 0.0404800, 0.0378240, 0.0393920, 0.0398400, 0.0430400, 0.0399680, 0.0562560, 0.0395840, 0.0396160, 0.0399680, 0.0398400, 0.0401280, 0.0393600, 0.0559680, 0.0396800, 0.0396480, 0.0400320, 0.0401280, 0.0578240, 0.0398400, 0.0406720, 0.0397760, 0.0401920, 0.0397440, 0.0597120, 0.0396160, 0.0497280, 0.0401600, 0.0394880, 0.0400640, 0.0399040, 0.0571840 ],
"bins": [ 2, 3, 4, 0, 0, 2, 3, 1, 1, 4, 1, 0, 2, 1, 0, 2, 2, 3, 0, 1, 2, 0, 1, 1, 4, 0, 1, 1, 2, 2, 4, 1, 0, 5, 1, 2, 0, 1, 2, 0, 0, 5, 3, 3, 1, 2, 2, 1, 4, 3, 1, 2, 5, 1, 2, 2, 2, 4, 2, 0, 3, 3, 2, 4, 1, 1, 2, 0, 2, 0, 4, 3, 2, 2, 2, 0, 4, 4, 2, 4, 2, 3, 0, 3, 4, 1, 1, 4, 3, 2, 2, 3, 3, 2, 2, 3, 0, 3, 0, 1, 3, 2, 1, 4, 3, 4, 2, 3, 0, 2, 2, 0, 0, 5, 1, 2, 2, 5, 4, 3, 2, 2, 2, 1, 2, 1, 1, 3 ]
}
,
"histogram_atomic_private": {
"timesTransferToDevice": [ 0.0337600, 0.0490560, 0.0524480, 0.0282240, 0.0259200, 0.0257280, 0.0282560, 0.0256320, 0.0512960, 0.0254400, 0.0487040, 0.0258560, 0.0255040, 0.0253120, 0.0641920, 0.0317760, 0.0262080, 0.0276800, 0.0260160, 0.0256320, 0.0511360, 0.0223040, 0.0220160, 0.0209600, 0.0217600, 0.0328640, 0.0213760, 0.0431040, 0.0220160, 0.0208960, 0.0214400, 0.0208640, 0.0229120, 0.0422400, 0.0218240, 0.0215360, 0.0214720, 0.0207360, 0.0177280, 0.0181760, 0.0185280, 0.0343040, 0.0183040, 0.0185280, 0.0187840, 0.0175680, 0.0182080, 0.0348480, 0.0293120, 0.0183680, 0.0187200, 0.0183040, 0.0178240, 0.0184320, 0.0387520, 0.0180160, 0.0184320, 0.0366400, 0.0179200, 0.0183680, 0.0184640, 0.0181760, 0.0183360, 0.0176320, 0.0179200, 0.0192640, 0.0475840, 0.0178240, 0.0181440, 0.0181440, 0.0182080, 0.0181760, 0.0194560, 0.0175680, 0.0188800, 0.0323200, 0.0185600, 0.0175360, 0.0178880, 0.0181440, 0.0351680, 0.0183040, 0.0363520, 0.0182080, 0.0306880, 0.0183040, 0.0179840, 0.0193600, 0.0386240, 0.0186880, 0.0190400, 0.0185280, 0.0189440, 0.0184960, 0.0196480, 0.0346560, 0.0184640, 0.0185280, 0.0194560, 0.0189440 ],
"timesExecution": [ 0.0586240, 0.0819840, 0.0535680, 0.0696320, 0.0532480, 0.0715520, 0.0530560, 0.1014400, 0.0532160, 0.0533120, 0.0553280, 0.0625920, 0.0715200, 0.0789440, 0.0715840, 0.0808640, 0.0738560, 0.0533120, 0.0542400, 0.0532800, 0.0645440, 0.0778560, 0.0636800, 0.0770240, 0.0419840, 0.0581440, 0.0627200, 0.0593920, 0.0634880, 0.0641600, 0.0569920, 0.0419840, 0.0573760, 0.0439680, 0.0788480, 0.0638080, 0.0613760, 0.0538880, 0.0535680, 0.0551360, 0.0593280, 0.0646080, 0.0540800, 0.0655040, 0.0542720, 0.0490240, 0.0706560, 0.0542720, 0.0539840, 0.0543360, 0.0653120, 0.0542080, 0.0478720, 0.0512640, 0.0484480, 0.0545600, 0.0540160, 0.0540800, 0.0542400, 0.0668480, 0.0539520, 0.0519680, 0.0544960, 0.0664640, 0.0543040, 0.0819200, 0.0551360, 0.0531840, 0.0645120, 0.0534400, 0.0489920, 0.0696640, 0.0490880, 0.0512640, 0.0531840, 0.0624640, 0.0526400, 0.0645120, 0.0542720, 0.0655680, 0.0542400, 0.0651200, 0.0542720, 0.0573120, 0.0534400, 0.0542080, 0.0685760, 0.0737280, 0.0695040, 0.0552000, 0.0727040, 0.0573120, 0.0553280, 0.0550400, 0.0532800, 0.0734080, 0.0560640, 0.0552960, 0.0560320, 0.0550080 ],
"timesTransferFromDevice": [ 0.0670400, 0.0627840, 0.0895040, 0.0612480, 0.0622400, 0.0618560, 0.0626880, 0.0607040, 0.0868800, 0.0619840, 0.0614400, 0.0616320, 0.0630720, 0.0622400, 0.0638400, 0.0623360, 0.0618880, 0.0611520, 0.0750720, 0.0618240, 0.0703360, 0.0477760, 0.0479360, 0.0482240, 0.0475520, 0.0718080, 0.0481600, 0.0462080, 0.0482240, 0.0472000, 0.0480000, 0.0774400, 0.0484800, 0.0609280, 0.0496000, 0.0574720, 0.0622080, 0.0396800, 0.0403200, 0.0570880, 0.0402880, 0.0397440, 0.0404160, 0.0399040, 0.0403840, 0.0405120, 0.0403520, 0.0554240, 0.0406720, 0.0527040, 0.0407040, 0.0395200, 0.0504320, 0.0400960, 0.0400000, 0.0834240, 0.0409280, 0.0397440, 0.0402880, 0.0401600, 0.0628160, 0.0404480, 0.0403200, 0.0403200, 0.0403520, 0.0440960, 0.0558720, 0.0400000, 0.0403200, 0.0678080, 0.0395840, 0.0400640, 0.0402880, 0.0399680, 0.0999680, 0.0400000, 0.0401920, 0.0396480, 0.0396160, 0.0400960, 0.0560000, 0.0396480, 0.0399680, 0.0405760, 0.0402240, 0.0624960, 0.0401600, 0.0398720, 0.0621760, 0.0404160, 0.0405120, 0.0510400, 0.0407360, 0.0422400, 0.0405440, 0.0397440, 0.0401600, 0.0400960, 0.0400640, 0.0403840 ],
"bins": [ 2, 3, 4, 0, 0, 2, 3, 1, 1, 4, 1, 0, 2, 1, 0, 2, 2, 3, 0, 1, 2, 0, 1, 1, 4, 0, 1, 1, 2, 2, 4, 1, 0, 5, 1, 2, 0, 1, 2, 0, 0, 5, 3, 3, 1, 2, 2, 1, 4, 3, 1, 2, 5, 1, 2, 2, 2, 4, 2, 0, 3, 3, 2, 4, 1, 1, 2, 0, 2, 0, 4, 3, 2, 2, 2, 0, 4, 4, 2, 4, 2, 3, 0, 3, 4, 1, 1, 4, 3, 2, 2, 3, 3, 2, 2, 3, 0, 3, 0, 1, 3, 2, 1, 4, 3, 4, 2, 3, 0, 2, 2, 0, 0, 5, 1, 2, 2, 5, 4, 3, 2, 2, 2, 1, 2, 1, 1, 3 ]
}
,