{
"inputLengthInCharacters": 524288,
"uniformInput": true,
"useMappingLetter": true,
"measurements": {
"histogram_one_thread_per_character": {
"timesTransferToDevice": [ 0.1785920, 0.1512960, 0.1459520, 0.1425600, 0.1409600, 0.1387840, 0.1409600, 0.1440320, 0.1374720, 0.1385600, 0.1374720, 0.1370560, 0.1384320, 0.1696640, 0.1368320, 0.1359680, 0.1379200, 0.1380800, 0.1893440, 0.1361920, 0.1357760, 0.1348480, 0.1327680, 0.1344960, 0.1379840, 0.1644800, 0.1514560, 0.1345600, 0.1345280, 0.1341440, 0.1655360, 0.1377600, 0.1337600, 0.1345920, 0.1343360, 0.1534720, 0.1335040, 0.1614720, 0.1337280, 0.1348160, 0.1334720, 0.1331200, 0.1650240, 0.1344960, 0.1326080, 0.1327680, 0.1329280, 0.1498560, 0.1491840, 0.1361600, 0.1687040, 0.1328000, 0.1319680, 0.1330880, 0.1319360, 0.1615040, 0.1326720, 0.1645760, 0.1333120, 0.1488320, 0.1320000, 0.1339520, 0.1344960, 0.1606720, 0.1336000, 0.1327040, 0.1322240, 0.1327040, 0.1329600, 0.1617600, 0.1329920, 0.1328960, 0.1488640, 0.1334080, 0.1328320, 0.1341760, 0.1776320, 0.1325760, 0.1319360, 0.1333440, 0.2233600, 0.1332800, 0.1341440, 0.1515520, 0.1320640, 0.1327680, 0.1325760, 0.1325760, 0.1355840, 0.1612160, 0.1332160, 0.1324480, 0.1321280, 0.1320640, 0.1823040, 0.1352000, 0.1327680, 0.1336000, 0.1320960, 0.1331200 ],
"timesExecution": [ 1.1979200, 1.1524800, 1.1749760, 1.1453120, 1.1423680, 1.1994560, 1.1602880, 1.1933759, 1.1486720, 1.1420161, 1.1698240, 1.1514879, 1.1506881, 1.1568000, 1.1680959, 1.1997440, 1.1448960, 1.1419200, 1.1755199, 1.1778560, 1.1424000, 1.1441920, 1.1585920, 1.2129920, 1.1804160, 1.1514241, 1.1694720, 1.1444800, 1.1466560, 1.1510720, 1.1678720, 1.1873280, 1.1437761, 1.1417600, 1.1657920, 1.1391680, 1.1480000, 1.1530880, 1.1688000, 1.1470079, 1.1412480, 1.1796800, 1.1735359, 1.1505280, 1.1422400, 1.1491840, 1.1590400, 1.1416640, 1.1416640, 1.1529920, 1.1768640, 1.1456960, 1.1408000, 1.1505280, 1.1618240, 1.1513600, 1.1515840, 1.1523200, 1.1690561, 1.1425281, 1.1406400, 1.1738560, 1.1690880, 1.1492800, 1.1516480, 1.1439040, 1.1681920, 1.1430080, 1.1496960, 1.1581440, 1.1670400, 1.1435200, 1.1428800, 1.1380160, 1.1786240, 1.1779521, 1.1498240, 1.1518080, 1.1607680, 1.1403840, 1.1494401, 1.1448320, 1.1760319, 1.1785280, 1.1430080, 1.1494720, 1.1592960, 1.1400640, 1.1818880, 1.1514560, 1.1711680, 1.1427521, 1.1386240, 1.1564161, 1.1789120, 1.1561280, 1.1523200, 1.1457601, 1.1696000, 1.1421440 ],
"timesTransferFromDevice": [ 0.1251200, 0.0668480, 0.0648640, 0.0651520, 0.0659200, 0.0632320, 0.1031040, 0.0631040, 0.0625280, 0.0617280, 0.0628480, 0.0640000, 0.0625600, 0.0906880, 0.0627520, 0.0810240, 0.0622400, 0.0623360, 0.0916800, 0.0629440, 0.0613120, 0.0627520, 0.0622720, 0.0888640, 0.0621760, 0.0621760, 0.0633920, 0.0789120, 0.0622400, 0.0627200, 0.1012480, 0.0625600, 0.0682880, 0.0629760, 0.0623680, 0.0907200, 0.0627200, 0.0630400, 0.0624640, 0.0653440, 0.0615680, 0.0626240, 0.0912640, 0.0627840, 0.0626240, 0.0800000, 0.0627200, 0.0635520, 0.0959360, 0.0619840, 0.0632000, 0.0616960, 0.0623680, 0.0616960, 0.0691520, 0.1347200, 0.0940160, 0.0632000, 0.0625920, 0.0625280, 0.0619520, 0.0890240, 0.0626240, 0.1357120, 0.0618240, 0.0621760, 0.0629120, 0.0674240, 0.0632960, 0.0882240, 0.0629120, 0.1310400, 0.0630400, 0.0628480, 0.0910080, 0.0626560, 0.0626240, 0.0622080, 0.0674560, 0.0626880, 0.0629760, 0.0919040, 0.0624320, 0.0632640, 0.1057600, 0.0784000, 0.0620800, 0.0920320, 0.0622080, 0.0628480, 0.0624960, 0.0804160, 0.0621760, 0.0622400, 0.0709760, 0.1264960, 0.0632960, 0.0633920, 0.0633600, 0.0641280 ],
"bins": [ 0, 524288, 0, 0, 0, 0, 0, 0, 0, 0, 0, 0, 0, 0, 0, 0, 0, 0, 0, 0, 0, 0, 0, 0, 0, 0, 0 ]
}
,
"histogram_atomic_private": {
"timesTransferToDevice": [ 0.1508160, 0.1468480, 0.1416960, 0.1673600, 0.1400960, 0.1565120, 0.1429440, 0.1368640, 0.1373440, 0.1646400, 0.1552000, 0.1338240, 0.1355200, 0.1289280, 0.1358080, 0.1328320, 0.1610240, 0.1331840, 0.1344320, 0.1272000, 0.1242880, 0.1595840, 0.1346560, 0.1342080, 0.1194240, 0.1184320, 0.1154880, 0.1406720, 0.1801280, 0.1149440, 0.1151680, 0.1150080, 0.1154560, 0.1492800, 0.1557440, 0.1328320, 0.1115520, 0.1178560, 0.1186880, 0.1391360, 0.1335680, 0.1128960, 0.1112960, 0.1704000, 0.1336320, 0.1779200, 0.1125120, 0.1112320, 0.1080640, 0.1082240, 0.1282560, 0.1368320, 0.1338240, 0.1082240, 0.1079680, 0.1079360, 0.1101760, 0.1256000, 0.1499520, 0.1330560, 0.1086080, 0.1076800, 0.1057280, 0.1203840, 0.1056000, 0.1322560, 0.1328320, 0.1128960, 0.1342720, 0.1085120, 0.1086400, 0.1179200, 0.1050560, 0.1044800, 0.1328640, 0.1324800, 0.1920000, 0.1106240, 0.1098560, 0.1676480, 0.1368960, 0.1098240, 0.1082560, 0.1055360, 0.1278720, 0.1031040, 0.1033280, 0.1002240, 0.1325760, 0.1756160, 0.1094400, 0.1279680, 0.1160640, 0.1020800, 0.1023040, 0.1018240, 0.1223680, 0.1029120, 0.0992960, 0.1326080 ],
"timesExecution": [ 0.3295040, 0.3658880, 0.3329280, 0.3324160, 0.3274560, 0.3437760, 0.3281280, 0.3255360, 0.3661440, 0.3553600, 0.3374400, 0.3292160, 0.3251200, 0.3454720, 0.3317440, 0.3526400, 0.3356160, 0.3980800, 0.3325440, 0.3219520, 0.3251520, 0.3590720, 0.3291840, 0.3172160, 0.3144640, 0.3320640, 0.3261120, 0.3329280, 0.3245760, 0.3256000, 0.3212800, 0.3089600, 0.3162560, 0.3357760, 0.3324800, 0.3181120, 0.3494720, 0.3295040, 0.3257600, 0.3351360, 0.3185920, 0.3259520, 0.3072960, 0.3122880, 0.3335680, 0.3431360, 0.3140800, 0.3157440, 0.3071680, 0.3283840, 0.3168640, 0.3357440, 0.3288640, 0.3230400, 0.3075520, 0.3083840, 0.3421440, 0.3504320, 0.3288960, 0.3223680, 0.3079360, 0.3257600, 0.3281280, 0.3171200, 0.3120320, 0.3632000, 0.3144000, 0.3394240, 0.3138240, 0.3341440, 0.3093120, 0.3069760, 0.3046720, 0.3499200, 0.3349120, 0.3261760, 0.3194560, 0.3375040, 0.3304960, 0.3372480, 0.3209920, 0.3291520, 0.3136640, 0.3057280, 0.3106240, 0.3303680, 0.3156480, 0.3222400, 0.3254080, 0.3403200, 0.3137600, 0.3120320, 0.3072000, 0.3242240, 0.3075520, 0.3026240, 0.3052160, 0.3090560, 0.3126400, 0.3273280 ],
"timesTransferFromDevice": [ 0.0971200, 0.0638400, 0.0630400, 0.0644800, 0.0631040, 0.0686400, 0.0628800, 0.0619840, 0.0629120, 0.0589120, 0.0636480, 0.1269120, 0.0592320, 0.0625280, 0.1190400, 0.0585920, 0.0628160, 0.0629120, 0.0560640, 0.0555200, 0.0531840, 0.0914560, 0.0618560, 0.0532800, 0.0700800, 0.0516480, 0.0669760, 0.0622080, 0.0500800, 0.0499200, 0.0501760, 0.0494080, 0.0467840, 0.0886080, 0.0625600, 0.0480640, 0.0534400, 0.0682240, 0.0609920, 0.0624960, 0.0487040, 0.0476480, 0.0458880, 0.0880640, 0.0624960, 0.0693120, 0.0476800, 0.0453120, 0.0457600, 0.0437440, 0.0913600, 0.0621120, 0.0463040, 0.0585600, 0.0464000, 0.0674560, 0.0440640, 0.0626240, 0.0637760, 0.0460800, 0.0460800, 0.0448960, 0.0438400, 0.0438400, 0.0623680, 0.0624960, 0.0482560, 0.0480960, 0.0667520, 0.0533120, 0.0442240, 0.0435200, 0.0626240, 0.0631360, 0.0626560, 0.0459840, 0.0468800, 0.0452480, 0.0844160, 0.0895680, 0.0464320, 0.0453120, 0.0444480, 0.0433600, 0.0619840, 0.0418880, 0.0416320, 0.0628800, 0.0618880, 0.0678400, 0.0585600, 0.0419520, 0.0418560, 0.0418240, 0.0419520, 0.0411520, 0.0728960, 0.0388800, 0.0616640, 0.0597760 ],
"bins": [ 0, 524288, 0, 0, 0, 0, 0, 0, 0, 0, 0, 0, 0, 0, 0, 0, 0, 0, 0, 0, 0, 0, 0, 0, 0, 0, 0 ]
}
,