{
"inputLengthInCharacters": 4294967296,
"uniformInput": true,
"useMappingLetter": true,
"measurements": {
"histogram_atomic_private_stride": {
"timesTransferToDevice": [ 611.3053589, 585.8792725, 579.3848267, 579.5041504, 580.7695923, 583.4212646, 578.7218018, 579.0848389, 577.7930298, 578.5802002, 578.4250488, 579.8592529, 581.9456787, 582.3884277, 579.2361450, 579.8688965, 578.8634644, 578.4640503, 579.6591797, 600.7604370, 594.0417480, 588.3953247, 579.2126465, 580.1404419, 579.6698608, 579.4987183, 579.1979370, 580.4099731, 584.0911865, 581.2580566, 579.4062500, 580.0187988, 569.9015503, 580.0165405, 578.6253662, 578.1998291, 582.8383789, 581.3202515, 577.8079224, 579.2518311, 579.0975342, 580.4817505, 578.0642090, 578.8782959, 581.5502930, 581.1621704, 577.4453735, 577.7195435, 579.0015259, 580.1508179, 579.7185669, 583.0145264, 582.6026611, 581.4789429, 575.6708984, 580.6413574, 579.6805420, 579.4265747, 577.9780884, 581.2632446, 584.7506104, 579.9895630, 578.7033081, 578.9251709, 576.4293823, 577.9061890, 578.2835693, 578.5269775, 581.9264526, 579.5131226, 577.9276123, 578.1770020, 577.5260620, 578.2199707, 576.4451294, 578.7846680, 581.9844971, 578.3302002, 577.7454224, 579.2423706, 576.7988892, 579.4666138, 577.7850342, 585.7472534, 591.4138184, 585.0310669, 577.3430786, 592.3555298, 587.5325317, 579.3925781, 576.2967529, 584.2048340, 601.5437012, 601.0731201, 601.5399780, 595.6994019, 579.8844604, 592.6127319, 590.0610352, 589.1925049 ],
"timesExecution": [ 1464.0056152, 1463.9902344, 1472.4998779, 1464.0301514, 1472.4509277, 1464.0289307, 1464.0915527, 1464.0012207, 1463.9899902, 1464.0749512, 1464.0170898, 1472.4666748, 1472.4648438, 1472.4735107, 1472.4495850, 1480.9577637, 1472.5205078, 1463.9982910, 1464.0991211, 1472.4467773, 1472.4573975, 1464.0083008, 1472.4459229, 1464.0118408, 1464.0277100, 1472.4567871, 1463.9658203, 1480.9645996, 1472.4497070, 1472.4488525, 1464.0496826, 1464.0803223, 1464.0023193, 1464.0443115, 1464.0114746, 1472.4327393, 1464.0415039, 1463.9812012, 1472.5264893, 1464.0637207, 1464.0328369, 1472.4621582, 1472.4605713, 1464.0474854, 1464.0485840, 1480.9548340, 1464.0302734, 1464.0390625, 1472.4676514, 1463.9666748, 1472.4537354, 1464.0006104, 1463.9890137, 1463.9771729, 1464.0454102, 1464.0189209, 1464.0251465, 1472.4497070, 1464.0251465, 1464.0328369, 1464.0035400, 1458.5697021, 1480.9643555, 1464.1130371, 1472.4689941, 1463.9920654, 1463.9670410, 1464.0496826, 1464.0290527, 1463.9998779, 1464.0418701, 1480.9609375, 1464.0249023, 1472.4906006, 1463.9802246, 1472.4893799, 1463.9895020, 1464.0084229, 1464.0147705, 1464.0537109, 1463.9807129, 1472.4562988, 1464.0355225, 1464.0627441, 1464.0358887, 1464.0462646, 1463.9992676, 1464.0264893, 1464.0041504, 1464.0454102, 1463.9779053, 1463.9957275, 1464.0416260, 1472.4562988, 1459.1759033, 1472.4599609, 1480.9526367, 1464.0482178, 1472.4362793, 1463.9958496 ],
"timesTransferFromDevice": [ 0.1320000, 0.1240640, 0.1376320, 0.1044800, 0.0967360, 0.1040640, 0.0948800, 0.1020480, 0.0984640, 0.1008960, 0.1042880, 0.1007360, 0.1096000, 0.1040640, 0.1422400, 0.1159360, 0.0978880, 0.1052160, 0.1861120, 0.1030720, 0.1130880, 0.0982080, 0.0962560, 0.1045760, 0.0952000, 0.0965120, 0.0960960, 0.1071360, 0.0977280, 0.1002240, 0.1233280, 0.1059840, 0.1164160, 0.0998400, 0.0968320, 0.1010880, 0.0953920, 0.1022720, 0.0998400, 0.1002240, 0.0952320, 0.1023680, 0.0979840, 0.1018880, 0.1366400, 0.1022720, 0.0946240, 0.1035200, 0.1288960, 0.1019520, 0.1887040, 0.0973440, 0.1010880, 0.1022720, 0.1440000, 0.0982080, 0.1379840, 0.1024320, 0.0968000, 0.1321600, 0.0981120, 0.0992960, 0.0938560, 0.1026240, 0.1003200, 0.0969600, 0.1046080, 0.1050560, 0.1024320, 0.1013760, 0.0986240, 0.1055360, 0.1015040, 0.1044160, 0.1293440, 0.1042560, 0.1021760, 0.1099200, 0.1062720, 0.1020160, 0.1100480, 0.1032000, 0.1632640, 0.0999680, 0.0974400, 0.1049920, 0.1034240, 0.1009920, 0.1000960, 0.1115840, 0.0966720, 0.1032000, 0.1480320, 0.1026880, 0.0949760, 0.1009280, 0.1012480, 0.1053760, 0.1389440, 0.1053120 ],
"bins": [ 0, 0, 0, 0, 0, 0, 0, 0, 0, 0, 0, 0, 0, 0, 0, 0, 0, 0, 0, 0, 0, 0, 0, 0, 0, 0, 0 ]
}
}
}
