{
"inputLengthInCharacters": 4294967296,
"uniformInput": true,
"useMappingLetter": false,
"measurements": {
"histogram_atomic_private_stride": {
"timesTransferToDevice": [ 611.6148682, 581.0008545, 572.9253540, 572.7474976, 573.3815918, 573.7831421, 571.7565918, 574.1194458, 576.0252075, 573.7463379, 572.8645020, 573.0565186, 570.9874878, 574.0393677, 572.9150391, 574.3750000, 576.3338623, 574.3506470, 572.4521484, 572.8234863, 572.3912354, 572.6188965, 571.8850708, 573.6230469, 575.8225098, 573.5667725, 573.9540405, 572.3518677, 571.9832153, 573.1092529, 572.4353027, 573.3450317, 575.8030396, 574.7822876, 573.0410156, 572.0342407, 572.2225952, 574.3933716, 571.8936157, 573.3876343, 578.4335938, 574.5798950, 571.8283081, 571.8314819, 571.3242188, 572.6845703, 572.0452271, 572.4468384, 590.6242065, 579.4821167, 593.7008667, 595.2998047, 587.0546875, 573.9563599, 583.6783447, 572.6980591, 575.9616699, 572.4787598, 572.6455078, 572.1595459, 571.4115601, 572.4787598, 570.1732178, 573.0282593, 576.0897827, 573.7288208, 571.2709961, 572.0888062, 570.6546021, 572.8594971, 572.1708374, 572.5264893, 576.6082764, 573.0784912, 573.6600952, 571.9470215, 572.6664429, 572.7483521, 573.1809082, 575.2280273, 599.6420288, 592.5916138, 587.0174561, 574.7904053, 571.8712769, 572.6273804, 572.1156616, 575.9331055, 575.9658203, 573.3979492, 572.8919678, 571.9234009, 572.3769531, 572.2442627, 572.4649658, 575.3303223, 574.5839233, 574.8442993, 573.2678833, 572.4859009 ],
"timesExecution": [ 1600.6916504, 1591.9210205, 1581.9411621, 1658.6937256, 1583.5708008, 1547.2305908, 1581.6805420, 1579.6353760, 1573.7701416, 1637.2083740, 1604.5471191, 1581.9442139, 1561.1474609, 1633.3306885, 1619.0747070, 1577.4904785, 1619.9913330, 1545.3796387, 1553.2844238, 1593.0452881, 1596.4787598, 1604.8858643, 1544.4666748, 1624.1506348, 1589.8872070, 1574.5948486, 1559.5291748, 1626.5485840, 1616.7159424, 1618.1062012, 1570.8557129, 1571.5905762, 1608.0401611, 1595.3049316, 1662.1063232, 1548.7083740, 1611.6877441, 1580.6614990, 1587.8585205, 1597.2656250, 1568.4167480, 1596.1843262, 1575.8579102, 1570.5985107, 1653.9577637, 1567.5131836, 1590.4768066, 1595.6379395, 1605.8345947, 1618.3944092, 1618.0179443, 1620.5316162, 1550.1086426, 1599.1689453, 1567.5281982, 1589.4674072, 1576.6179199, 1640.1636963, 1582.1575928, 1559.7368164, 1560.1400146, 1535.0758057, 1602.9768066, 1621.5849609, 1549.5732422, 1613.6284180, 1554.7230225, 1593.6043701, 1599.7386475, 1627.9495850, 1586.4960938, 1603.0352783, 1540.1954346, 1567.3055420, 1574.9599609, 1633.6506348, 1581.1583252, 1605.8247070, 1603.9940186, 1628.0576172, 1648.6510010, 1617.0437012, 1594.9901123, 1649.7794189, 1579.5733643, 1562.3081055, 1598.6451416, 1560.7807617, 1580.7037354, 1580.9290771, 1573.2922363, 1569.7296143, 1552.2774658, 1584.9936523, 1567.4215088, 1657.1921387, 1604.6898193, 1601.1549072, 1591.1524658, 1583.9182129 ],
"timesTransferFromDevice": [ 0.1301440, 0.1307840, 0.1012480, 0.1130880, 0.1104960, 0.1086080, 0.1043840, 0.1076800, 0.1053440, 0.1049280, 0.1066240, 0.1091840, 0.1054400, 0.1202560, 0.1382080, 0.1037440, 0.1005120, 0.1079680, 0.1014720, 0.1030400, 0.0977280, 0.1089600, 0.0992960, 0.1027520, 0.1007040, 0.1017600, 0.1026560, 0.1453760, 0.0995520, 0.1030720, 0.1024960, 0.1125440, 0.0993920, 0.1067520, 0.1006720, 0.1074560, 0.1028480, 0.1058560, 0.0993600, 0.1039040, 0.0980800, 0.1044160, 0.0993920, 0.1027200, 0.1376320, 0.1072960, 0.1065280, 0.1485760, 0.0997440, 0.1132480, 0.1033600, 0.1013760, 0.1032000, 0.1082880, 0.0987520, 0.1038720, 0.1398400, 0.1092480, 0.0990720, 0.1056640, 0.1016320, 0.1068160, 0.1052480, 0.1068160, 0.1034240, 0.1022400, 0.1232320, 0.1020800, 0.1016640, 0.1036480, 0.1007680, 0.1003200, 0.1043520, 0.1068800, 0.1358080, 0.1112320, 0.1012800, 0.1059840, 0.1442880, 0.1045440, 0.1001280, 0.1129600, 0.1020480, 0.1076800, 0.0999680, 0.1080640, 0.1115840, 0.1064640, 0.1020480, 0.1530880, 0.1066560, 0.1128640, 0.1046400, 0.1560640, 0.1016640, 0.1549440, 0.1024640, 0.1474880, 0.1013760, 0.1069440 ],
"bins": [ 0, 0, 0, 0, 0, 0, 0, 0, 0, 0, 0, 0, 0, 0, 0, 0, 0, 0, 0, 0, 0, 0, 0, 0, 0, 0, 0, 0, 0, 0, 0, 0, 0, 0, 0, 0, 0, 0, 0, 0, 0, 0, 0, 0, 0, 0, 0, 0, 0, 0, 0, 0, 0, 0, 0, 0, 0, 0, 0, 0, 0, 0, 0, 0, 0, 0, 0, 0, 0, 0, 0, 0, 0, 0, 0, 0, 0, 0, 0, 0, 0, 0, 0, 0, 0, 0, 0, 0, 0, 0, 0, 0, 0, 0, 0, 0, 0, 0, 0, 0, 0, 0, 0, 0, 0, 0, 0, 0, 0, 0, 0, 0, 0, 0, 0, 0, 0, 0, 0, 0, 0, 0, 0, 0, 0, 0, 0, 0 ]
}
}
}
