{
"inputLengthInCharacters": 1048576,
"uniformInput": true,
"useMappingLetter": false,
"measurements": {
"histogram_one_thread_per_character": {
"timesTransferToDevice": [ 0.3520000, 0.2620160, 0.2579520, 0.2594240, 0.2623040, 0.2586880, 0.2561280, 0.2535360, 0.2505920, 0.2510400, 0.2531200, 0.2718720, 0.2501440, 0.2500160, 0.2492160, 0.2481920, 0.2482560, 0.2650560, 0.3414080, 0.2506560, 0.3002880, 0.2472000, 0.2453120, 0.2634880, 0.2574720, 0.2493440, 0.2471680, 0.2463040, 0.2424000, 0.2450560, 0.2438720, 0.2440960, 0.2843200, 0.2601600, 0.2422720, 0.2510720, 0.2460800, 0.2429440, 0.2610240, 0.2432000, 0.2447680, 0.2429440, 0.2447680, 0.2421120, 0.2472960, 0.2650240, 0.2979520, 0.2641280, 0.2756160, 0.2414080, 0.2640640, 0.2474560, 0.3246400, 0.2597440, 0.2437760, 0.3228800, 0.2458560, 0.2829440, 0.2611840, 0.2435840, 0.2418560, 0.2434240, 0.2440000, 0.2654080, 0.2416960, 0.2430720, 0.2421760, 0.2825920, 0.2442880, 0.2433280, 0.2627840, 0.2415040, 0.2413760, 0.2440960, 0.2411200, 0.2844800, 0.2636480, 0.2589760, 0.2413120, 0.2413120, 0.2423360, 0.2415360, 0.2408640, 0.2772800, 0.2675840, 0.2418240, 0.2415360, 0.2415040, 0.2442240, 0.2810240, 0.2416960, 0.2681600, 0.2398720, 0.2413440, 0.2400960, 0.2421440, 0.2424320, 0.2412800, 0.2634560, 0.2394240 ],
"timesExecution": [ 2.2527361, 2.2231679, 2.2374721, 2.2188160, 2.2225599, 2.2390721, 2.2518721, 2.2210879, 2.2351041, 2.2174721, 2.2442880, 2.2406080, 2.2213440, 2.2221119, 2.2393279, 2.3288960, 2.2224000, 2.2459519, 2.2348480, 2.2594240, 2.3098879, 2.2193921, 2.2436161, 2.2787521, 2.2488639, 2.2494400, 2.2247360, 2.2224960, 2.2736640, 2.2069440, 2.2056639, 2.2326400, 2.2236159, 2.2240641, 2.2427840, 2.2248321, 2.2531519, 2.2364480, 2.2526720, 2.2079680, 2.2443521, 2.2252159, 2.2694719, 2.2172160, 2.2240000, 2.2299521, 2.2169919, 2.2210560, 2.2383361, 2.3095040, 2.2126400, 2.2720320, 2.2076800, 2.2115841, 2.2252159, 2.2060800, 2.2685440, 2.2375679, 2.2092800, 2.2146239, 2.2761919, 2.2707200, 2.2398720, 2.2583680, 2.2109759, 2.2322879, 2.2317121, 2.2150719, 2.2725761, 2.2159359, 2.2025280, 2.2249920, 2.2211840, 2.2189441, 2.2329919, 2.2200320, 2.2436161, 2.2364161, 2.2088001, 2.2032001, 2.2491839, 2.2112961, 2.2524481, 2.2236159, 2.2246079, 2.2301121, 2.2124159, 2.2228799, 2.2678080, 2.2225599, 2.2139201, 2.2271359, 2.2088001, 2.2116480, 2.2856641, 2.2176001, 2.2555840, 2.2295680, 2.2149439, 2.2115200 ],
"timesTransferFromDevice": [ 0.1007040, 0.0710400, 0.0679040, 0.1164800, 0.0978240, 0.0964800, 0.0719680, 0.0671360, 0.0658560, 0.0980800, 0.1041600, 0.0659520, 0.0647680, 0.0648000, 0.0647680, 0.0828800, 0.1045760, 0.0645120, 0.0961280, 0.0641600, 0.0644160, 0.0650560, 0.0649920, 0.1129280, 0.1070720, 0.1017600, 0.0659520, 0.0860800, 0.0641280, 0.0652480, 0.0628800, 0.0651840, 0.0639360, 0.0662400, 0.0709760, 0.0634880, 0.0643520, 0.0656000, 0.0643200, 0.0647680, 0.0643200, 0.0930560, 0.0642240, 0.0638720, 0.0646080, 0.0651200, 0.0652800, 0.0821120, 0.0638720, 0.0714240, 0.0953920, 0.0638720, 0.0636160, 0.0637120, 0.0644160, 0.0931520, 0.0833600, 0.1602880, 0.0638400, 0.0709120, 0.0650880, 0.0644800, 0.0953600, 0.0654720, 0.0643520, 0.0645120, 0.0642880, 0.0950400, 0.0640000, 0.0638400, 0.0647680, 0.0775680, 0.0638080, 0.0635520, 0.0648960, 0.0958080, 0.0641280, 0.0637440, 0.0721600, 0.0632320, 0.0627840, 0.0642560, 0.0663040, 0.0960640, 0.1119360, 0.0878080, 0.0632640, 0.0963520, 0.0642560, 0.0637440, 0.0637760, 0.0636480, 0.0642240, 0.0650240, 0.0648000, 0.0946240, 0.0636800, 0.0628800, 0.0646080, 0.0644160 ],
"bins": [ 0, 0, 0, 0, 0, 0, 0, 0, 0, 0, 0, 0, 0, 0, 0, 0, 0, 0, 0, 0, 0, 0, 0, 0, 0, 0, 0, 0, 0, 0, 0, 0, 0, 0, 0, 0, 0, 0, 0, 0, 0, 0, 0, 0, 0, 0, 0, 0, 0, 0, 0, 0, 0, 0, 0, 0, 0, 0, 0, 0, 0, 0, 0, 0, 0, 0, 0, 0, 0, 0, 0, 0, 0, 0, 0, 0, 0, 0, 0, 0, 0, 0, 0, 0, 0, 0, 0, 0, 0, 0, 0, 0, 0, 0, 0, 0, 1048576, 0, 0, 0, 0, 0, 0, 0, 0, 0, 0, 0, 0, 0, 0, 0, 0, 0, 0, 0, 0, 0, 0, 0, 0, 0, 0, 0, 0, 0, 0, 0 ]
}
,
"histogram_atomic_private": {
"timesTransferToDevice": [ 0.2799360, 0.2621760, 0.2578560, 0.2556800, 0.2544320, 0.2852480, 0.2528960, 0.2531840, 0.2853120, 0.3210880, 0.2749120, 0.2429440, 0.2757120, 0.2440960, 0.2429120, 0.2635840, 0.2419200, 0.1895360, 0.2708800, 0.2503360, 0.2454400, 0.2435520, 0.2664000, 0.2412160, 0.2440960, 0.2436480, 0.2336320, 0.2499840, 0.2331840, 0.2594240, 0.2749120, 0.2486400, 0.2346560, 0.2337600, 0.2533760, 0.2370240, 0.2680000, 0.2310720, 0.2699200, 0.2316480, 0.2317440, 0.2309120, 0.2428480, 0.2748160, 0.2798720, 0.2320640, 0.2328960, 0.2317440, 0.2621760, 0.2338880, 0.2498240, 0.2317760, 0.2316480, 0.2417600, 0.3636800, 0.2601920, 0.2432960, 0.2346880, 0.2768000, 0.2319040, 0.2503680, 0.2313280, 0.2840640, 0.2539520, 0.2332480, 0.2317120, 0.2295040, 0.2305280, 0.2688320, 0.2521600, 0.2432320, 0.2413440, 0.2321280, 0.3358720, 0.2763840, 0.2419520, 0.2417600, 0.2363840, 0.2373760, 0.2405120, 0.2404800, 0.2384640, 0.2384000, 0.2406400, 0.3374720, 0.2388800, 0.2220480, 0.2199360, 0.2189120, 0.2178560, 0.2273920, 0.2276160, 0.2828160, 0.2258880, 0.2253760, 0.2333120, 0.2324800, 0.2355520, 0.2624960, 0.2597440 ],
"timesExecution": [ 0.6151360, 0.6409920, 0.6205760, 0.6051200, 0.5977280, 0.6141440, 0.5940800, 0.6335680, 0.6245760, 0.6000320, 0.6046080, 0.6232000, 0.6182080, 0.6513280, 0.6174400, 0.5933120, 0.6364800, 0.5892480, 0.5928640, 0.6388800, 0.6246400, 0.5942400, 0.6320000, 0.6369920, 0.6013120, 0.6451520, 0.5923520, 0.6018880, 0.6100800, 0.6272960, 0.6043200, 0.6450240, 0.6218240, 0.5970240, 0.6117120, 0.6054720, 0.5978240, 0.6168320, 0.6065920, 0.6058880, 0.6184320, 0.6089920, 0.6099840, 0.6056000, 0.6088000, 0.6180160, 0.6173760, 0.5946560, 0.6265920, 0.6336960, 0.6017600, 0.6165440, 0.5928320, 0.6415680, 0.6362240, 0.7328320, 0.6165120, 0.6250880, 0.6052800, 0.5958080, 0.6136960, 0.6008640, 0.6074240, 0.6410880, 0.5978240, 0.6114560, 0.5914880, 0.6054400, 0.6214720, 0.5997760, 0.5896000, 0.6192320, 0.5972480, 0.6943680, 0.6429760, 0.6169600, 0.6273600, 0.6376000, 0.6197120, 0.6452480, 0.6366720, 0.6139520, 0.6410880, 0.6330880, 0.6201600, 0.6782720, 0.5921920, 0.5897920, 0.6094080, 0.6274240, 0.5942720, 0.6464000, 0.6017280, 0.5920000, 0.6088960, 0.6216640, 0.5974720, 0.6564800, 0.6049280, 0.6129600 ],
"timesTransferFromDevice": [ 0.1004800, 0.0638080, 0.0926400, 0.0632640, 0.0638400, 0.0626240, 0.0993280, 0.0634240, 0.0640960, 0.0636160, 0.0668480, 0.0628160, 0.0944640, 0.0648640, 0.0896320, 0.0644800, 0.0699200, 0.0584320, 0.1039360, 0.0644480, 0.0632960, 0.0635200, 0.0648320, 0.1469760, 0.1143680, 0.0605120, 0.0605120, 0.0600320, 0.0816960, 0.0607680, 0.0885440, 0.0627840, 0.0607680, 0.0593280, 0.0893120, 0.0629760, 0.0621120, 0.0698560, 0.1628160, 0.0607040, 0.0605120, 0.0645760, 0.1075200, 0.0873920, 0.0621120, 0.0608000, 0.0608640, 0.0598080, 0.0895040, 0.0609600, 0.0608960, 0.0678400, 0.0641920, 0.0847680, 0.0650240, 0.0658560, 0.0612800, 0.0608000, 0.0610560, 0.0609600, 0.0611520, 0.0600960, 0.0957120, 0.0607040, 0.0607360, 0.0603200, 0.0609600, 0.0591680, 0.0895360, 0.0744640, 0.0608960, 0.0602240, 0.0880960, 0.0654400, 0.0637440, 0.0638720, 0.0626880, 0.0625280, 0.0930880, 0.0600320, 0.0609600, 0.0591360, 0.0592960, 0.0566080, 0.1096000, 0.0562240, 0.0551680, 0.0540480, 0.0550080, 0.0745920, 0.0871040, 0.0567680, 0.0571520, 0.0563200, 0.0610560, 0.0601280, 0.0906560, 0.0600640, 0.0606400, 0.0620800 ],
"bins": [ 0, 0, 0, 0, 0, 0, 0, 0, 0, 0, 0, 0, 0, 0, 0, 0, 0, 0, 0, 0, 0, 0, 0, 0, 0, 0, 0, 0, 0, 0, 0, 0, 0, 0, 0, 0, 0, 0, 0, 0, 0, 0, 0, 0, 0, 0, 0, 0, 0, 0, 0, 0, 0, 0, 0, 0, 0, 0, 0, 0, 0, 0, 0, 0, 0, 0, 0, 0, 0, 0, 0, 0, 0, 0, 0, 0, 0, 0, 0, 0, 0, 0, 0, 0, 0, 0, 0, 0, 0, 0, 0, 0, 0, 0, 0, 0, 1048576, 0, 0, 0, 0, 0, 0, 0, 0, 0, 0, 0, 0, 0, 0, 0, 0, 0, 0, 0, 0, 0, 0, 0, 0, 0, 0, 0, 0, 0, 0, 0 ]
}
,