{
"inputLengthInCharacters": 65536,
"uniformInput": false,
"useMappingLetter": true,
"measurements": {
"histogram_one_thread_per_character": {
"timesTransferToDevice": [ 0.3103040, 0.2831040, 0.2798400, 0.3662080, 0.2794560, 0.2735680, 0.2795840, 0.2798400, 0.2504000, 0.3227200, 0.2913600, 0.0444480, 0.0441920, 0.0439040, 0.0438720, 0.0435200, 0.0423040, 0.0440640, 0.0487360, 0.0480640, 0.0508800, 0.0417600, 0.0412800, 0.0423360, 0.0420160, 0.0695040, 0.0391680, 0.0404800, 0.0409280, 0.0390720, 0.0394240, 0.0394560, 0.0388480, 0.0396800, 0.0485760, 0.0518080, 0.0596160, 0.0562240, 0.0398720, 0.0507200, 0.0479680, 0.0492480, 0.0405440, 0.0562880, 0.0376640, 0.0391680, 0.0394560, 0.0393600, 0.0392320, 0.0554560, 0.0510400, 0.0473280, 0.0475200, 0.0394880, 0.0408000, 0.0564480, 0.0381760, 0.0504320, 0.0385600, 0.0571840, 0.0398720, 0.0506560, 0.0476160, 0.0479680, 0.0390080, 0.0558080, 0.0385600, 0.0387200, 0.0390400, 0.0375360, 0.0397120, 0.0553600, 0.0393600, 0.0395840, 0.0383040, 0.0624960, 0.0388800, 0.0397760, 0.0486720, 0.0519360, 0.0481600, 0.0567040, 0.0386880, 0.0396800, 0.0391360, 0.0390720, 0.0391680, 0.0588160, 0.0382400, 0.0476160, 0.0508160, 0.0715520, 0.0425280, 0.0577600, 0.0393600, 0.0394560, 0.0382720, 0.0782720, 0.0478400, 0.0486080 ],
"timesExecution": [ 0.2498560, 0.2170560, 0.2290880, 0.2119360, 0.2036480, 0.2192000, 0.2438400, 0.2035840, 0.1956160, 0.2158400, 0.2009920, 0.1948160, 0.1853120, 0.1864960, 0.1843520, 0.1966080, 0.1968320, 0.1894080, 0.2099200, 0.2048000, 0.2263040, 0.1874240, 0.1805120, 0.1842560, 0.1874880, 0.1864000, 0.1826560, 0.1957120, 0.1751040, 0.1812480, 0.1842880, 0.1863680, 0.1875840, 0.2058560, 0.2038080, 0.2088640, 0.2369920, 0.1978880, 0.1947520, 0.2058240, 0.2047680, 0.1935360, 0.1966080, 0.1956160, 0.1773120, 0.1743360, 0.1823680, 0.1833280, 0.2057600, 0.1914240, 0.2037760, 0.2027200, 0.1945920, 0.1730560, 0.2016960, 0.1887360, 0.1854720, 0.1823680, 0.2406720, 0.1884480, 0.2048000, 0.2064320, 0.2138880, 0.1983680, 0.1778880, 0.1894400, 0.1880640, 0.1835520, 0.1876160, 0.1823040, 0.2016320, 0.1887680, 0.1833600, 0.1821120, 0.1811840, 0.1822720, 0.1978880, 0.1881920, 0.2025920, 0.2927040, 0.2026240, 0.1761920, 0.1872640, 0.1937920, 0.1793280, 0.1802560, 0.2069120, 0.1854080, 0.1852800, 0.2005120, 0.2108800, 0.1997120, 0.1957120, 0.1843520, 0.1825920, 0.1823360, 0.2019840, 0.2191360, 0.2109120, 0.2096960 ],
"timesTransferFromDevice": [ 0.0971200, 0.0839360, 0.0621760, 0.0620480, 0.0633920, 0.0991040, 0.0618880, 0.0556800, 0.0587840, 0.0585600, 0.0762560, 0.0511680, 0.0538240, 0.0496000, 0.0534080, 0.0476160, 0.0473280, 0.0784640, 0.0766720, 0.0890880, 0.0626240, 0.0480000, 0.0467520, 0.0453440, 0.0472960, 0.0480000, 0.0594240, 0.0424320, 0.0476480, 0.0401280, 0.0400640, 0.0405440, 0.0551680, 0.0632640, 0.0620800, 0.0622080, 0.0530560, 0.0653440, 0.0619200, 0.0615680, 0.0615040, 0.0415360, 0.0409600, 0.0567680, 0.0414400, 0.0399680, 0.0419520, 0.0568000, 0.0402880, 0.0642240, 0.0620160, 0.0620160, 0.0416320, 0.0591040, 0.0408000, 0.0513920, 0.0401920, 0.0399680, 0.0408640, 0.0587840, 0.0685440, 0.0622400, 0.0624640, 0.0514880, 0.0406400, 0.0566080, 0.0404800, 0.0402240, 0.0408320, 0.0572480, 0.0402560, 0.0404800, 0.0410240, 0.0405760, 0.0406720, 0.0561920, 0.0413120, 0.0623680, 0.0614400, 0.0627840, 0.0406080, 0.0576960, 0.0400960, 0.0408640, 0.0407040, 0.0573120, 0.0406400, 0.0403200, 0.0624000, 0.1239040, 0.0623680, 0.0578880, 0.0406080, 0.0400320, 0.0538240, 0.0401280, 0.0623680, 0.0913600, 0.0622400, 0.0408640 ],
"bins": [ 38926, 1031, 1025, 973, 1054, 986, 1038, 1029, 988, 1048, 1001, 1038, 1057, 1025, 1050, 1017, 1013, 1004, 996, 1008, 1053, 986, 1073, 1040, 999, 1033, 1045 ]
}
,
"histogram_atomic_private": {
"timesTransferToDevice": [ 0.0543040, 0.0521920, 0.0753600, 0.0479360, 0.0494400, 0.0483840, 0.0480640, 0.0734400, 0.0505600, 0.0487040, 0.0494400, 0.0487040, 0.0511680, 0.0492800, 0.0849920, 0.0477760, 0.0476800, 0.0474560, 0.0484480, 0.0750080, 0.0488320, 0.0474560, 0.0403840, 0.0412800, 0.0594880, 0.0400000, 0.0411200, 0.0398720, 0.0404800, 0.0387840, 0.0383360, 0.0541760, 0.0397120, 0.0393600, 0.0403200, 0.0399680, 0.0559680, 0.0394880, 0.0392640, 0.0395200, 0.0390400, 0.0459520, 0.0373120, 0.0388480, 0.0398080, 0.0394560, 0.0395520, 0.0393920, 0.0575680, 0.0384000, 0.0404480, 0.0393280, 0.0388480, 0.0579200, 0.0400000, 0.0381760, 0.0408640, 0.0381440, 0.0591040, 0.0402560, 0.0378560, 0.0385920, 0.0388480, 0.0398720, 0.0395840, 0.0544640, 0.0391680, 0.0389120, 0.0392640, 0.0392640, 0.0446720, 0.0382720, 0.0397760, 0.0389760, 0.0401920, 0.0544960, 0.0396160, 0.0388800, 0.0397440, 0.0388800, 0.0388160, 0.0406720, 0.0541760, 0.0379200, 0.0392640, 0.0389760, 0.0390080, 0.0548480, 0.0388480, 0.0397120, 0.0380480, 0.0384320, 0.0389440, 0.0389120, 0.0559360, 0.0396480, 0.0404160, 0.0378240, 0.0391680, 0.0554560 ],
"timesExecution": [ 0.0830080, 0.1115520, 0.0870080, 0.1013760, 0.0860160, 0.0992960, 0.1105920, 0.0840000, 0.0841280, 0.0857280, 0.0860160, 0.0840960, 0.0860480, 0.1115840, 0.0848000, 0.0880640, 0.0853440, 0.0846400, 0.0997120, 0.0839360, 0.0849920, 0.0914240, 0.1114240, 0.0942400, 0.1009920, 0.1245440, 0.0982400, 0.0901120, 0.0953920, 0.0889920, 0.1144960, 0.0941760, 0.0879040, 0.0912640, 0.0918080, 0.1277120, 0.0974720, 0.0934080, 0.0889600, 0.0870080, 0.0868160, 0.1085120, 0.0736960, 0.0921920, 0.0890240, 0.0921920, 0.0900800, 0.1128960, 0.0923200, 0.0888640, 0.0863040, 0.0883200, 0.1176960, 0.0931840, 0.0912320, 0.0871040, 0.0870080, 0.0871680, 0.0990720, 0.1163520, 0.0911680, 0.0880960, 0.0983360, 0.0861120, 0.1144000, 0.0971520, 0.0917760, 0.0868800, 0.0870080, 0.0570880, 0.0932160, 0.0911360, 0.0952640, 0.0867840, 0.0860160, 0.0921600, 0.1127680, 0.0911680, 0.0873280, 0.0850560, 0.0849600, 0.1137920, 0.0974080, 0.0976320, 0.0870080, 0.0902080, 0.0729600, 0.0941760, 0.0942080, 0.0889280, 0.0859840, 0.0901440, 0.0860800, 0.0706560, 0.0935040, 0.0880640, 0.0861120, 0.1412800, 0.1159680, 0.0655040 ],
"timesTransferFromDevice": [ 0.0934080, 0.0626560, 0.0624320, 0.0621120, 0.0630400, 0.0616000, 0.0635520, 0.0874880, 0.1255680, 0.0616640, 0.0628480, 0.0630400, 0.0900800, 0.0630720, 0.0697280, 0.0625280, 0.0629760, 0.0622400, 0.0625920, 0.0586560, 0.0616960, 0.0437440, 0.0439680, 0.0440000, 0.0618880, 0.0441280, 0.0439040, 0.0432960, 0.0401920, 0.0608960, 0.0403840, 0.0404800, 0.0405760, 0.0522560, 0.0400000, 0.0400320, 0.0713600, 0.0401600, 0.0401920, 0.0400640, 0.0403520, 0.0393600, 0.0402880, 0.0405440, 0.0407040, 0.0392960, 0.0591360, 0.0400640, 0.0404160, 0.0392000, 0.0402880, 0.0397440, 0.0527040, 0.0584320, 0.0400000, 0.0400320, 0.0402560, 0.0398080, 0.0597120, 0.0397440, 0.0405760, 0.0397440, 0.0399040, 0.0575040, 0.0398720, 0.0408640, 0.0403520, 0.0506240, 0.0400320, 0.0696640, 0.0502080, 0.0400960, 0.0409280, 0.0399040, 0.0398400, 0.0562240, 0.0400640, 0.0404800, 0.0400320, 0.0399040, 0.0563840, 0.0397440, 0.0400640, 0.0394880, 0.0402560, 0.0395200, 0.0404480, 0.0654080, 0.0395520, 0.0396480, 0.0404800, 0.0512640, 0.0394560, 0.0406720, 0.0403840, 0.0402240, 0.0400640, 0.0395840, 0.0408000, 0.0556480 ],
"bins": [ 38926, 1031, 1025, 973, 1054, 986, 1038, 1029, 988, 1048, 1001, 1038, 1057, 1025, 1050, 1017, 1013, 1004, 996, 1008, 1053, 986, 1073, 1040, 999, 1033, 1045 ]
}
,