{
"inputLengthInCharacters": 1024,
"uniformInput": false,
"useMappingLetter": false,
"measurements": {
"histogram_one_thread_per_character": {
"timesTransferToDevice": [ 0.0634880, 0.0295680, 0.0268160, 0.0479040, 0.0291840, 0.0271360, 0.0474560, 0.0280000, 0.0290240, 0.0260160, 0.0261120, 0.0487040, 0.0259840, 0.1310080, 0.0419200, 0.0250880, 0.0243840, 0.0432960, 0.0461440, 0.0255680, 0.0238080, 0.0228160, 0.0413760, 0.0247040, 0.0457600, 0.0409280, 0.0253120, 0.0243200, 0.0641920, 0.0190400, 0.0326400, 0.0189440, 0.0182080, 0.0316160, 0.0187200, 0.0349120, 0.0313600, 0.0195840, 0.0178880, 0.0192000, 0.0349120, 0.0313920, 0.0188800, 0.0188160, 0.0307520, 0.0192960, 0.0189120, 0.0320640, 0.0194240, 0.0313920, 0.0285760, 0.0191040, 0.0310400, 0.0188480, 0.0181440, 0.0317760, 0.0185280, 0.0192960, 0.0187840, 0.0197760, 0.0311040, 0.0187520, 0.0191360, 0.0312000, 0.0182400, 0.0187200, 0.0311680, 0.0188480, 0.0190080, 0.0192320, 0.0196800, 0.0319040, 0.0345920, 0.0187840, 0.0310720, 0.0211200, 0.0348160, 0.0191360, 0.0183040, 0.0348480, 0.0185920, 0.0201600, 0.0312320, 0.0184960, 0.0344960, 0.0318400, 0.0187200, 0.0187200, 0.0350400, 0.0192000, 0.0315200, 0.0190080, 0.0193280, 0.0314880, 0.0343680, 0.0185920, 0.0329920, 0.0188800, 0.0185920, 0.0192640 ],
"timesExecution": [ 0.0851200, 0.0777280, 0.0552640, 0.0544000, 0.0893440, 0.0572800, 0.0841600, 0.0770880, 0.0562880, 0.0747840, 0.0549440, 0.0563200, 0.1145920, 0.0674560, 0.0716480, 0.0655040, 0.0727360, 0.0706880, 0.0686400, 0.0481280, 0.0638080, 0.0490560, 0.0481280, 0.0870400, 0.0482240, 0.0489600, 0.0645120, 0.0491840, 0.0706880, 0.0839360, 0.0552960, 0.0665280, 0.0551040, 0.0562560, 0.0675840, 0.0562560, 0.0622720, 0.0492160, 0.0552640, 0.0829440, 0.0614400, 0.0552640, 0.0656960, 0.0553600, 0.0544640, 0.0862080, 0.0544320, 0.0716800, 0.0550400, 0.0560640, 0.0665600, 0.0552960, 0.0543040, 0.0676160, 0.0551360, 0.0553920, 0.0665600, 0.0715520, 0.0664320, 0.0727360, 0.0552960, 0.0665600, 0.0551040, 0.0717440, 0.0952960, 0.0718720, 0.0550720, 0.0768000, 0.0543680, 0.0512000, 0.0544640, 0.0719680, 0.0666240, 0.0554560, 0.0551680, 0.0508480, 0.0552000, 0.0870720, 0.0544000, 0.0552640, 0.0665600, 0.0716800, 0.0552640, 0.0665280, 0.0552320, 0.0553280, 0.0666880, 0.0552960, 0.0664960, 0.0707520, 0.0544320, 0.0501440, 0.0544000, 0.0715520, 0.0676160, 0.0546240, 0.0543680, 0.0553600, 0.0583680, 0.0826240 ],
"timesTransferFromDevice": [ 0.1016320, 0.0845440, 0.0648960, 0.0636160, 0.0631040, 0.0984000, 0.0639680, 0.0681280, 0.0623040, 0.0629760, 0.0625920, 0.0631360, 0.0623680, 0.0534400, 0.0653440, 0.0523200, 0.0804480, 0.0537920, 0.0532160, 0.0533760, 0.0528000, 0.0528320, 0.0777600, 0.0533440, 0.0531840, 0.0524480, 0.0573120, 0.0526080, 0.0589760, 0.0395200, 0.0391680, 0.0395520, 0.0403200, 0.0625920, 0.0401920, 0.0615680, 0.0505920, 0.0402560, 0.0397440, 0.0409280, 0.0553280, 0.0397120, 0.0404160, 0.0403200, 0.0404480, 0.0768000, 0.0413760, 0.0403200, 0.0406720, 0.0405120, 0.0406080, 0.0408000, 0.0563840, 0.0417920, 0.0403840, 0.0504960, 0.0403520, 0.0405760, 0.0562240, 0.0301120, 0.0401280, 0.0407680, 0.0408640, 0.0406400, 0.0408320, 0.0401600, 0.0560320, 0.0406720, 0.0405760, 0.0405440, 0.0563520, 0.0407040, 0.0409280, 0.0405760, 0.0400640, 0.0404800, 0.0601600, 0.0405440, 0.0408960, 0.0403200, 0.0404480, 0.0406720, 0.0418880, 0.0469440, 0.0408320, 0.0404800, 0.0410240, 0.0407360, 0.0598080, 0.0406720, 0.0407680, 0.0401920, 0.0405440, 0.0408320, 0.0666560, 0.0405760, 0.0408640, 0.0416960, 0.0560960, 0.0408320 ],
"bins": [ 7, 10, 9, 2, 5, 11, 12, 6, 5, 11, 4, 6, 7, 6, 9, 9, 10, 12, 9, 7, 9, 4, 5, 10, 9, 5, 4, 6, 10, 6, 8, 7, 6, 15, 12, 10, 7, 8, 9, 5, 5, 10, 11, 8, 7, 7, 7, 8, 11, 13, 6, 7, 7, 7, 8, 12, 6, 15, 9, 8, 9, 8, 8, 9, 10, 9, 10, 9, 12, 8, 16, 6, 6, 12, 5, 5, 9, 9, 5, 10, 10, 5, 10, 6, 10, 5, 6, 8, 9, 9, 8, 9, 9, 8, 9, 5, 11, 7, 7, 10, 7, 10, 6, 12, 6, 10, 7, 5, 3, 10, 5, 4, 9, 8, 7, 7, 8, 10, 8, 5, 6, 9, 6, 5, 8, 10, 5, 8 ]
}
,
"histogram_atomic_private": {
"timesTransferToDevice": [ 0.0399040, 0.0489600, 0.0539200, 0.0288960, 0.0482560, 0.0266240, 0.0275200, 0.0289600, 0.0556160, 0.0470400, 0.0298240, 0.0262400, 0.1147520, 0.0269760, 0.0325440, 0.0468480, 0.0271680, 0.0263040, 0.0273280, 0.0263680, 0.0539200, 0.0286080, 0.0270080, 0.0475520, 0.0272320, 0.0295680, 0.0330560, 0.0186240, 0.0189760, 0.0190720, 0.0354240, 0.0349440, 0.0198080, 0.0190400, 0.0198080, 0.0192000, 0.0199360, 0.0192960, 0.0357760, 0.0191680, 0.0198400, 0.0189120, 0.0198400, 0.0193600, 0.0189440, 0.0189440, 0.0193280, 0.0195840, 0.0196160, 0.0190720, 0.0200960, 0.0187840, 0.0372160, 0.0191360, 0.0199040, 0.0192320, 0.0361280, 0.0190400, 0.0200000, 0.0190720, 0.0194880, 0.0193280, 0.0224960, 0.0368320, 0.0202560, 0.0198080, 0.0195840, 0.0358080, 0.0196800, 0.0197440, 0.0197760, 0.0188160, 0.0214080, 0.0188160, 0.0199680, 0.0196160, 0.0200000, 0.0199040, 0.0197120, 0.0196480, 0.0241600, 0.0195200, 0.0198400, 0.0198720, 0.0197440, 0.0392320, 0.0196480, 0.0198080, 0.0195840, 0.0194240, 0.0200000, 0.0199040, 0.0195520, 0.0193280, 0.0206080, 0.0197120, 0.0196160, 0.0188800, 0.0204160, 0.0198080 ],
"timesExecution": [ 0.0571840, 0.0809600, 0.0829120, 0.0553920, 0.0554240, 0.0750080, 0.0559680, 0.0880320, 0.0553280, 0.0552960, 0.0737600, 0.0542720, 0.0532480, 0.0775360, 0.0572480, 0.0555840, 0.0746560, 0.0552000, 0.0764800, 0.0555520, 0.0533440, 0.0736640, 0.0552640, 0.0546240, 0.1014080, 0.1585600, 0.0573760, 0.0779520, 0.0554240, 0.0871360, 0.0566400, 0.0573440, 0.0573120, 0.0570240, 0.0562240, 0.0727040, 0.0562880, 0.0727360, 0.0563200, 0.0563840, 0.0563520, 0.0675840, 0.0564160, 0.1189120, 0.0574080, 0.0797120, 0.0573120, 0.0572800, 0.0571520, 0.0775040, 0.0572160, 0.0740480, 0.0572800, 0.0561280, 0.0554880, 0.0563520, 0.0573440, 0.0736320, 0.0562880, 0.0561600, 0.0569600, 0.0648640, 0.0817920, 0.0562880, 0.0563520, 0.0573760, 0.0564800, 0.0563520, 0.0745600, 0.0562880, 0.0562880, 0.0565440, 0.0727040, 0.0563200, 0.0728640, 0.0593920, 0.0572160, 0.0573440, 0.0733760, 0.0556800, 0.0728000, 0.0563200, 0.0563200, 0.0569600, 0.0728000, 0.0573120, 0.0570240, 0.0563200, 0.0563520, 0.0562880, 0.0727040, 0.0561920, 0.0572800, 0.0563520, 0.0569920, 0.0564800, 0.0734400, 0.0560640, 0.0756160, 0.0602880 ],
"timesTransferFromDevice": [ 0.0937920, 0.0648320, 0.0627520, 0.0632320, 0.0629440, 0.0627200, 0.0880320, 0.0628160, 0.0640000, 0.0688000, 0.0626560, 0.0631040, 0.0647040, 0.1050880, 0.0642880, 0.0623360, 0.0648960, 0.0833920, 0.0947200, 0.0637440, 0.0629760, 0.0631360, 0.0634560, 0.0640000, 0.0643200, 0.0718400, 0.0413440, 0.0412800, 0.0410880, 0.0406080, 0.0580160, 0.0420800, 0.0403520, 0.0511360, 0.0410560, 0.0408320, 0.0408320, 0.0403840, 0.0409280, 0.0398400, 0.0409600, 0.0407360, 0.0411200, 0.0412800, 0.0411200, 0.0404800, 0.0531200, 0.0407360, 0.0406080, 0.0412160, 0.0409920, 0.0443520, 0.0543360, 0.0400000, 0.0411200, 0.0406080, 0.0584000, 0.0411200, 0.0409280, 0.0403840, 0.0408000, 0.0407680, 0.0413760, 0.0412480, 0.0412800, 0.0403200, 0.0414400, 0.0613440, 0.0414080, 0.0718400, 0.0412480, 0.0407360, 0.0407360, 0.0577920, 0.0408000, 0.0409280, 0.0408960, 0.0516160, 0.0408960, 0.0410240, 0.0411200, 0.0409600, 0.0409920, 0.0408320, 0.0412800, 0.0583040, 0.0413440, 0.0408320, 0.0406720, 0.0574400, 0.0409280, 0.0682880, 0.0414720, 0.0399680, 0.0469440, 0.0574400, 0.0411840, 0.0576640, 0.0410880, 0.0400960 ],
"bins": [ 7, 10, 9, 2, 5, 11, 12, 6, 5, 11, 4, 6, 7, 6, 9, 9, 10, 12, 9, 7, 9, 4, 5, 10, 9, 5, 4, 6, 10, 6, 8, 7, 6, 15, 12, 10, 7, 8, 9, 5, 5, 10, 11, 8, 7, 7, 7, 8, 11, 13, 6, 7, 7, 7, 8, 12, 6, 15, 9, 8, 9, 8, 8, 9, 10, 9, 10, 9, 12, 8, 16, 6, 6, 12, 5, 5, 9, 9, 5, 10, 10, 5, 10, 6, 10, 5, 6, 8, 9, 9, 8, 9, 9, 8, 9, 5, 11, 7, 7, 10, 7, 10, 6, 12, 6, 10, 7, 5, 3, 10, 5, 4, 9, 8, 7, 7, 8, 10, 8, 5, 6, 9, 6, 5, 8, 10, 5, 8 ]
}
,