{
"inputLengthInCharacters": 1048576,
"uniformInput": true,
"useMappingLetter": true,
"measurements": {
"histogram_one_thread_per_character": {
"timesTransferToDevice": [ 0.2931520, 0.2636160, 0.3858880, 0.2549120, 0.2518720, 0.2772480, 0.2565760, 0.2461120, 0.2469440, 0.2464000, 0.2536640, 0.2459520, 0.2532160, 0.2447360, 0.2464640, 0.2464000, 0.2811520, 0.2536000, 0.2645440, 0.2435520, 0.2448960, 0.2459520, 0.2640960, 0.2788160, 0.2438720, 0.2423040, 0.2418880, 0.2435840, 0.2433920, 0.2518400, 0.2432640, 0.2610880, 0.2419200, 0.2463680, 0.2778880, 0.2437440, 0.2426880, 0.2415360, 0.2695680, 0.2436160, 0.2407040, 0.2396160, 0.2409600, 0.2401280, 0.2426880, 0.2787520, 0.2418240, 0.2609920, 0.2407040, 0.2403840, 0.2669120, 0.2428480, 0.2836160, 0.2406080, 0.2407360, 0.2592320, 0.2412480, 0.2864320, 0.2434240, 0.2436480, 0.3221440, 0.2423360, 0.2824640, 0.2702720, 0.2403520, 0.2401920, 0.2395520, 0.2399040, 0.2580800, 0.2424640, 0.2419200, 0.2445760, 0.2428800, 0.2612160, 0.2739840, 0.2421760, 0.2630720, 0.2405440, 0.2411520, 0.2808320, 0.2714560, 0.2391680, 0.2387200, 0.2405440, 0.2383360, 0.2584320, 0.2414400, 0.2412480, 0.2422400, 0.2793280, 0.2434880, 0.3284480, 0.2387840, 0.2395200, 0.2411840, 0.2422720, 0.2398400, 0.2429120, 0.2592320, 0.2733760 ],
"timesExecution": [ 2.2616000, 2.2142401, 2.2564800, 2.2154241, 2.2027521, 2.2095680, 2.2432001, 2.3164160, 2.2186241, 2.2506881, 2.2317121, 2.2041600, 2.2107520, 2.2216640, 2.2716801, 2.2651520, 2.2213440, 2.2115519, 2.2326720, 2.2108159, 2.2150400, 2.2547841, 2.2724161, 2.2143681, 2.2134399, 2.2129600, 2.2240641, 2.2204480, 2.2390399, 2.2056320, 2.2337279, 2.2096000, 2.2132800, 2.2557440, 2.2489920, 2.2085760, 2.2132480, 2.2122560, 2.2468159, 2.2751999, 2.2171521, 2.2158720, 2.2341759, 2.2231679, 2.2449920, 2.2244160, 2.2513280, 2.2082241, 2.2127039, 2.2044160, 2.2343359, 2.2533760, 2.2248960, 2.2081599, 2.2263999, 2.2628801, 2.2170880, 2.2187841, 2.2746880, 2.2452800, 2.2647679, 2.2626560, 2.3267200, 2.2207041, 2.2181439, 2.2149439, 2.2361281, 2.2575679, 2.2158079, 2.2440319, 2.2660799, 2.2693441, 2.2436161, 2.2519360, 2.2681601, 2.2083199, 2.2124159, 2.2122240, 2.2688000, 2.2263360, 2.2309120, 2.2084160, 2.2365119, 2.2142401, 2.2043519, 2.2590079, 2.2491200, 2.2487681, 2.2538240, 2.2249279, 2.2293119, 2.2184639, 2.2194879, 2.2434881, 2.2353921, 2.2278399, 2.2959361, 2.2478080, 2.2479360, 2.2231040 ],
"timesTransferFromDevice": [ 0.0985920, 0.0966400, 0.0659840, 0.0639360, 0.1338240, 0.0661440, 0.0722880, 0.0651520, 0.0638720, 0.0630720, 0.0625920, 0.0627520, 0.0623360, 0.0911360, 0.0915200, 0.0827200, 0.0632640, 0.0634240, 0.0629440, 0.0625920, 0.0915840, 0.0942400, 0.0634560, 0.0631680, 0.0623360, 0.0631040, 0.0633920, 0.1136640, 0.0635840, 0.0624960, 0.0614400, 0.0625280, 0.1070720, 0.0631040, 0.0626240, 0.0634880, 0.0624960, 0.0626880, 0.0971520, 0.0646080, 0.0628800, 0.0636800, 0.0629440, 0.0921920, 0.0638720, 0.0630080, 0.0632000, 0.0638720, 0.0630080, 0.0648640, 0.0965440, 0.0625600, 0.0620160, 0.0624960, 0.0623680, 0.0623040, 0.0844800, 0.0940480, 0.0912640, 0.0926720, 0.0914880, 0.0631040, 0.0630400, 0.0655040, 0.0820480, 0.0632320, 0.0631680, 0.0625280, 0.0940160, 0.0914880, 0.0956480, 0.0904960, 0.0902720, 0.0628480, 0.0814080, 0.0630400, 0.0617920, 0.0621120, 0.0618240, 0.0922560, 0.0637440, 0.0643200, 0.0630720, 0.0621440, 0.1459840, 0.1121280, 0.0986240, 0.0901760, 0.0639360, 0.0633600, 0.0613440, 0.0643840, 0.0633600, 0.0622080, 0.0933120, 0.0647360, 0.0939520, 0.0738240, 0.0630720, 0.0944640 ],
"bins": [ 0, 1048576, 0, 0, 0, 0, 0, 0, 0, 0, 0, 0, 0, 0, 0, 0, 0, 0, 0, 0, 0, 0, 0, 0, 0, 0, 0 ]
}
,
"histogram_atomic_private": {
"timesTransferToDevice": [ 0.2664320, 0.2584320, 0.2918400, 0.2548480, 0.2536000, 0.2730240, 0.2801920, 0.2733440, 0.2430400, 0.3375680, 0.2421760, 0.2674560, 0.2398080, 0.2396160, 0.2837760, 0.2428800, 0.2629120, 0.2408640, 0.2381120, 0.2403520, 0.2393600, 0.2722240, 0.2332160, 0.2494080, 0.2324800, 0.2404480, 0.2662720, 0.2315840, 0.2314240, 0.2310400, 0.2327360, 0.2678720, 0.2330240, 0.2310080, 0.2808320, 0.2288000, 0.2314880, 0.2615040, 0.2324480, 0.2315200, 0.2418240, 0.2601600, 0.2751680, 0.2492160, 0.2421120, 0.2424640, 0.2492480, 0.2321280, 0.2421760, 0.2703680, 0.2315840, 0.2313920, 0.2315840, 0.2400320, 0.2723200, 0.2438720, 0.2417280, 0.2401600, 0.2418240, 0.2405120, 0.2619200, 0.2720000, 0.2321280, 0.2631680, 0.2325440, 0.2409600, 0.2769600, 0.2883520, 0.2509440, 0.2672960, 0.2742080, 0.3137920, 0.2431360, 0.3072000, 0.2439680, 0.2392640, 0.2398720, 0.2399040, 0.2421440, 0.2426560, 0.3308800, 0.2626560, 0.2398080, 0.2399680, 0.2395840, 0.2764480, 0.2434880, 0.2412160, 0.2583360, 0.2406720, 0.2684800, 0.2387520, 0.3035200, 0.2424960, 0.2405440, 0.2397120, 0.2404800, 0.2788160, 0.2408960, 0.2399040 ],
"timesExecution": [ 0.5950400, 0.6362560, 0.6042240, 0.6025280, 0.5991040, 0.6155840, 0.6092480, 0.6120000, 0.6440960, 0.6347200, 0.6171200, 0.6091200, 0.6063680, 0.6226880, 0.6256960, 0.6106240, 0.6142400, 0.6236160, 0.5997120, 0.5986560, 0.6450560, 0.6207360, 0.5944960, 0.5930880, 0.5965440, 0.6557760, 0.6228160, 0.6115840, 0.5968000, 0.6152320, 0.5922560, 0.6113280, 0.6329600, 0.6192320, 0.5971840, 0.5960000, 0.6066560, 0.6449920, 0.6048960, 0.6095040, 0.6080960, 0.6222720, 0.6058240, 0.6419520, 0.6000320, 0.6148800, 0.6037120, 0.5923840, 0.6486720, 0.6227840, 0.6019200, 0.6061760, 0.5936640, 0.6164160, 0.6092800, 0.6070080, 0.6035200, 0.6419840, 0.6009920, 0.5988480, 0.6130560, 0.6268800, 0.5987840, 0.5905280, 0.5912320, 0.6255360, 0.6077440, 0.5978240, 0.6242240, 0.6301440, 0.6877120, 0.6501440, 0.6141440, 0.6498880, 0.6169280, 0.6077120, 0.6063040, 0.6261440, 0.6022400, 0.6164480, 0.6119040, 0.6394560, 0.6104000, 0.6336640, 0.6033920, 0.6380160, 0.6157760, 0.6148480, 0.6041920, 0.6214080, 0.6057280, 0.6714560, 0.6138880, 0.6315520, 0.6739840, 0.6032320, 0.6008000, 0.6114880, 0.6501440, 0.6027200 ],
"timesTransferFromDevice": [ 0.0980480, 0.0636800, 0.0914240, 0.0631040, 0.0619520, 0.0631360, 0.0667200, 0.0912960, 0.0645440, 0.0645440, 0.0645440, 0.0642880, 0.0739840, 0.0629120, 0.1247040, 0.0633920, 0.0637120, 0.0629120, 0.0630080, 0.0635200, 0.0630720, 0.0607680, 0.0593600, 0.0600320, 0.0792320, 0.0597120, 0.1068800, 0.0602880, 0.0593600, 0.0596160, 0.0592640, 0.0877760, 0.0593280, 0.0592320, 0.0598080, 0.0593920, 0.0607360, 0.0869760, 0.0594560, 0.0623040, 0.0623680, 0.0612480, 0.0962560, 0.0875200, 0.0626880, 0.0586240, 0.0591360, 0.0939840, 0.0587520, 0.0581760, 0.0589760, 0.0579520, 0.0619200, 0.0805760, 0.0948160, 0.0617600, 0.0622080, 0.1422400, 0.0619200, 0.0628480, 0.0636160, 0.0768320, 0.0628480, 0.0589440, 0.0618880, 0.0636160, 0.0918080, 0.0584640, 0.0594240, 0.0718720, 0.1272960, 0.0635520, 0.0847040, 0.0758080, 0.0640000, 0.0628160, 0.0628160, 0.0629120, 0.0956160, 0.0636480, 0.0941120, 0.0625920, 0.0629440, 0.0625280, 0.0630720, 0.0625280, 0.0618880, 0.0617920, 0.0619840, 0.0609600, 0.0636800, 0.0624000, 0.0937600, 0.0614400, 0.0626560, 0.0611520, 0.0652160, 0.0926720, 0.0629440, 0.0608000 ],
"bins": [ 0, 1048576, 0, 0, 0, 0, 0, 0, 0, 0, 0, 0, 0, 0, 0, 0, 0, 0, 0, 0, 0, 0, 0, 0, 0, 0, 0 ]
}
,