{
"inputLengthInCharacters": 268435456,
"uniformInput": false,
"useMappingLetter": false,
"measurements": {
"histogram_one_thread_per_character": {
"timesTransferToDevice": [ 41.6645126, 41.7729912, 41.7493439, 40.0237427, 40.3332787, 40.5138893, 40.1991348, 39.3284492, 40.0452805, 40.1176338, 39.5119362, 40.0497932, 38.6474876, 38.4831696, 38.1191025, 38.1575050, 38.4280319, 38.9135666, 37.7412491, 37.9309120, 38.3573112, 37.8082237, 37.8242226, 38.2154236, 37.7960014, 38.0610237, 37.8032303, 38.0495377, 37.9306564, 38.0918388, 38.4323502, 38.1146545, 37.6117439, 37.7879982, 37.9738579, 37.4720650, 37.5616302, 37.7801590, 37.4983025, 38.0256004, 37.8509445, 37.4851837, 38.1869125, 37.9784622, 37.6418571, 37.5290222, 38.0973129, 37.8524170, 37.8541756, 37.9728317, 37.6147537, 37.6700172, 37.8199997, 38.0992012, 37.8838387, 37.7480621, 37.5120964, 37.4643517, 37.6995506, 37.5828476, 37.7666893, 37.8222389, 37.6532173, 38.1584015, 37.4266891, 37.7919998, 37.8623352, 38.0225296, 37.4011536, 37.8933754, 37.9596481, 37.5060806, 37.6203194, 37.8154259, 36.9591026, 37.4883537, 37.8415985, 37.4986877, 37.7297592, 37.7534409, 37.8056946, 38.0816650, 37.6637459, 37.3969917, 37.4890556, 38.8513603, 37.7588158, 37.4833603, 37.3568649, 37.7430725, 37.6251526, 37.7554245, 37.4618568, 38.0026550, 37.3069458, 37.8456001, 37.7737923, 37.6712952, 37.4510384, 37.9473610 ],
"timesExecution": [ 194.4978180, 194.4669189, 194.4426880, 194.4523468, 194.4573059, 194.5439301, 194.4664612, 194.4978485, 194.4667816, 194.4596100, 194.4392700, 194.4702148, 194.4600983, 194.4406738, 194.4876862, 194.4621429, 194.4416656, 194.4899139, 194.4656982, 194.4509125, 194.4690552, 194.4446106, 194.4471436, 194.4597473, 194.4617004, 194.4577332, 194.4509430, 194.4493408, 194.4542694, 194.4560699, 194.4538879, 194.4485168, 194.4498291, 194.4561615, 194.4969940, 194.4524841, 194.4552917, 194.5417633, 194.4348755, 194.4558716, 194.4742737, 194.4551697, 194.4457855, 194.4396515, 194.4509430, 194.4309082, 194.4458923, 194.4476166, 194.4367371, 194.4595795, 194.4513245, 194.4594574, 194.4665527, 194.4750061, 194.5001221, 194.4556427, 194.4662018, 194.4810944, 194.4657288, 194.4473572, 194.4799347, 194.4637451, 194.4954834, 194.4421082, 194.4566040, 194.4611816, 194.4617615, 194.4680023, 194.5079956, 194.4541168, 194.4486084, 194.4377899, 194.4432068, 194.4609985, 194.4604797, 194.4693451, 194.4479065, 194.5015411, 194.4597473, 194.4513855, 194.5003510, 194.4622040, 194.4847412, 194.4503326, 194.4347839, 194.4634857, 194.4491882, 194.4669495, 194.4937592, 194.4523163, 194.4407654, 194.4499817, 194.4515839, 194.4448700, 194.4447937, 194.4512329, 194.4443817, 194.5207367, 194.4504395, 194.4512634 ],
"timesTransferFromDevice": [ 0.1598080, 0.1857280, 0.0945920, 0.1360000, 0.1433280, 0.5764800, 0.1073920, 0.1113920, 0.1423040, 0.1010880, 0.0992640, 0.1505600, 0.0961920, 0.1030400, 0.1620800, 0.0985920, 0.1075520, 0.1046080, 0.1524480, 0.0992960, 0.0982400, 0.1031040, 0.0975360, 0.1014080, 0.1012800, 0.0986560, 0.0959040, 0.1112640, 0.1539840, 0.1005440, 0.0987520, 0.1029120, 0.1407040, 0.1027840, 0.1469120, 0.1019200, 0.1027840, 0.0974080, 0.1405120, 0.1036800, 0.1212800, 0.1015680, 0.0986880, 0.1031040, 0.0978880, 0.1335680, 0.0986560, 0.1053760, 0.1402560, 0.1084480, 0.1011200, 0.1347200, 0.1447360, 0.1025280, 0.1012800, 0.1406080, 0.0988800, 0.1049600, 0.1470400, 0.1160640, 0.1048320, 0.1033600, 0.1020800, 0.1437120, 0.0981440, 0.1433280, 0.0965120, 0.1647360, 0.0986880, 0.1347840, 0.1003840, 0.1107520, 0.1051520, 0.1096640, 0.1391040, 0.1337920, 0.0994240, 0.1043840, 0.1412800, 0.1422080, 0.0978560, 0.0974080, 0.1053760, 0.1022720, 0.1031360, 0.1101440, 0.1016000, 0.1047040, 0.1011840, 0.0967360, 0.1096640, 0.1003200, 0.1050240, 0.0992960, 0.1048640, 0.1644800, 0.1014400, 0.1010880, 0.1007040, 0.1396480 ],
"bins": [ 2096674, 2097836, 2098310, 2095555, 2097065, 2098840, 2096945, 2099103, 2100258, 2097992, 2095812, 2096448, 2096669, 2098342, 2098488, 2096597, 2096221, 2096569, 2095113, 2097874, 2097485, 2095730, 2094358, 2098405, 2098264, 2096815, 2096388, 2096770, 2095224, 2095911, 2095356, 2097805, 2096615, 2099470, 2099325, 2094848, 2095950, 2097879, 2096612, 2098868, 2095039, 2098798, 2099479, 2098016, 2096023, 2095935, 2098202, 2096924, 2096583, 2096135, 2097386, 2096678, 2099266, 2095465, 2096668, 2099495, 2096245, 2096388, 2097402, 2096850, 2096744, 2097434, 2098435, 2096909, 2098636, 2095206, 2097906, 2101005, 2096791, 2097909, 2099076, 2100782, 2095056, 2095790, 2097574, 2098144, 2096282, 2096663, 2097938, 2099362, 2100724, 2096497, 2094848, 2097730, 2096296, 2095692, 2095695, 2096718, 2098228, 2095819, 2097994, 2098259, 2098411, 2096036, 2095664, 2096278, 2096968, 2094207, 2096461, 2097244, 2097019, 2097218, 2099930, 2094976, 2095970, 2097812, 2097952, 2096373, 2097914, 2095377, 2098284, 2098783, 2096475, 2095821, 2096523, 2096009, 2095878, 2096357, 2095433, 2097487, 2097339, 2097217, 2098777, 2098835, 2095527, 2096846, 2099616, 2096531 ]
}
,
"histogram_atomic_private": {
"timesTransferToDevice": [ 37.4296646, 37.9602890, 38.0735054, 38.1182404, 37.6268158, 37.6599998, 37.9566727, 37.3455048, 37.6520958, 37.4535370, 37.6777267, 38.0164490, 37.6563835, 37.4056969, 37.6765442, 37.9039688, 37.7027855, 37.8830719, 37.5748787, 37.0548477, 37.4222069, 37.1531181, 36.9594231, 37.2563515, 38.1317749, 37.3113937, 37.6970863, 37.7208633, 37.8108177, 37.3361931, 38.5239677, 37.8195839, 38.2267189, 38.0981102, 37.8294411, 38.1004143, 38.2240334, 37.5836792, 37.6607361, 37.8869438, 37.8154869, 37.5121269, 37.3863983, 37.0951996, 37.2245102, 37.4531212, 37.6217613, 37.6772461, 38.1146545, 37.2127342, 36.9799995, 37.5629120, 37.6687050, 37.1541443, 37.3712654, 37.5941124, 37.4111671, 37.2085457, 37.5461121, 37.8012810, 37.4201279, 37.6176949, 37.2112656, 37.3722229, 37.3968658, 37.4844818, 37.6788483, 37.7458229, 37.1914558, 37.4929924, 37.6409607, 37.4383698, 36.8946877, 37.4767685, 37.2416000, 37.0581741, 37.2746544, 37.6320953, 37.0727997, 37.5108795, 37.4200974, 37.3236809, 37.1948471, 37.3391342, 37.7581749, 37.0583344, 37.7451210, 37.5944328, 37.4802895, 37.0746880, 37.4320641, 37.7434883, 37.3119049, 37.3461456, 37.3423347, 37.5049286, 37.2134399, 37.3473930, 37.8235207, 37.7816010 ],
"timesExecution": [ 45.4185600, 45.3946228, 45.4287682, 45.3764801, 45.4611855, 45.3671036, 45.3868484, 45.3669434, 45.3967667, 45.3788795, 45.3861122, 45.3701134, 45.4043503, 45.3956490, 45.4349136, 45.4136314, 45.3771858, 45.4107513, 45.3783684, 45.3694382, 45.3956146, 45.3555183, 45.3889618, 45.3776627, 45.3685112, 45.3588142, 45.3815041, 45.3763504, 45.4170876, 45.3664627, 45.3910065, 45.3851852, 45.4031029, 45.3455353, 45.3724785, 45.3728943, 45.3615685, 45.3987503, 45.4206085, 45.3618240, 45.3929291, 45.4278412, 45.3877754, 45.3864632, 45.3664627, 45.3835831, 45.3692474, 45.3831367, 45.3843193, 45.3947182, 45.3819847, 45.3568306, 45.3932495, 45.4165459, 45.3781433, 45.4061432, 45.3844490, 45.4110718, 45.3337288, 45.4220467, 45.4048958, 45.3978882, 45.3864632, 45.4330864, 45.3963203, 45.3971519, 45.3831024, 45.3881607, 45.3776627, 45.3712311, 46.0088005, 45.3569603, 45.3786888, 45.4688950, 45.3639030, 45.3810234, 45.3648643, 45.3767357, 45.3583031, 45.3643837, 45.4027519, 45.3835526, 45.4362869, 45.4864655, 45.3720016, 45.3630066, 45.3836784, 45.3978882, 45.3873901, 45.3749428, 45.3711357, 45.3634224, 45.3743362, 45.3619194, 45.3747520, 45.3682556, 45.4048004, 45.4088326, 45.3819199, 45.4029427 ],