{
"inputLengthInCharacters": 512,
"uniformInput": true,
"useMappingLetter": true,
"measurements": {
"histogram_one_thread_per_character": {
"timesTransferToDevice": [ 0.0450240, 0.0610240, 0.0269120, 0.0288320, 0.0468480, 0.0264000, 0.0283520, 0.0256000, 0.0549440, 0.0488320, 0.0281920, 0.0264000, 0.0256000, 0.0264960, 0.0709120, 0.0256640, 0.0259200, 0.0320320, 0.0252800, 0.0520960, 0.0252800, 0.0494080, 0.0256640, 0.0232000, 0.0215680, 0.0215360, 0.0565440, 0.0227840, 0.0225280, 0.0213760, 0.0216320, 0.0589440, 0.0224320, 0.0211840, 0.0222400, 0.0213120, 0.0370240, 0.0211840, 0.0207040, 0.0183040, 0.0174720, 0.0181760, 0.0186880, 0.0304320, 0.0179520, 0.0175680, 0.0177600, 0.0176960, 0.0301760, 0.0183680, 0.0181120, 0.0179200, 0.0177920, 0.0302720, 0.0189120, 0.0173760, 0.0184320, 0.0198720, 0.0310400, 0.0178880, 0.0174080, 0.0181440, 0.0174400, 0.0179520, 0.0174720, 0.0287680, 0.0178880, 0.0174080, 0.0187200, 0.0349120, 0.0296640, 0.0174400, 0.0185280, 0.0176640, 0.0397440, 0.0320960, 0.0182400, 0.0176640, 0.0176640, 0.0181120, 0.0305280, 0.0338240, 0.0176960, 0.0183680, 0.0173440, 0.0176000, 0.0334400, 0.0292160, 0.0175040, 0.0177280, 0.0182080, 0.0181440, 0.0298560, 0.0374080, 0.0182080, 0.0188480, 0.0176000, 0.0317120, 0.0182720, 0.0346560 ],
"timesExecution": [ 0.0911680, 0.0778560, 0.0890880, 0.0552640, 0.0540160, 0.0572800, 0.0751040, 0.0801280, 0.0826880, 0.0555840, 0.0816960, 0.0769280, 0.0552960, 0.0567680, 0.0603840, 0.0563520, 0.0754240, 0.0552640, 0.0756160, 0.0553920, 0.0798720, 0.0551040, 0.0819200, 0.0787840, 0.0645120, 0.0860160, 0.0632320, 0.0645120, 0.0777920, 0.0652800, 0.0827840, 0.0645120, 0.0634880, 0.0585280, 0.0634880, 0.0645120, 0.0727040, 0.0839680, 0.0887360, 0.0542720, 0.0645120, 0.0542400, 0.0729280, 0.0541760, 0.0718080, 0.0656000, 0.0623040, 0.0534080, 0.0532800, 0.0696640, 0.0646400, 0.0550080, 0.0539200, 0.0581760, 0.0532480, 0.0665280, 0.0798720, 0.0536320, 0.0538880, 0.0541120, 0.0642240, 0.0430400, 0.0655680, 0.0716800, 0.0522880, 0.0542080, 0.0663040, 0.0644800, 0.0528960, 0.0551040, 0.0532800, 0.0542720, 0.0646080, 0.0557120, 0.0522880, 0.0542720, 0.0385920, 0.0655040, 0.0532160, 0.0534720, 0.0505280, 0.0532480, 0.0644800, 0.0541760, 0.0645440, 0.0587520, 0.0533760, 0.0552640, 0.0539840, 0.0655680, 0.0532160, 0.0541120, 0.0758080, 0.0531840, 0.0656000, 0.0965120, 0.0533120, 0.0541120, 0.0694400, 0.0655040 ],
"timesTransferFromDevice": [ 0.0962240, 0.0823040, 0.0672000, 0.0603840, 0.0614400, 0.0606720, 0.0704960, 0.0609280, 0.0871360, 0.0606400, 0.0598720, 0.0608000, 0.0600000, 0.0661120, 0.0847680, 0.0609920, 0.0596480, 0.0603840, 0.0608000, 0.0859200, 0.0607680, 0.0605760, 0.1423040, 0.0468480, 0.0685120, 0.0469120, 0.0471360, 0.0471360, 0.0718080, 0.0465600, 0.0471360, 0.0663040, 0.0509440, 0.0462720, 0.0468160, 0.0469760, 0.0584960, 0.0465280, 0.0422080, 0.0392960, 0.0386240, 0.0393280, 0.0386560, 0.0565440, 0.0385920, 0.0395200, 0.0384320, 0.0389120, 0.0384640, 0.0384320, 0.0550080, 0.0395840, 0.0398400, 0.0385920, 0.0388800, 0.0842240, 0.0388480, 0.0552320, 0.0388480, 0.0384640, 0.0384640, 0.0385600, 0.0577280, 0.0394240, 0.0384640, 0.0390080, 0.0388800, 0.0579200, 0.0392640, 0.0392320, 0.0392960, 0.0435520, 0.0385920, 0.0384000, 0.0567040, 0.0389440, 0.0387520, 0.0387520, 0.0386240, 0.0569600, 0.0386240, 0.0388800, 0.0388160, 0.0387200, 0.0391360, 0.0392960, 0.0632000, 0.0399360, 0.0384320, 0.0384320, 0.0387520, 0.0408000, 0.0392000, 0.0392960, 0.0488320, 0.0390720, 0.0394240, 0.0389440, 0.0392640, 0.0553280 ],
"bins": [ 0, 512, 0, 0, 0, 0, 0, 0, 0, 0, 0, 0, 0, 0, 0, 0, 0, 0, 0, 0, 0, 0, 0, 0, 0, 0, 0 ]
}
,
"histogram_atomic_private": {
"timesTransferToDevice": [ 0.0409280, 0.0480000, 0.0259520, 0.0267520, 0.0259200, 0.0276160, 0.0466880, 0.0251840, 0.0261120, 0.0276480, 0.0263040, 0.0459200, 0.0286080, 0.0248640, 0.0300480, 0.0504960, 0.0282560, 0.0262400, 0.0232000, 0.0237760, 0.0246720, 0.0231360, 0.0220800, 0.0388800, 0.0233600, 0.0295360, 0.0236480, 0.0235840, 0.0402880, 0.0282560, 0.0232960, 0.0239680, 0.0232320, 0.0415680, 0.0387520, 0.0175680, 0.0183040, 0.0180800, 0.0186240, 0.0182400, 0.0344320, 0.0182080, 0.0181440, 0.0178560, 0.0178240, 0.0315200, 0.0346560, 0.0174400, 0.0183040, 0.0179520, 0.0300480, 0.0175360, 0.0344960, 0.0180480, 0.0180480, 0.0299520, 0.0182080, 0.0178240, 0.0344960, 0.0176000, 0.0181760, 0.0178560, 0.0184640, 0.0181760, 0.0188160, 0.0178880, 0.0345600, 0.0302400, 0.0178560, 0.0176960, 0.0178240, 0.0184640, 0.0315520, 0.0176000, 0.0176000, 0.0176320, 0.0178880, 0.0296960, 0.0183040, 0.0187520, 0.0179520, 0.0174720, 0.0186560, 0.0182080, 0.0180480, 0.0178880, 0.0180480, 0.0342080, 0.0177920, 0.0308800, 0.0177920, 0.0178560, 0.0178240, 0.0183040, 0.0302080, 0.0178880, 0.0179840, 0.0181440, 0.0178880, 0.0299840 ],
"timesExecution": [ 0.0512000, 0.0830080, 0.0822080, 0.0757760, 0.0542720, 0.0542720, 0.0565120, 0.0800320, 0.0737920, 0.0596480, 0.0559360, 0.0542400, 0.0561280, 0.0788800, 0.0811200, 0.0747200, 0.0542720, 0.0706560, 0.0505600, 0.0696640, 0.0873920, 0.0689600, 0.0461120, 0.0696320, 0.0470720, 0.0645120, 0.0478400, 0.0663040, 0.0480640, 0.0695040, 0.0634880, 0.0695360, 0.0461120, 0.0747200, 0.0542720, 0.0653760, 0.0542400, 0.0655040, 0.0540800, 0.0706560, 0.0562880, 0.0540800, 0.0655680, 0.0539840, 0.0542720, 0.0695360, 0.0544320, 0.0655360, 0.0543040, 0.0531520, 0.0542720, 0.0747840, 0.0504640, 0.0519040, 0.0541760, 0.0539520, 0.0542080, 0.0656960, 0.0542400, 0.0724800, 0.0534400, 0.0549120, 0.0553280, 0.0534720, 0.0491520, 0.0716800, 0.0533760, 0.0532480, 0.0552640, 0.0645120, 0.0962560, 0.0747840, 0.0606080, 0.0696000, 0.0655040, 0.0532160, 0.0544320, 0.0534080, 0.0541120, 0.0883200, 0.0651840, 0.0645120, 0.0696320, 0.0543040, 0.0546560, 0.0524480, 0.0655040, 0.0541760, 0.0717440, 0.0532800, 0.0551040, 0.0656000, 0.0542720, 0.0532480, 0.0542400, 0.0532480, 0.0655680, 0.0706880, 0.0532800, 0.0532480 ],
"timesTransferFromDevice": [ 0.0645120, 0.0864640, 0.0607360, 0.0650560, 0.0605120, 0.0658560, 0.0609600, 0.0605760, 0.0854400, 0.0595520, 0.0609600, 0.0634560, 0.0608640, 0.0854400, 0.0645120, 0.0600320, 0.0627200, 0.0514880, 0.0514560, 0.0741760, 0.0525120, 0.0516480, 0.0512640, 0.0513920, 0.0515840, 0.0513280, 0.0731840, 0.0514880, 0.0518400, 0.0513280, 0.0511680, 0.0509440, 0.1176000, 0.0497280, 0.0574400, 0.0388800, 0.0395840, 0.0482880, 0.0392960, 0.0392320, 0.0563520, 0.0482880, 0.0489600, 0.0387520, 0.0392960, 0.0387200, 0.0545600, 0.0397760, 0.0393280, 0.0391360, 0.0392960, 0.0396800, 0.0499520, 0.0388160, 0.0398400, 0.0386240, 0.0394560, 0.0430080, 0.0552320, 0.0385600, 0.0388160, 0.0389120, 0.0523200, 0.0397760, 0.0553920, 0.0388480, 0.0393600, 0.0390080, 0.0388800, 0.0662720, 0.0562240, 0.0384000, 0.0392640, 0.0393600, 0.0388480, 0.0391680, 0.0391680, 0.0286400, 0.0394240, 0.0388480, 0.0563840, 0.0385280, 0.0391040, 0.0387520, 0.0394560, 0.0388800, 0.0386560, 0.0460160, 0.0391680, 0.0568640, 0.0391040, 0.0491520, 0.0387200, 0.0389760, 0.0392320, 0.0388480, 0.0392320, 0.0423040, 0.0394240, 0.0385920 ],
"bins": [ 0, 512, 0, 0, 0, 0, 0, 0, 0, 0, 0, 0, 0, 0, 0, 0, 0, 0, 0, 0, 0, 0, 0, 0, 0, 0, 0 ]
}
,