{
"inputLengthInCharacters": 134217728,
"uniformInput": false,
"useMappingLetter": true,
"measurements": {
"histogram_one_thread_per_character": {
"timesTransferToDevice": [ 20.3095360, 20.9550400, 21.2036152, 20.9661751, 21.7108479, 21.3714561, 20.9377594, 20.8559685, 21.0132809, 20.2607689, 20.3174725, 20.3235836, 20.4243526, 20.2186871, 19.9357433, 19.9020157, 19.3419838, 19.6192322, 19.5856953, 19.9754562, 19.3725433, 19.3840313, 19.7163200, 19.5480957, 19.5914249, 19.6297913, 19.3430405, 19.3527031, 19.6662407, 20.2960968, 19.7131519, 19.4855671, 19.3613129, 19.6607361, 19.4833603, 19.9291191, 19.2527676, 19.8354568, 19.4742718, 20.1344967, 19.5322247, 19.8486080, 19.6611519, 19.6849289, 19.7202873, 19.6324806, 19.7709751, 19.6188793, 19.2727680, 19.4743671, 19.7446079, 19.5149441, 19.4600315, 19.4967690, 19.9982071, 19.2083836, 19.1414089, 19.4798088, 19.7036476, 19.7632637, 19.2568951, 19.5744324, 19.5538883, 19.7050247, 19.6291199, 19.3201275, 19.1093769, 19.5780163, 19.4797764, 19.8939838, 19.6229763, 19.2752323, 19.2958393, 19.6608963, 19.3655033, 19.9679031, 19.8168964, 19.4666882, 19.2534084, 19.9500484, 19.6243839, 19.2654400, 19.1762562, 19.4915524, 19.2727356, 19.7876797, 19.7183037, 19.5036163, 19.4302082, 19.9282246, 19.2958717, 19.6079369, 18.9872322, 19.3024635, 20.0015049, 19.7821121, 19.6825924, 19.2969913, 19.3267193, 20.1063671 ],
"timesExecution": [ 214.2484436, 214.2204132, 214.3202209, 214.8389435, 214.2574768, 214.2375946, 214.3061829, 214.2276764, 214.2100830, 214.2347565, 214.2008972, 214.2192993, 214.1966705, 214.2269745, 214.2061768, 214.2015076, 214.2183685, 214.2078094, 214.2552948, 214.2038116, 214.2002258, 214.2048645, 214.1890869, 214.2192993, 214.2015991, 214.1990662, 214.2013397, 214.2106171, 214.1929016, 214.2059174, 214.1986237, 214.2091522, 214.1981506, 214.1933136, 214.1943359, 214.2092133, 214.1934357, 214.2077179, 214.2042236, 214.2538605, 214.1907196, 214.2012482, 214.1947479, 214.2102661, 214.2573700, 214.2198334, 214.1982117, 214.1955872, 214.1991730, 214.2052460, 214.1981812, 214.1995239, 214.1900787, 214.2315826, 214.2005768, 214.1932526, 214.1938934, 214.2139893, 214.2075806, 214.2398682, 214.1859589, 214.2006989, 214.1935730, 214.1955566, 214.1995544, 214.2165833, 214.2009277, 214.1938629, 214.1948853, 214.2008972, 214.1952972, 214.2242279, 214.1948090, 214.1985016, 214.2055969, 214.2036743, 214.2178497, 214.2050629, 214.2222443, 214.2031708, 214.1965179, 214.2072296, 214.1957092, 214.2113953, 214.1984711, 214.1997070, 214.2056274, 214.1988525, 214.1948090, 214.2085419, 214.2017212, 214.1986542, 214.1968384, 214.2123871, 214.2024384, 214.1933441, 214.1984253, 214.2013702, 214.2001343, 214.2025909 ],
"timesTransferFromDevice": [ 0.1251840, 0.1272960, 0.0900160, 0.1453440, 0.1344000, 0.1170240, 0.0988800, 0.1495360, 0.0958400, 0.1060160, 0.1412800, 0.1471680, 0.0928960, 0.1608320, 0.1337600, 0.1263040, 0.1802560, 0.1333120, 0.1223040, 0.1353600, 0.1242560, 0.1227840, 0.1212800, 0.1177600, 0.1280320, 0.1238400, 0.1504960, 0.0886720, 0.0862400, 0.0888000, 0.1271360, 0.1237440, 0.1243840, 0.1221760, 0.0879360, 0.1282240, 0.1219200, 0.0871040, 0.0723200, 0.0888960, 0.1351040, 0.1263360, 0.0868480, 0.1504640, 0.1238400, 0.0950400, 0.1159360, 0.1360320, 0.1329280, 0.0896000, 0.0855040, 0.1041600, 0.0902080, 0.1285120, 0.0846400, 0.1386240, 0.1169920, 0.1246400, 0.0866240, 0.0865280, 0.0885760, 0.1246080, 0.1280320, 0.1358080, 0.1286720, 0.1283840, 0.0852480, 0.0906880, 0.0908480, 0.1024960, 0.1273920, 0.0900800, 0.1265280, 0.1264320, 0.0875520, 0.1285440, 0.1269760, 0.1254080, 0.0898240, 0.1275520, 0.1242880, 0.1261760, 0.0889920, 0.1276800, 0.1248960, 0.0902080, 0.1331840, 0.1238400, 0.1259840, 0.0916800, 0.0887040, 0.1284160, 0.0852480, 0.0919680, 0.0850240, 0.0876160, 0.0916480, 0.1277120, 0.0872320, 0.0868160 ],
"bins": [ 79688213, 2098012, 2093788, 2098921, 2097848, 2098597, 2096381, 2100257, 2098856, 2096493, 2097396, 2097403, 2095532, 2098047, 2095187, 2098478, 2100957, 2097301, 2096643, 2095627, 2097844, 2097921, 2094326, 2094812, 2098440, 2097857, 2096591 ]
}
,
"histogram_atomic_private": {
"timesTransferToDevice": [ 19.5176315, 19.8056316, 19.4818249, 19.7028484, 19.9368649, 19.9136009, 19.4728642, 19.3984966, 19.4727993, 19.7151356, 20.0454407, 19.3201923, 19.1620808, 19.3228168, 19.3386879, 19.3998394, 19.6313286, 19.1302719, 19.6594563, 19.5387516, 19.6143360, 19.6404800, 19.2916794, 19.2859516, 19.7076473, 19.3139839, 19.4148808, 19.4453449, 19.2788486, 19.8593273, 19.6414719, 19.3608952, 19.8172474, 19.7839031, 19.9440002, 19.7178249, 19.6575031, 19.7910728, 19.3933449, 19.5662403, 19.4058876, 19.9176636, 19.6144638, 19.6229439, 19.2868481, 19.7482872, 19.4351368, 19.4813442, 19.8160000, 19.2818565, 19.7663994, 19.4306240, 19.8044796, 19.2759037, 19.4992962, 19.5394249, 19.6888962, 19.9342079, 19.4917126, 19.2977924, 19.3611526, 19.4092484, 19.8446407, 19.7974720, 19.5200329, 19.7136955, 19.4111042, 19.3208313, 19.5722237, 19.5847034, 19.4579201, 19.6615353, 19.6721916, 19.3285751, 19.2904644, 19.4719677, 19.7432632, 19.5812168, 19.1785278, 19.4253445, 19.5897598, 19.7084808, 19.5064964, 19.1771526, 19.4787521, 19.5427208, 19.7654076, 19.5478725, 19.6323204, 19.2702713, 19.6486397, 19.6349125, 19.3832321, 19.4012794, 19.5314236, 19.7994556, 19.4422722, 19.2368965, 19.5262718, 19.5704956 ],
"timesExecution": [ 43.5847664, 43.6516495, 43.6783028, 43.6334381, 43.5821762, 43.5461426, 43.5453453, 43.6961594, 43.5561905, 43.6133118, 43.6324463, 43.6073608, 43.5455666, 43.5563202, 43.5557442, 43.7654419, 43.5551682, 43.6357422, 43.7702408, 43.6454735, 43.5641289, 43.5468483, 43.5331192, 43.5885773, 43.5505600, 43.5562553, 43.6336327, 43.5181122, 43.6647987, 43.5510406, 43.6733742, 43.5833282, 43.5501747, 43.5666542, 43.5919037, 43.6343040, 43.5977287, 43.8162575, 43.5720329, 43.5414085, 43.5751343, 43.5380173, 43.5887680, 43.5393600, 43.5453758, 43.6500816, 43.5763855, 43.5889931, 43.5936012, 43.5452156, 43.6846085, 43.5657616, 43.5970573, 43.6114883, 43.5440979, 43.7037125, 43.5352974, 43.5579529, 43.5816002, 43.5605431, 43.6112328, 43.5669441, 43.6035538, 43.8363838, 43.5471344, 43.6750412, 43.6048012, 43.5718727, 43.6210861, 43.6476784, 43.6259193, 43.6366386, 43.5482254, 43.6640320, 43.5589752, 43.7645111, 43.5759048, 43.6067848, 43.5648956, 43.5688972, 43.5184975, 43.6253128, 43.6952972, 43.6214066, 43.6468811, 43.6506233, 43.5405121, 43.5531845, 43.6832314, 43.6729927, 43.6113281, 43.6097908, 43.5607033, 43.6104317, 43.7314873, 43.6494064, 43.6103058, 43.5457268, 43.6198730, 43.6447678 ],
"timesTransferFromDevice": [ 0.1318720, 0.1310400, 0.1098560, 0.0900480, 0.1736640, 0.1293120, 0.0887360, 0.0935360, 0.1256960, 0.1266880, 0.0903680, 0.0928640, 0.1285120, 0.1345280, 0.1247360, 0.0962240, 0.1297280, 0.1272320, 0.0923520, 0.1279680, 0.0908800, 0.0859200, 0.1304320, 0.0905600, 0.0879360, 0.1303680, 0.1292160, 0.0902400, 0.0923200, 0.0923840, 0.0985600, 0.1299200, 0.0873920, 0.0897920, 0.0883520, 0.0916480, 0.0879680, 0.2337920, 0.1297920, 0.0891200, 0.0885760, 0.1280000, 0.0990720, 0.1075840, 0.1355520, 0.0887360, 0.0904640, 0.0880000, 0.0883520, 0.1271040, 0.0912320, 0.0939520, 0.0956160, 0.1307520, 0.0875520, 0.0939840, 0.1250560, 0.0917440, 0.1283840, 0.0934080, 0.0906880, 0.0869120, 0.1266560, 0.1195840, 0.1032960, 0.0896960, 0.0920960, 0.0886720, 0.0962880, 0.0881600, 0.2374400, 0.0911680, 0.0864640, 0.0911360, 0.1253760, 0.0904960, 0.0885760, 0.0905600, 0.1261120, 0.0892800, 0.0872000, 0.0888320, 0.0890880, 0.1278720, 0.1193920, 0.0863360, 0.0908160, 0.0912960, 0.1446400, 0.0902720, 0.0929920, 0.0938560, 0.1319680, 0.0913600, 0.0880000, 0.1272320, 0.0958400, 0.0908160, 0.0874240, 0.1300800 ],
"bins": [ 79688213, 2098012, 2093788, 2098921, 2097848, 2098597, 2096381, 2100257, 2098856, 2096493, 2097396, 2097403, 2095532, 2098047, 2095187, 2098478, 2100957, 2097301, 2096643, 2095627, 2097844, 2097921, 2094326, 2094812, 2098440, 2097857, 2096591 ]
}
,