{
"inputLengthInCharacters": 512,
"uniformInput": false,
"useMappingLetter": false,
"measurements": {
"histogram_one_thread_per_character": {
"timesTransferToDevice": [ 0.0632320, 0.0294400, 0.0284800, 0.0280960, 0.0303680, 0.0563200, 0.0619840, 0.0304320, 0.0268800, 0.0280640, 0.0279040, 0.0470080, 0.0270400, 0.0265600, 0.0262400, 0.0296960, 0.0265600, 0.0341440, 0.0303360, 0.0273600, 0.0270080, 0.0266240, 0.0304320, 0.0198720, 0.0194560, 0.0194240, 0.0200640, 0.0197440, 0.0194880, 0.0200000, 0.0194560, 0.0196800, 0.0191680, 0.0196800, 0.0198080, 0.0197440, 0.0192000, 0.0200320, 0.0190720, 0.0191360, 0.0193280, 0.0189120, 0.0194560, 0.0193280, 0.0409280, 0.0312320, 0.0181440, 0.0311360, 0.0192000, 0.0308160, 0.0177600, 0.0311040, 0.0188800, 0.0308480, 0.0184000, 0.0367680, 0.0180160, 0.0302400, 0.0177600, 0.0665600, 0.0180480, 0.0316160, 0.0181440, 0.0495040, 0.0184640, 0.0305600, 0.0185600, 0.0184000, 0.0185280, 0.0349760, 0.0180160, 0.0183680, 0.0190400, 0.0191360, 0.0183680, 0.0211520, 0.0183040, 0.0186880, 0.0177600, 0.0188800, 0.0181120, 0.0347840, 0.0185280, 0.0183040, 0.0189760, 0.0183680, 0.0177280, 0.0352000, 0.0195520, 0.0184320, 0.0178880, 0.0187520, 0.0183360, 0.0360000, 0.0180160, 0.0186560, 0.0180160, 0.0182400, 0.0187840, 0.0193920 ],
"timesExecution": [ 0.0928320, 0.0892160, 0.0562880, 0.0747840, 0.0563200, 0.0789120, 0.0522240, 0.0747520, 0.0553280, 0.1721600, 0.0881280, 0.0778560, 0.0573440, 0.0777920, 0.0552640, 0.0759360, 0.0900800, 0.0799360, 0.0556160, 0.0797760, 0.0624960, 0.0786880, 0.1710400, 0.0531840, 0.0563520, 0.0532160, 0.0559360, 0.0685760, 0.0559680, 0.0694080, 0.0573440, 0.0683520, 0.0560960, 0.0788800, 0.0553920, 0.0682240, 0.0706560, 0.0688000, 0.0747200, 0.0679040, 0.1504640, 0.0667520, 0.0542720, 0.0664640, 0.0551360, 0.0883520, 0.0533760, 0.0534720, 0.0542720, 0.0542720, 0.0532800, 0.0543040, 0.0544000, 0.0540160, 0.0541440, 0.0541760, 0.0543040, 0.0522240, 0.0553280, 0.0544000, 0.0534400, 0.0543360, 0.0727360, 0.0550720, 0.0539520, 0.0549760, 0.0655680, 0.0543040, 0.0808640, 0.0550720, 0.0491840, 0.0542400, 0.0663680, 0.0542720, 0.0656000, 0.0542400, 0.0658560, 0.0541760, 0.0674240, 0.0544640, 0.0656640, 0.0544640, 0.0848000, 0.0542720, 0.0672640, 0.0549440, 0.0655680, 0.0542720, 0.0818240, 0.0553280, 0.0655040, 0.0535360, 0.0676160, 0.0552960, 0.0644480, 0.0543360, 0.0645120, 0.0542720, 0.0655680, 0.0525440 ],
"timesTransferFromDevice": [ 0.1042560, 0.0856640, 0.0637120, 0.0623360, 0.0631040, 0.0616640, 0.0624000, 0.0667840, 0.0626240, 0.0935680, 0.0631680, 0.0615040, 0.0612160, 0.0614720, 0.0662400, 0.0875840, 0.0614400, 0.0623360, 0.0608960, 0.0613760, 0.0609600, 0.1127360, 0.0552960, 0.0407680, 0.0409600, 0.0405120, 0.0405120, 0.0406720, 0.0406400, 0.0408640, 0.0272640, 0.0404160, 0.0411840, 0.0406080, 0.0404800, 0.0448000, 0.0520320, 0.0404480, 0.0410880, 0.0406720, 0.0403200, 0.0401280, 0.0401280, 0.0401600, 0.0569920, 0.0401920, 0.0398400, 0.0393280, 0.0395520, 0.0446400, 0.0398080, 0.0545920, 0.0393920, 0.0396800, 0.0392640, 0.0493760, 0.0385600, 0.0403520, 0.0393600, 0.0397120, 0.0398400, 0.0566400, 0.0392960, 0.0397440, 0.0325120, 0.0394560, 0.0393920, 0.0392960, 0.0401600, 0.0433280, 0.0395840, 0.0398080, 0.0495680, 0.0400640, 0.0430080, 0.0558080, 0.0392000, 0.0402880, 0.0398720, 0.0399040, 0.0395840, 0.0380800, 0.0399360, 0.0397440, 0.0395520, 0.0394560, 0.0407040, 0.0384640, 0.0399360, 0.0397120, 0.0400000, 0.0395520, 0.0392000, 0.0563520, 0.0504640, 0.0391360, 0.0644160, 0.0401280, 0.0397760, 0.0385920 ],
"bins": [ 3, 5, 6, 0, 2, 7, 9, 2, 3, 4, 2, 2, 3, 2, 2, 4, 3, 5, 1, 6, 5, 3, 3, 5, 7, 2, 1, 2, 5, 4, 6, 3, 1, 8, 4, 4, 2, 3, 5, 3, 1, 7, 5, 4, 2, 3, 2, 2, 9, 6, 1, 3, 7, 6, 5, 5, 3, 8, 5, 4, 4, 3, 7, 8, 4, 4, 7, 1, 5, 3, 9, 5, 3, 3, 4, 2, 6, 7, 4, 6, 3, 4, 4, 3, 6, 3, 3, 4, 5, 3, 5, 5, 4, 4, 3, 3, 3, 3, 2, 2, 5, 4, 3, 6, 4, 8, 4, 3, 1, 4, 2, 2, 0, 6, 3, 4, 6, 5, 4, 3, 5, 7, 3, 2, 5, 5, 2, 4 ]
}
,
"histogram_atomic_private": {
"timesTransferToDevice": [ 0.0448000, 0.0261760, 0.0269760, 0.0260800, 0.0263360, 0.0285440, 0.0295040, 0.0261120, 0.0448960, 0.0255360, 0.0494720, 0.0260160, 0.0472000, 0.0284800, 0.0501760, 0.0263040, 0.0483200, 0.0286080, 0.0472000, 0.0255680, 0.0479680, 0.0247680, 0.0384000, 0.0222080, 0.0368000, 0.0561600, 0.0478080, 0.0199040, 0.0219520, 0.0215360, 0.0222080, 0.0428160, 0.0230720, 0.0217280, 0.0221120, 0.0221120, 0.0226240, 0.0640000, 0.0184000, 0.0188160, 0.0185920, 0.0183040, 0.0189760, 0.0189760, 0.0184640, 0.0184960, 0.0188800, 0.0184640, 0.0183680, 0.0177280, 0.0189440, 0.0184640, 0.0188160, 0.0180480, 0.0195840, 0.0179840, 0.0190080, 0.0185280, 0.0185280, 0.0180800, 0.0189760, 0.0190080, 0.0187520, 0.0185600, 0.0201920, 0.0193280, 0.0194240, 0.0185600, 0.0200320, 0.0191360, 0.0229440, 0.0185280, 0.0213440, 0.0191040, 0.0190720, 0.0187840, 0.0194560, 0.0187840, 0.0188800, 0.0198080, 0.0194240, 0.0191680, 0.0193600, 0.0195520, 0.0186880, 0.0231680, 0.0371200, 0.0196160, 0.0188800, 0.0186880, 0.0192640, 0.0187840, 0.0365120, 0.0542080, 0.0193280, 0.0184320, 0.0190400, 0.0190400, 0.0195840, 0.0189120 ],
"timesExecution": [ 0.0738880, 0.0562560, 0.0728960, 0.0849920, 0.0737280, 0.0545920, 0.0744640, 0.0559680, 0.0549120, 0.0552640, 0.0849920, 0.0559680, 0.0526720, 0.0542720, 0.0553280, 0.0552960, 0.0531200, 0.0960960, 0.0562880, 0.0542720, 0.0530240, 0.0645120, 0.0450560, 0.0653440, 0.0656000, 0.0659200, 0.0647040, 0.0788480, 0.0429760, 0.0582400, 0.0676160, 0.0594560, 0.0645440, 0.0593600, 0.0645440, 0.0583360, 0.0645120, 0.0717120, 0.0552960, 0.0512000, 0.0552640, 0.0674560, 0.0758400, 0.0648000, 0.0745920, 0.0665600, 0.0543040, 0.0665600, 0.0541440, 0.0667200, 0.0550720, 0.0665920, 0.0532800, 0.0652480, 0.0543360, 0.1128960, 0.0550400, 0.0665280, 0.0532480, 0.0655680, 0.0542720, 0.0648320, 0.0553280, 0.0676160, 0.0747200, 0.0545920, 0.0561280, 0.0545920, 0.0555520, 0.0553280, 0.0555200, 0.0729920, 0.0559360, 0.0737600, 0.0555840, 0.0550720, 0.0545920, 0.0552640, 0.0542720, 0.0778560, 0.0552960, 0.0553280, 0.0553600, 0.0550720, 0.0565120, 0.0736000, 0.0573440, 0.0552640, 0.0554240, 0.0552960, 0.0553280, 0.0708800, 0.0555200, 0.0552960, 0.0554240, 0.0562240, 0.0552960, 0.0561920, 0.0559680, 0.0717440 ],
"timesTransferFromDevice": [ 0.0702400, 0.0643200, 0.0631040, 0.0656960, 0.0701760, 0.0602880, 0.1152640, 0.0614720, 0.0630720, 0.0920320, 0.0619520, 0.0605440, 0.0785600, 0.0619520, 0.0624640, 0.0616320, 0.0955200, 0.0620800, 0.0876480, 0.0623680, 0.1389440, 0.0523200, 0.0481920, 0.0479360, 0.0476480, 0.0475520, 0.0480640, 0.0474240, 0.0475200, 0.0681920, 0.0487680, 0.0477120, 0.0474880, 0.0604800, 0.0542720, 0.0471680, 0.0484480, 0.0566400, 0.0401600, 0.0390080, 0.0404800, 0.0404480, 0.0399040, 0.0401280, 0.0402240, 0.0395840, 0.0404160, 0.0402560, 0.0401280, 0.0497600, 0.0400960, 0.0408960, 0.0514240, 0.0398080, 0.0398720, 0.0402240, 0.0398080, 0.0558080, 0.0392320, 0.0399360, 0.0401280, 0.0394880, 0.0404480, 0.0579200, 0.0400000, 0.0393600, 0.0400640, 0.0396160, 0.0403840, 0.0681920, 0.0550080, 0.0398080, 0.0399040, 0.0399680, 0.0268800, 0.0399680, 0.0397120, 0.0400640, 0.0466240, 0.0399040, 0.0395200, 0.0402880, 0.0400960, 0.0397440, 0.0571840, 0.0396160, 0.0400000, 0.0392960, 0.0503680, 0.0397120, 0.0572800, 0.0504000, 0.0397760, 0.0396480, 0.0499200, 0.0396160, 0.0402240, 0.0395520, 0.0400320, 0.0400640 ],
"bins": [ 3, 5, 6, 0, 2, 7, 9, 2, 3, 4, 2, 2, 3, 2, 2, 4, 3, 5, 1, 6, 5, 3, 3, 5, 7, 2, 1, 2, 5, 4, 6, 3, 1, 8, 4, 4, 2, 3, 5, 3, 1, 7, 5, 4, 2, 3, 2, 2, 9, 6, 1, 3, 7, 6, 5, 5, 3, 8, 5, 4, 4, 3, 7, 8, 4, 4, 7, 1, 5, 3, 9, 5, 3, 3, 4, 2, 6, 7, 4, 6, 3, 4, 4, 3, 6, 3, 3, 4, 5, 3, 5, 5, 4, 4, 3, 3, 3, 3, 2, 2, 5, 4, 3, 6, 4, 8, 4, 3, 1, 4, 2, 2, 0, 6, 3, 4, 6, 5, 4, 3, 5, 7, 3, 2, 5, 5, 2, 4 ]
}
,