{
"inputLengthInCharacters": 1024,
"uniformInput": false,
"useMappingLetter": true,
"measurements": {
"histogram_one_thread_per_character": {
"timesTransferToDevice": [ 0.0820800, 0.0577280, 0.0295680, 0.0497600, 0.0278720, 0.0770240, 0.0270720, 0.0312960, 0.0265920, 0.0274240, 0.0294080, 0.0275520, 0.0269760, 0.0270400, 0.1258240, 0.0252800, 0.0704320, 0.0309760, 0.0458240, 0.0259200, 0.0444800, 0.0278080, 0.0500160, 0.0256640, 0.0251520, 0.0276160, 0.0313600, 0.0261120, 0.1303360, 0.0319040, 0.0192640, 0.0314240, 0.0194880, 0.0311040, 0.0187840, 0.0312960, 0.0193280, 0.0189120, 0.0188800, 0.0185280, 0.0369280, 0.0197440, 0.0188160, 0.0189120, 0.0312960, 0.0188800, 0.0311040, 0.0188800, 0.0317120, 0.0191360, 0.0310720, 0.0192960, 0.0188800, 0.0191680, 0.0191040, 0.0188800, 0.0187840, 0.0191040, 0.0199040, 0.0382400, 0.0192000, 0.0317760, 0.0191680, 0.0309440, 0.0185280, 0.0318400, 0.0189440, 0.0191040, 0.0207680, 0.0199040, 0.0190400, 0.0192000, 0.0187520, 0.0201600, 0.0306240, 0.0216640, 0.0307200, 0.0181760, 0.0304640, 0.0184640, 0.0315200, 0.0195200, 0.0351040, 0.0193920, 0.0268160, 0.0265280, 0.0188160, 0.0298880, 0.0186240, 0.0313280, 0.0184960, 0.0314880, 0.0186240, 0.0306560, 0.0182080, 0.0188480, 0.0190720, 0.0190080, 0.0192960, 0.0187840 ],
"timesExecution": [ 0.1310720, 0.0941760, 0.0839360, 0.0832000, 0.0708160, 0.0553280, 0.1105280, 0.0580480, 0.0776640, 0.0829760, 0.1064640, 0.0972480, 0.0776960, 0.0840320, 0.0595520, 0.0808320, 0.0809280, 0.0778880, 0.0829760, 0.0553280, 0.0533760, 0.0992640, 0.0806080, 0.0727040, 0.0536320, 0.0720000, 0.0551040, 0.1208320, 0.0665600, 0.0727360, 0.0562560, 0.0559680, 0.0544640, 0.0564160, 0.0706560, 0.0563520, 0.0901120, 0.0563520, 0.0664960, 0.0554240, 0.0673600, 0.0715200, 0.0655040, 0.0552640, 0.0583680, 0.0561920, 0.0983040, 0.0716480, 0.0552960, 0.0706560, 0.0542720, 0.0665600, 0.0543360, 0.0819840, 0.0556480, 0.0839040, 0.0545920, 0.0666240, 0.0535680, 0.0716800, 0.0549440, 0.0552640, 0.0551040, 0.0552640, 0.0542720, 0.0716160, 0.0655680, 0.0707840, 0.0666880, 0.0553600, 0.0666560, 0.0553280, 0.0559680, 0.0819200, 0.0542720, 0.0562880, 0.0542080, 0.0561280, 0.0552000, 0.0746880, 0.0549760, 0.0829440, 0.0550720, 0.0996160, 0.0570240, 0.0788480, 0.0552960, 0.0843200, 0.0552640, 0.0553280, 0.0535680, 0.0590720, 0.0554880, 0.0715840, 0.0544000, 0.0561920, 0.0698240, 0.0552640, 0.0657920, 0.0727040 ],
"timesTransferFromDevice": [ 0.0984960, 0.0836480, 0.0626880, 0.0613760, 0.0617920, 0.0630720, 0.0637760, 0.0623040, 0.0606720, 0.0608640, 0.0881920, 0.0621440, 0.0609280, 0.0614080, 0.0645440, 0.0582400, 0.0580800, 0.0586240, 0.0573120, 0.0581440, 0.0581440, 0.0569280, 0.0577920, 0.0577600, 0.0583360, 0.0580160, 0.0585920, 0.0581440, 0.0556480, 0.0404800, 0.0397120, 0.0400000, 0.0400640, 0.0589760, 0.0406080, 0.0397760, 0.0511680, 0.0395840, 0.0393600, 0.0392320, 0.0560000, 0.0401600, 0.0397120, 0.0397760, 0.0395840, 0.0401920, 0.0402560, 0.0393280, 0.0399680, 0.0399040, 0.0400960, 0.0402240, 0.0401920, 0.0396800, 0.0402880, 0.0500800, 0.0394240, 0.0396480, 0.0394560, 0.0395840, 0.0571840, 0.0495360, 0.0395840, 0.0430080, 0.0880960, 0.0396800, 0.0402880, 0.0400320, 0.0400640, 0.0398400, 0.0401280, 0.0400000, 0.0402240, 0.0399680, 0.0399680, 0.0392960, 0.0396480, 0.0398080, 0.0399040, 0.0402880, 0.0401600, 0.0397760, 0.0402560, 0.0617600, 0.0620160, 0.0426240, 0.1153600, 0.0391360, 0.0401600, 0.0396480, 0.0401280, 0.0397120, 0.0396160, 0.0405120, 0.0504640, 0.0508800, 0.0399360, 0.0394560, 0.0405440, 0.0401600 ],
"bins": [ 608, 21, 16, 17, 19, 19, 18, 22, 18, 12, 22, 12, 10, 12, 19, 10, 14, 19, 13, 17, 13, 18, 15, 14, 13, 15, 18 ]
}
,
"histogram_atomic_private": {
"timesTransferToDevice": [ 0.0624320, 0.0274560, 0.0299840, 0.0266560, 0.0263040, 0.0261760, 0.0558720, 0.0259200, 0.0269440, 0.0484480, 0.0270400, 0.0584000, 0.0263040, 0.0780480, 0.0322240, 0.0467200, 0.0264000, 0.0268800, 0.0568640, 0.0258560, 0.0291520, 0.0262720, 0.0475200, 0.0502720, 0.0411840, 0.0232640, 0.0386240, 0.0229120, 0.0392320, 0.0437760, 0.0230720, 0.0236800, 0.0228800, 0.0212800, 0.0226880, 0.0233920, 0.0437440, 0.0382400, 0.0232320, 0.0327680, 0.0188160, 0.0308160, 0.0196480, 0.0304640, 0.0188160, 0.0185600, 0.0188800, 0.0187840, 0.0347520, 0.0192000, 0.0184960, 0.0184320, 0.0306880, 0.0189440, 0.0314560, 0.0187200, 0.0327680, 0.0189760, 0.0323840, 0.0342400, 0.0192000, 0.0192320, 0.0192960, 0.0184000, 0.0189760, 0.0184320, 0.0183040, 0.0305920, 0.0188480, 0.0309120, 0.0192320, 0.0306240, 0.0206400, 0.0308800, 0.0192960, 0.0590720, 0.0190080, 0.0263040, 0.0371520, 0.0191360, 0.0188480, 0.0181760, 0.0397440, 0.0346880, 0.0322880, 0.0187840, 0.0322560, 0.0237760, 0.0310080, 0.0348480, 0.0197440, 0.0180160, 0.0186880, 0.0185920, 0.0184320, 0.0184320, 0.0192320, 0.0308800, 0.0189440, 0.0308480 ],
"timesExecution": [ 0.0909120, 0.0733440, 0.0552640, 0.0757440, 0.0554240, 0.0755840, 0.0560640, 0.0993280, 0.0559360, 0.0542400, 0.0563200, 0.0525760, 0.0819520, 0.0542720, 0.0573440, 0.0532160, 0.0747200, 0.0872640, 0.1024000, 0.0553600, 0.0761920, 0.0562880, 0.0543360, 0.0676160, 0.0696320, 0.0695360, 0.0461440, 0.0890560, 0.0696640, 0.0460800, 0.0458560, 0.0614080, 0.0460800, 0.0612480, 0.0438720, 0.0614080, 0.0471040, 0.0665920, 0.0637760, 0.0544640, 0.0560960, 0.0707840, 0.0552960, 0.0534080, 0.0641920, 0.0542720, 0.0657600, 0.0749120, 0.0672960, 0.0550720, 0.0655680, 0.0542400, 0.0552320, 0.0542720, 0.0552640, 0.0542400, 0.0552640, 0.0543040, 0.0758400, 0.0655360, 0.0542720, 0.0664640, 0.0544640, 0.0829440, 0.0542080, 0.0829760, 0.0542720, 0.0392320, 0.0543040, 0.0542720, 0.0707200, 0.0539200, 0.0717760, 0.0536000, 0.0674560, 0.0541760, 0.0512000, 0.0717120, 0.0501760, 0.0542400, 0.0656000, 0.0542720, 0.0713920, 0.0552640, 0.0552960, 0.0542080, 0.0551680, 0.0543360, 0.0706880, 0.0662720, 0.0549760, 0.0655360, 0.0542400, 0.0821440, 0.0552640, 0.0760000, 0.0545280, 0.0542720, 0.0552000, 0.0535360 ],
"timesTransferFromDevice": [ 0.0679680, 0.0896960, 0.0624000, 0.0604800, 0.0617600, 0.0605440, 0.0865920, 0.0619520, 0.1342400, 0.0610560, 0.0617600, 0.0877760, 0.0621440, 0.0611200, 0.0672640, 0.0609600, 0.0615680, 0.0608960, 0.0903360, 0.0627520, 0.0616320, 0.0608320, 0.1423360, 0.0730560, 0.0498880, 0.0547200, 0.0489920, 0.0495360, 0.0495360, 0.0700160, 0.0501760, 0.0498560, 0.0491200, 0.0634880, 0.0690880, 0.0617600, 0.0502080, 0.0496640, 0.0401280, 0.0398720, 0.0594880, 0.0401600, 0.0557440, 0.0395200, 0.0403200, 0.0399360, 0.0552320, 0.0456640, 0.0394240, 0.0397120, 0.0400320, 0.0396800, 0.0503360, 0.0562880, 0.0396480, 0.0399040, 0.0399360, 0.0584960, 0.0401280, 0.0395200, 0.0395200, 0.0396160, 0.0401920, 0.0400000, 0.0555520, 0.0395200, 0.0401600, 0.0394240, 0.0395840, 0.0688320, 0.0401280, 0.0552320, 0.0395200, 0.0491840, 0.0398080, 0.0393600, 0.0383360, 0.0400320, 0.0395200, 0.0395840, 0.0402880, 0.0388800, 0.0398720, 0.0551360, 0.0396800, 0.0400320, 0.0401280, 0.0564160, 0.0398080, 0.0397760, 0.0395840, 0.0538240, 0.0397440, 0.0785280, 0.0559680, 0.0409920, 0.0395200, 0.0390080, 0.0398400, 0.0401280 ],
"bins": [ 608, 21, 16, 17, 19, 19, 18, 22, 18, 12, 22, 12, 10, 12, 19, 10, 14, 19, 13, 17, 13, 18, 15, 14, 13, 15, 18 ]
}
,