{
"inputLengthInCharacters": 2097152,
"uniformInput": false,
"useMappingLetter": true,
"measurements": {
"histogram_one_thread_per_character": {
"timesTransferToDevice": [ 0.5518720, 0.4602880, 0.4409600, 0.5808000, 0.4183360, 0.4270080, 0.4191680, 0.4164160, 0.4257920, 0.4487040, 0.4115200, 0.4113280, 0.4316480, 0.4105920, 0.4445760, 0.4641920, 0.4521600, 0.4294720, 0.4126400, 0.4063360, 0.4049280, 0.4377600, 0.4337920, 0.4127040, 0.4117760, 0.4148160, 0.5064960, 0.4588800, 0.4266240, 0.4413440, 0.4080000, 0.4061760, 0.4517760, 0.4084800, 0.4094400, 0.4074560, 0.4061440, 0.4451840, 0.4085760, 0.4072640, 0.4061760, 0.4085120, 0.4258880, 0.4086400, 0.4168960, 0.4479680, 0.4057920, 0.4285440, 0.5396160, 0.4312320, 0.4056960, 0.4164160, 0.4463680, 0.4266560, 0.4055040, 0.4112000, 0.4433600, 0.4055040, 0.4239040, 0.4133440, 0.4512320, 0.4048640, 0.4262720, 0.4075520, 0.4401920, 0.4081280, 0.4388800, 0.4632000, 0.4038400, 0.4064960, 0.4146880, 0.4427520, 0.5467840, 0.4346560, 0.4590080, 0.4167360, 0.4041920, 0.4250880, 0.4492160, 0.4175040, 0.4085760, 0.4087680, 0.4468480, 0.4699520, 0.4060480, 0.4092800, 0.4528640, 0.4352320, 0.4089600, 0.4076480, 0.4382720, 0.4081600, 0.4862080, 0.4424960, 0.4395840, 0.5260480, 0.4084800, 0.4509760, 0.4468480, 0.4087360 ],
"timesExecution": [ 3.5394881, 3.4917440, 3.6040640, 3.5383680, 3.5317121, 3.5438399, 3.5418241, 3.5238080, 3.4914560, 3.4897280, 3.5186560, 3.4739521, 3.4806719, 3.4980161, 3.5306880, 3.4969280, 3.5147200, 3.4950399, 3.5153601, 3.4856319, 3.5336959, 3.5408320, 3.5560319, 3.5382080, 3.5389440, 3.5180161, 3.5323839, 3.5024960, 3.5165119, 3.4849920, 3.5082560, 3.4867201, 3.5526400, 3.5375681, 3.5593920, 3.5365441, 3.5347199, 3.5344319, 3.5491519, 3.5378881, 3.5347519, 3.5398080, 3.5618880, 3.5330241, 3.5008960, 3.4997120, 3.5549760, 3.6792960, 3.5073919, 3.5659521, 3.5296640, 3.4807041, 3.5183680, 3.5179520, 3.5544960, 3.5329919, 3.4952321, 3.4856961, 3.5087039, 3.4854720, 3.4973440, 3.5306880, 3.5558720, 3.5297921, 3.5016320, 3.4825280, 3.5243199, 3.4948480, 3.4946561, 3.5426879, 3.5588479, 3.6041601, 3.4981120, 3.5237761, 3.5351679, 3.4904001, 3.4858561, 3.4844160, 3.5185280, 3.5550721, 3.5301440, 3.5301120, 3.5382719, 3.5211840, 3.4999039, 3.4969280, 3.5428159, 3.4998720, 3.5575681, 3.5335360, 3.5578561, 3.5333440, 3.4868159, 3.4972479, 3.5187521, 3.4983039, 3.5960000, 3.5505280, 3.5824001, 3.5387199 ],
"timesTransferFromDevice": [ 0.1150080, 0.0950400, 0.1049280, 0.2009920, 0.0995520, 0.0968000, 0.0864640, 0.0933760, 0.0643840, 0.0954880, 0.0645120, 0.0645760, 0.0659520, 0.0672960, 0.0648000, 0.0983040, 0.0709120, 0.0908800, 0.0664000, 0.0670720, 0.0768960, 0.1236160, 0.0760000, 0.1033280, 0.0762240, 0.0968960, 0.1430080, 0.0686080, 0.0658880, 0.0665920, 0.0828160, 0.0652480, 0.0784000, 0.0981440, 0.0666560, 0.0960640, 0.0752320, 0.0966080, 0.0665280, 0.0952320, 0.0771840, 0.0956800, 0.0930880, 0.0947840, 0.0645440, 0.0651840, 0.0922880, 0.0664000, 0.1448640, 0.0667840, 0.0851840, 0.0670720, 0.0646720, 0.0968320, 0.0934080, 0.0654720, 0.0648640, 0.0647040, 0.0644800, 0.0865920, 0.0842240, 0.0957120, 0.0931200, 0.0680640, 0.0942720, 0.0649920, 0.0673280, 0.0683200, 0.0979520, 0.1048320, 0.0959360, 0.0675200, 0.1384320, 0.0675200, 0.0638720, 0.0834240, 0.0640320, 0.0634240, 0.0651520, 0.0968000, 0.0937600, 0.0943040, 0.0687360, 0.0957440, 0.0647040, 0.0664320, 0.0660800, 0.1085120, 0.0953280, 0.1063360, 0.0654080, 0.0952960, 0.0663360, 0.0672640, 0.0654720, 0.0694720, 0.0667520, 0.0939520, 0.1004480, 0.0967680 ],
"bins": [ 1245025, 32673, 32540, 32519, 32835, 32690, 32821, 32635, 32409, 32866, 32863, 32943, 32593, 32931, 32491, 33071, 32712, 32684, 32848, 32776, 32931, 32651, 32795, 32765, 33064, 32770, 33251 ]
}
,
"histogram_atomic_private": {
"timesTransferToDevice": [ 0.4488960, 0.4304640, 0.4842880, 0.5500160, 0.4205760, 0.4429760, 0.4137280, 0.4477440, 0.4439360, 0.4667200, 0.4260160, 0.4104640, 0.4341120, 0.4640000, 0.4206400, 0.4224640, 0.4130880, 0.4322560, 0.4109440, 0.4512960, 0.3901120, 0.4183360, 0.5204480, 0.4072000, 0.4124480, 0.4483840, 0.4481920, 0.4274880, 0.4366080, 0.4534080, 0.4101760, 0.4321280, 0.4288000, 0.4088000, 0.4075520, 0.4080960, 0.4383040, 0.4857280, 0.4120960, 0.4067200, 0.4069440, 0.5252160, 0.4532800, 0.4334080, 0.4113280, 0.4095040, 0.4404480, 0.4380480, 0.4083840, 0.4092160, 0.4071360, 0.4246720, 0.5625920, 0.4075840, 0.4099520, 0.4103040, 0.4269440, 0.4090880, 0.4559040, 0.4079360, 0.4340160, 0.4064960, 0.4073920, 0.4982720, 0.4667520, 0.4654080, 0.4330560, 0.3870080, 0.4107520, 0.4320640, 0.4903680, 0.5136320, 0.4058240, 0.4229440, 0.4086720, 0.4484800, 0.4546880, 0.3861760, 0.4662080, 0.4441600, 0.4294400, 0.4341440, 0.4626880, 0.4135360, 0.4393600, 0.4448960, 0.4079360, 0.3882880, 0.4610880, 0.4376640, 0.5461760, 0.7596160, 0.4374080, 0.4499520, 0.3914880, 0.4104320, 0.4798720, 0.4452800, 0.4136320, 0.4271360 ],
"timesExecution": [ 0.8174080, 0.8224320, 0.8379840, 0.8033920, 0.8110720, 0.8194240, 0.8005120, 0.8190080, 0.8575040, 0.8449600, 0.8139200, 0.8022080, 0.7954560, 0.8324480, 0.8576320, 0.8037440, 0.8346240, 0.8151040, 0.8443520, 0.7993920, 0.8162880, 0.8206720, 0.8036480, 0.8194560, 0.9361600, 0.8233280, 0.8135360, 0.8077440, 0.8328000, 0.8408960, 0.8632000, 0.8012160, 0.8141440, 0.8379200, 0.8008000, 0.8140160, 0.8311040, 0.8638400, 0.8069120, 0.7965440, 0.7876480, 0.8340800, 0.8401280, 0.8194240, 0.8249280, 0.8165440, 0.8273280, 0.8459840, 0.8171840, 0.8268160, 0.8012800, 0.8533440, 0.8146560, 0.8929920, 0.8159360, 0.8028480, 0.8174400, 0.8647680, 0.8144320, 0.8528960, 0.8027200, 0.8232000, 0.8022400, 0.8539520, 0.8200320, 0.8657280, 0.7958720, 0.8089280, 0.8149440, 0.8454400, 0.8177280, 0.8256960, 0.8291520, 0.8892480, 0.8165440, 0.8723840, 0.8079360, 0.8416640, 0.8042880, 0.8170560, 0.8112960, 0.8322240, 0.8226880, 0.8442880, 0.8388480, 0.8400960, 0.8101760, 0.8651200, 0.8114880, 0.8268480, 0.8368000, 0.8290560, 0.8605440, 0.8503680, 0.8259840, 0.8028800, 0.8051200, 0.8117120, 0.8457280, 0.8172800 ],
"timesTransferFromDevice": [ 0.1064320, 0.0653120, 0.0654400, 0.0940800, 0.0642560, 0.0724160, 0.0636800, 0.1142720, 0.0654400, 0.0651520, 0.0786880, 0.0656320, 0.0637120, 0.1938560, 0.0651200, 0.0649600, 0.0637760, 0.0636160, 0.0646080, 0.0919040, 0.0648960, 0.0637120, 0.0636800, 0.0966080, 0.0649280, 0.0639360, 0.0685120, 0.0675840, 0.0651840, 0.1061760, 0.0664320, 0.0637440, 0.0631680, 0.0656640, 0.0645440, 0.1204800, 0.0653440, 0.0681600, 0.0656320, 0.0649920, 0.0797440, 0.1036160, 0.0624640, 0.0647360, 0.0648000, 0.0620800, 0.0948160, 0.0641600, 0.0634560, 0.0643200, 0.0888000, 0.0643200, 0.0641600, 0.0643520, 0.0822720, 0.0638400, 0.0640000, 0.0628480, 0.1052160, 0.0645120, 0.0632640, 0.0636160, 0.0634240, 0.0650240, 0.0968960, 0.0686400, 0.0624960, 0.0634560, 0.0996800, 0.0658560, 0.0988480, 0.0668480, 0.0648960, 0.1015360, 0.0651840, 0.0674240, 0.0608000, 0.0662720, 0.0637760, 0.0684160, 0.0662080, 0.0653440, 0.1017280, 0.0656640, 0.0689280, 0.0670080, 0.0614720, 0.0643200, 0.0916160, 0.0622080, 0.0642880, 0.0663040, 0.0639680, 0.1025280, 0.0715840, 0.0648320, 0.0701120, 0.1623040, 0.0620480, 0.0670080 ],
"bins": [ 1245025, 32673, 32540, 32519, 32835, 32690, 32821, 32635, 32409, 32866, 32863, 32943, 32593, 32931, 32491, 33071, 32712, 32684, 32848, 32776, 32931, 32651, 32795, 32765, 33064, 32770, 33251 ]
}
,