{
"inputLengthInCharacters": 64,
"uniformInput": true,
"useMappingLetter": true,
"measurements": {
"histogram_one_thread_per_character": {
"timesTransferToDevice": [ 0.0471040, 0.0296640, 0.0363200, 0.0290880, 0.0292800, 0.0287360, 0.0328640, 0.0282560, 0.0286080, 0.0288000, 0.0325120, 0.0278400, 0.0361600, 0.0290560, 0.0285440, 0.0287680, 0.0269760, 0.0317760, 0.0262720, 0.0278080, 0.0263360, 0.0274560, 0.0259200, 0.0272000, 0.0271040, 0.0268480, 0.0488960, 0.0259840, 0.0272960, 0.0275840, 0.0205440, 0.0205120, 0.0210240, 0.0520320, 0.0242560, 0.0246400, 0.0234560, 0.0204480, 0.0199680, 0.0205120, 0.0267200, 0.0271360, 0.0243520, 0.0442240, 0.0297280, 0.0244480, 0.0261120, 0.0245440, 0.0349760, 0.0192320, 0.0196800, 0.0349760, 0.0192960, 0.0188800, 0.0201280, 0.0189440, 0.0186880, 0.0196480, 0.0188800, 0.0190400, 0.0185920, 0.0187840, 0.0190400, 0.0189760, 0.0636160, 0.0195840, 0.0188800, 0.0189440, 0.0195200, 0.0186880, 0.0344640, 0.0189760, 0.0198400, 0.0186880, 0.0202560, 0.0222080, 0.0194240, 0.0385280, 0.0191040, 0.0197120, 0.0188480, 0.0190720, 0.0186240, 0.0193600, 0.0190400, 0.0187520, 0.0195200, 0.0258880, 0.0246080, 0.0243840, 0.0258240, 0.0240320, 0.0238720, 0.0241600, 0.0251840, 0.0434240, 0.0189440, 0.0196800, 0.0193920, 0.0186240 ],
"timesExecution": [ 0.0624320, 0.0594560, 0.0830080, 0.0604160, 0.0576000, 0.1124160, 0.0849600, 0.0942400, 0.0573440, 0.0624320, 0.0583680, 0.0597120, 0.0813120, 0.0592640, 0.0585920, 0.1057280, 0.0771520, 0.0520000, 0.0502400, 0.0545920, 0.0501760, 0.0515840, 0.0686080, 0.0505600, 0.0499840, 0.0685760, 0.0500800, 0.0513600, 0.0492160, 0.1331200, 0.0573760, 0.0584000, 0.0808320, 0.0788480, 0.0574720, 0.0544960, 0.0634880, 0.0573120, 0.0575360, 0.0601920, 0.0501760, 0.0492800, 0.0627520, 0.0482240, 0.0480960, 0.0641920, 0.0699520, 0.0481600, 0.0611520, 0.0604160, 0.0512640, 0.0575360, 0.0502400, 0.0562880, 0.0560000, 0.0511680, 0.0554240, 0.0720320, 0.0553280, 0.0696640, 0.0556800, 0.0555200, 0.0502080, 0.0727040, 0.0563520, 0.0676480, 0.0551040, 0.0593600, 0.0552320, 0.0697280, 0.0552960, 0.0562560, 0.0560000, 0.0572160, 0.0552640, 0.0510400, 0.0715520, 0.0555200, 0.0560640, 0.0689280, 0.0553280, 0.0562560, 0.0871040, 0.0561600, 0.0553920, 0.0521920, 0.0556160, 0.0471360, 0.0678400, 0.0614400, 0.0463360, 0.0482560, 0.0602880, 0.0481280, 0.0470720, 0.0796160, 0.0562240, 0.0564160, 0.0562880, 0.0705600 ],
"timesTransferFromDevice": [ 0.1392000, 0.1009920, 0.0677760, 0.0662400, 0.0664640, 0.0660160, 0.0656960, 0.0660480, 0.0656640, 0.0653120, 0.0906880, 0.0905280, 0.0658560, 0.0648320, 0.0652480, 0.0811200, 0.0552000, 0.0552640, 0.0550400, 0.0550080, 0.0768640, 0.0779520, 0.0807040, 0.0548800, 0.0545600, 0.0547520, 0.0638080, 0.0764800, 0.0761920, 0.0440320, 0.0529280, 0.0418560, 0.0412480, 0.0428480, 0.0426880, 0.0417600, 0.0552320, 0.0419520, 0.0619520, 0.0771520, 0.0500800, 0.0504640, 0.0669760, 0.0498240, 0.0500160, 0.0519040, 0.0498560, 0.0503040, 0.0423360, 0.0414400, 0.0427200, 0.0577600, 0.0530240, 0.0420800, 0.0418240, 0.0524800, 0.0581440, 0.0486080, 0.0568960, 0.0425280, 0.0423360, 0.0419840, 0.0480960, 0.0426560, 0.0584640, 0.0424320, 0.0425600, 0.0414720, 0.0417600, 0.0417280, 0.0588480, 0.0417920, 0.0420800, 0.0522240, 0.0423680, 0.0574400, 0.0414080, 0.0417280, 0.0417920, 0.0423360, 0.0423680, 0.0582400, 0.0416960, 0.0575360, 0.0417280, 0.0419520, 0.0416000, 0.0497600, 0.0501120, 0.0499200, 0.0485120, 0.0691520, 0.0492160, 0.0503680, 0.0605120, 0.0437760, 0.0587200, 0.0424000, 0.0422080, 0.0425280 ],
"bins": [ 0, 64, 0, 0, 0, 0, 0, 0, 0, 0, 0, 0, 0, 0, 0, 0, 0, 0, 0, 0, 0, 0, 0, 0, 0, 0, 0 ]
}
,
"histogram_atomic_private": {
"timesTransferToDevice": [ 0.0389760, 0.0306240, 0.0278400, 0.0561920, 0.0275200, 0.0301760, 0.0291840, 0.0268800, 0.0529920, 0.0274240, 0.0275520, 0.0268480, 0.0301120, 0.0532480, 0.0329920, 0.0266560, 0.0301760, 0.0270720, 0.0265600, 0.0278720, 0.0231040, 0.0427520, 0.0230400, 0.0232320, 0.0210240, 0.0426560, 0.0233280, 0.0231360, 0.0226880, 0.0222080, 0.0214720, 0.0209600, 0.0504320, 0.0220800, 0.0235520, 0.0212480, 0.0211200, 0.0374080, 0.0202560, 0.0190080, 0.0207680, 0.0193600, 0.0191040, 0.0189120, 0.0357120, 0.0195520, 0.0188160, 0.0196800, 0.0191360, 0.0191040, 0.0195840, 0.0370240, 0.0190720, 0.0187840, 0.0184960, 0.0193600, 0.0191360, 0.0185280, 0.0191680, 0.0188480, 0.0197120, 0.0192640, 0.0192320, 0.0192960, 0.0189440, 0.0188800, 0.0193280, 0.0191680, 0.0194880, 0.0184640, 0.0190720, 0.0195840, 0.0213760, 0.0193600, 0.0194560, 0.0184000, 0.0194880, 0.0188800, 0.0195840, 0.0191040, 0.0190080, 0.0192640, 0.0201600, 0.0188800, 0.0382720, 0.0195840, 0.0193920, 0.0187520, 0.0194560, 0.0195520, 0.0355200, 0.0188800, 0.0192000, 0.0201280, 0.0188800, 0.0382720, 0.0191680, 0.0188160, 0.0185920, 0.0191680 ],
"timesExecution": [ 0.0872000, 0.1065280, 0.0574080, 0.0570560, 0.0788160, 0.0535680, 0.0579520, 0.0860160, 0.0786560, 0.0573440, 0.0564160, 0.0778240, 0.0563200, 0.0573440, 0.1021120, 0.0675840, 0.0564800, 0.0573440, 0.0788480, 0.0555520, 0.0739520, 0.0604160, 0.0450560, 0.0665600, 0.0587520, 0.0463040, 0.0634880, 0.0664960, 0.0615680, 0.0675840, 0.0440320, 0.0596160, 0.0448960, 0.0737280, 0.0594240, 0.0450880, 0.0564800, 0.0573440, 0.0942400, 0.0573440, 0.0564480, 0.0512320, 0.0563200, 0.0735360, 0.0518400, 0.0645120, 0.0562880, 0.0563200, 0.0696960, 0.0573440, 0.0785600, 0.0502080, 0.0563840, 0.0562880, 0.0523200, 0.0747840, 0.0571200, 0.0758080, 0.0700160, 0.0562560, 0.0583360, 0.0521280, 0.0563200, 0.0725440, 0.0512000, 0.0562880, 0.0562560, 0.0564480, 0.0696640, 0.0563840, 0.0734720, 0.0512320, 0.0571520, 0.0564480, 0.0522240, 0.0564160, 0.0571840, 0.0725760, 0.0696320, 0.0597120, 0.0573440, 0.0504320, 0.0563840, 0.0594240, 0.0593920, 0.0560640, 0.0565760, 0.0573120, 0.0695680, 0.0727040, 0.0569280, 0.0532800, 0.0574720, 0.0563200, 0.0726720, 0.0573440, 0.0573760, 0.0573440, 0.0696320, 0.0570240 ],
"timesTransferFromDevice": [ 0.0698240, 0.0652800, 0.0652480, 0.0653120, 0.0755200, 0.0648640, 0.0661440, 0.0831360, 0.0916800, 0.0648320, 0.0660800, 0.0638400, 0.0704640, 0.0910720, 0.0649280, 0.0646400, 0.0645760, 0.0628800, 0.0651200, 0.0731840, 0.0506560, 0.0508480, 0.0506880, 0.0502400, 0.0511040, 0.0704320, 0.0504320, 0.0496320, 0.0503040, 0.0503680, 0.0695360, 0.0504960, 0.0533120, 0.0644160, 0.0497920, 0.1226560, 0.0420160, 0.0586880, 0.0423040, 0.0417600, 0.0428480, 0.0412160, 0.0587200, 0.0423680, 0.0421120, 0.0413760, 0.0419200, 0.0417920, 0.0416960, 0.0578560, 0.0416960, 0.0416320, 0.0537600, 0.0783680, 0.0423680, 0.0421440, 0.0591360, 0.0519680, 0.0426240, 0.0416000, 0.0423680, 0.0416640, 0.0603200, 0.0424320, 0.0608000, 0.0424000, 0.0417920, 0.0416640, 0.0419840, 0.0796800, 0.0426880, 0.0382720, 0.0426560, 0.0416640, 0.0417920, 0.0417280, 0.0586560, 0.0422080, 0.0589440, 0.0416000, 0.0429760, 0.0418880, 0.0426880, 0.0413440, 0.0569920, 0.0415040, 0.0418560, 0.0422720, 0.0572800, 0.0419200, 0.0826240, 0.0522880, 0.0416000, 0.0492480, 0.0487040, 0.0610240, 0.0420800, 0.0410240, 0.0520640, 0.0418240 ],
"bins": [ 0, 64, 0, 0, 0, 0, 0, 0, 0, 0, 0, 0, 0, 0, 0, 0, 0, 0, 0, 0, 0, 0, 0, 0, 0, 0, 0 ]
}
,