{
"inputLengthInCharacters": 524288,
"uniformInput": true,
"useMappingLetter": false,
"measurements": {
"histogram_one_thread_per_character": {
"timesTransferToDevice": [ 0.2600640, 0.1800640, 0.1384960, 0.1767040, 0.1393920, 0.1356480, 0.1314240, 0.1342720, 0.1647360, 0.1342080, 0.1337280, 0.1326080, 0.1304960, 0.1331200, 0.1328000, 0.1414080, 0.1308800, 0.1328320, 0.1501760, 0.1323200, 0.1633600, 0.1330880, 0.1636800, 0.1304640, 0.1497600, 0.1332160, 0.1313600, 0.1621440, 0.1338880, 0.1334080, 0.1296000, 0.1334080, 0.1704640, 0.1532800, 0.1577920, 0.1325760, 0.1318720, 0.1318080, 0.1316800, 0.1615360, 0.1330240, 0.1326400, 0.1490880, 0.1313600, 0.1643200, 0.1334400, 0.1311040, 0.1503040, 0.1298880, 0.1311680, 0.1295360, 0.1816960, 0.1314560, 0.1316480, 0.1328640, 0.1313280, 0.1596480, 0.1329920, 0.1323520, 0.1319360, 0.1299200, 0.1582720, 0.1325760, 0.1334080, 0.1301440, 0.1325760, 0.1299840, 0.2352960, 0.1301440, 0.1336960, 0.1571200, 0.1317440, 0.1304320, 0.1343040, 0.1471040, 0.1300800, 0.1519040, 0.1299520, 0.1304000, 0.1383040, 0.1351680, 0.1342400, 0.1588480, 0.1482560, 0.1329600, 0.1309120, 0.1317120, 0.1661120, 0.1327360, 0.1309120, 0.1533440, 0.1337280, 0.1591360, 0.1339200, 0.1308800, 0.1323840, 0.1306240, 0.1315520, 0.1334720, 0.1649280 ],
"timesExecution": [ 1.2209920, 1.1588800, 1.2183681, 1.1552000, 1.1539840, 1.1779521, 1.1424640, 1.1442560, 1.1762559, 1.1794240, 1.1498880, 1.1619840, 1.1405441, 1.1496000, 1.2019840, 1.1520320, 1.1466240, 1.1633600, 1.1502080, 1.1563520, 1.1664000, 1.1791040, 1.1693120, 1.1434240, 1.1430080, 1.1593601, 1.1934720, 1.1495360, 1.1718080, 1.1520960, 1.1423360, 1.1590080, 1.1406080, 1.1814400, 1.1767040, 1.1609280, 1.1404800, 1.1680000, 1.1773120, 1.1484480, 1.1709120, 1.1435200, 1.1779521, 1.1394240, 1.1664000, 1.1973439, 1.1557760, 1.1403840, 1.2172160, 1.1393600, 1.1850240, 1.1903360, 1.1434880, 1.1564161, 1.1596800, 1.1777920, 1.1555520, 1.1674560, 1.1446080, 1.1451520, 1.1670080, 1.1563520, 1.1972160, 1.1433600, 1.1504000, 1.1600000, 1.1883841, 1.1544000, 1.1876481, 1.1961600, 1.1500480, 1.1700480, 1.1501120, 1.1417921, 1.1604480, 1.1507200, 1.1790400, 1.1695679, 1.1419520, 1.1895680, 1.1772161, 1.1856320, 1.1506881, 1.1527359, 1.1416960, 1.1749760, 1.1818880, 1.1637440, 1.1777920, 1.1433600, 1.1412160, 1.1743360, 1.1496640, 1.1774400, 1.1806720, 1.1399040, 1.1445121, 1.1622400, 1.1775680, 1.1589760 ],
"timesTransferFromDevice": [ 0.0903360, 0.0680000, 0.0607680, 0.0889600, 0.0595200, 0.0585280, 0.0592640, 0.0596480, 0.0867520, 0.0595520, 0.0595200, 0.0586880, 0.0593920, 0.0602240, 0.0583040, 0.0780480, 0.0597440, 0.0584960, 0.0590080, 0.0593920, 0.0591680, 0.0674880, 0.0586880, 0.0592000, 0.0586560, 0.0591360, 0.0585280, 0.1048960, 0.0594560, 0.0580480, 0.0581760, 0.0594880, 0.0885120, 0.0588160, 0.0584320, 0.0579520, 0.0584640, 0.0584960, 0.0592960, 0.0859520, 0.0590400, 0.0584000, 0.0590080, 0.0583040, 0.0881600, 0.0758400, 0.0594880, 0.0589440, 0.0816960, 0.0592960, 0.0597760, 0.0592640, 0.0579520, 0.0581440, 0.0593920, 0.0587840, 0.1048320, 0.0594880, 0.0589120, 0.0589120, 0.0588800, 0.0863680, 0.0593920, 0.0597120, 0.0586560, 0.0586240, 0.0576320, 0.0596160, 0.0601280, 0.0584000, 0.0864640, 0.0600960, 0.0594880, 0.0590720, 0.0593600, 0.1048320, 0.0592960, 0.0588480, 0.0595200, 0.0632640, 0.1119680, 0.0590720, 0.0614720, 0.0596160, 0.1105600, 0.0760320, 0.0588160, 0.0871360, 0.0586560, 0.0598720, 0.0596160, 0.0595840, 0.0876800, 0.1229440, 0.0591040, 0.0594560, 0.0747520, 0.0874240, 0.0596800, 0.0595840 ],
"bins": [ 0, 0, 0, 0, 0, 0, 0, 0, 0, 0, 0, 0, 0, 0, 0, 0, 0, 0, 0, 0, 0, 0, 0, 0, 0, 0, 0, 0, 0, 0, 0, 0, 0, 0, 0, 0, 0, 0, 0, 0, 0, 0, 0, 0, 0, 0, 0, 0, 0, 0, 0, 0, 0, 0, 0, 0, 0, 0, 0, 0, 0, 0, 0, 0, 0, 0, 0, 0, 0, 0, 0, 0, 0, 0, 0, 0, 0, 0, 0, 0, 0, 0, 0, 0, 0, 0, 0, 0, 0, 0, 0, 0, 0, 0, 0, 0, 524288, 0, 0, 0, 0, 0, 0, 0, 0, 0, 0, 0, 0, 0, 0, 0, 0, 0, 0, 0, 0, 0, 0, 0, 0, 0, 0, 0, 0, 0, 0, 0 ]
}
,
"histogram_atomic_private": {
"timesTransferToDevice": [ 0.1882240, 0.1449600, 0.1429440, 0.1383680, 0.1407040, 0.1553280, 0.1595840, 0.1584960, 0.1363840, 0.1335680, 0.1308480, 0.1304960, 0.1309440, 0.1420160, 0.1590720, 0.1315520, 0.1277120, 0.1337920, 0.1321920, 0.1566720, 0.1304960, 0.1189440, 0.1333760, 0.1312000, 0.1238720, 0.1219520, 0.1448960, 0.1335680, 0.1339840, 0.1203520, 0.1184960, 0.1167680, 0.1359360, 0.1641280, 0.1320640, 0.1342080, 0.1304960, 0.1181440, 0.1183360, 0.1398720, 0.1378240, 0.1496320, 0.1191360, 0.1178240, 0.1146240, 0.1176000, 0.1267520, 0.1743680, 0.1328000, 0.1114560, 0.1107200, 0.1069760, 0.1121600, 0.1149120, 0.1699200, 0.1346560, 0.1193600, 0.1409280, 0.1333760, 0.1355840, 0.1132800, 0.1082240, 0.1330240, 0.1504000, 0.1153280, 0.1162880, 0.1312000, 0.1352640, 0.1570240, 0.1115840, 0.1117760, 0.1108160, 0.1377600, 0.1559680, 0.1180480, 0.1150720, 0.1114880, 0.1302080, 0.1393920, 0.1401280, 0.1174400, 0.1127040, 0.1349120, 0.2229760, 0.1155840, 0.1178240, 0.1118720, 0.1330560, 0.1309440, 0.1155840, 0.1159360, 0.1134400, 0.1545920, 0.1328640, 0.1162560, 0.1338560, 0.1112960, 0.1381760, 0.1309760, 0.1153920 ],
"timesExecution": [ 0.3647040, 0.3480960, 0.3668480, 0.3340480, 0.3354880, 0.3523520, 0.3458560, 0.3402560, 0.3753920, 0.3360640, 0.3461120, 0.3528640, 0.3344000, 0.3459520, 0.3711040, 0.3321600, 0.3359360, 0.3789760, 0.3395840, 0.3358400, 0.3604160, 0.3328640, 0.3546560, 0.3288000, 0.3255680, 0.3351040, 0.3313280, 0.3448000, 0.3468800, 0.3224640, 0.3166400, 0.3536320, 0.3472640, 0.3341760, 0.3510720, 0.3386240, 0.3352320, 0.3386240, 0.3252480, 0.3313600, 0.3672960, 0.3477440, 0.3222720, 0.3177280, 0.3192000, 0.3422080, 0.3220480, 0.3517440, 0.3478080, 0.3146560, 0.3152320, 0.3286080, 0.3243520, 0.3695680, 0.3733440, 0.3351680, 0.3370560, 0.3708160, 0.3408960, 0.3235840, 0.3435200, 0.3300480, 0.3388480, 0.3476160, 0.3230720, 0.3527360, 0.3426560, 0.3479360, 0.3539520, 0.3180480, 0.3469120, 0.3389440, 0.3584000, 0.3362560, 0.3489600, 0.3232000, 0.3232640, 0.3611200, 0.3339200, 0.3328640, 0.3429760, 0.3395200, 0.3405760, 0.3469440, 0.3305280, 0.3466880, 0.3680320, 0.3387520, 0.3450880, 0.3988480, 0.3196160, 0.3629120, 0.3836160, 0.3280960, 0.3453440, 0.3234880, 0.3371200, 0.3697280, 0.3376000, 0.3300800 ],
"timesTransferFromDevice": [ 0.0895040, 0.0601280, 0.0597120, 0.0595840, 0.0594880, 0.0591360, 0.0603200, 0.0889920, 0.0592960, 0.0586880, 0.0600640, 0.0584960, 0.0883840, 0.0594240, 0.0846720, 0.0559360, 0.0597760, 0.0593920, 0.0563200, 0.0982400, 0.0513600, 0.0598080, 0.0590400, 0.0517120, 0.0681280, 0.0478400, 0.1296640, 0.0586880, 0.0504960, 0.0503680, 0.0477760, 0.1120320, 0.1292800, 0.0478720, 0.0594560, 0.0580800, 0.0502720, 0.0509760, 0.0482880, 0.0892800, 0.0597120, 0.0504960, 0.0518080, 0.0677760, 0.0729920, 0.0446080, 0.0600640, 0.0581440, 0.0451520, 0.0451840, 0.0433920, 0.0434560, 0.0720640, 0.0771520, 0.0594880, 0.0439040, 0.0582400, 0.0842880, 0.0455040, 0.0746880, 0.0440000, 0.0584000, 0.0587520, 0.0466560, 0.0762880, 0.0428160, 0.0882880, 0.0586880, 0.0463360, 0.0541760, 0.0510400, 0.0966720, 0.0832000, 0.0475840, 0.0482880, 0.0607040, 0.0607040, 0.0607360, 0.0489920, 0.0754560, 0.0462080, 0.0586880, 0.0599680, 0.0479040, 0.0753600, 0.0465600, 0.0582720, 0.0664960, 0.0485440, 0.0477760, 0.0714880, 0.0593920, 0.0594880, 0.0478080, 0.0488320, 0.0460800, 0.0954560, 0.0599360, 0.0484800, 0.0488320 ],
"bins": [ 0, 0, 0, 0, 0, 0, 0, 0, 0, 0, 0, 0, 0, 0, 0, 0, 0, 0, 0, 0, 0, 0, 0, 0, 0, 0, 0, 0, 0, 0, 0, 0, 0, 0, 0, 0, 0, 0, 0, 0, 0, 0, 0, 0, 0, 0, 0, 0, 0, 0, 0, 0, 0, 0, 0, 0, 0, 0, 0, 0, 0, 0, 0, 0, 0, 0, 0, 0, 0, 0, 0, 0, 0, 0, 0, 0, 0, 0, 0, 0, 0, 0, 0, 0, 0, 0, 0, 0, 0, 0, 0, 0, 0, 0, 0, 0, 524288, 0, 0, 0, 0, 0, 0, 0, 0, 0, 0, 0, 0, 0, 0, 0, 0, 0, 0, 0, 0, 0, 0, 0, 0, 0, 0, 0, 0, 0, 0, 0 ]
}
,