{
"inputLengthInCharacters": 67108864,
"uniformInput": true,
"useMappingLetter": true,
"measurements": {
"histogram_one_thread_per_character": {
"timesTransferToDevice": [ 11.3328638, 11.4015999, 11.3914557, 11.2150402, 11.3416958, 11.1961279, 11.1428480, 10.9024963, 10.6330242, 10.6639357, 10.7478724, 10.6703358, 10.5482244, 10.4703035, 10.6560640, 10.8042564, 10.6388798, 10.4030085, 10.5665283, 10.5576963, 10.4984961, 10.3933125, 10.6451521, 10.6193600, 10.6278725, 10.7296324, 10.6640644, 10.4727364, 10.5911360, 10.7684803, 10.5998716, 10.6179523, 10.5568962, 10.7997122, 10.6547518, 10.6661444, 10.6605759, 10.6530237, 10.4976320, 10.4582720, 10.5662718, 10.7103043, 10.4592323, 10.3134403, 10.6009922, 10.7594881, 10.8132477, 10.9125118, 10.7553282, 10.6247683, 10.7312956, 10.8512964, 10.6038723, 10.3992004, 10.6085758, 10.4494724, 10.4247036, 10.2662077, 10.4993277, 10.6172476, 10.4334078, 10.9109116, 10.5519361, 10.5010242, 10.8229122, 10.7072001, 10.4644156, 10.7193279, 10.7419205, 10.6611519, 10.6133118, 10.4161596, 10.7757120, 10.6702719, 10.9520960, 10.8912640, 10.6369600, 10.8918724, 10.7967682, 10.9435196, 10.8639040, 10.6243525, 10.7505922, 10.7663040, 10.7303038, 10.8533115, 10.9566717, 10.7293119, 10.7818880, 10.5937595, 10.6210880, 10.6079683, 10.7836800, 10.7068481, 10.7535677, 10.6055679, 10.6887360, 10.6311359, 10.3801603, 10.3093443 ],
"timesExecution": [ 133.9957123, 133.9645386, 134.0253143, 134.0112915, 133.9681854, 134.0092163, 134.0371552, 133.9568634, 133.9687653, 133.9648285, 133.9960327, 133.9716187, 133.9615631, 134.2467499, 134.2247620, 134.2398071, 134.2562866, 134.2085419, 134.2190704, 134.2382965, 134.2364197, 134.2270660, 134.2317047, 134.2185211, 134.2829132, 134.2264709, 134.2958374, 134.2232361, 134.2239990, 134.2420502, 134.2287750, 134.2337036, 134.2495422, 134.2268829, 134.2197723, 134.2313538, 134.2409668, 134.2253418, 134.2323914, 134.2421417, 134.2191010, 134.2224579, 134.2357178, 134.2478333, 134.2149506, 134.2272949, 134.2307129, 134.2169952, 134.2384949, 134.3073883, 134.2569275, 134.2186279, 134.2307129, 134.2229156, 134.2166138, 134.2407990, 134.2374115, 134.2165070, 134.2443542, 134.2286682, 134.2163239, 134.2073212, 134.2407990, 134.2497559, 134.2308197, 134.2422333, 134.2137604, 134.2224274, 134.2271729, 134.2256622, 134.2346191, 134.2310791, 134.2256927, 134.2374420, 134.2086792, 134.2414703, 134.2391968, 134.2059479, 134.2310333, 134.2360992, 134.2318726, 134.2079926, 134.2373047, 134.2433929, 134.2134705, 134.2350464, 134.2321320, 134.2149811, 134.2240295, 134.2403870, 134.2263947, 134.2283478, 134.2363129, 134.2299805, 134.2115479, 134.2415314, 134.2310028, 134.2087097, 134.2195892, 134.2178192 ],
"timesTransferFromDevice": [ 0.1826880, 0.1849280, 0.0975040, 0.1180160, 0.0993280, 0.1010240, 0.1365440, 0.1366400, 0.1129600, 0.1056960, 0.0939840, 0.0918720, 0.0935360, 0.1343040, 0.0905280, 0.0889280, 0.1034240, 0.0857280, 0.0865280, 0.0861760, 0.1769920, 0.0882880, 0.0884480, 0.0943040, 0.5994240, 0.0909120, 0.0856960, 0.0892160, 0.1250240, 0.1261760, 0.1318080, 0.1256000, 0.1284160, 0.0847680, 0.1253760, 0.1230400, 0.0860160, 0.0884160, 0.0886400, 0.0893120, 0.0879680, 0.0893120, 0.0921600, 0.0891200, 0.0853440, 0.0899200, 0.0859520, 0.1269760, 0.1242560, 0.0918720, 0.1280320, 0.1075520, 0.0894080, 0.0851200, 0.1311040, 0.1199680, 0.1469760, 0.0842560, 0.0875840, 0.1043200, 0.0903680, 0.0899840, 0.1202880, 0.0916800, 0.0901440, 0.0911680, 0.0859520, 0.0896000, 0.0853760, 0.1124480, 0.0874560, 0.1220800, 0.0890560, 0.1247680, 0.1259200, 0.0973120, 0.0867840, 0.0862400, 0.0898560, 0.1303040, 0.1208000, 0.0842240, 0.1135360, 0.0835840, 0.1269120, 0.0995520, 0.0875200, 0.0845440, 0.0897920, 0.1155840, 0.1215040, 0.1256000, 0.1024320, 0.0872960, 0.1249920, 0.0988160, 0.0885120, 0.0835840, 0.0828800, 0.0825920 ],
"bins": [ 0, 67108864, 0, 0, 0, 0, 0, 0, 0, 0, 0, 0, 0, 0, 0, 0, 0, 0, 0, 0, 0, 0, 0, 0, 0, 0, 0 ]
}
,
"histogram_atomic_private": {
"timesTransferToDevice": [ 10.7723522, 10.5232964, 10.7291203, 10.5327044, 10.9616318, 10.5770559, 10.7112322, 10.4719038, 10.4135675, 10.7027197, 10.6124802, 10.8021441, 10.9994240, 10.7181444, 10.4533119, 10.4239998, 10.3813763, 10.8097916, 10.8050241, 10.7687683, 10.5242882, 10.8597116, 10.5257282, 10.7346239, 10.3668156, 10.7219200, 10.8609600, 10.7695360, 10.5112963, 10.5654078, 10.6654720, 10.6562881, 10.6881924, 10.4763517, 10.6146564, 10.5336637, 10.5998716, 10.5050564, 10.5908155, 10.6940804, 10.6765442, 10.6304321, 10.4161921, 10.4792004, 10.5223999, 10.6839676, 10.7804804, 10.6271677, 10.3578558, 10.3960962, 10.5223684, 10.6018562, 10.7689600, 10.8138237, 10.5650558, 10.3326397, 10.4124165, 10.7752962, 10.6345282, 10.7431040, 10.5505600, 10.4848003, 10.8272638, 10.3413763, 10.6827202, 10.7522879, 10.7888317, 10.4217281, 10.2909756, 10.6613121, 10.6564798, 10.6108160, 10.4679041, 10.7295675, 10.4338884, 10.5735683, 10.5098238, 10.6554880, 10.7444801, 10.8834562, 10.5567684, 10.4182396, 10.5186558, 10.6454401, 10.6203842, 10.7661762, 10.7117443, 10.4864321, 10.4994564, 10.6188803, 10.5739517, 10.5734396, 10.1427517, 10.3999996, 10.3350401, 10.5032320, 10.6403522, 10.6341124, 10.8857918, 10.7355518 ],
"timesExecution": [ 31.6072636, 31.6253128, 31.6022072, 31.5883846, 31.6022396, 31.6431351, 31.5851517, 31.6366711, 31.6186562, 31.6296635, 31.6365128, 31.6158409, 31.6177597, 31.5648632, 31.6560955, 31.6271687, 31.5937271, 31.6306877, 31.6346245, 31.5942078, 31.6170883, 31.6304646, 31.6231689, 31.6029434, 31.6047363, 31.5537605, 31.5703678, 31.6067200, 31.6015358, 31.6339836, 31.6398392, 31.6204472, 31.6160965, 31.6222401, 31.6376953, 31.6591682, 31.7056313, 31.5936642, 31.6580486, 31.6017609, 31.6208000, 31.6194878, 31.5944633, 31.6504631, 31.6031036, 31.6310081, 31.5830727, 31.6333752, 31.5964489, 31.6701756, 31.6211205, 31.6261768, 31.6027527, 31.5919037, 31.6376324, 31.5829754, 31.6312313, 31.6730556, 31.5967999, 31.6244488, 31.6020164, 31.6463032, 31.5864639, 31.6224632, 31.6139526, 31.6766071, 31.6010246, 31.6327686, 31.5891209, 31.6623993, 31.5917130, 31.6507511, 31.6243515, 31.6582718, 31.6253128, 31.5872326, 31.6219521, 31.6390076, 31.5883522, 31.6536636, 31.6019192, 31.6742401, 31.6509113, 31.7191048, 31.6551991, 31.6630726, 31.5984631, 31.6259842, 31.6241913, 31.6298561, 31.6280003, 31.6220798, 31.6071033, 31.6749115, 31.5903358, 31.6412163, 31.6350079, 31.6087685, 31.7017288, 31.6193275 ],
"timesTransferFromDevice": [ 0.0892160, 0.1399360, 0.1241280, 0.0841920, 0.0902400, 0.0858240, 0.0847040, 0.0905600, 0.0912640, 0.0874240, 0.0974400, 0.0872960, 0.1252160, 0.1240320, 0.0865280, 0.0888000, 0.0832640, 0.5918080, 0.0913600, 0.1391360, 0.1217920, 0.0859840, 0.0921920, 0.0998720, 0.1374720, 0.1260160, 0.1196800, 0.0923520, 0.0861120, 0.0939840, 0.0900480, 0.0928640, 0.0889600, 0.0924160, 0.1193920, 0.0837440, 0.0864960, 0.1213440, 0.1250240, 0.0855680, 0.0859840, 0.1325440, 0.0976640, 0.0925120, 0.0881280, 0.1272960, 0.0921280, 0.0884800, 0.1408000, 0.1287360, 0.1241600, 0.0880000, 0.0904320, 0.0867200, 0.0876160, 0.0888640, 0.1266880, 0.0886080, 0.0848000, 0.1271360, 0.0982080, 0.0878400, 0.1706560, 0.1037120, 0.0878400, 0.0885120, 0.1266880, 0.0853120, 0.0894080, 0.0871680, 0.1221760, 0.0889280, 0.0844800, 0.0921600, 0.0865600, 0.0917120, 0.0852800, 0.0921600, 0.1284480, 0.0921920, 0.1098880, 0.0870720, 0.0845760, 0.0997440, 0.0884480, 0.0902400, 0.1306880, 0.0903040, 0.0893440, 0.0875520, 0.1230080, 0.0987200, 0.0865280, 0.0905600, 0.1320320, 0.0884160, 0.0904640, 0.1246720, 0.6084480, 0.0912320 ],
"bins": [ 0, 67108864, 0, 0, 0, 0, 0, 0, 0, 0, 0, 0, 0, 0, 0, 0, 0, 0, 0, 0, 0, 0, 0, 0, 0, 0, 0 ]
}
,