{
"inputLengthInCharacters": 524288,
"uniformInput": false,
"useMappingLetter": false,
"measurements": {
"histogram_one_thread_per_character": {
"timesTransferToDevice": [ 0.1709120, 0.1736960, 0.1397120, 0.1398720, 0.1343360, 0.1345600, 0.1318080, 0.1375360, 0.1634880, 0.1314560, 0.1318080, 0.1336000, 0.1310720, 0.1653440, 0.1342080, 0.1541760, 0.1318080, 0.1319040, 0.1532800, 0.1561920, 0.1345280, 0.1339840, 0.1306880, 0.1304960, 0.1714240, 0.1356160, 0.1330560, 0.1344960, 0.1323520, 0.1334080, 0.1522880, 0.1658880, 0.1309440, 0.1321920, 0.1311360, 0.1308800, 0.1321600, 0.1338880, 0.1317440, 0.1276480, 0.1380800, 0.1315520, 0.1305920, 0.1304320, 0.1353920, 0.1556480, 0.1332160, 0.1536960, 0.1329920, 0.1376960, 0.1623360, 0.1349120, 0.1312320, 0.1351360, 0.1329600, 0.1722560, 0.1328960, 0.1313600, 0.1351360, 0.1319680, 0.1299520, 0.1272000, 0.1326080, 0.1335360, 0.1303040, 0.1321280, 0.1302080, 0.1308800, 0.1605440, 0.1328000, 0.1256640, 0.1328960, 0.1315200, 0.1679360, 0.1327680, 0.1272320, 0.1556160, 0.1318720, 0.1306880, 0.1303680, 0.1635840, 0.1327680, 0.1321920, 0.1304640, 0.1343040, 0.1612480, 0.1508480, 0.1324480, 0.1318400, 0.1316800, 0.1311680, 0.1334400, 0.1609280, 0.1313280, 0.1321920, 0.1328640, 0.1319040, 0.1486400, 0.1344320, 0.1609280 ],
"timesExecution": [ 0.5186240, 0.4953920, 0.5454400, 0.5730560, 0.4830080, 0.5016640, 0.4797440, 0.5250240, 0.5215040, 0.4855040, 0.4897600, 0.5016320, 0.5240000, 0.5010880, 0.5082240, 0.4822720, 0.4800320, 0.4999680, 0.5279680, 0.4909440, 0.5138240, 0.4846080, 0.5010560, 0.4824320, 0.4803520, 0.5316160, 0.4925760, 0.4948480, 0.5008640, 0.4828800, 0.5278080, 0.5136960, 0.4815680, 0.4835200, 0.5025280, 0.5394880, 0.4854720, 0.5129280, 0.4775040, 0.4750400, 0.5158400, 0.4851520, 0.5434560, 0.4784000, 0.4945600, 0.5102080, 0.4878720, 0.4965440, 0.5057920, 0.5226240, 0.4846080, 0.5044800, 0.4830400, 0.4837760, 0.5054400, 0.4924800, 0.5749440, 0.5071360, 0.4880960, 0.4820480, 0.4931520, 0.5231040, 0.5243520, 0.5271680, 0.4847040, 0.5015360, 0.4908160, 0.4879360, 0.5070400, 0.4799680, 0.4806400, 0.5080640, 0.4809600, 0.4961600, 0.5004160, 0.4761280, 0.4932480, 0.5035520, 0.4804160, 0.4876480, 0.5100800, 0.4930880, 0.4769600, 0.4735360, 0.4823360, 0.5664320, 0.4927040, 0.4837120, 0.5049600, 0.4947200, 0.4917120, 0.5078400, 0.5015680, 0.5158080, 0.4996480, 0.4931520, 0.4783680, 0.5021120, 0.4874880, 0.4908480 ],
"timesTransferFromDevice": [ 0.0917120, 0.0636800, 0.0621120, 0.0676800, 0.0612800, 0.0661760, 0.0928640, 0.0611840, 0.0623040, 0.0617600, 0.0618880, 0.0608000, 0.0789440, 0.0891840, 0.0617920, 0.0611840, 0.0619200, 0.0923840, 0.0635520, 0.0938240, 0.0614080, 0.0613440, 0.1361600, 0.0614720, 0.0854720, 0.0612480, 0.0611840, 0.0978240, 0.0606080, 0.0969920, 0.0621760, 0.0616320, 0.0624960, 0.0624640, 0.0612480, 0.0606080, 0.0981440, 0.0618880, 0.0582080, 0.0611520, 0.0617280, 0.0610240, 0.0581760, 0.0924160, 0.0621760, 0.0611200, 0.0612800, 0.0613760, 0.0958080, 0.0616640, 0.0611200, 0.0574720, 0.0616640, 0.0607360, 0.0611840, 0.1096320, 0.0744000, 0.0683200, 0.0609280, 0.0615040, 0.0585600, 0.0621120, 0.0901120, 0.0630400, 0.0611200, 0.0609280, 0.0683840, 0.0620800, 0.0884160, 0.0582720, 0.0622720, 0.0619520, 0.0613760, 0.0891520, 0.0585600, 0.0623680, 0.0617280, 0.0614400, 0.0616320, 0.0772160, 0.0873920, 0.0517760, 0.0630720, 0.0573120, 0.1052160, 0.1071040, 0.0626240, 0.0612800, 0.0584320, 0.0616640, 0.0616000, 0.0622080, 0.0627520, 0.0632640, 0.0388800, 0.0616640, 0.0616000, 0.0900480, 0.0615680, 0.0613760 ],
"bins": [ 4041, 4072, 4062, 4049, 3998, 4126, 4087, 4028, 4088, 4089, 4183, 4042, 4194, 3995, 3984, 3995, 4196, 4123, 4159, 4101, 4084, 4129, 4094, 4118, 4067, 4087, 4043, 4006, 4076, 3998, 4084, 4169, 4145, 4205, 4045, 4023, 4218, 4128, 4092, 4062, 4115, 4078, 4107, 4132, 3997, 3989, 4145, 4108, 4142, 4072, 4121, 4092, 4167, 4107, 4033, 4211, 4227, 4097, 4046, 4164, 4040, 4072, 4107, 4176, 4206, 4066, 4068, 4035, 4095, 4077, 4036, 4010, 4093, 4083, 4101, 4068, 4145, 4082, 4038, 4078, 4141, 4047, 4205, 4172, 4118, 4204, 4219, 4045, 3968, 4171, 4183, 4176, 4097, 4172, 4042, 4112, 4089, 4038, 3884, 4135, 4070, 4091, 4087, 4049, 4148, 4168, 4210, 4119, 4102, 4078, 4151, 4033, 4120, 3966, 4154, 4107, 4088, 4071, 4004, 4122, 4071, 4118, 4071, 4143, 4114, 4090, 4131, 4083 ]
}
,
"histogram_atomic_private": {
"timesTransferToDevice": [ 0.1521280, 0.1432960, 0.1718400, 0.1401600, 0.1397760, 0.1735360, 0.1380480, 0.1379840, 0.1397120, 0.1376960, 0.1359040, 0.1255360, 0.1250560, 0.1206720, 0.1890240, 0.1163840, 0.1168960, 0.1161600, 0.1045760, 0.1026240, 0.1045440, 0.1049280, 0.1031040, 0.1016320, 0.1005760, 0.0993280, 0.1011200, 0.0998720, 0.0997120, 0.0991360, 0.0998400, 0.0994240, 0.1212800, 0.1002880, 0.1139200, 0.1000320, 0.0995200, 0.0985280, 0.1023680, 0.0991040, 0.0985280, 0.0988480, 0.0995200, 0.1009920, 0.1187520, 0.0985920, 0.0994560, 0.0988160, 0.0988800, 0.1317760, 0.1782400, 0.1345920, 0.1322560, 0.1325440, 0.1312000, 0.1314240, 0.1608960, 0.1011520, 0.1010880, 0.0989760, 0.0987200, 0.0991360, 0.1274560, 0.1147520, 0.0996160, 0.0983040, 0.0985280, 0.0984640, 0.0992320, 0.1353920, 0.1358080, 0.1323200, 0.1312640, 0.0989440, 0.1018880, 0.0987520, 0.1009600, 0.1202880, 0.0997440, 0.0996480, 0.1060160, 0.0993600, 0.1191360, 0.1129280, 0.0995520, 0.0983680, 0.1000640, 0.0982400, 0.1001280, 0.1210880, 0.1000000, 0.0983680, 0.1116160, 0.1322880, 0.1608960, 0.1324480, 0.1327040, 0.1325440, 0.2094400, 0.1316160 ],
"timesExecution": [ 0.1984000, 0.1904000, 0.2064000, 0.1834880, 0.1790080, 0.1927040, 0.1779520, 0.1752640, 0.2136640, 0.2171200, 0.1848320, 0.1915200, 0.1855040, 0.1660160, 0.2049600, 0.1666880, 0.1707840, 0.1718720, 0.1504640, 0.1722560, 0.1722240, 0.1597120, 0.1795840, 0.1516160, 0.1531520, 0.1808640, 0.1563200, 0.1560960, 0.1640640, 0.1526080, 0.1519040, 0.1673600, 0.1582400, 0.1614080, 0.1666880, 0.1538560, 0.1513280, 0.1708480, 0.1574400, 0.1581760, 0.1673920, 0.1519040, 0.1503680, 0.2154560, 0.1614400, 0.1680000, 0.1527360, 0.1683200, 0.1699840, 0.1982080, 0.1947520, 0.2041600, 0.2604480, 0.1760640, 0.1963520, 0.2331200, 0.1872000, 0.1735680, 0.1569920, 0.1505920, 0.1636800, 0.1553920, 0.1592640, 0.1689600, 0.1616320, 0.1654720, 0.1518080, 0.1499520, 0.1666560, 0.1624640, 0.1497600, 0.2104320, 0.1681280, 0.1471040, 0.1872640, 0.1561280, 0.1592640, 0.1757440, 0.1568000, 0.1527040, 0.1696640, 0.1537280, 0.1614400, 0.1747520, 0.1570880, 0.1677760, 0.1526080, 0.1597120, 0.1731840, 0.1553280, 0.1571200, 0.1668800, 0.1568320, 0.1954880, 0.2147200, 0.1876480, 0.1835200, 0.1966400, 0.1856320, 0.2175360 ],
"timesTransferFromDevice": [ 0.0783360, 0.0626880, 0.0944960, 0.0616960, 0.0609920, 0.0615360, 0.0618560, 0.0944960, 0.0624960, 0.0620480, 0.0546240, 0.0544000, 0.0515840, 0.0770560, 0.0701440, 0.0500480, 0.0499200, 0.0465280, 0.0414080, 0.0415040, 0.0609600, 0.0421120, 0.0398720, 0.0400640, 0.0523840, 0.0568000, 0.0395840, 0.0395200, 0.0399360, 0.0390400, 0.0699840, 0.0403200, 0.0587200, 0.0391040, 0.0452800, 0.0392960, 0.0396800, 0.0588480, 0.0391360, 0.0389120, 0.0395840, 0.0397120, 0.0672960, 0.0571520, 0.0403520, 0.0403840, 0.0398080, 0.0397440, 0.0629760, 0.0611200, 0.0601600, 0.0615680, 0.0622400, 0.0811200, 0.0609600, 0.0616960, 0.0408000, 0.0392960, 0.0400960, 0.0394880, 0.0398720, 0.0519360, 0.0596480, 0.0397440, 0.0404480, 0.0400000, 0.0400000, 0.0394880, 0.0397120, 0.0988480, 0.0920640, 0.0610880, 0.0617280, 0.0440000, 0.0401920, 0.0629120, 0.0391360, 0.0390080, 0.0397440, 0.0392000, 0.0393600, 0.0395840, 0.0567360, 0.0387520, 0.0396480, 0.0398400, 0.0398400, 0.0558400, 0.0392640, 0.0953280, 0.0391680, 0.0391040, 0.0802560, 0.0611840, 0.0896320, 0.0606400, 0.0610880, 0.0610240, 0.0614720, 0.0618560 ],