{
"inputLengthInCharacters": 2147483648,
"uniformInput": true,
"useMappingLetter": true,
"measurements": {
"histogram_one_thread_per_character": {
"timesTransferToDevice": [ 310.9194946, 308.5526733, 299.4561157, 300.2319946, 295.1694946, 295.4367981, 295.5264282, 295.4400024, 295.4173584, 295.9202271, 294.9973145, 299.1827698, 297.8923340, 294.9438171, 295.2899780, 295.6401672, 295.2339478, 295.4571228, 295.5874634, 295.7958374, 295.7635498, 296.2069092, 295.5533752, 296.0594482, 295.4097595, 295.9746094, 295.7303467, 300.4188843, 297.5703735, 295.9178162, 296.0931396, 296.7521362, 297.2927551, 296.2953491, 295.9556274, 296.4139709, 295.6589050, 295.8440247, 295.3905029, 295.8966980, 295.8444214, 295.6716309, 297.5996094, 299.9401550, 296.2972107, 295.9850464, 295.7049561, 296.3234558, 296.1356812, 295.8544922, 295.2916565, 295.7927856, 296.4361267, 296.8291321, 295.6914368, 296.5856628, 295.5666809, 296.1780090, 295.9559326, 297.3263550, 295.4551086, 296.5513916, 295.2904663, 296.0455933, 295.1643066, 298.3099976, 299.4736328, 297.1991577, 296.0669250, 297.6026611, 300.7020874, 296.9293213, 295.6234741, 295.8412170, 295.8747559, 296.7510681, 295.9964294, 298.9366150, 300.3768921, 296.2795715, 295.8136902, 295.5696411, 296.8122559, 296.1743164, 294.9645386, 296.1272888, 296.1344604, 296.8417358, 295.5232544, 296.1948242, 295.7792053, 295.6081543, 295.7412720, 299.5813904, 299.6684875, 297.0213623, 295.3147888, 295.9222107, 295.0531006, 296.1836853 ],
"timesExecution": [ 4280.8432617, 4280.7583008, 4280.8071289, 4280.7797852, 4280.7817383, 4280.7485352, 4280.7783203, 4280.7485352, 4280.8120117, 4280.7963867, 4280.7666016, 4280.8193359, 4280.7998047, 4280.8193359, 4280.7753906, 4280.8271484, 4280.7426758, 4280.7836914, 4280.8076172, 4280.7778320, 4280.7641602, 4280.7998047, 4280.7924805, 4280.7685547, 4280.8115234, 4280.7866211, 4280.7612305, 4280.7939453, 4280.7485352, 4280.8012695, 4280.8002930, 4280.7988281, 4280.7866211, 4280.7939453, 4280.8037109, 4280.7744141, 4280.8105469, 4280.8159180, 4280.7705078, 4280.7915039, 4280.7563477, 4280.8046875, 4280.8291016, 4280.8305664, 4280.7602539, 4280.7465820, 4280.7744141, 4280.7597656, 4280.8100586, 4280.7993164, 4280.8125000, 4280.8198242, 4280.7841797, 4280.7436523, 4280.8305664, 4280.7802734, 4280.7856445, 4280.8305664, 4280.8510742, 4280.8144531, 4280.8188477, 4280.8115234, 4280.7866211, 4280.7636719, 4280.7553711, 4280.7895508, 4280.7900391, 4280.8627930, 4280.7719727, 4280.7543945, 4280.7895508, 4280.7983398, 4280.8066406, 4280.8247070, 4280.7729492, 4280.7944336, 4280.7846680, 4280.7475586, 4280.8720703, 4280.7905273, 4280.7983398, 4280.7890625, 4280.7734375, 4280.8559570, 4280.7949219, 4280.7783203, 4280.7734375, 4280.7290039, 4280.7729492, 4280.7714844, 4280.7998047, 4280.7885742, 4280.7597656, 4280.7749023, 4280.7656250, 4280.7573242, 4280.7573242, 4280.7949219, 4280.7973633, 4280.7861328 ],
"timesTransferFromDevice": [ 0.1560320, 0.1317760, 0.1016960, 0.1017280, 0.0991680, 0.1062400, 0.1022080, 0.1134720, 0.1056000, 0.1044800, 0.1005760, 0.1061440, 0.1018560, 0.1036160, 0.1058880, 0.1192960, 0.1046080, 0.1252160, 0.1035200, 0.1054400, 0.1069760, 0.1056640, 0.1062720, 0.1062080, 0.1049920, 0.1158400, 0.1051840, 0.1059200, 0.1074880, 0.1116800, 0.1046400, 0.1055680, 0.1038080, 0.1099200, 0.1051520, 0.1060480, 0.1060800, 0.1082880, 0.1083200, 0.1882560, 0.1023040, 0.1089600, 0.1043840, 0.1068160, 0.1385280, 0.1040320, 0.1051520, 0.1099520, 0.1082880, 0.1404160, 0.1218880, 0.1468160, 0.1061440, 0.1052160, 0.1086720, 0.1062720, 0.1055040, 0.1041920, 0.1067200, 0.1488960, 0.1090240, 0.1057920, 0.1832320, 0.1080320, 0.1056640, 0.1031680, 0.1066240, 0.1093440, 0.1053120, 0.1147840, 0.1032000, 0.1085440, 0.1050240, 0.1162560, 0.1119680, 0.1064640, 0.1112000, 0.1068800, 0.1137280, 0.1703680, 0.1038400, 0.1082880, 0.1029120, 0.1481280, 0.1038080, 0.1075520, 0.1031360, 0.1051840, 0.1072640, 0.1048000, 0.1040320, 0.1108480, 0.1050560, 0.1091840, 0.1062400, 0.1048320, 0.1068160, 0.1054080, 0.1039360, 0.1085760 ],
"bins": [ 0, 2147483648, 0, 0, 0, 0, 0, 0, 0, 0, 0, 0, 0, 0, 0, 0, 0, 0, 0, 0, 0, 0, 0, 0, 0, 0, 0 ]
}
,
"histogram_atomic_private": {
"timesTransferToDevice": [ 296.7023621, 295.7948303, 296.5259399, 295.1542358, 293.5241699, 290.9781799, 291.8448792, 291.7742615, 291.3374329, 296.4475708, 293.7812500, 293.5267944, 293.8662109, 294.2982178, 294.1055908, 293.6461182, 293.6150208, 293.2230225, 293.6879883, 294.1872864, 293.6279602, 293.4380188, 293.6256714, 293.7074280, 297.4227295, 297.2774963, 291.5790100, 291.7588501, 292.6305237, 291.2253418, 291.9760742, 292.1609192, 292.0631714, 291.0095215, 291.9928894, 292.4004822, 291.2621460, 290.5399475, 292.7556763, 291.4117737, 294.7400818, 294.2660828, 292.7115784, 291.5444031, 295.0361328, 295.5037842, 291.5410156, 291.4059753, 291.7192993, 291.8192139, 291.8131409, 291.0786133, 295.9920349, 294.7248535, 291.0390015, 291.0968018, 295.6665344, 294.6477661, 292.6201782, 292.7423706, 293.4682007, 292.7098999, 294.4274292, 291.8103638, 295.0804749, 294.3078308, 292.0294800, 291.3343811, 291.8609924, 291.5072937, 291.2539368, 290.6481628, 292.5447388, 291.6618652, 292.3233643, 293.1945496, 292.9375000, 293.5117188, 292.1220703, 292.7760925, 296.8460388, 291.7149353, 291.7650452, 292.5006714, 292.1811523, 292.1929016, 291.9044189, 292.6189575, 292.7923889, 290.9632874, 293.2467651, 292.4067688, 293.1363525, 292.5642090, 294.9312439, 295.3136902, 297.3081970, 291.4270325, 292.0598755, 291.3780212 ],
"timesExecution": [ 994.7218018, 994.7390747, 994.8708496, 995.6492310, 995.1741333, 995.3686523, 996.1601562, 995.3564453, 994.9013062, 994.9055786, 994.9113770, 995.2042847, 994.8114624, 994.9481201, 994.8015137, 995.0591431, 995.2176514, 995.0794678, 995.3795166, 995.0515137, 995.9052124, 995.0902100, 995.1858521, 995.2033691, 996.4315796, 995.0060425, 995.1148071, 995.3680420, 995.0900269, 995.0031128, 994.8634033, 995.6633301, 995.6616211, 995.2621460, 994.8495483, 994.9707642, 996.3983765, 995.6909180, 994.9254761, 994.9613037, 995.5631104, 995.8399048, 994.9920044, 996.2761230, 994.8275146, 994.7750854, 994.8303833, 994.9566040, 995.2979736, 994.7708740, 995.0007935, 995.4173584, 995.0569458, 995.2994385, 994.9424438, 996.9937134, 994.8048096, 994.9092407, 995.1923828, 994.8370972, 994.7510376, 994.8225708, 995.1840820, 994.8485107, 995.1389771, 995.1714478, 995.3586426, 994.9698486, 995.2662354, 995.8432617, 996.7330933, 996.2684326, 994.8020630, 996.5018311, 995.0816040, 995.1035156, 995.1118774, 995.0100708, 995.4679565, 995.4219971, 995.2063599, 996.0895386, 995.0230103, 996.3823242, 995.0642700, 994.7526245, 994.8628540, 994.7663574, 995.4329834, 995.3967896, 995.5643311, 994.8499146, 994.9384766, 994.9302368, 994.8190918, 994.8886719, 995.0831909, 995.2136230, 994.7696533, 994.7983398 ],
"timesTransferFromDevice": [ 0.1086720, 0.1359680, 0.1031360, 0.1381440, 0.1107840, 0.1075520, 0.1074240, 0.1007360, 0.1032320, 0.1297280, 0.1050240, 0.1031360, 0.1002880, 0.1377600, 0.1063360, 0.1028480, 0.1064320, 0.1045760, 0.1050560, 0.1222720, 0.1016640, 0.1032000, 0.1040640, 0.1024320, 0.1396800, 0.1054400, 0.1008000, 0.1031360, 0.1032320, 0.1026240, 0.1033920, 0.1012480, 0.1052480, 0.1054080, 0.1035840, 0.1019200, 0.1034560, 0.0998720, 0.1043520, 0.1022080, 0.1379520, 0.1336000, 0.1047040, 0.1009600, 0.1063040, 0.0998080, 0.1047680, 0.1028800, 0.1011840, 0.0992320, 0.1056000, 0.1099200, 0.1088320, 0.0997440, 0.1368000, 0.1005440, 0.1051840, 0.1001600, 0.1075520, 0.0904000, 0.1354240, 0.1035520, 0.1004480, 0.1456640, 0.1322880, 0.1346560, 0.1054400, 0.1015360, 0.1024640, 0.0985600, 0.1054400, 0.1018880, 0.1055680, 0.1025920, 0.1048960, 0.1067200, 0.0984320, 0.1037120, 0.1370880, 0.1001600, 0.1040320, 0.1006080, 0.1021760, 0.0978880, 0.1096320, 0.1028160, 0.1000000, 0.0964480, 0.1372480, 0.1423680, 0.1117760, 0.1169280, 0.0988160, 0.0960640, 0.0984640, 0.1015680, 0.1061760, 0.1088640, 0.1050560, 0.1013120 ],