{
"inputLengthInCharacters": 1048576,
"uniformInput": false,
"useMappingLetter": false,
"measurements": {
"histogram_one_thread_per_character": {
"timesTransferToDevice": [ 0.3376640, 0.3415040, 0.2632960, 0.2592320, 0.2863040, 0.2422080, 0.2479680, 0.2462720, 0.2760640, 0.2405120, 0.2414400, 0.2416960, 0.2406720, 0.2406080, 0.2408000, 0.2420160, 0.2420160, 0.2416640, 0.2601600, 0.2403840, 0.2804160, 0.2579200, 0.2754240, 0.2407040, 0.2393600, 0.2404800, 0.2393600, 0.2402560, 0.3064640, 0.2510080, 0.2417280, 0.2409920, 0.2397760, 0.2471040, 0.2786880, 0.2626560, 0.2404480, 0.2596800, 0.2406400, 0.2435200, 0.2428800, 0.2411520, 0.2408000, 0.2410240, 0.2827840, 0.2412480, 0.2391680, 0.2610880, 0.2397760, 0.2596480, 0.2761280, 0.2426880, 0.2389440, 0.2410240, 0.2413760, 0.2426880, 0.2789440, 0.3280640, 0.2405760, 0.2395200, 0.3178240, 0.2455360, 0.2422400, 0.2408640, 0.2404160, 0.2408320, 0.2697600, 0.2769280, 0.2421440, 0.2440000, 0.2397120, 0.2418880, 0.2431360, 0.2434560, 0.2410560, 0.2408640, 0.2612800, 0.2752960, 0.2634560, 0.2399680, 0.2417920, 0.2402560, 0.2424320, 0.2768000, 0.2429440, 0.2602560, 0.2398080, 0.2406080, 0.2781760, 0.2409920, 0.2390720, 0.2404800, 0.2388480, 0.2411840, 0.2913280, 0.2425280, 0.2398720, 0.2411520, 0.2405440, 0.2401920 ],
"timesExecution": [ 0.9166400, 0.8855360, 0.9370240, 0.8768960, 0.8935040, 0.9225280, 0.9054720, 0.9401600, 0.9122880, 0.8898560, 0.8759680, 0.8956160, 0.8827520, 0.9190080, 0.9070720, 0.9364480, 0.8800320, 0.9131520, 0.8858240, 0.8920320, 0.9149760, 0.9275200, 0.9261120, 0.8792640, 0.8839680, 0.8955520, 0.8960320, 0.9299840, 0.9091200, 0.8909440, 0.8898880, 0.8989760, 0.8743040, 0.9457920, 0.9120640, 0.8805760, 0.8812160, 0.9099520, 0.8879040, 0.9273600, 0.9231360, 0.8773120, 0.9072960, 0.8866240, 0.8877440, 0.9187840, 0.8782080, 0.9099840, 0.8988800, 0.9171520, 0.8849920, 0.9288640, 0.8901760, 0.8783360, 0.9056640, 0.9211840, 0.8878720, 0.9221760, 0.8781120, 0.8770880, 0.9162560, 0.9207680, 0.9906880, 0.8796800, 0.8751680, 0.9465280, 0.9320000, 0.9128000, 0.9181760, 0.8811520, 0.8790080, 0.9205120, 0.9254080, 0.8817920, 0.9077440, 0.8742720, 0.8889920, 0.9111040, 0.8889280, 0.8810240, 0.9334080, 0.8775680, 0.9181120, 0.8982720, 0.8793280, 0.8973440, 0.8863040, 0.8766400, 0.9131200, 0.9318400, 0.8791040, 0.8975680, 0.8838400, 0.8876480, 0.9079040, 0.9184000, 0.8792960, 0.9020800, 0.8837440, 0.8749440 ],
"timesTransferFromDevice": [ 0.1142720, 0.0978240, 0.0652160, 0.1303040, 0.0678080, 0.0649280, 0.1080320, 0.0643840, 0.0636480, 0.0647360, 0.0638080, 0.0632320, 0.0629440, 0.0633280, 0.0945280, 0.0860480, 0.0643840, 0.0628480, 0.0621120, 0.0625280, 0.0636800, 0.0627200, 0.0816640, 0.0619840, 0.0630080, 0.0621760, 0.0627200, 0.0816320, 0.1041600, 0.0627520, 0.0634880, 0.0638720, 0.0940160, 0.0640320, 0.0640000, 0.0627200, 0.0638080, 0.0639040, 0.0950080, 0.0631040, 0.0636160, 0.0628800, 0.0630720, 0.0637760, 0.0943360, 0.0809280, 0.0635200, 0.0631040, 0.0638400, 0.0629120, 0.1131200, 0.0636160, 0.0635520, 0.0627840, 0.0940800, 0.0667200, 0.0830400, 0.0667200, 0.0631040, 0.0653760, 0.0752960, 0.0637120, 0.0638400, 0.0643520, 0.0623680, 0.0968320, 0.0661440, 0.0643520, 0.0632320, 0.0637760, 0.0639680, 0.0938240, 0.0631680, 0.0634240, 0.0632000, 0.0835840, 0.0626560, 0.0941760, 0.0637120, 0.0626240, 0.0633920, 0.0934720, 0.0650880, 0.0637760, 0.1133120, 0.0797440, 0.0625280, 0.0634880, 0.0938240, 0.0638080, 0.0629760, 0.0637760, 0.0635200, 0.0636160, 0.0941120, 0.0641600, 0.0634560, 0.0628480, 0.0630720, 0.0943680 ],
"bins": [ 8214, 8159, 8157, 8120, 8184, 8153, 8004, 8109, 8257, 8150, 8246, 8160, 8224, 8089, 8071, 8001, 8328, 8272, 8286, 8088, 8247, 8270, 8206, 8201, 8190, 8200, 8202, 8047, 8170, 8120, 8245, 8135, 8274, 8336, 8087, 8157, 8276, 8168, 8217, 8197, 8193, 8138, 8228, 8249, 8033, 8122, 8344, 8193, 8219, 8157, 8295, 8056, 8273, 8183, 8062, 8251, 8182, 8195, 8118, 8189, 8066, 8272, 8195, 8300, 8287, 8113, 8177, 8149, 8144, 8206, 8176, 8030, 8094, 8176, 8149, 8197, 8343, 8138, 8236, 8142, 8211, 8227, 8402, 8274, 8209, 8399, 8390, 8213, 8056, 8385, 8279, 8263, 8285, 8304, 8110, 8136, 8122, 8192, 7882, 8263, 8133, 8232, 8231, 8020, 8281, 8209, 8379, 8207, 8154, 8202, 8338, 8101, 8252, 8114, 8127, 8162, 8054, 8102, 8101, 8241, 8184, 8171, 8246, 8283, 8214, 8211, 8306, 8232 ]
}
,
"histogram_atomic_private": {
"timesTransferToDevice": [ 0.3410880, 0.2605120, 0.2615680, 0.2582080, 0.2612160, 0.2706880, 0.2531200, 0.2511360, 0.2546560, 0.2467520, 0.2324160, 0.2787200, 0.2417920, 0.2120000, 0.2412480, 0.2415040, 0.2985280, 0.2032320, 0.2175680, 0.1860480, 0.2630400, 0.2725760, 0.1886720, 0.2402880, 0.2406720, 0.1864960, 0.2407360, 0.2395840, 0.1978880, 0.1958400, 0.1942720, 0.1839680, 0.1838720, 0.1819840, 0.3050560, 0.2455040, 0.1897920, 0.2429760, 0.2421120, 0.1819200, 0.2818880, 0.2597120, 0.1834880, 0.2604480, 0.2404480, 0.1864320, 0.2439360, 0.2418240, 0.1908800, 0.2431680, 0.2416640, 0.1868800, 0.2186880, 0.1825280, 0.2431360, 0.2409280, 0.1897920, 0.2424000, 0.2750720, 0.1825600, 0.2434880, 0.2411520, 0.1825280, 0.2628160, 0.2617280, 0.1832640, 0.2709760, 0.2381760, 0.1826240, 0.2506880, 0.2469760, 0.1827520, 0.2412160, 0.2400640, 0.1858240, 0.1866880, 0.1965760, 0.2826560, 0.2432640, 0.1819520, 0.2441280, 0.2395840, 0.1825600, 0.2744640, 0.2430080, 0.1829440, 0.1822080, 0.1806400, 0.2491200, 0.2849920, 0.1925440, 0.2456320, 0.2656320, 0.2335360, 0.2516160, 0.2869760, 0.1825280, 0.3539840, 0.2381760, 0.1815040 ],
"timesExecution": [ 0.3111040, 0.3337600, 0.3065920, 0.3209600, 0.2801280, 0.3149120, 0.2741760, 0.2794880, 0.2956160, 0.2653760, 0.3695360, 0.3391680, 0.2996480, 0.2936960, 0.3347200, 0.2864000, 0.2797120, 0.3040960, 0.2671680, 0.2868160, 0.3636480, 0.2863040, 0.2987520, 0.2920640, 0.2734400, 0.3038080, 0.2904000, 0.4483840, 0.2849600, 0.3592320, 0.2643520, 0.2759680, 0.2583680, 0.2860160, 0.3148480, 0.3112640, 0.2768320, 0.3091840, 0.2704960, 0.3153600, 0.3181440, 0.2743680, 0.2757440, 0.2803200, 0.2696320, 0.3276480, 0.2833920, 0.2767040, 0.2956800, 0.2813440, 0.2682240, 0.2720960, 0.2652480, 0.3047040, 0.3020480, 0.2695360, 0.3128000, 0.3104320, 0.2836800, 0.3029760, 0.3250240, 0.2693760, 0.2788160, 0.3161280, 0.2772800, 0.2943680, 0.2882560, 0.2696640, 0.2969280, 0.2896320, 0.2761920, 0.2933760, 0.2807040, 0.2778240, 0.2735360, 0.2545600, 0.2779520, 0.3134720, 0.3036160, 0.2954880, 0.3074560, 0.2713280, 0.2796800, 0.3184320, 0.2775680, 0.2799040, 0.2520640, 0.2720000, 0.3385280, 0.2752320, 0.2672000, 0.3674560, 0.2696000, 0.2883200, 0.3087360, 0.2764480, 0.2762880, 0.3192320, 0.2723840, 0.2767040 ],
"timesTransferFromDevice": [ 0.0669120, 0.0637760, 0.0927680, 0.0626560, 0.0636480, 0.0624320, 0.0630400, 0.0941120, 0.0563200, 0.0851520, 0.0628800, 0.0684160, 0.0519360, 0.0636160, 0.0917120, 0.0787520, 0.0520640, 0.0494400, 0.0440320, 0.0948480, 0.0639360, 0.0483520, 0.0638080, 0.0835840, 0.0571840, 0.0716480, 0.0797120, 0.0435520, 0.0709440, 0.0467520, 0.0422720, 0.0408960, 0.0407680, 0.0814400, 0.0952960, 0.0464320, 0.0628800, 0.0633600, 0.0508160, 0.0642560, 0.0633600, 0.0410240, 0.0650560, 0.1061120, 0.1181120, 0.0637120, 0.0994560, 0.0412480, 0.0710720, 0.0615680, 0.0432000, 0.0432960, 0.0668480, 0.0826560, 0.0636160, 0.0407360, 0.0775360, 0.0623680, 0.0614080, 0.0634880, 0.0620480, 0.0408320, 0.0638080, 0.0635840, 0.0617600, 0.0625280, 0.0640320, 0.0416320, 0.0627200, 0.1096640, 0.0411840, 0.0704000, 0.0914880, 0.0419200, 0.0430080, 0.0399680, 0.0623040, 0.1024320, 0.0413120, 0.0709120, 0.0630400, 0.0413760, 0.0633280, 0.0927360, 0.0408320, 0.0400960, 0.0407680, 0.0905600, 0.0633600, 0.0417920, 0.0640640, 0.0630080, 0.0412480, 0.0962240, 0.0640320, 0.0411200, 0.0635520, 0.0619200, 0.0421760, 0.0963520 ],