{
"fileName": "./input_data/test.txt",
"inputLengthInCharacters": 10532866,
"uniformInput": false,
"useMappingLetter": false,
"measurements": {
"histogram_one_thread_per_character": {
"timesTransferToDevice": [ 2.2702401, 2.0854399, 2.2216640, 2.0715840, 2.1830399, 2.0328319, 2.2513919, 2.1341760, 2.2020481, 2.0431039, 2.1916480, 2.1356800, 2.0249281, 2.0933440, 2.0095360, 2.0919039, 1.9720960, 2.1722240, 2.1296959, 1.9723840, 2.1253760, 2.0502400, 2.3633280, 2.0722239, 1.9904640, 2.1223359, 2.0658879, 1.9890560, 2.0129919, 2.0398400, 1.9645760, 1.9577920, 1.9483200, 1.9251200, 1.8967040, 2.0177600, 1.9410560, 1.9292800, 1.9223680, 1.9233600, 1.8538240, 2.0522881, 1.9894720, 2.0370240, 2.0599680, 2.0360320, 2.0926080, 1.9588480, 2.0379839, 2.0374401, 2.1086080, 2.0564799, 1.9919360, 2.0816000, 2.3815680, 2.0476799, 2.0999041, 1.9812480, 1.9481280, 2.0026560, 1.9027200, 1.8703040, 1.8965760, 1.9099840, 1.9911360, 1.8495680, 1.8899519, 1.9321600, 1.9116160, 1.9817600, 1.9665281, 2.0281601, 2.1064000, 2.0948801, 2.0528960, 2.0315840, 2.0576000, 2.0793281, 1.9941120, 2.1065600, 2.1678720, 2.3467200, 2.0801599, 2.0187521, 2.0329919, 2.0331521, 2.1094079, 2.0587521, 2.0195520, 2.0481279, 2.0611839, 1.9054400, 1.8955200, 1.9140800, 1.9080000, 2.0042880, 1.9369600, 1.9375679, 1.8443840, 1.9256320 ],
"timesExecution": [ 9.6264000, 9.5521917, 9.5799360, 9.5768318, 9.5592003, 9.5746555, 9.5720320, 9.5679684, 9.6406403, 9.5560961, 9.5476484, 9.6079683, 9.5446396, 9.5402241, 9.6375685, 9.5461121, 9.5553923, 9.6436796, 9.5393600, 9.5342398, 9.5784636, 9.5947199, 9.6387196, 9.5320644, 9.5417919, 9.6447039, 9.5512323, 9.5352964, 9.5718718, 9.5599041, 9.5604162, 9.7116156, 9.5029116, 9.5442562, 9.5966082, 9.6257915, 9.5520639, 9.5948477, 9.5893116, 9.5430717, 9.5926399, 9.5407677, 9.5596800, 9.5806723, 9.6004801, 9.6220160, 9.5111036, 9.5225916, 9.5943356, 9.5776958, 9.5383043, 9.6113596, 9.5757761, 9.5604162, 9.6235838, 9.5961285, 9.5410242, 9.5731516, 9.5253439, 9.7291517, 9.7065601, 9.5295362, 9.6161280, 9.6134081, 9.5680962, 9.5870724, 9.5892162, 9.5591040, 9.6456318, 9.5495043, 9.5235519, 9.6215677, 9.6144323, 9.5921278, 9.5783997, 9.5979843, 9.5324478, 9.5833282, 9.6009598, 9.5395842, 9.6057596, 9.5549440, 9.5513601, 9.5830717, 9.5610561, 9.6131201, 9.5658560, 9.5310717, 9.6320963, 9.5964479, 9.5747519, 9.6207037, 9.5503044, 9.5526400, 9.6223040, 9.6069441, 9.5719681, 9.6136322, 9.5299196, 9.6039677 ],
"timesTransferFromDevice": [ 0.1189760, 0.0936640, 0.0885760, 0.1383040, 0.0906880, 0.1357760, 0.0976000, 0.0869440, 0.0914560, 0.1263360, 0.1237120, 0.0979200, 0.1249280, 0.1262400, 0.1503680, 0.0828160, 0.0865280, 0.1310400, 0.0893120, 0.0867840, 0.1177600, 0.1193600, 0.1571520, 0.0863360, 0.1303680, 0.1556800, 0.1256640, 0.0808640, 0.1150400, 0.1255360, 0.1248000, 0.1220480, 0.0806400, 0.0867200, 0.1230720, 0.1751680, 0.0814080, 0.0876160, 0.1152000, 0.0807360, 0.0978880, 0.1220800, 0.0823360, 0.1304320, 0.1336320, 0.1162240, 0.0797440, 0.0803840, 0.1154240, 0.1190080, 0.1210240, 0.1232320, 0.1189120, 0.1297920, 0.1016000, 0.1253120, 0.0795840, 0.0814400, 0.1165120, 0.1337600, 0.0884480, 0.0867200, 0.1236800, 0.0886080, 0.0845120, 0.0860480, 0.2651840, 0.0912640, 0.2120000, 0.0829440, 0.0868800, 0.1199680, 0.1260160, 0.1241920, 0.1179520, 0.1210240, 0.0836480, 0.0863360, 0.1255680, 0.1253760, 0.1316800, 0.1155840, 0.1200000, 0.1143360, 0.1176320, 0.1194240, 0.0873920, 0.0843200, 0.1203520, 0.1332480, 0.1156800, 0.1185600, 0.1253440, 0.1158720, 0.1251840, 0.1201600, 0.1245120, 0.1152960, 0.0814400, 0.1304000 ],
"bins": [ 0, 0, 0, 0, 0, 0, 0, 0, 0, 37022, 0, 0, 0, 0, 0, 0, 0, 0, 0, 0, 0, 0, 0, 0, 0, 0, 0, 0, 0, 0, 0, 1749664, 0, 0, 0, 0, 0, 0, 0, 0, 0, 0, 0, 114062, 0, 92662, 0, 0, 0, 0, 0, 0, 0, 0, 0, 0, 0, 0, 0, 0, 0, 0, 0, 0, 23754, 0, 2568, 8132, 0, 0, 0, 0, 0, 0, 0, 47722, 0, 2568, 0, 0, 0, 0, 23754, 0, 5350, 0, 0, 0, 0, 0, 0, 0, 0, 0, 0, 0, 725674, 92662, 231334, 422650, 987396, 32528, 135676, 16050, 702348, 23754, 47508, 419868, 520020, 407242, 693360, 175266, 61418, 518094, 603908, 824542, 584220, 117486, 5350, 10700, 52858, 13696, 0, 0, 0, 0, 0, 0 ]
}
,
"histogram_atomic_private": {
"timesTransferToDevice": [ 2.0663359, 1.8669760, 1.9499520, 1.9497920, 2.1291840, 2.1885440, 2.1516800, 1.9216321, 2.0954881, 1.9881920, 1.9820480, 1.8928000, 2.1447361, 2.1753600, 2.1491840, 1.9133760, 1.9886400, 1.9768000, 2.1112320, 2.0039041, 1.9470720, 2.0061440, 1.9267200, 1.8200960, 1.9536000, 1.9055680, 1.8907520, 2.0563519, 1.7304960, 1.7697600, 1.7687041, 1.6702720, 1.6876160, 1.8531200, 1.7698240, 1.7475200, 1.6937280, 1.6661119, 1.6513600, 1.7089280, 1.6295680, 1.6224000, 1.6027200, 1.6959680, 1.6056960, 1.6513280, 1.5908480, 1.6093760, 1.6251841, 1.6366720, 1.4952960, 1.5830719, 1.6351039, 1.7526400, 1.7329921, 1.6130240, 1.6146240, 1.7526400, 1.6216320, 1.6778880, 1.5636480, 1.5151680, 1.6728320, 1.6963840, 1.5317121, 1.7279680, 1.5968000, 1.7053120, 1.5872320, 1.5881600, 1.6541760, 1.5574400, 1.5043520, 1.4931520, 1.6247040, 1.7208000, 1.5980480, 1.8394880, 2.0129919, 1.8543040, 1.8963840, 1.9442559, 1.8378561, 1.9375041, 1.9253120, 1.8252161, 1.9060160, 1.8759360, 1.8928961, 2.1373761, 2.0048959, 2.0749760, 2.0148160, 1.6990401, 1.8827200, 1.9469759, 2.0383680, 1.9502720, 1.9952000, 1.9232960 ],
"timesExecution": [ 2.1064320, 2.1233280, 2.2175360, 2.0720961, 2.0839360, 2.0755520, 2.1081920, 2.0486720, 2.1096001, 2.1062720, 2.0564799, 2.2378881, 2.1310401, 2.0659840, 2.1020801, 2.1139200, 2.0858879, 2.0901761, 2.0960319, 2.1219201, 2.0953600, 2.0702081, 2.1201921, 2.0602880, 2.0855680, 2.1027520, 2.0630720, 2.0712960, 2.0826240, 2.1026559, 2.0656960, 2.0819199, 2.1050241, 2.0934081, 2.1030080, 2.0848639, 2.0325761, 2.1038721, 2.0792639, 2.1096320, 2.1314240, 2.0689280, 2.0449600, 2.0711999, 2.0757120, 2.0883839, 2.0280001, 2.0664001, 2.0768001, 2.0543680, 2.0544960, 2.0830081, 2.2146561, 2.1438079, 2.1293759, 2.0730879, 2.0286720, 2.1028800, 2.0640960, 2.1143360, 2.0868480, 2.1608319, 2.1179841, 2.1059520, 2.0613761, 2.1126399, 2.1306241, 2.1033599, 2.0830081, 2.1407361, 2.2389760, 2.1040640, 2.0394881, 2.0381119, 2.0653119, 2.0818560, 2.0325439, 2.0769279, 2.2726719, 2.0763841, 2.0896959, 2.0870080, 2.0499201, 2.1441920, 2.0478401, 2.0955520, 2.0397120, 2.0530879, 2.0767040, 2.0939839, 2.0519681, 2.1309440, 2.0764160, 2.1103041, 2.1074240, 2.1359360, 2.0776961, 2.1179199, 2.1254399, 2.0927360 ],
"timesTransferFromDevice": [ 0.0974400, 0.1260160, 0.0855680, 0.0872640, 0.1566080, 0.1235520, 0.1239360, 0.1211520, 0.1229440, 0.1302080, 0.1604480, 0.1231040, 0.1131520, 0.1186880, 0.1025280, 0.0834560, 0.0950400, 0.1215040, 0.1286720, 0.1165120, 0.1089920, 0.1315520, 0.0758720, 0.1076800, 0.1012800, 0.1036800, 0.0958400, 0.1062080, 0.1018240, 0.0820800, 0.1092160, 0.0967360, 0.1067840, 0.1096000, 0.1104960, 0.0991360, 0.0712960, 0.0944320, 0.1040320, 0.0930880, 0.0935040, 0.1173120, 0.1242880, 0.0747840, 0.0839040, 0.0910080, 0.0733760, 0.0985920, 0.0929280, 0.0969920, 0.0800320, 0.0643520, 0.1170240, 0.1040000, 0.1088640, 0.0920960, 0.0968320, 0.0933760, 0.0749440, 0.1250240, 0.0827520, 0.0694400, 0.1095040, 0.0793600, 0.0859200, 0.0785280, 0.0743680, 0.0796160, 0.0702080, 0.1051520, 0.1096640, 0.0678080, 0.0730240, 0.0957760, 0.0928640, 0.1034560, 0.0674560, 0.1013440, 0.0967040, 0.0824320, 0.1291200, 0.1026240, 0.0869120, 0.0897920, 0.0884480, 0.1057280, 0.1195200, 0.0926400, 0.1208960, 0.0869440, 0.0855680, 0.1221440, 0.0700480, 0.2477120, 0.1071360, 0.1190080, 0.0816640, 0.0837760, 0.1034880, 0.0962240 ],