{
"inputLengthInCharacters": 8388608,
"uniformInput": false,
"useMappingLetter": false,
"measurements": {
"histogram_one_thread_per_character": {
"timesTransferToDevice": [ 1.8353601, 1.6678720, 1.6510400, 1.5943360, 1.5847360, 1.6885440, 1.6497920, 1.6740160, 1.5332479, 1.5488960, 1.5280319, 1.5209280, 1.4562560, 1.4470080, 1.4896960, 1.4933760, 1.5302080, 1.5445760, 1.5158720, 1.8262720, 1.5182720, 1.5373120, 1.5019840, 1.5120640, 1.4878720, 1.4975359, 1.4857280, 1.5112640, 1.5577600, 1.6863680, 1.4545280, 1.4505280, 1.4850560, 1.4525440, 1.5024320, 1.5127360, 1.5162560, 1.4661120, 1.4584960, 1.5680000, 1.4497920, 1.4704320, 1.4752320, 1.4476800, 1.4454080, 1.4568640, 1.4808960, 1.4778560, 1.4531840, 1.4867200, 1.4416640, 1.4476480, 1.5008960, 1.4691520, 1.4509439, 1.4769280, 1.4512000, 1.4539840, 1.4571840, 1.4939520, 1.4701760, 1.5041280, 1.5044800, 1.4508160, 1.8006080, 1.4923520, 1.5007041, 1.4923199, 1.5266560, 1.5629441, 1.5371840, 1.4899520, 1.5352960, 1.4983040, 1.5159360, 1.4982400, 1.5160640, 1.5158080, 1.5106879, 1.4832640, 1.4563839, 1.4456640, 1.5046721, 1.4553920, 1.4427840, 1.4587520, 1.4431040, 1.4481280, 1.4501760, 1.5069439, 1.4823040, 1.4292800, 1.4997760, 1.4596800, 1.4440000, 1.5592960, 1.4761920, 1.5533119, 1.4895360, 1.5506240 ],
"timesExecution": [ 6.3016000, 6.2536960, 6.2775040, 6.2424641, 6.2286401, 6.2966399, 6.2598081, 6.2618880, 6.3135681, 6.2651839, 6.2796798, 6.2923198, 6.2940159, 6.2959042, 6.2699838, 6.3108158, 6.2292480, 6.3000321, 6.2483840, 6.2752962, 6.2601280, 6.2541761, 6.2906241, 6.2800002, 6.2714238, 6.3047361, 6.2448320, 6.2459202, 6.2997761, 6.2357121, 6.2316480, 6.2396479, 6.2269440, 6.2422719, 6.2769918, 6.2666879, 6.2527361, 6.3215361, 6.2532802, 6.2485762, 6.2578878, 6.2318082, 6.2693119, 6.2354560, 6.2425599, 6.3939838, 6.2861438, 6.3069439, 6.2690878, 6.2341118, 6.2269759, 6.2627521, 6.2292800, 6.2399998, 6.2573438, 6.2663999, 6.3393922, 6.4047360, 6.2614398, 6.2333760, 6.3747201, 6.3315201, 6.2889280, 6.2664642, 6.3046398, 6.3148479, 6.2451520, 6.2447362, 6.2854400, 6.2839360, 6.2708478, 6.2818241, 6.2361922, 6.3201280, 6.2842879, 6.2877121, 6.2802238, 6.2777920, 6.2636480, 6.2404799, 6.2807040, 6.2134080, 6.2250242, 6.2259202, 6.2548161, 6.2852478, 6.2320318, 6.2309122, 6.2616639, 6.2351680, 6.2511678, 6.2881279, 6.3129282, 6.2514558, 6.2660799, 6.2901759, 6.3741441, 6.3500481, 6.2797122, 6.2894082 ],
"timesTransferFromDevice": [ 0.1258240, 0.1457280, 0.1047680, 0.0705280, 0.0672320, 0.0758400, 0.0734720, 0.1859520, 0.0742400, 0.0731840, 0.0707840, 0.1057920, 0.0968000, 0.0683200, 0.0829440, 0.0674880, 0.0699520, 0.0731200, 0.0968000, 0.0736320, 0.0676800, 0.0709760, 0.0703360, 0.0758080, 0.0677760, 0.0790400, 0.0667200, 0.0685120, 0.0714880, 0.0719040, 0.0661440, 0.0681280, 0.0804480, 0.0697600, 0.1209600, 0.0781440, 0.0682560, 0.0751040, 0.1011520, 0.0735040, 0.0688000, 0.0685440, 0.0674880, 0.2257920, 0.0868800, 0.0782400, 0.1115200, 0.0703680, 0.0667200, 0.0677760, 0.1758400, 0.1438720, 0.1645760, 0.0718400, 0.1911040, 0.1026240, 0.0694080, 0.1115520, 0.0690560, 0.0694080, 0.0852480, 0.0724800, 0.0705280, 0.0747840, 0.0710720, 0.0965120, 0.0672640, 0.0702080, 0.0736320, 0.0724800, 0.0773760, 0.0718400, 0.0698560, 0.0725440, 0.0912640, 0.0738560, 0.0678720, 0.0670080, 0.0680640, 0.0689920, 0.0892800, 0.1068800, 0.0686400, 0.0682240, 0.0682240, 0.0734720, 0.0812480, 0.1644800, 0.1662720, 0.0708160, 0.0742080, 0.0695680, 0.0691200, 0.0953280, 0.0693120, 0.0804800, 0.0722560, 0.0799360, 0.0700800, 0.1179200 ],
"bins": [ 65216, 65587, 65581, 65658, 66052, 65183, 65016, 65538, 65693, 65419, 65038, 65798, 65672, 65631, 65278, 65453, 66011, 65490, 65539, 65377, 65513, 65607, 65293, 65254, 65497, 65563, 65428, 65119, 65689, 65848, 65094, 65357, 65725, 65831, 65312, 65649, 65544, 65269, 65257, 65344, 65310, 65573, 65678, 65578, 65150, 65416, 65850, 65256, 65264, 65481, 66001, 65374, 66076, 65303, 65238, 65364, 65419, 65400, 65778, 65807, 65265, 65686, 65608, 65997, 65623, 65368, 65231, 65926, 66063, 65586, 65256, 65921, 65307, 65850, 65315, 65519, 65712, 64956, 65690, 65690, 65539, 65818, 65442, 65657, 65746, 65943, 66096, 65789, 65661, 65951, 65219, 65262, 65950, 65562, 65453, 65456, 65636, 65160, 65391, 65236, 65203, 65287, 65241, 65312, 65618, 65443, 65827, 65479, 65603, 65642, 65971, 65546, 65508, 65903, 65735, 65494, 65680, 65594, 65231, 65922, 65774, 65823, 65549, 65641, 65160, 65209, 65780, 65158 ]
}
,
"histogram_atomic_private": {
"timesTransferToDevice": [ 1.5454720, 1.4580801, 1.4984961, 1.6209280, 1.5561920, 1.5284480, 1.5007041, 1.8001920, 1.4451520, 1.5848320, 1.5610240, 1.4977280, 1.5420800, 1.3224640, 1.5527680, 1.5916800, 1.4430400, 1.4345280, 1.4520640, 1.5584320, 1.5601280, 1.4657600, 1.4897920, 1.4362240, 1.4404480, 1.5717760, 1.6507200, 1.4454401, 1.4410880, 1.4726400, 1.5608640, 1.5367360, 1.4825280, 1.4611840, 1.4654080, 1.5955840, 1.5590720, 1.4864320, 1.4416640, 1.4374400, 1.5806400, 1.5440320, 1.6619840, 1.5320960, 1.7178880, 1.5227520, 1.4395200, 1.4743360, 1.4382080, 1.4409280, 1.4850880, 1.4394240, 1.6245760, 1.5754560, 1.5466239, 1.5277760, 1.7190400, 1.4559680, 1.5640640, 1.5722560, 1.4429120, 1.4613760, 1.4718400, 1.5911360, 1.5240000, 1.4978880, 1.4442559, 1.4364160, 1.6220160, 1.4844160, 1.5241280, 1.4363840, 1.4608639, 1.4411200, 1.4348160, 1.6139200, 1.4476800, 1.4489920, 1.4932160, 1.4636160, 1.5199360, 1.3311040, 1.4395519, 1.4516799, 1.4085760, 1.6063679, 1.4950401, 1.4367360, 1.5010240, 1.4248960, 1.5357440, 1.4452480, 1.4388160, 1.6329280, 1.5228480, 1.5918400, 1.6277760, 1.5283200, 1.4975040, 1.4862080 ],
"timesExecution": [ 1.5284160, 1.5453759, 1.5019200, 1.5138561, 1.4974400, 1.5384640, 1.5152960, 1.6189760, 1.5535361, 1.5249600, 1.5329920, 1.5515200, 1.4874240, 1.4876480, 1.5488000, 1.5495681, 1.5347520, 1.5452480, 1.5122560, 1.5023360, 1.5432960, 1.5197120, 1.5547841, 1.5177920, 1.5210240, 1.5552320, 1.5653440, 1.5160320, 1.5464000, 1.5184000, 1.5187520, 1.5314879, 1.5071681, 1.5149440, 1.5560640, 1.5157760, 1.5575360, 1.5425600, 1.5098881, 1.5080320, 1.5772800, 1.5423681, 1.5187520, 1.5413760, 1.5406400, 1.5580800, 1.5395520, 1.5104960, 1.5258880, 1.5723521, 1.5241920, 1.5412160, 1.5237761, 1.5382400, 1.5855680, 1.5703040, 1.5754880, 1.5390720, 1.5487360, 1.5455360, 1.5704960, 1.5136640, 1.5183680, 1.5530879, 1.5132800, 1.6707520, 1.5359679, 1.5703040, 1.6703360, 1.5214080, 1.5036800, 1.5448641, 1.5337280, 1.5132480, 1.5540479, 1.5518720, 1.5231040, 1.5390720, 1.5170560, 1.5152640, 1.5593920, 1.5285120, 1.5362240, 1.5438720, 1.5025600, 1.6060801, 1.5206720, 1.5150080, 1.5193599, 1.5543680, 1.5603840, 1.5411520, 1.5221440, 1.5000319, 1.5438720, 1.5064000, 1.5399680, 1.5652800, 1.5357760, 1.5206720 ],
"timesTransferFromDevice": [ 0.0691520, 0.0718720, 0.0643520, 0.0710720, 0.0694720, 0.0692480, 0.0664640, 0.0738560, 0.0691200, 0.0704960, 0.0673600, 0.0668800, 0.0602560, 0.0663040, 0.0680320, 0.0727040, 0.0696320, 0.0655680, 0.0928640, 0.0749760, 0.0674240, 0.0710080, 0.0727680, 0.1673600, 0.0681920, 0.0776640, 0.0526720, 0.0676800, 0.0932160, 0.0693120, 0.0692800, 0.0683520, 0.0677760, 0.0667840, 0.0700800, 0.0656320, 0.0679680, 0.0673280, 0.0693120, 0.0672320, 0.0723840, 0.0750720, 0.0731840, 0.0689600, 0.1093760, 0.1681280, 0.0740800, 0.0694080, 0.0685760, 0.0672960, 0.0822400, 0.0680640, 0.0735360, 0.0720320, 0.0744960, 0.0748480, 0.0861760, 0.0678080, 0.0751040, 0.0726720, 0.0703360, 0.0680960, 0.0695360, 0.0727040, 0.0712000, 0.0675200, 0.0702400, 0.0690560, 0.0710720, 0.0705600, 0.0755520, 0.0658880, 0.0727040, 0.0675520, 0.0728640, 0.0694400, 0.0688640, 0.0641600, 0.0719040, 0.1043520, 0.1078720, 0.1213760, 0.0715200, 0.0650560, 0.0663040, 0.0718720, 0.0678720, 0.0657600, 0.0664000, 0.0664320, 0.0733440, 0.0898240, 0.0871360, 0.0681920, 0.0698240, 0.1086720, 0.0775040, 0.0703040, 0.0692480, 0.0679360 ],