{
"inputLengthInCharacters": 16777216,
"uniformInput": true,
"useMappingLetter": false,
"measurements": {
"histogram_one_thread_per_character": {
"timesTransferToDevice": [ 3.3214400, 3.2726400, 3.1825600, 3.1954880, 3.1325121, 3.1718080, 2.9448960, 3.0964799, 3.0617280, 3.1657600, 2.9384961, 3.0836799, 3.0672641, 3.0687039, 2.9272959, 3.0681920, 3.1671360, 3.0919039, 2.9609599, 3.0344319, 3.0737600, 3.0706241, 2.9356160, 2.9139841, 3.2334399, 3.2024319, 2.9744000, 3.0351360, 3.1533761, 3.1223359, 2.9450560, 2.9560001, 3.3789761, 3.2058561, 3.1596799, 3.0745599, 3.0272319, 3.0815361, 2.9382401, 3.2073600, 3.0842559, 3.0188160, 2.9332161, 3.1395199, 3.0133121, 3.0445120, 2.9795840, 2.9231679, 3.0223041, 3.0150399, 3.0210240, 2.8912959, 3.0552320, 3.0762560, 3.0867200, 3.0064001, 3.0835841, 3.0599360, 3.0888960, 2.9029441, 2.9745281, 3.0086401, 3.0550399, 2.9632640, 2.9496319, 3.0491519, 3.0063679, 3.0494721, 2.8822081, 3.0395520, 2.9913599, 3.1015041, 2.9658880, 2.9621439, 3.0295680, 3.1426239, 3.0241280, 2.9854400, 3.1536319, 3.0992961, 3.0089281, 3.0509760, 3.0616641, 3.0590079, 2.9811201, 2.9741440, 3.0525119, 3.0879359, 3.0498559, 2.9078081, 3.0212159, 3.0240641, 3.1052799, 3.1039360, 2.9815681, 3.0156801, 3.0571201, 3.0449920, 2.9951680, 3.0563841 ],
"timesExecution": [ 33.7039986, 33.7402878, 33.6901436, 33.6254082, 33.7269440, 33.6886406, 33.6355209, 33.6628799, 33.6653748, 33.6225281, 33.6879997, 33.6999664, 33.6681938, 33.6423683, 33.6643524, 33.6518402, 33.6690254, 33.6540146, 33.6152954, 33.6354256, 33.6569595, 33.6364784, 33.6824646, 33.6617928, 33.6669769, 33.6933136, 33.6382408, 33.6699219, 33.7015991, 33.7204475, 33.6602249, 33.6723824, 33.6518402, 33.6284485, 33.6788483, 33.6435204, 33.6406403, 33.6592941, 33.6659203, 33.6344948, 33.6634254, 33.6206703, 33.6881599, 33.6306572, 33.6117744, 33.6600647, 33.6212807, 33.6124496, 33.6629105, 33.6369934, 33.6455040, 33.6667824, 33.6367378, 33.6446075, 33.6808319, 33.6791039, 33.6288643, 33.6983376, 33.6609612, 33.6434250, 33.6630707, 33.6392632, 33.6887054, 33.6375999, 33.6373749, 33.6890564, 33.6500816, 33.6228142, 33.6521263, 33.6298561, 33.6162224, 33.6866570, 33.6446724, 33.6201591, 33.6833916, 33.6312943, 33.6382408, 33.6991348, 33.6374397, 33.6209297, 33.6905594, 33.6477127, 33.6502075, 33.6368942, 33.6287041, 33.6888657, 33.6347198, 33.6362228, 33.6555824, 33.6217918, 33.6428490, 33.6656303, 33.6307831, 33.6475830, 33.6700783, 33.6287689, 33.6170578, 33.7310715, 33.6340485, 33.6524811 ],
"timesTransferFromDevice": [ 0.1375040, 0.1849600, 0.1418880, 0.0856320, 0.1320640, 0.1192000, 0.0790400, 0.1506880, 0.1226240, 0.0799680, 0.0876160, 0.0843520, 0.0853120, 0.1191680, 0.1364160, 0.1262080, 0.0805760, 0.1050880, 0.0785600, 0.0785600, 0.1140800, 0.2849600, 0.0952320, 0.1234240, 0.1232640, 0.1273280, 0.1135040, 0.1195840, 0.0731520, 0.0797440, 0.0753920, 0.1394880, 0.0832640, 0.1184000, 0.1136640, 0.0810880, 0.1175360, 0.1144640, 0.1235520, 0.1186240, 0.0773760, 0.1145280, 0.1379200, 0.1229760, 0.1149120, 0.1137280, 0.1118080, 0.1069120, 0.0793280, 0.1140160, 0.1416640, 0.1096960, 0.0891520, 0.1534080, 0.1933120, 0.1149440, 0.1167680, 0.1246720, 0.2185600, 0.1129280, 0.0720640, 0.1112320, 0.1214400, 0.1209280, 0.1165120, 0.1286400, 0.1200640, 0.1116800, 0.0752960, 0.1192960, 0.1150720, 0.1478720, 0.0934720, 0.1111680, 0.1120640, 0.1204160, 0.0852800, 0.1476160, 0.0811840, 0.1164160, 0.1328320, 0.0903040, 0.0854400, 0.1158720, 0.1548160, 0.1216320, 0.1119360, 0.1130240, 0.1408640, 0.1110720, 0.0805440, 0.1109120, 0.1178880, 0.1204800, 0.1193920, 0.0771840, 0.1139520, 0.1189440, 0.1195520, 0.1165760 ],
"bins": [ 0, 0, 0, 0, 0, 0, 0, 0, 0, 0, 0, 0, 0, 0, 0, 0, 0, 0, 0, 0, 0, 0, 0, 0, 0, 0, 0, 0, 0, 0, 0, 0, 0, 0, 0, 0, 0, 0, 0, 0, 0, 0, 0, 0, 0, 0, 0, 0, 0, 0, 0, 0, 0, 0, 0, 0, 0, 0, 0, 0, 0, 0, 0, 0, 0, 0, 0, 0, 0, 0, 0, 0, 0, 0, 0, 0, 0, 0, 0, 0, 0, 0, 0, 0, 0, 0, 0, 0, 0, 0, 0, 0, 0, 0, 0, 0, 16777216, 0, 0, 0, 0, 0, 0, 0, 0, 0, 0, 0, 0, 0, 0, 0, 0, 0, 0, 0, 0, 0, 0, 0, 0, 0, 0, 0, 0, 0, 0, 0 ]
}
,
"histogram_atomic_private": {
"timesTransferToDevice": [ 2.9231040, 3.1175361, 3.1115520, 3.0656960, 3.1243520, 3.0008321, 3.0247681, 3.0868161, 3.0532479, 3.1488960, 2.8864961, 3.1085761, 3.0387521, 3.1388481, 3.0679359, 2.8983040, 2.9560959, 2.8769281, 2.9293439, 2.9723840, 2.7554879, 2.8783040, 3.1584640, 2.9618881, 3.2434881, 2.9735999, 3.1014080, 3.1271999, 3.0776639, 3.1294079, 3.1758080, 2.9131839, 3.0611200, 3.0480001, 3.1494401, 2.7626560, 2.8693120, 2.7078400, 2.6815360, 2.6154561, 2.7535040, 2.8192320, 3.0487039, 3.0955200, 2.9439361, 3.1718080, 3.1233280, 3.1886401, 3.0432000, 2.9153600, 3.3056321, 3.1399040, 2.9893761, 3.1179841, 3.0316160, 2.9107840, 3.0681920, 2.9441600, 3.0379839, 3.5276480, 3.0288000, 2.9323521, 3.0202241, 3.0307200, 2.9876800, 3.0166399, 2.9707201, 2.9515519, 3.1109760, 2.9463041, 3.2280321, 2.9138560, 3.0552320, 2.9786880, 3.0612481, 3.0795200, 2.9018240, 3.2192960, 3.0176959, 3.0584321, 3.0035839, 2.9011519, 2.9775040, 3.1421120, 3.0525119, 3.1859839, 2.8998721, 3.0749440, 3.0822721, 3.0123200, 3.0827839, 2.8893759, 3.0686080, 2.9909761, 3.1454720, 3.0176640, 2.9436159, 2.8928001, 3.1503041, 3.0875840 ],
"timesExecution": [ 7.9308481, 7.9590402, 8.0208635, 7.9357762, 7.9282560, 7.9341440, 7.9146562, 7.9248638, 7.9783039, 7.9426560, 7.9266238, 7.9820800, 7.9735041, 7.9170880, 7.9859838, 8.0263681, 7.9703040, 7.9727998, 7.9537921, 7.9315200, 7.9644799, 7.9287362, 7.9732161, 7.9355521, 7.9527040, 7.9889922, 7.9271679, 7.9566398, 7.9657922, 7.9514241, 7.9168000, 7.9796162, 7.9636159, 7.9925442, 7.9798079, 7.9296641, 7.9393601, 7.9404802, 7.9154878, 7.9765120, 7.9686399, 8.0770245, 7.9577279, 7.9526401, 7.9643841, 8.0207682, 7.9466238, 7.9531202, 7.9635839, 7.9248958, 7.9867520, 7.9454718, 7.9456000, 7.9728961, 7.9740162, 7.9409280, 7.9400001, 7.9712319, 7.9234881, 7.9380159, 8.0310402, 8.0036163, 7.9181762, 7.9716802, 7.9314561, 8.0567999, 8.0232000, 7.9444160, 8.0015039, 7.9325762, 7.9427838, 7.9877119, 7.9847360, 7.9436479, 7.9786239, 7.9316802, 7.9425921, 7.9934721, 7.9282241, 7.9434881, 7.9505601, 7.9366078, 7.9262719, 7.9878721, 7.9570880, 7.9889922, 7.9555840, 7.9768000, 7.9699521, 7.9297280, 7.9466882, 7.9654398, 7.9829121, 7.9534078, 8.0092478, 7.9240322, 8.0246077, 7.9648962, 7.9519682, 7.9361920 ],
"timesTransferFromDevice": [ 0.1420800, 0.0988160, 0.0788160, 0.1193280, 0.0769920, 0.0962240, 0.0727680, 0.1194240, 0.1080640, 0.0838400, 0.0748800, 0.1231680, 0.1052800, 0.1105920, 0.0798720, 0.0850880, 0.0854080, 0.0722880, 0.0772800, 0.1131200, 0.1001280, 0.0927680, 0.0926720, 0.1066880, 0.1095680, 0.0779520, 0.1358400, 0.0834880, 0.0961920, 0.1067840, 0.0812160, 0.0736320, 0.0757120, 0.1366720, 0.1104640, 0.1514560, 0.0714880, 0.0948480, 0.0670080, 0.0769920, 0.0757440, 0.0808640, 0.0831680, 0.0793600, 0.1046720, 0.0816320, 0.1629760, 0.1135040, 0.0739520, 0.1795200, 0.0815360, 0.0731200, 0.1048320, 0.0787840, 0.0783360, 0.0753600, 0.0833600, 0.0741760, 0.0993280, 0.0763200, 0.0888640, 0.1099200, 0.0763520, 0.0756480, 0.0922560, 0.1263360, 0.0844480, 0.0868160, 0.0773440, 0.0726080, 0.0760640, 0.1087680, 0.0996160, 0.0977600, 0.0808960, 0.0776000, 0.1084160, 0.0768320, 0.1493760, 0.1163520, 0.0761280, 0.0756480, 0.0787840, 0.0720640, 0.1066560, 0.1204800, 0.1276480, 0.1021120, 0.0743680, 0.1108160, 0.1165440, 0.0743680, 0.0843520, 0.1113920, 0.1076800, 0.1299200, 0.0825280, 0.1358720, 0.0821440, 0.0801280 ],
"bins": [ 0, 0, 0, 0, 0, 0, 0, 0, 0, 0, 0, 0, 0, 0, 0, 0, 0, 0, 0, 0, 0, 0, 0, 0, 0, 0, 0, 0, 0, 0, 0, 0, 0, 0, 0, 0, 0, 0, 0, 0, 0, 0, 0, 0, 0, 0, 0, 0, 0, 0, 0, 0, 0, 0, 0, 0, 0, 0, 0, 0, 0, 0, 0, 0, 0, 0, 0, 0, 0, 0, 0, 0, 0, 0, 0, 0, 0, 0, 0, 0, 0, 0, 0, 0, 0, 0, 0, 0, 0, 0, 0, 0, 0, 0, 0, 0, 16777216, 0, 0, 0, 0, 0, 0, 0, 0, 0, 0, 0, 0, 0, 0, 0, 0, 0, 0, 0, 0, 0, 0, 0, 0, 0, 0, 0, 0, 0, 0, 0 ]
}
,