{
"inputLengthInCharacters": 4194304,
"uniformInput": false,
"useMappingLetter": false,
"measurements": {
"histogram_one_thread_per_character": {
"timesTransferToDevice": [ 0.9358400, 0.8725440, 0.8018880, 0.8085440, 0.6444160, 0.7742400, 0.7774080, 0.7737280, 0.7756480, 0.7729280, 0.7938240, 0.9024960, 0.8698560, 0.7794560, 0.7696640, 0.8380480, 0.7542720, 0.8118080, 0.7768000, 0.7692800, 0.8139840, 0.7524480, 0.7876800, 0.7661760, 0.7811200, 0.7837760, 0.7708800, 0.9097280, 0.8619840, 0.7684160, 0.7677760, 0.8109120, 0.8062400, 0.7485440, 0.7454080, 0.7463360, 0.8854720, 0.7912640, 0.7769600, 0.7480960, 0.7406080, 0.9325440, 0.8830720, 0.7936000, 0.7533120, 0.7408000, 0.7433920, 0.8020800, 0.7778560, 0.8031680, 0.7780160, 0.7428160, 0.7732800, 0.7404160, 0.7653440, 0.8151040, 0.8123520, 0.9112640, 0.9177280, 0.7721600, 0.8162560, 0.7707520, 0.7509760, 0.7691200, 1.0508161, 0.8158400, 0.7730880, 0.8081600, 0.7900160, 0.7393280, 0.7375360, 0.7401280, 0.7745920, 0.8700160, 0.8607360, 0.7476800, 0.7846400, 0.7702080, 0.8097600, 0.7663040, 0.7673600, 0.7936320, 0.8328000, 0.7407040, 0.7765760, 0.7654400, 0.7538240, 0.7821760, 0.7524480, 0.7931520, 0.7397120, 0.8623360, 0.8828160, 0.7779520, 0.7409920, 0.7448960, 0.7626240, 1.0462080, 0.8160640, 0.7441280 ],
"timesExecution": [ 3.2137921, 3.1909759, 3.2102079, 3.1859519, 3.1888959, 3.2162240, 3.1847360, 3.1976960, 3.2243841, 3.1996801, 3.3279359, 3.2686400, 3.1965120, 3.2082560, 3.2245440, 3.2383039, 3.2031360, 3.2410560, 3.2112000, 3.1926720, 3.2180481, 3.2473600, 3.2352960, 3.1910720, 3.2059841, 3.2414720, 3.2429440, 3.2105920, 3.2305920, 3.1974399, 3.1899519, 3.2384319, 3.1871359, 3.2237439, 3.2364480, 3.3199999, 3.2311039, 3.2737920, 3.2528000, 3.2490239, 3.3525441, 3.2070079, 3.3131199, 3.1990080, 3.2320960, 3.2314560, 3.1917119, 3.1825919, 3.2964799, 3.2608960, 3.2431359, 3.2925761, 3.2475200, 3.2354560, 3.2102721, 3.1997440, 3.3353601, 3.2336321, 3.1948800, 3.2007999, 3.2262080, 3.2388160, 3.2205760, 3.2029440, 3.1883841, 3.2264960, 3.2378881, 3.2222080, 3.2135680, 3.2046080, 3.1887679, 3.2701759, 3.3169601, 3.1874239, 3.2571840, 3.1946559, 3.1912961, 3.2259841, 3.1934400, 3.1849599, 3.2141120, 3.2002561, 3.2128320, 3.2376320, 3.2280960, 3.2403519, 3.2279680, 3.2584319, 3.2628801, 3.2272320, 3.2261441, 3.2506559, 3.2583680, 3.2497280, 3.2621441, 3.2336640, 3.2196801, 3.2101760, 3.1768320, 3.2550080 ],
"timesTransferFromDevice": [ 0.1311040, 0.1385920, 0.1049280, 0.0841280, 0.0723840, 0.0707520, 0.0712960, 0.1023040, 0.0981120, 0.0685760, 0.0723200, 0.0799360, 0.0703360, 0.0708160, 0.0811200, 0.0680320, 0.0682240, 0.0689280, 0.0699840, 0.0729280, 0.1155520, 0.0693440, 0.0653760, 0.0688960, 0.0720960, 0.1333120, 0.0695040, 0.0691520, 0.0680000, 0.0681280, 0.1056320, 0.0669760, 0.0925440, 0.0683200, 0.0665920, 0.1616960, 0.0713600, 0.0745600, 0.0696640, 0.0722560, 0.0679040, 0.0942400, 0.0701120, 0.0760000, 0.0655360, 0.0669440, 0.0661120, 0.0671360, 0.0741120, 0.0745600, 0.0699520, 0.0686080, 0.0921920, 0.0682560, 0.0657280, 0.0708800, 0.0671680, 0.0697280, 0.0696320, 0.0682240, 0.0669440, 0.0690880, 0.0740800, 0.0685440, 0.0688320, 0.0688960, 0.0673280, 0.0693440, 0.0656320, 0.0675200, 0.0643840, 0.0677440, 0.0671040, 0.0673920, 0.0823360, 0.0680000, 0.0974400, 0.0680000, 0.0655040, 0.0662080, 0.0655040, 0.0734080, 0.0714880, 0.0698240, 0.0668480, 0.0693760, 0.0890560, 0.0756160, 0.0695680, 0.0689600, 0.0684160, 0.0699840, 0.0730240, 0.0787200, 0.0958720, 0.0684480, 0.0662080, 0.0700480, 0.1237440, 0.0681600 ],
"bins": [ 32594, 32817, 32785, 32801, 32990, 32632, 32619, 32761, 32806, 32732, 32625, 32605, 32802, 32651, 32582, 32678, 33153, 33046, 32755, 32586, 32850, 33030, 32583, 32607, 32970, 32794, 32819, 32465, 32807, 32837, 32517, 32517, 33121, 33014, 32739, 32787, 32574, 32654, 32775, 32528, 32577, 32966, 32864, 32860, 32634, 32836, 33028, 32562, 32889, 32711, 33022, 32682, 33128, 32518, 32643, 32551, 32725, 32433, 32660, 32771, 32502, 32879, 32565, 33006, 32782, 32496, 32561, 33131, 32975, 32803, 32387, 32919, 32390, 32872, 32628, 32839, 32912, 32396, 32952, 32829, 32823, 32998, 32866, 32888, 32934, 33048, 33166, 32879, 32867, 33185, 32493, 32749, 32940, 32925, 32665, 32934, 32617, 32504, 32688, 32688, 32673, 32512, 32878, 32588, 32851, 32953, 32871, 32656, 32676, 32865, 32949, 32704, 32700, 32868, 32746, 32887, 32665, 32697, 32508, 33061, 32951, 32917, 32824, 32616, 32745, 32678, 32847, 32669 ]
}
,
"histogram_atomic_private": {
"timesTransferToDevice": [ 0.8448960, 0.7549120, 0.7947200, 0.7763520, 0.7709120, 0.7973440, 0.7325760, 0.8833280, 0.7921600, 0.8910080, 0.6704640, 0.8668800, 0.7707840, 0.9737280, 0.6738240, 0.7795840, 0.8052800, 0.6332480, 0.7696320, 0.7903360, 0.8203840, 0.7607360, 0.9085440, 0.7449600, 0.9409600, 0.7352640, 0.9189120, 0.7479680, 0.7470080, 0.6913280, 0.8229760, 0.7769280, 0.7154880, 0.7969600, 0.7499840, 0.7658240, 0.7719360, 0.9107200, 0.8218240, 0.6756480, 0.7445760, 0.7456320, 0.6104960, 0.9220160, 0.8530560, 0.7645440, 0.7586880, 0.7452800, 0.8691840, 0.7769600, 0.8182400, 0.7666880, 0.8488320, 0.6833280, 0.7988800, 0.7693440, 0.8044800, 0.6736000, 0.8016640, 0.8500480, 0.6993600, 0.8445120, 0.8002240, 0.7675840, 0.9404160, 0.7684480, 0.7399680, 0.7366400, 0.6532480, 0.7710080, 0.7475520, 0.7620480, 0.8829760, 0.7617280, 0.7034240, 0.7612160, 0.7959360, 0.6044800, 0.7399680, 0.6080960, 0.8158400, 0.8712960, 0.7648960, 0.6465280, 0.7958080, 0.7938560, 0.6354240, 0.7381120, 0.8181760, 0.5818880, 0.9411200, 0.7701120, 0.7355200, 0.7479680, 0.8011840, 0.5838400, 0.7990720, 0.7370880, 0.6251200, 0.8587520 ],
"timesExecution": [ 0.8400640, 0.8521600, 0.8439040, 0.8056320, 0.8281600, 0.8173120, 0.8189760, 0.8811520, 0.8573120, 0.8953920, 0.8159040, 0.8444800, 0.8214400, 0.8228160, 0.8557440, 0.8306880, 0.8132800, 0.8400960, 0.8111680, 0.8005440, 0.9388800, 0.8564160, 0.8624320, 0.8685440, 0.8334720, 0.8728640, 0.8377600, 0.8343680, 0.8478400, 0.7994240, 0.8322240, 0.8855680, 0.8321600, 0.8810560, 0.8490240, 0.8335040, 0.8209920, 0.8581440, 0.8106240, 0.9873280, 0.8602560, 0.8031040, 0.8094080, 0.8281920, 0.8381760, 0.8779840, 0.8635200, 0.8328000, 0.8488000, 0.8271040, 0.8346560, 0.8271680, 0.8209600, 0.8536640, 0.8620800, 0.8199360, 0.8232320, 0.8360960, 0.8297600, 0.8026880, 0.8574720, 0.8271680, 0.8395840, 0.8640320, 0.8306240, 0.9645440, 0.8296960, 0.8031360, 0.8245760, 0.8411840, 0.8432320, 0.8436480, 0.8316480, 0.7982080, 0.9434560, 0.8434880, 0.8084160, 0.8101120, 0.7968640, 0.8380160, 0.8459840, 0.8503680, 0.8012800, 0.8536640, 0.8335680, 0.8306880, 0.8144000, 0.8541760, 0.8285760, 0.8519040, 0.8373440, 0.8296960, 0.8196160, 0.8143360, 0.8288640, 0.8016000, 0.8359360, 0.8394560, 0.8159360, 0.8175040 ],
"timesTransferFromDevice": [ 0.0704640, 0.0672640, 0.0975040, 0.0648960, 0.0656960, 0.0626560, 0.0683840, 0.0759680, 0.0676800, 0.0912320, 0.0941760, 0.0660480, 0.0677760, 0.0969280, 0.0683840, 0.0655680, 0.0566720, 0.0646400, 0.0546240, 0.0565440, 0.1614080, 0.0768000, 0.0684480, 0.0660800, 0.0695360, 0.0655360, 0.0937600, 0.0685440, 0.0620160, 0.0632640, 0.0672960, 0.0615360, 0.1552000, 0.0815040, 0.0564480, 0.0687040, 0.0678720, 0.0667520, 0.0588160, 0.0684160, 0.0684480, 0.0544640, 0.1630400, 0.0766080, 0.0697600, 0.1701120, 0.0678400, 0.0657920, 0.0674240, 0.0612800, 0.0660800, 0.0532800, 0.0635200, 0.0658880, 0.0672640, 0.0668480, 0.0581760, 0.0669760, 0.0662720, 0.0546240, 0.0808000, 0.0670080, 0.0667520, 0.0731840, 0.0713920, 0.0746880, 0.0663040, 0.0539200, 0.0510400, 0.0539840, 0.0669760, 0.0669120, 0.0688960, 0.0545280, 0.0664640, 0.0724480, 0.0550400, 0.0752000, 0.1279680, 0.0950080, 0.1048640, 0.0513280, 0.0544320, 0.0694400, 0.0696320, 0.0697600, 0.0677440, 0.0672320, 0.0527040, 0.0672000, 0.0676480, 0.0528320, 0.0676160, 0.0658240, 0.0541120, 0.0891840, 0.0663040, 0.0511360, 0.0656320, 0.0656960 ],