{
"inputLengthInCharacters": 32768,
"uniformInput": false,
"useMappingLetter": false,
"measurements": {
"histogram_one_thread_per_character": {
"timesTransferToDevice": [ 0.1761280, 0.1768000, 0.1451200, 0.1488320, 0.2084480, 0.1476160, 0.1456640, 0.1482240, 0.1472960, 0.1458880, 0.1517120, 0.1340480, 0.1962240, 0.1473600, 0.1751360, 0.1239360, 0.1120000, 0.1281280, 0.0534720, 0.0294080, 0.0280960, 0.0303680, 0.0272960, 0.0274240, 0.0277760, 0.0285760, 0.0275520, 0.0277120, 0.0444800, 0.0288000, 0.0273280, 0.0278720, 0.0274880, 0.0447680, 0.0276480, 0.0325440, 0.0285120, 0.0276480, 0.0272320, 0.0277120, 0.0290880, 0.0442240, 0.0275200, 0.0290560, 0.0282560, 0.0409920, 0.0275520, 0.0290560, 0.0269120, 0.0274240, 0.0280000, 0.0286080, 0.0453760, 0.0468480, 0.0274560, 0.0278080, 0.0272640, 0.0280320, 0.0273920, 0.0280640, 0.0276800, 0.0282560, 0.0279680, 0.0452800, 0.0281280, 0.0283200, 0.0280320, 0.0281920, 0.0284800, 0.0286080, 0.0274240, 0.0274880, 0.0273920, 0.0277120, 0.0278080, 0.0507200, 0.0268800, 0.0271360, 0.0262080, 0.0268480, 0.0270400, 0.0454080, 0.0260160, 0.0732800, 0.0265600, 0.0271040, 0.0266240, 0.0280320, 0.0266880, 0.0269760, 0.0265280, 0.0277440, 0.0271360, 0.0450880, 0.0264000, 0.0272320, 0.0266560, 0.0268480, 0.0267520, 0.0438720 ],
"timesExecution": [ 0.1433280, 0.1361600, 0.1044480, 0.0911040, 0.1678720, 0.1410880, 0.1324800, 0.1043520, 0.0838720, 0.0866880, 0.1761280, 0.1515200, 0.1760960, 0.1260800, 0.1360640, 0.1515840, 0.1148160, 0.1392320, 0.1279360, 0.1289600, 0.1157120, 0.1239040, 0.1137280, 0.1136320, 0.1068800, 0.1003200, 0.1247360, 0.1003840, 0.1034560, 0.1023680, 0.1003200, 0.1024000, 0.1011840, 0.1027840, 0.1005760, 0.1013760, 0.1016000, 0.1504320, 0.1013760, 0.1022080, 0.0994880, 0.1063360, 0.1013440, 0.1005760, 0.1003200, 0.1177600, 0.1197120, 0.1032320, 0.1013120, 0.1003520, 0.1176640, 0.1024000, 0.1022080, 0.1054720, 0.1014400, 0.0994560, 0.1005120, 0.1187520, 0.1157120, 0.1034560, 0.1010880, 0.0991680, 0.1015680, 0.1012800, 0.1003200, 0.1158080, 0.1003520, 0.1005440, 0.1034240, 0.1198080, 0.1087040, 0.1187520, 0.1013760, 0.1004160, 0.1013120, 0.1016960, 0.1188800, 0.1013760, 0.1044160, 0.1007360, 0.1177920, 0.1023680, 0.1010240, 0.1024320, 0.1002880, 0.1016000, 0.1309440, 0.1003200, 0.1191680, 0.1005440, 0.0993280, 0.0995200, 0.1014400, 0.1012480, 0.1194880, 0.1013760, 0.1010560, 0.0996160, 0.1208320, 0.1013760 ],
"timesTransferFromDevice": [ 0.0944000, 0.0790080, 0.0620480, 0.0621120, 0.0783040, 0.0626560, 0.0615360, 0.0692480, 0.0623360, 0.0636800, 0.0554560, 0.0558400, 0.0530560, 0.0803520, 0.0742080, 0.0469440, 0.0431360, 0.0560320, 0.0410240, 0.0410560, 0.0408320, 0.0410880, 0.0402880, 0.0403200, 0.0402880, 0.0396480, 0.0412480, 0.0408640, 0.0397120, 0.0400320, 0.0392640, 0.0404480, 0.0402560, 0.0398720, 0.0401600, 0.0402240, 0.0526400, 0.0400320, 0.0406720, 0.0400320, 0.0402560, 0.0398720, 0.0397440, 0.0396480, 0.0586560, 0.0406080, 0.0439360, 0.0504320, 0.0402880, 0.0397440, 0.0434240, 0.0393600, 0.0397760, 0.0393600, 0.0393600, 0.0510400, 0.0400320, 0.0400960, 0.0398080, 0.0398080, 0.0400000, 0.0400960, 0.0399680, 0.0396480, 0.0399680, 0.0397760, 0.0400000, 0.0784640, 0.0399680, 0.0388480, 0.0396480, 0.0400320, 0.0394880, 0.0395200, 0.0391360, 0.0549760, 0.0387200, 0.0383680, 0.0381120, 0.0382720, 0.0381760, 0.0548800, 0.0389440, 0.0383040, 0.0381120, 0.0378560, 0.0385600, 0.0552000, 0.0382080, 0.0388800, 0.0387520, 0.0385600, 0.0384640, 0.0386240, 0.0501120, 0.0379200, 0.0383040, 0.0386880, 0.0426880, 0.0547200 ],
"bins": [ 275, 268, 252, 250, 214, 278, 254, 239, 275, 243, 256, 236, 267, 247, 281, 242, 246, 263, 267, 263, 228, 263, 274, 235, 244, 255, 233, 244, 249, 258, 287, 261, 290, 264, 236, 241, 299, 252, 249, 236, 261, 238, 257, 274, 241, 249, 243, 245, 281, 261, 255, 272, 255, 252, 270, 264, 254, 265, 251, 267, 223, 251, 256, 272, 249, 250, 256, 252, 246, 264, 262, 236, 263, 265, 239, 272, 253, 252, 222, 266, 241, 255, 249, 262, 251, 243, 264, 237, 249, 271, 265, 276, 255, 288, 269, 281, 258, 278, 240, 292, 240, 250, 252, 258, 263, 242, 269, 272, 253, 250, 270, 234, 245, 238, 261, 258, 240, 267, 248, 231, 278, 266, 255, 270, 256, 272, 237, 251 ]
}
,
"histogram_atomic_private": {
"timesTransferToDevice": [ 0.0791680, 0.0644160, 0.0394880, 0.0368960, 0.0461120, 0.0376000, 0.0382720, 0.0356800, 0.0402560, 0.0374080, 0.0369280, 0.0620800, 0.0359360, 0.0376960, 0.0385920, 0.0350720, 0.0363200, 0.0373760, 0.0358720, 0.0295680, 0.0290560, 0.0542720, 0.0299200, 0.0290240, 0.0298880, 0.0288000, 0.0288000, 0.0278720, 0.0285120, 0.0281920, 0.0444160, 0.0284800, 0.0284160, 0.0282880, 0.0297920, 0.0515840, 0.0282880, 0.0272640, 0.0272960, 0.0269120, 0.0279680, 0.0439680, 0.0274240, 0.0268480, 0.0281600, 0.0270720, 0.0282560, 0.0270400, 0.0272960, 0.0273920, 0.0282560, 0.0268160, 0.0272000, 0.0273920, 0.0271040, 0.0263680, 0.0275840, 0.0278720, 0.0270720, 0.0461440, 0.0277760, 0.0268480, 0.0280960, 0.0272640, 0.0284800, 0.0272640, 0.0275520, 0.0352000, 0.0273920, 0.0275200, 0.0280960, 0.0268800, 0.0308160, 0.0277440, 0.0275200, 0.0279040, 0.0276160, 0.0424000, 0.0282560, 0.0278080, 0.0272320, 0.0276160, 0.0278400, 0.0271680, 0.0271040, 0.0279680, 0.0272960, 0.0260480, 0.0275840, 0.0280640, 0.0276800, 0.0278720, 0.0282560, 0.0273280, 0.0279680, 0.0423360, 0.0280640, 0.0277440, 0.0274560, 0.0267520 ],
"timesExecution": [ 0.0820480, 0.0839360, 0.0849280, 0.0839680, 0.0839680, 0.0837760, 0.0870400, 0.0830400, 0.0838080, 0.0829440, 0.1156480, 0.0840000, 0.1127680, 0.0839360, 0.0849600, 0.0829760, 0.0839680, 0.0829440, 0.1395840, 0.0604160, 0.0597120, 0.0614400, 0.0612160, 0.0596160, 0.0707520, 0.0617920, 0.0604160, 0.0595840, 0.0606400, 0.0594240, 0.0605440, 0.0770560, 0.0610880, 0.0592960, 0.0595840, 0.0552960, 0.0727040, 0.0603200, 0.0546240, 0.0542720, 0.0531200, 0.0550720, 0.0583360, 0.0543040, 0.0552640, 0.0539520, 0.0737280, 0.0592320, 0.0550400, 0.0545920, 0.0561600, 0.0545280, 0.0687040, 0.0991680, 0.0758080, 0.0551040, 0.0552640, 0.0550080, 0.0559680, 0.0545920, 0.0549760, 0.0553280, 0.0542720, 0.0542400, 0.0706240, 0.0552640, 0.0706240, 0.0542720, 0.0552640, 0.0552960, 0.0706560, 0.0542400, 0.0717440, 0.0549760, 0.0552960, 0.0549120, 0.0521600, 0.0547840, 0.0552640, 0.0544640, 0.0559680, 0.0545920, 0.0716480, 0.0542720, 0.0709120, 0.0542720, 0.0551680, 0.0542400, 0.0713280, 0.0552000, 0.0714880, 0.0553600, 0.0542720, 0.0543040, 0.0737280, 0.0549760, 0.0614400, 0.0550720, 0.0551680, 0.0542720 ],
"timesTransferFromDevice": [ 0.0885760, 0.0630400, 0.0639040, 0.0627840, 0.0638080, 0.0621120, 0.0952960, 0.0609600, 0.0610240, 0.0605440, 0.0621120, 0.0615360, 0.0610880, 0.0601920, 0.0616000, 0.0609600, 0.0603840, 0.0614400, 0.0444160, 0.0436480, 0.0435840, 0.0437440, 0.0442240, 0.0438080, 0.0441600, 0.0432320, 0.0438400, 0.0437760, 0.0477120, 0.0440640, 0.0612800, 0.0438400, 0.0441280, 0.0551680, 0.1011520, 0.0562560, 0.0398720, 0.0403520, 0.0400320, 0.0397120, 0.0401280, 0.0552960, 0.0399680, 0.0397120, 0.0396800, 0.0556480, 0.0400640, 0.0549760, 0.0402880, 0.0397120, 0.0400320, 0.0545280, 0.0516800, 0.0393280, 0.0400640, 0.0398080, 0.0399360, 0.0394240, 0.0398720, 0.0586240, 0.0399680, 0.0396160, 0.0397760, 0.0393600, 0.0401600, 0.0656640, 0.0399360, 0.0396800, 0.0394240, 0.0653120, 0.0400000, 0.0553600, 0.0404160, 0.0391040, 0.0399680, 0.0388480, 0.0436160, 0.0556480, 0.0393920, 0.0392000, 0.0394560, 0.0397120, 0.0404480, 0.0556480, 0.0398720, 0.0394880, 0.0520320, 0.0398720, 0.0404480, 0.0549440, 0.0400000, 0.0509120, 0.0401280, 0.0399360, 0.0405760, 0.0552000, 0.0499520, 0.0397120, 0.0401280, 0.0552000 ],