{
"inputLengthInCharacters": 512,
"uniformInput": true,
"useMappingLetter": false,
"measurements": {
"histogram_one_thread_per_character": {
"timesTransferToDevice": [ 0.0684480, 0.0290560, 0.0276480, 0.0280640, 0.0308800, 0.0280000, 0.0288320, 0.0317120, 0.0275840, 0.0280960, 0.0282880, 0.0663680, 0.0277120, 0.0274240, 0.0265920, 0.0309120, 0.0279360, 0.0373440, 0.0257600, 0.0269760, 0.0235840, 0.0253760, 0.0257920, 0.0244160, 0.0259200, 0.0235840, 0.0257600, 0.0253120, 0.0235520, 0.0536000, 0.0235520, 0.0252800, 0.0239040, 0.0201280, 0.0405120, 0.0189120, 0.0194240, 0.0205120, 0.0191040, 0.0186880, 0.0359680, 0.0194240, 0.0194560, 0.0191360, 0.0201920, 0.0190720, 0.0198080, 0.0478400, 0.0197760, 0.0317440, 0.0189760, 0.0327680, 0.0173760, 0.0319040, 0.0197760, 0.0320320, 0.0192960, 0.0320960, 0.0355840, 0.0320960, 0.0194880, 0.0317440, 0.0191040, 0.0316800, 0.0192000, 0.0480320, 0.0196160, 0.0273920, 0.0193920, 0.0190400, 0.0351040, 0.0194240, 0.0194240, 0.0199680, 0.0187520, 0.0213760, 0.0190400, 0.0203200, 0.0192960, 0.0348800, 0.0190720, 0.0191040, 0.0191040, 0.0191040, 0.0358400, 0.0191360, 0.0190400, 0.0190080, 0.0197120, 0.0360320, 0.0190080, 0.0361600, 0.0192960, 0.0189440, 0.0195200, 0.0196480, 0.0350400, 0.0194560, 0.0191040, 0.0197760 ],
"timesExecution": [ 0.1236480, 0.0594240, 0.0573440, 0.0750080, 0.1576640, 0.1116160, 0.0577280, 0.0788160, 0.0840000, 0.0788480, 0.0573440, 0.0781440, 0.0832320, 0.0777920, 0.0890880, 0.0787200, 0.0880960, 0.0678400, 0.0498880, 0.0666880, 0.0716800, 0.0664960, 0.0706880, 0.0942400, 0.0717120, 0.0706880, 0.0727040, 0.0665280, 0.0983040, 0.0657600, 0.0717120, 0.1249600, 0.0552640, 0.0870720, 0.0553280, 0.0674880, 0.0636480, 0.0665920, 0.0552960, 0.0829120, 0.0552960, 0.0673280, 0.0542720, 0.0661440, 0.0535360, 0.0665280, 0.0735680, 0.0555200, 0.0542720, 0.0544320, 0.0543040, 0.0542400, 0.0553280, 0.0726400, 0.0543680, 0.0554560, 0.0553280, 0.0644800, 0.0552640, 0.0552960, 0.0540800, 0.0549760, 0.0583360, 0.0552960, 0.0756480, 0.0553280, 0.0675520, 0.0553600, 0.0676800, 0.0723200, 0.0665600, 0.0552960, 0.0658880, 0.0552960, 0.0675840, 0.0552960, 0.0664000, 0.0552640, 0.0675200, 0.0552320, 0.0665600, 0.0552320, 0.0706560, 0.0717120, 0.0665920, 0.0553280, 0.0665600, 0.0544320, 0.0676480, 0.0563200, 0.0668800, 0.0596800, 0.0675200, 0.0543040, 0.0672640, 0.0718080, 0.0658560, 0.0553280, 0.0655360, 0.0544960 ],
"timesTransferFromDevice": [ 0.0976320, 0.0858560, 0.0640000, 0.0612480, 0.0664640, 0.0624000, 0.0598720, 0.0619520, 0.0618560, 0.0624640, 0.0661440, 0.0908480, 0.0605440, 0.0617920, 0.0605440, 0.0609600, 0.0616320, 0.0816000, 0.0525120, 0.0518400, 0.0518400, 0.0511040, 0.0731520, 0.0515200, 0.0526720, 0.0513920, 0.0526720, 0.0922240, 0.0521280, 0.0520640, 0.0517760, 0.0490880, 0.0396800, 0.0394240, 0.0544960, 0.0397120, 0.0507520, 0.0495040, 0.0393280, 0.0398080, 0.0562560, 0.0399360, 0.0330240, 0.0392640, 0.0394240, 0.0559360, 0.0400000, 0.0439360, 0.0399360, 0.0796160, 0.0390080, 0.0395840, 0.0555840, 0.0402240, 0.0392320, 0.0495360, 0.0397440, 0.0401920, 0.0554880, 0.0399680, 0.0394880, 0.0403520, 0.0396160, 0.0577920, 0.0395200, 0.0535360, 0.0399040, 0.0398400, 0.0404160, 0.0400960, 0.0548160, 0.0533440, 0.0397120, 0.0400960, 0.0406720, 0.0554240, 0.0431680, 0.0556160, 0.0395200, 0.0400960, 0.0397760, 0.0400640, 0.0397760, 0.0404480, 0.0378880, 0.0400320, 0.0682560, 0.0401280, 0.0396800, 0.0566720, 0.0402240, 0.0398400, 0.0393600, 0.0395840, 0.0505600, 0.0400320, 0.0554880, 0.0400960, 0.0391680, 0.0400320 ],
"bins": [ 0, 0, 0, 0, 0, 0, 0, 0, 0, 0, 0, 0, 0, 0, 0, 0, 0, 0, 0, 0, 0, 0, 0, 0, 0, 0, 0, 0, 0, 0, 0, 0, 0, 0, 0, 0, 0, 0, 0, 0, 0, 0, 0, 0, 0, 0, 0, 0, 0, 0, 0, 0, 0, 0, 0, 0, 0, 0, 0, 0, 0, 0, 0, 0, 0, 0, 0, 0, 0, 0, 0, 0, 0, 0, 0, 0, 0, 0, 0, 0, 0, 0, 0, 0, 0, 0, 0, 0, 0, 0, 0, 0, 0, 0, 0, 0, 512, 0, 0, 0, 0, 0, 0, 0, 0, 0, 0, 0, 0, 0, 0, 0, 0, 0, 0, 0, 0, 0, 0, 0, 0, 0, 0, 0, 0, 0, 0, 0 ]
}
,
"histogram_atomic_private": {
"timesTransferToDevice": [ 0.0694720, 0.0265600, 0.0281920, 0.0261760, 0.0291200, 0.0263680, 0.0580480, 0.0270400, 0.0448000, 0.0268480, 0.0496960, 0.0266240, 0.1207040, 0.0558720, 0.0505280, 0.0265920, 0.0483840, 0.0297280, 0.0485120, 0.0265600, 0.0483840, 0.0299200, 0.0478080, 0.0264000, 0.0494720, 0.0349120, 0.0637760, 0.0212800, 0.0223040, 0.0211840, 0.0216000, 0.0211520, 0.0411520, 0.0209920, 0.0213760, 0.0217600, 0.0219840, 0.0213760, 0.0215360, 0.0407040, 0.0216320, 0.0212160, 0.0744320, 0.0191040, 0.0188480, 0.0382080, 0.0190080, 0.0186880, 0.0193600, 0.0187840, 0.0190720, 0.0224960, 0.0189440, 0.0350080, 0.0193280, 0.0183040, 0.0188480, 0.0189760, 0.0196480, 0.0186560, 0.0187840, 0.0193280, 0.0184960, 0.0185600, 0.0199360, 0.0375040, 0.0195840, 0.0192000, 0.0202560, 0.0194880, 0.0191680, 0.0192960, 0.0214720, 0.0193280, 0.0198080, 0.0193280, 0.0197760, 0.0195840, 0.0357440, 0.0193600, 0.0193280, 0.0191040, 0.0200320, 0.0194560, 0.0349120, 0.0194880, 0.0196160, 0.0195200, 0.0200000, 0.0191680, 0.0364160, 0.0189760, 0.0192960, 0.0194880, 0.0204480, 0.0195840, 0.0347840, 0.0200640, 0.0207680, 0.0189440 ],
"timesExecution": [ 0.0776320, 0.0573440, 0.0888320, 0.0571840, 0.0748160, 0.0864320, 0.0737600, 0.0860160, 0.0543040, 0.0553280, 0.0553600, 0.0573440, 0.0819200, 0.0613440, 0.0860160, 0.0553920, 0.0542720, 0.0555520, 0.0564480, 0.0848640, 0.0553600, 0.0829440, 0.0563200, 0.0555520, 0.0554240, 0.0584000, 0.0478720, 0.0745600, 0.0736320, 0.0761600, 0.0622720, 0.0744000, 0.0634880, 0.1010560, 0.0624960, 0.0747840, 0.0614400, 0.0747840, 0.0800320, 0.0751040, 0.0624000, 0.0597760, 0.0594560, 0.0666240, 0.0553280, 0.0665600, 0.0520640, 0.0665600, 0.0543040, 0.0657600, 0.0543040, 0.0665600, 0.0519040, 0.0655360, 0.0544640, 0.0655040, 0.0551040, 0.0645120, 0.0534400, 0.0652800, 0.0542080, 0.0654720, 0.0553600, 0.0677440, 0.0530880, 0.0553280, 0.0553280, 0.0542720, 0.0561920, 0.0553600, 0.0552640, 0.0524480, 0.0542720, 0.0556160, 0.0556160, 0.0552640, 0.0555200, 0.0553600, 0.0563520, 0.0662400, 0.0563200, 0.0559360, 0.0563520, 0.0543040, 0.0563520, 0.0552960, 0.0561280, 0.0552960, 0.0563520, 0.0706560, 0.0572800, 0.0569920, 0.0560000, 0.0545920, 0.0559360, 0.0707520, 0.0563200, 0.0546560, 0.0562880, 0.0551680 ],
"timesTransferFromDevice": [ 0.0665280, 0.0621440, 0.0616960, 0.0610240, 0.0619840, 0.0608000, 0.0618240, 0.0612160, 0.0627520, 0.0600640, 0.0618560, 0.0616320, 0.0625600, 0.0614720, 0.0617600, 0.0621120, 0.0609920, 0.0611520, 0.0617920, 0.0611200, 0.0849920, 0.0620160, 0.0619520, 0.0608960, 0.0676480, 0.0604800, 0.0727040, 0.0456000, 0.0455040, 0.0448960, 0.0457280, 0.0454720, 0.0752320, 0.0575360, 0.0465600, 0.0443840, 0.0450880, 0.0454080, 0.0456640, 0.0561600, 0.0456640, 0.0457280, 0.0403520, 0.0390080, 0.0400640, 0.0580480, 0.0396480, 0.0394880, 0.0396480, 0.0397120, 0.0397760, 0.0552320, 0.0508480, 0.0394880, 0.0395840, 0.0392320, 0.0403840, 0.0551360, 0.0391680, 0.0390080, 0.0394560, 0.0392320, 0.0400320, 0.0395840, 0.0397440, 0.0598720, 0.0401920, 0.0397440, 0.0397440, 0.0686400, 0.0585280, 0.0391040, 0.0396800, 0.0397760, 0.0402880, 0.0398400, 0.0580480, 0.0395520, 0.0395520, 0.0715520, 0.0442560, 0.0396800, 0.0560320, 0.0398080, 0.0398400, 0.0434560, 0.0397120, 0.0397440, 0.0565760, 0.0395840, 0.0433600, 0.0509760, 0.0397120, 0.0398720, 0.0560960, 0.0424640, 0.0401920, 0.0389120, 0.0675200, 0.0396160 ],
"bins": [ 0, 0, 0, 0, 0, 0, 0, 0, 0, 0, 0, 0, 0, 0, 0, 0, 0, 0, 0, 0, 0, 0, 0, 0, 0, 0, 0, 0, 0, 0, 0, 0, 0, 0, 0, 0, 0, 0, 0, 0, 0, 0, 0, 0, 0, 0, 0, 0, 0, 0, 0, 0, 0, 0, 0, 0, 0, 0, 0, 0, 0, 0, 0, 0, 0, 0, 0, 0, 0, 0, 0, 0, 0, 0, 0, 0, 0, 0, 0, 0, 0, 0, 0, 0, 0, 0, 0, 0, 0, 0, 0, 0, 0, 0, 0, 0, 512, 0, 0, 0, 0, 0, 0, 0, 0, 0, 0, 0, 0, 0, 0, 0, 0, 0, 0, 0, 0, 0, 0, 0, 0, 0, 0, 0, 0, 0, 0, 0 ]
}
,