{
"inputLengthInCharacters": 64,
"uniformInput": true,
"useMappingLetter": false,
"measurements": {
"histogram_one_thread_per_character": {
"timesTransferToDevice": [ 0.0983360, 0.0292800, 0.0305280, 0.0315840, 0.0326080, 0.0504000, 0.0697920, 0.0309120, 0.0381120, 0.0304000, 0.0526080, 0.0308800, 0.0567040, 0.0299200, 0.0282880, 0.0481600, 0.0298880, 0.0351680, 0.0317440, 0.0217280, 0.0208320, 0.0218240, 0.0223360, 0.0384640, 0.0216960, 0.0216000, 0.0224960, 0.0218240, 0.0391360, 0.0220160, 0.0210880, 0.0211200, 0.0211520, 0.0221440, 0.0220160, 0.0210880, 0.0195840, 0.0209600, 0.0197440, 0.0193600, 0.0204160, 0.0197120, 0.0180160, 0.0195840, 0.0200000, 0.0193600, 0.0193920, 0.0189760, 0.0192320, 0.0195200, 0.0195840, 0.0201600, 0.0192640, 0.0234240, 0.0192960, 0.0200000, 0.0196160, 0.0194240, 0.0180800, 0.0192320, 0.0194560, 0.0192640, 0.0202880, 0.0194560, 0.0369920, 0.0195200, 0.0199040, 0.0203200, 0.0191680, 0.0192960, 0.0192640, 0.0196480, 0.0200000, 0.0194240, 0.0192000, 0.0216320, 0.0192640, 0.0197440, 0.0187520, 0.0198400, 0.0360640, 0.0192320, 0.0188160, 0.0193600, 0.0197760, 0.0191360, 0.0189760, 0.0193920, 0.0196800, 0.0199040, 0.0179200, 0.0242880, 0.0194880, 0.0192320, 0.0189120, 0.0194560, 0.0177920, 0.0198080, 0.0190400, 0.0194560 ],
"timesExecution": [ 0.0859200, 0.0634880, 0.0808320, 0.0573440, 0.0583360, 0.0890880, 0.1495360, 0.0801280, 0.0583360, 0.0594560, 0.0890880, 0.0624000, 0.0809280, 0.0596800, 0.0575680, 0.0582720, 0.0573120, 0.0811200, 0.1864320, 0.0426240, 0.0654080, 0.0634880, 0.0571520, 0.0642240, 0.0799040, 0.0563200, 0.0623360, 0.0563200, 0.0625600, 0.0806080, 0.0552320, 0.0627840, 0.0566720, 0.0631360, 0.0852160, 0.0887680, 0.0727040, 0.0532160, 0.0567040, 0.0591680, 0.0696320, 0.0757760, 0.0513280, 0.0566720, 0.0563520, 0.0687360, 0.0728640, 0.0514560, 0.0563200, 0.0563520, 0.0686720, 0.0728000, 0.1323200, 0.0562880, 0.0562880, 0.0699840, 0.0566400, 0.0522560, 0.0566720, 0.0573440, 0.0705280, 0.0564800, 0.0668160, 0.0574080, 0.0572160, 0.0841280, 0.0569280, 0.0522240, 0.0562880, 0.0726720, 0.0695040, 0.0797440, 0.0532800, 0.0573440, 0.0565440, 0.0696320, 0.0737920, 0.0522240, 0.0574080, 0.0564160, 0.0685760, 0.0799360, 0.0521280, 0.0573440, 0.0557440, 0.0685760, 0.0602560, 0.0696640, 0.0573440, 0.0582720, 0.0706880, 0.0573440, 0.0518720, 0.0648640, 0.0771200, 0.0695680, 0.1107200, 0.0516480, 0.0563200, 0.0572160 ],
"timesTransferFromDevice": [ 0.1343680, 0.1004160, 0.0673920, 0.0665600, 0.0669120, 0.0453120, 0.0954880, 0.0670720, 0.0661120, 0.0661120, 0.0661440, 0.0661440, 0.0941440, 0.0666240, 0.0717440, 0.0664960, 0.0662720, 0.1080640, 0.0504640, 0.0470720, 0.0471040, 0.0464320, 0.0463360, 0.0468800, 0.0474560, 0.0467520, 0.0464000, 0.0470720, 0.0567360, 0.0467520, 0.0463360, 0.0471680, 0.0463040, 0.0466880, 0.1056320, 0.0433280, 0.0540160, 0.0432640, 0.0432000, 0.0432000, 0.0434240, 0.0430080, 0.0429440, 0.0423360, 0.0423680, 0.0591360, 0.0579840, 0.0427840, 0.0429760, 0.0431360, 0.0426240, 0.0423360, 0.0423040, 0.0435520, 0.0426880, 0.0521600, 0.0421760, 0.0432320, 0.0425600, 0.0423360, 0.0430720, 0.0427200, 0.0521280, 0.0423680, 0.0429760, 0.0425280, 0.0423360, 0.0420160, 0.0534400, 0.0428160, 0.0637440, 0.0421440, 0.0416960, 0.0471040, 0.0415360, 0.0601280, 0.0516160, 0.0416320, 0.0415360, 0.0421120, 0.0603200, 0.0414720, 0.0416640, 0.0415680, 0.0418880, 0.0575040, 0.0415360, 0.0417920, 0.0419520, 0.0417280, 0.0416960, 0.0416320, 0.0415680, 0.0423680, 0.0529920, 0.0410240, 0.0411200, 0.0416640, 0.0416960, 0.0416640 ],
"bins": [ 0, 0, 0, 0, 0, 0, 0, 0, 0, 0, 0, 0, 0, 0, 0, 0, 0, 0, 0, 0, 0, 0, 0, 0, 0, 0, 0, 0, 0, 0, 0, 0, 0, 0, 0, 0, 0, 0, 0, 0, 0, 0, 0, 0, 0, 0, 0, 0, 0, 0, 0, 0, 0, 0, 0, 0, 0, 0, 0, 0, 0, 0, 0, 0, 0, 0, 0, 0, 0, 0, 0, 0, 0, 0, 0, 0, 0, 0, 0, 0, 0, 0, 0, 0, 0, 0, 0, 0, 0, 0, 0, 0, 0, 0, 0, 0, 64, 0, 0, 0, 0, 0, 0, 0, 0, 0, 0, 0, 0, 0, 0, 0, 0, 0, 0, 0, 0, 0, 0, 0, 0, 0, 0, 0, 0, 0, 0, 0 ]
}
,
"histogram_atomic_private": {
"timesTransferToDevice": [ 0.0409600, 0.0275200, 0.0303680, 0.0268800, 0.0276160, 0.0271040, 0.0298240, 0.0272000, 0.0276800, 0.0266240, 0.0300800, 0.0266240, 0.0265280, 0.0613120, 0.0322240, 0.0265920, 0.0272640, 0.0307200, 0.0266560, 0.0521280, 0.0264000, 0.0454080, 0.0204480, 0.0206400, 0.0215040, 0.0328960, 0.0208960, 0.0204800, 0.0207360, 0.0200960, 0.0202240, 0.0392320, 0.0219840, 0.0208960, 0.0208000, 0.0207040, 0.0207680, 0.0197120, 0.0487680, 0.0192320, 0.0184640, 0.0182720, 0.0235520, 0.0313280, 0.0184320, 0.0196480, 0.0188160, 0.0184960, 0.0311360, 0.0185920, 0.0192640, 0.0184640, 0.0184960, 0.0298560, 0.0189760, 0.0187200, 0.0184960, 0.0189440, 0.0309760, 0.0184640, 0.0189440, 0.0192640, 0.0189440, 0.0185920, 0.0185280, 0.0192960, 0.0182720, 0.0190080, 0.0188480, 0.0184960, 0.0184960, 0.0186240, 0.0204800, 0.0189120, 0.0182080, 0.0184000, 0.0187200, 0.0185280, 0.0186240, 0.0193920, 0.0185280, 0.0350080, 0.0184320, 0.0190720, 0.0186880, 0.0352320, 0.0186880, 0.0182720, 0.0186560, 0.0185920, 0.0193600, 0.0182400, 0.0188480, 0.0182720, 0.0190080, 0.0187840, 0.0182080, 0.0186880, 0.0184960, 0.0370560 ],
"timesExecution": [ 0.0790400, 0.0851840, 0.0788480, 0.0685440, 0.0601600, 0.0911680, 0.0593920, 0.0799040, 0.2056000, 0.1165760, 0.0821120, 0.0580480, 0.1046080, 0.0574080, 0.0583360, 0.0757760, 0.0655680, 0.0776960, 0.0829440, 0.0573440, 0.0788800, 0.0460480, 0.0574400, 0.0614720, 0.0613760, 0.0765120, 0.0798720, 0.0735680, 0.0454080, 0.0511680, 0.0723840, 0.0611520, 0.0603840, 0.0604480, 0.0613760, 0.0552320, 0.0799040, 0.0663680, 0.0571520, 0.0571200, 0.0512000, 0.0560960, 0.0554560, 0.0560960, 0.0811520, 0.0512000, 0.0553280, 0.0563200, 0.0562240, 0.0563520, 0.0657280, 0.0572160, 0.0717120, 0.0562880, 0.0560320, 0.0684800, 0.0819200, 0.0563200, 0.0735360, 0.0555520, 0.0760320, 0.0637440, 0.0562560, 0.0583040, 0.0723520, 0.0511680, 0.0758400, 0.0553600, 0.0676160, 0.0561280, 0.0663360, 0.0564480, 0.0562880, 0.0685760, 0.0554560, 0.0703360, 0.0725120, 0.0563200, 0.0673600, 0.0561600, 0.0672640, 0.0569600, 0.0556160, 0.0665600, 0.0569600, 0.0685120, 0.0726400, 0.0561920, 0.0675200, 0.0562880, 0.0505600, 0.0571200, 0.0716160, 0.0860160, 0.0562560, 0.0572480, 0.0553600, 0.0562560, 0.0675840, 0.0556480 ],
"timesTransferFromDevice": [ 0.1010560, 0.0651200, 0.0908160, 0.0731200, 0.0651200, 0.0645440, 0.0648960, 0.0943680, 0.0652800, 0.1438400, 0.0646400, 0.0649920, 0.0635520, 0.0906560, 0.0643520, 0.0643840, 0.0636160, 0.0640000, 0.0661440, 0.0977920, 0.0647360, 0.0454720, 0.0451200, 0.0642880, 0.0454720, 0.0448320, 0.0459200, 0.0451200, 0.0453760, 0.0445120, 0.0455680, 0.0622080, 0.0469760, 0.0571520, 0.0458240, 0.0622720, 0.0456000, 0.0456320, 0.0423680, 0.0408000, 0.0414400, 0.0412480, 0.0414080, 0.0409600, 0.0422080, 0.0561280, 0.0416320, 0.0414080, 0.0414080, 0.0408320, 0.0413440, 0.0407360, 0.0526400, 0.0412800, 0.0413120, 0.0409920, 0.0512640, 0.0418880, 0.0417280, 0.0413120, 0.0412160, 0.0415040, 0.0415360, 0.0418240, 0.0414400, 0.0570240, 0.0408960, 0.0408640, 0.0412480, 0.0696960, 0.0412800, 0.0570880, 0.0410560, 0.0411200, 0.0814080, 0.0409920, 0.0414400, 0.0412480, 0.0417920, 0.0412800, 0.0415680, 0.0413440, 0.0406080, 0.0509120, 0.0414080, 0.0638720, 0.0417280, 0.0408640, 0.0413440, 0.0405120, 0.0520320, 0.0510080, 0.0416320, 0.0416000, 0.0410560, 0.0412480, 0.0472640, 0.0661760, 0.0412160, 0.0606080 ],
"bins": [ 0, 0, 0, 0, 0, 0, 0, 0, 0, 0, 0, 0, 0, 0, 0, 0, 0, 0, 0, 0, 0, 0, 0, 0, 0, 0, 0, 0, 0, 0, 0, 0, 0, 0, 0, 0, 0, 0, 0, 0, 0, 0, 0, 0, 0, 0, 0, 0, 0, 0, 0, 0, 0, 0, 0, 0, 0, 0, 0, 0, 0, 0, 0, 0, 0, 0, 0, 0, 0, 0, 0, 0, 0, 0, 0, 0, 0, 0, 0, 0, 0, 0, 0, 0, 0, 0, 0, 0, 0, 0, 0, 0, 0, 0, 0, 0, 64, 0, 0, 0, 0, 0, 0, 0, 0, 0, 0, 0, 0, 0, 0, 0, 0, 0, 0, 0, 0, 0, 0, 0, 0, 0, 0, 0, 0, 0, 0, 0 ]
}
,