{
"inputLengthInCharacters": 32,
"uniformInput": false,
"useMappingLetter": true,
"measurements": {
"histogram_one_thread_per_character": {
"timesTransferToDevice": [ 0.0840960, 0.0631040, 0.0315840, 0.0307200, 0.0302720, 0.0560960, 0.0333760, 0.0302720, 0.0302400, 0.0300480, 0.0338560, 0.0282240, 0.0541440, 0.0295360, 0.0284800, 0.0286400, 0.0287680, 0.0326080, 0.0279360, 0.0279680, 0.0275520, 0.0287040, 0.0273600, 0.0439360, 0.0273600, 0.0201920, 0.0197760, 0.0368000, 0.0203200, 0.0201920, 0.0195840, 0.0204800, 0.0208960, 0.0246400, 0.0206080, 0.0208640, 0.0197760, 0.0202880, 0.0199360, 0.0206080, 0.0203840, 0.0208640, 0.0585920, 0.0205440, 0.0196480, 0.0199040, 0.0202880, 0.0355200, 0.0202560, 0.0202240, 0.0202880, 0.0201920, 0.0198400, 0.0205120, 0.0207040, 0.0202880, 0.0197440, 0.0206720, 0.0198720, 0.0201600, 0.0624320, 0.0204480, 0.0200640, 0.0199040, 0.0200000, 0.0206720, 0.0280960, 0.0201920, 0.0200640, 0.0199040, 0.0200960, 0.0327680, 0.0199680, 0.0199040, 0.0195200, 0.0864320, 0.0200640, 0.0203200, 0.0194560, 0.0208640, 0.0184640, 0.0202880, 0.0196160, 0.0196800, 0.0199040, 0.0187200, 0.0198400, 0.0202240, 0.0198080, 0.0196480, 0.0198400, 0.0197440, 0.0194880, 0.0199680, 0.0203520, 0.0199040, 0.0200640, 0.0200640, 0.0206720, 0.0199680 ],
"timesExecution": [ 0.0769920, 0.0644480, 0.1002240, 0.0623040, 0.0605760, 0.0788800, 0.0606080, 0.0615360, 0.0992640, 0.0819200, 0.0604160, 0.0582080, 0.0771200, 0.0553600, 0.0543040, 0.0561280, 0.0727360, 0.0522560, 0.0533440, 0.0808960, 0.0655040, 0.0761280, 0.0542720, 0.0522240, 0.1423680, 0.0768000, 0.0717760, 0.0459840, 0.0576320, 0.0529920, 0.0664960, 0.0747840, 0.0736960, 0.0542720, 0.0562880, 0.0582080, 0.0768000, 0.0562880, 0.0563200, 0.0573760, 0.0685760, 0.0740480, 0.0654080, 0.0542720, 0.0562560, 0.0737600, 0.0552960, 0.0573120, 0.0563200, 0.0573440, 0.0672320, 0.0564160, 0.0562880, 0.0532800, 0.0809280, 0.0799040, 0.0562240, 0.0524480, 0.0563200, 0.0756160, 0.0540480, 0.0572800, 0.0563200, 0.0573440, 0.0685760, 0.0569600, 0.0563840, 0.0532800, 0.0726720, 0.0747840, 0.0677760, 0.0573440, 0.0564160, 0.0726720, 0.0522240, 0.0573760, 0.0559680, 0.0522560, 0.0564160, 0.0736640, 0.0746880, 0.0542720, 0.0559360, 0.0562560, 0.0522560, 0.0571840, 0.0719040, 0.0562880, 0.0685760, 0.0570240, 0.0723520, 0.0532800, 0.0560000, 0.0562880, 0.0553600, 0.0573120, 0.1064000, 0.0570240, 0.0534400, 0.0563200 ],
"timesTransferFromDevice": [ 0.1400640, 0.0969280, 0.0687680, 0.0680640, 0.0953280, 0.0667520, 0.0675840, 0.0680640, 0.0952640, 0.0669440, 0.1835200, 0.0900800, 0.0609280, 0.0600000, 0.0597440, 0.0859200, 0.0643520, 0.0575360, 0.0572800, 0.0574400, 0.0835520, 0.0835840, 0.0582720, 0.0580480, 0.0429440, 0.0420480, 0.0417600, 0.0423040, 0.0412480, 0.0419520, 0.0415360, 0.0591360, 0.0414400, 0.0418560, 0.0414080, 0.0584320, 0.0678400, 0.0463040, 0.0410880, 0.0417600, 0.0417600, 0.0423680, 0.0416000, 0.0413440, 0.0616320, 0.0590720, 0.0409920, 0.0422400, 0.0418560, 0.0461760, 0.0414080, 0.0503040, 0.0416000, 0.0420160, 0.0518080, 0.0540800, 0.0423360, 0.0412480, 0.0590400, 0.0473920, 0.0415360, 0.0416640, 0.0411520, 0.0470720, 0.0447360, 0.0416640, 0.0415360, 0.0415040, 0.0414720, 0.0579200, 0.0454400, 0.0414080, 0.0413440, 0.0416640, 0.0419200, 0.0410560, 0.0404800, 0.0418240, 0.0596160, 0.0408960, 0.0413760, 0.0416640, 0.0414080, 0.0413760, 0.0399360, 0.0419200, 0.0409920, 0.0414400, 0.0418240, 0.0593280, 0.0574080, 0.0416320, 0.0414720, 0.0413760, 0.0565120, 0.0576640, 0.0418240, 0.0408960, 0.0408000, 0.0412800 ],
"bins": [ 18, 0, 1, 0, 0, 0, 1, 0, 0, 1, 0, 1, 0, 1, 0, 0, 0, 0, 0, 1, 0, 1, 3, 1, 3, 0, 0 ]
}
,
"histogram_atomic_private": {
"timesTransferToDevice": [ 0.0647040, 0.0321280, 0.0312640, 0.0302720, 0.0309440, 0.0580800, 0.0313280, 0.0303040, 0.0307840, 0.0308160, 0.0565440, 0.0472640, 0.0313280, 0.0280320, 0.0338560, 0.0555520, 0.0307200, 0.0283520, 0.0304320, 0.0277760, 0.0380800, 0.0209600, 0.0204480, 0.0210880, 0.0208960, 0.0264960, 0.0208320, 0.0214080, 0.0211840, 0.0206720, 0.0214080, 0.0209920, 0.0208000, 0.0205440, 0.0219200, 0.0340800, 0.0888960, 0.0203840, 0.0208960, 0.0196800, 0.0205440, 0.0355520, 0.0200320, 0.0200320, 0.0195520, 0.0203200, 0.0203840, 0.0200960, 0.0202240, 0.0201280, 0.0197120, 0.0196160, 0.0204160, 0.0196160, 0.0673600, 0.0202880, 0.0202560, 0.0199040, 0.0198080, 0.0334080, 0.0210240, 0.0198720, 0.0197760, 0.0202880, 0.0201280, 0.0196800, 0.0201600, 0.0201280, 0.0197120, 0.0197440, 0.0196480, 0.0200320, 0.0218880, 0.0195520, 0.0201280, 0.0192640, 0.0193280, 0.0197440, 0.0200960, 0.0197440, 0.0196160, 0.0193280, 0.0216000, 0.0323840, 0.0196800, 0.0197120, 0.0195840, 0.0186560, 0.0198080, 0.0202240, 0.0196800, 0.0194880, 0.0202240, 0.0195520, 0.0199040, 0.0194560, 0.0198080, 0.0194560, 0.0197120, 0.0195840 ],
"timesExecution": [ 0.0788800, 0.0840000, 0.0593920, 0.0576640, 0.0796480, 0.0583360, 0.0850240, 0.0824320, 0.0581120, 0.0575360, 0.0584000, 0.0868160, 0.0665600, 0.0583040, 0.0808320, 0.0576640, 0.0830080, 0.0765760, 0.0583680, 0.0738560, 0.0614720, 0.0734400, 0.0605440, 0.0726400, 0.0541440, 0.0788480, 0.0768320, 0.0583680, 0.0549440, 0.0592960, 0.0594880, 0.0745280, 0.0856000, 0.0593280, 0.0596800, 0.0594240, 0.0593600, 0.0738240, 0.0553280, 0.0565440, 0.0563200, 0.0553280, 0.0736960, 0.0562560, 0.0563840, 0.0512640, 0.0566080, 0.0563840, 0.0522240, 0.0555840, 0.0573440, 0.0540800, 0.0839360, 0.0748160, 0.0564800, 0.0706560, 0.0562880, 0.0563200, 0.0729280, 0.0765440, 0.0644800, 0.0563200, 0.0521920, 0.0746240, 0.0573440, 0.0870400, 0.0566080, 0.0562880, 0.0569920, 0.0686400, 0.0734720, 0.0726720, 0.0521280, 0.0561600, 0.0602880, 0.0727680, 0.0696000, 0.0716800, 0.0565440, 0.0694080, 0.0562880, 0.0723840, 0.0683840, 0.0563200, 0.0562240, 0.0563520, 0.0522560, 0.0562880, 0.0564160, 0.0679040, 0.0571840, 0.0562240, 0.0686400, 0.0727360, 0.0573760, 0.0562880, 0.0520000, 0.0561600, 0.0653120, 0.0726720 ],
"timesTransferFromDevice": [ 0.0972160, 0.0653440, 0.0624320, 0.0648960, 0.0649920, 0.0890240, 0.0658240, 0.0652160, 0.0649920, 0.0644800, 0.0902080, 0.0643840, 0.0647680, 0.0646080, 0.0654080, 0.0943680, 0.0654400, 0.0637120, 0.0660160, 0.0523200, 0.0446080, 0.0611520, 0.0433920, 0.0434240, 0.0434880, 0.0604800, 0.0438080, 0.0589440, 0.0446400, 0.0433280, 0.0442560, 0.0436800, 0.0448640, 0.0549440, 0.0438080, 0.0441600, 0.0608960, 0.0439040, 0.0419840, 0.0415040, 0.0422400, 0.0580800, 0.0419840, 0.0412480, 0.0512960, 0.0413120, 0.0420800, 0.0579200, 0.0418560, 0.0410240, 0.0417280, 0.0416320, 0.0530240, 0.0411200, 0.0418560, 0.0413120, 0.0417280, 0.0413440, 0.0427520, 0.0466560, 0.0416640, 0.0410240, 0.0422400, 0.0410240, 0.0411840, 0.0578880, 0.0416960, 0.0415360, 0.0412480, 0.0801600, 0.0416960, 0.1014400, 0.0415680, 0.0408320, 0.0413440, 0.0417280, 0.0416000, 0.0411200, 0.0417920, 0.0411520, 0.0422080, 0.0563520, 0.0516160, 0.0444800, 0.0418880, 0.0413760, 0.0415040, 0.0421120, 0.0490880, 0.0412800, 0.0416640, 0.0537920, 0.0421760, 0.0573760, 0.0416960, 0.0408960, 0.0413120, 0.0404480, 0.0424320, 0.0567360 ],
"bins": [ 18, 0, 1, 0, 0, 0, 1, 0, 0, 1, 0, 1, 0, 1, 0, 0, 0, 0, 0, 1, 0, 1, 3, 1, 3, 0, 0 ]
}
,