{
"inputLengthInCharacters": 16777216,
"uniformInput": false,
"useMappingLetter": true,
"measurements": {
"histogram_one_thread_per_character": {
"timesTransferToDevice": [ 3.2066240, 3.2855999, 3.2398081, 3.0917120, 3.1606400, 3.1637120, 3.0607040, 3.1148479, 3.0489919, 3.1083200, 2.9655681, 3.1199679, 3.0396161, 3.1027520, 3.0833280, 3.0368960, 3.1587200, 3.0072000, 3.0332799, 2.8838401, 3.0878401, 3.0023999, 3.0392320, 3.0074241, 3.0594561, 3.0315840, 2.9537599, 3.0832000, 2.8719361, 3.1308801, 3.2157760, 2.9081600, 3.0336320, 3.0318401, 2.9863999, 3.0149760, 2.8766720, 3.1094720, 3.2628160, 3.0131841, 3.0624640, 2.9434240, 3.0147841, 3.0884480, 2.8912320, 3.0691199, 3.0020480, 3.0444801, 3.0188799, 2.8411200, 3.0272641, 3.0346241, 3.0242240, 3.0499520, 2.9634240, 3.0366399, 3.0448639, 2.9853439, 3.0453441, 2.8902080, 3.1334400, 3.0054080, 2.9056640, 3.0909441, 3.0584960, 2.9969599, 2.9878399, 2.9308479, 3.0417280, 3.0756481, 2.9802880, 3.0679040, 2.9265599, 3.1497920, 3.0649920, 3.1275201, 3.0111680, 2.9570241, 3.0903361, 3.0880640, 2.9657919, 3.1231041, 3.0241280, 3.0455360, 3.0336001, 2.9096320, 3.1778560, 3.0673921, 3.0697279, 3.0372479, 2.9129281, 3.0223041, 3.1026881, 3.0287361, 3.1007040, 2.8825920, 3.0461121, 3.2138240, 2.9792321, 3.0529921 ],
"timesExecution": [ 26.9809608, 26.9245758, 27.0214729, 26.9652481, 26.9230080, 26.9539833, 26.9580803, 26.9292793, 26.9285755, 26.9613762, 26.9752007, 26.9056644, 26.8992329, 26.9686089, 26.9826241, 26.9549122, 26.9293442, 26.9118729, 26.9938889, 27.0417595, 26.8992958, 26.9119682, 26.9739208, 26.9141445, 26.9422398, 26.9142723, 26.9350719, 26.9046078, 27.1580486, 27.1930237, 27.1682873, 27.2027206, 27.1585922, 27.1732807, 27.1708164, 27.1916485, 27.1707191, 27.1836166, 27.1776009, 27.1785278, 27.1751041, 27.1623993, 27.1823997, 27.1675529, 27.1585274, 27.1918392, 27.1937275, 27.1744328, 27.1660156, 27.1701431, 27.1606712, 27.1942406, 27.1706238, 27.1963520, 27.1557121, 27.1628151, 27.1526089, 27.2024326, 27.1813126, 27.1902084, 27.1730881, 27.1666241, 27.1770248, 27.2095680, 27.1751366, 27.1916809, 27.1819191, 27.1957760, 27.1626244, 27.1791039, 27.1728954, 27.1518402, 27.1732807, 27.1860809, 27.2088642, 27.1853752, 27.1630726, 27.2007675, 27.1609592, 27.1812801, 27.1563835, 27.2063351, 27.1634560, 27.1695042, 27.1815033, 27.1806717, 27.2025928, 27.1746559, 27.1499519, 27.1871681, 27.1605129, 27.1570873, 27.1954231, 27.1665287, 27.1847687, 27.1536312, 27.1710072, 27.1853447, 27.1920643, 27.1695042 ],
"timesTransferFromDevice": [ 0.1353600, 0.1561600, 0.1413120, 0.1591680, 0.1257920, 0.0814080, 0.1347200, 0.0809920, 0.0822080, 0.1138880, 0.1271360, 0.1188480, 0.0757120, 0.0866560, 0.1222080, 0.0811520, 0.1078400, 0.1169600, 0.0806720, 0.1128640, 0.1052800, 0.1148160, 0.0825920, 0.2079680, 0.0735680, 0.0793920, 0.1375040, 0.0934720, 0.1120320, 0.1376320, 0.1191040, 0.2102080, 0.1118720, 0.0714240, 0.0805120, 0.1205760, 0.1190400, 0.0779840, 0.2066560, 0.1166400, 0.0728640, 0.1083840, 0.1131840, 0.1045440, 0.1058240, 0.1217920, 0.1100800, 0.1147520, 0.0723200, 0.1393600, 0.1077760, 0.0763200, 0.0791680, 0.1174080, 0.1237760, 0.1051520, 0.0715200, 0.0765760, 0.1141120, 0.1417280, 0.0844160, 0.2271680, 0.1130240, 0.1301440, 0.1128320, 0.1175040, 0.1102080, 0.1133760, 0.1104320, 0.0744320, 0.1169280, 0.1088960, 0.1091840, 0.0794240, 0.0819840, 0.0777600, 0.1147520, 0.1164480, 0.0908160, 0.1135040, 0.0718400, 0.1381760, 0.0738880, 0.1208640, 0.1208320, 0.0795840, 0.1163840, 0.0770560, 0.1080000, 0.0753920, 0.0706560, 0.0852160, 0.0750080, 0.0858240, 0.1127040, 0.1094080, 0.0719040, 0.1215680, 0.0805120, 0.1209920 ],
"bins": [ 9957303, 262491, 261267, 262208, 262322, 262092, 262495, 261160, 262216, 261968, 262252, 261802, 262037, 263380, 261945, 263406, 262136, 262271, 262706, 262277, 262622, 262205, 262315, 262026, 262702, 262341, 263271 ]
}
,
"histogram_atomic_private": {
"timesTransferToDevice": [ 2.9361920, 2.9153600, 3.0934081, 3.0270081, 2.9037120, 3.2753279, 3.0811200, 2.9691200, 3.0812161, 3.0114880, 3.0405760, 2.9805441, 3.1263680, 3.1024959, 2.9078081, 3.0949440, 3.1712959, 2.9601281, 3.2547200, 3.0294721, 2.9982400, 3.0647039, 3.1928320, 2.9884160, 3.1352639, 2.9886079, 3.0142400, 2.9439681, 3.2635200, 3.0469761, 2.8688960, 3.0043521, 3.0351360, 3.0519359, 3.1833279, 3.0815361, 3.0346560, 2.8681600, 3.1850240, 3.1833920, 2.9417601, 3.1342721, 2.9963200, 3.1260159, 2.9315200, 3.0203519, 3.0743999, 3.2946880, 2.9809279, 3.1786880, 3.0269761, 3.1660480, 2.9095039, 3.0430720, 3.0720320, 3.0686400, 3.3946559, 2.9779520, 3.1067841, 3.0181119, 3.1214080, 2.9280641, 3.1106880, 3.0564480, 3.1680961, 3.2599361, 3.1100161, 3.0590079, 3.1824319, 2.9179521, 3.0466239, 3.0964160, 3.1197441, 3.0508800, 3.3030720, 3.1342080, 3.2410240, 2.9885440, 2.8220160, 3.1007040, 3.1826880, 2.9966400, 2.9359360, 3.4230080, 3.0295680, 3.1974721, 2.9849920, 3.0124481, 3.0006399, 3.0273280, 3.0456319, 2.9106560, 3.5041921, 3.1527040, 3.0752640, 2.9603519, 3.0358720, 3.0270400, 3.1616960, 2.8912640 ],
"timesExecution": [ 5.8214722, 5.8739200, 5.8740482, 5.8532481, 5.8796482, 5.8775678, 5.8670721, 5.8608322, 5.8625278, 5.8767362, 5.8700480, 5.8763199, 5.8558722, 5.9417601, 5.8587842, 5.9005122, 5.9239678, 5.8680639, 5.8513598, 5.8811841, 5.8837762, 5.8454080, 5.8936639, 5.8727679, 5.8780799, 5.8763199, 5.8276801, 5.8699841, 5.9007359, 5.8737278, 5.8384962, 5.8518400, 5.9242878, 5.8854718, 5.8926721, 5.8865919, 5.8513918, 5.8504000, 5.8876801, 5.8696961, 5.8830719, 5.6272001, 5.5826559, 5.5677438, 5.5706878, 5.6172161, 5.6048961, 5.7304320, 5.5950718, 5.6266241, 5.6020479, 5.5738559, 5.5763202, 5.7891202, 5.5784321, 5.5920000, 5.5896001, 5.6660161, 5.5820479, 5.6260481, 5.5998402, 5.5997119, 5.5724478, 5.6345282, 5.5862079, 5.5979519, 5.5665278, 5.5799680, 5.6068158, 5.6019840, 5.5720959, 5.5721278, 5.6380162, 5.6088319, 5.5967040, 5.6433921, 5.5720639, 5.5863361, 5.5573120, 5.5584641, 5.6093760, 5.6009598, 5.6354241, 5.5964479, 5.6286402, 5.6341119, 5.5725121, 5.5685439, 5.5853119, 5.6014080, 5.6276159, 5.5632958, 5.6047678, 5.6128001, 5.6300802, 5.5865922, 5.5677762, 5.6116161, 5.5856962, 5.5586882 ],
"timesTransferFromDevice": [ 0.0760960, 0.0742720, 0.0765120, 0.0700160, 0.1124800, 0.0788800, 0.1233920, 0.1137280, 0.0734080, 0.0749760, 0.0758400, 0.1076800, 0.0827520, 0.0956800, 0.1056960, 0.1072960, 0.5826240, 0.0746240, 0.1190720, 0.1389760, 0.1138880, 0.1027520, 0.0831360, 0.1109440, 0.0828800, 0.0745280, 0.0919040, 0.0888960, 0.1064640, 0.6223680, 0.0718080, 0.1146560, 0.0913600, 0.1124800, 0.1529600, 0.1117120, 0.0722240, 0.1162240, 0.0826240, 0.1102720, 0.1147840, 0.1184960, 0.0757760, 0.1781440, 0.0742720, 0.1027520, 0.1343040, 0.1184960, 0.1096640, 0.0940480, 0.0984000, 0.1204480, 0.1312320, 0.0916480, 0.0824000, 0.0792320, 0.1043840, 0.1089280, 0.1148800, 0.1016640, 0.1157440, 0.0822720, 0.1069440, 0.1337280, 0.1350080, 0.0751040, 0.1006080, 0.1367040, 0.0755520, 0.0723840, 0.1030720, 0.0748480, 0.1089600, 0.1287040, 0.0861120, 0.0809280, 0.0822080, 0.0826880, 0.0980480, 0.0729600, 0.0840320, 0.0721280, 0.0792320, 0.1128640, 0.1046720, 0.1520640, 0.0847680, 0.1163200, 0.0966720, 0.0912320, 0.1352640, 0.1048000, 0.1103040, 0.0767360, 0.1047040, 0.1111680, 0.0744000, 0.1403520, 0.0735040, 0.0730240 ],
"bins": [ 9957303, 262491, 261267, 262208, 262322, 262092, 262495, 261160, 262216, 261968, 262252, 261802, 262037, 263380, 261945, 263406, 262136, 262271, 262706, 262277, 262622, 262205, 262315, 262026, 262702, 262341, 263271 ]
}
,