{
"inputLengthInCharacters": 2048,
"uniformInput": true,
"useMappingLetter": false,
"measurements": {
"histogram_one_thread_per_character": {
"timesTransferToDevice": [ 0.0993280, 0.0507840, 0.0482240, 0.0494720, 0.0477760, 0.0289920, 0.0278720, 0.0281280, 0.0279360, 0.0495040, 0.0474880, 0.0493760, 0.0483520, 0.0861120, 0.0232000, 0.0248320, 0.0239680, 0.0433280, 0.0404800, 0.0649920, 0.0405120, 0.0411840, 0.0235520, 0.0245440, 0.0215680, 0.0243200, 0.0402240, 0.0484160, 0.0316800, 0.0307520, 0.0405120, 0.0191680, 0.0181120, 0.0185600, 0.0180800, 0.0308160, 0.0306560, 0.0310400, 0.0310400, 0.0183040, 0.0181440, 0.0344320, 0.0188800, 0.0305600, 0.0298560, 0.0320960, 0.0299200, 0.0457280, 0.0190080, 0.0190400, 0.0186240, 0.0185600, 0.0312640, 0.0319680, 0.0462400, 0.0312640, 0.0183360, 0.0183680, 0.0187840, 0.0346880, 0.0310080, 0.0326720, 0.0308160, 0.0310720, 0.0360320, 0.0180800, 0.0185920, 0.0185920, 0.0184640, 0.0316480, 0.0303360, 0.0318080, 0.0308480, 0.0193280, 0.0184320, 0.0209600, 0.0183040, 0.0317120, 0.0311040, 0.0320640, 0.0343680, 0.0309120, 0.0195520, 0.0353280, 0.0183040, 0.0184320, 0.0308480, 0.0314240, 0.0309440, 0.0317440, 0.0359680, 0.0184640, 0.0184960, 0.0189440, 0.0309760, 0.0484160, 0.0308480, 0.0312960, 0.0304960, 0.0184960 ],
"timesExecution": [ 0.1092480, 0.1524480, 0.1177600, 0.0833920, 0.0819200, 0.1024000, 0.1104000, 0.1023680, 0.0812800, 0.0832000, 0.0821120, 0.0827840, 0.0819200, 0.0900800, 0.1136320, 0.0876800, 0.0759680, 0.0726400, 0.0768320, 0.0709760, 0.0706560, 0.0717120, 0.0859840, 0.0860800, 0.0860480, 0.0923840, 0.0706880, 0.0546240, 0.0544640, 0.0602880, 0.0560640, 0.0655360, 0.0663360, 0.0534400, 0.0532480, 0.0550080, 0.0768000, 0.0531840, 0.0533440, 0.0646720, 0.0663680, 0.0665600, 0.0687680, 0.0542080, 0.0532160, 0.0542400, 0.0468160, 0.0555840, 0.0644800, 0.0673600, 0.0655040, 0.0645120, 0.0542720, 0.0706560, 0.0542720, 0.0543040, 0.0653120, 0.0675520, 0.0655680, 0.0544640, 0.0696640, 0.0545920, 0.0540800, 0.0551040, 0.0542400, 0.0677760, 0.0645760, 0.0634880, 0.0543040, 0.0543040, 0.0780800, 0.0542720, 0.0706240, 0.0656000, 0.0675520, 0.0665600, 0.0542720, 0.0510720, 0.0540480, 0.0543680, 0.0534400, 0.0542720, 0.0662400, 0.0685440, 0.0797120, 0.0661760, 0.0539520, 0.0542080, 0.0545600, 0.0704000, 0.0654720, 0.0666240, 0.0655680, 0.0543680, 0.0786880, 0.0543680, 0.0530880, 0.0540800, 0.0532800, 0.0655680 ],
"timesTransferFromDevice": [ 0.0966720, 0.0808640, 0.0609600, 0.0599040, 0.0602240, 0.0597760, 0.0598080, 0.0599040, 0.0602560, 0.0595200, 0.0610240, 0.0592640, 0.0603520, 0.0519040, 0.0513920, 0.0498240, 0.0510400, 0.0505600, 0.0514240, 0.0894080, 0.0506560, 0.0657920, 0.0506560, 0.0500160, 0.0724480, 0.0505920, 0.1011520, 0.0385600, 0.0385280, 0.0380480, 0.0554560, 0.0484800, 0.0386240, 0.0398400, 0.0385920, 0.0576960, 0.0702720, 0.0384000, 0.0383360, 0.0381760, 0.0391040, 0.0576960, 0.0384320, 0.0390080, 0.0384960, 0.0382080, 0.0395840, 0.0548160, 0.0391680, 0.0385920, 0.0393600, 0.0391680, 0.0548160, 0.0489920, 0.0387840, 0.0488960, 0.0390080, 0.0384640, 0.0392960, 0.0537920, 0.0263680, 0.0385600, 0.0391680, 0.0390400, 0.0559040, 0.0387520, 0.0387200, 0.0386240, 0.0392960, 0.0385920, 0.0398720, 0.0542400, 0.0389760, 0.0389760, 0.0395200, 0.0390080, 0.0556160, 0.0384640, 0.0532160, 0.0390400, 0.0397120, 0.0402880, 0.0388480, 0.0543680, 0.0496320, 0.0384960, 0.0395200, 0.0386560, 0.0556480, 0.0388160, 0.0393600, 0.0394880, 0.0389760, 0.0386880, 0.0500480, 0.0618560, 0.0385920, 0.0380160, 0.0392320, 0.0832320 ],
"bins": [ 0, 0, 0, 0, 0, 0, 0, 0, 0, 0, 0, 0, 0, 0, 0, 0, 0, 0, 0, 0, 0, 0, 0, 0, 0, 0, 0, 0, 0, 0, 0, 0, 0, 0, 0, 0, 0, 0, 0, 0, 0, 0, 0, 0, 0, 0, 0, 0, 0, 0, 0, 0, 0, 0, 0, 0, 0, 0, 0, 0, 0, 0, 0, 0, 0, 0, 0, 0, 0, 0, 0, 0, 0, 0, 0, 0, 0, 0, 0, 0, 0, 0, 0, 0, 0, 0, 0, 0, 0, 0, 0, 0, 0, 0, 0, 0, 2048, 0, 0, 0, 0, 0, 0, 0, 0, 0, 0, 0, 0, 0, 0, 0, 0, 0, 0, 0, 0, 0, 0, 0, 0, 0, 0, 0, 0, 0, 0, 0 ]
}
,
"histogram_atomic_private": {
"timesTransferToDevice": [ 0.0440320, 0.0272320, 0.0283520, 0.0262720, 0.0645440, 0.0260800, 0.0564160, 0.0261760, 0.0267520, 0.0264320, 0.0273920, 0.0270720, 0.0508480, 0.0262400, 0.0310400, 0.0273920, 0.0275520, 0.0377920, 0.0285440, 0.0248320, 0.0257600, 0.0380160, 0.0275840, 0.0267200, 0.0196800, 0.0168960, 0.0368960, 0.0178560, 0.0183680, 0.0185920, 0.0193280, 0.0177600, 0.0340160, 0.0183360, 0.0182400, 0.0280960, 0.0185280, 0.0181120, 0.0200000, 0.0175680, 0.0186560, 0.0185600, 0.0184960, 0.0174720, 0.0184640, 0.0245440, 0.0184640, 0.0171840, 0.0188160, 0.0174400, 0.0179840, 0.0177280, 0.0344000, 0.0182720, 0.0182080, 0.0178880, 0.0185600, 0.0176320, 0.0184640, 0.0179200, 0.0180480, 0.0173120, 0.0188480, 0.0171200, 0.0349120, 0.0179520, 0.0191680, 0.0171840, 0.0180800, 0.0174080, 0.0188160, 0.0170240, 0.0205440, 0.0183680, 0.0187520, 0.0169920, 0.0181760, 0.0175360, 0.0180800, 0.0173120, 0.0181440, 0.0183680, 0.0179840, 0.0173120, 0.0186560, 0.0175360, 0.0185920, 0.0179840, 0.0189120, 0.0177280, 0.0184000, 0.0174720, 0.0183680, 0.0175040, 0.0189760, 0.0183040, 0.0184640, 0.0170560, 0.0185280, 0.0187840 ],
"timesExecution": [ 0.0902720, 0.0830080, 0.0573440, 0.0569920, 0.0569920, 0.1103040, 0.0544960, 0.0819520, 0.0572800, 0.1932480, 0.0552320, 0.0818560, 0.0552320, 0.0849920, 0.0543040, 0.0533440, 0.0553280, 0.0539840, 0.0540160, 0.0788160, 0.0515840, 0.0788800, 0.0533120, 0.0542400, 0.0563520, 0.0740480, 0.0560960, 0.0706560, 0.0551680, 0.0551040, 0.0543680, 0.0539840, 0.0552960, 0.0504960, 0.0548800, 0.0542720, 0.0542720, 0.0540800, 0.0544640, 0.0510400, 0.0553280, 0.0546240, 0.0553280, 0.0534080, 0.0539520, 0.0698880, 0.0524800, 0.0532800, 0.0542720, 0.0535680, 0.0676160, 0.0512000, 0.0563520, 0.0532800, 0.0533440, 0.0532800, 0.0534400, 0.0572480, 0.0532160, 0.0525440, 0.0620800, 0.0532800, 0.0535360, 0.0707520, 0.0542720, 0.0768000, 0.0542400, 0.0532800, 0.0538880, 0.0532800, 0.0541760, 0.0706240, 0.0532480, 0.0530880, 0.0542080, 0.0525760, 0.0532800, 0.0531840, 0.0536000, 0.0532800, 0.0532480, 0.0829440, 0.0522880, 0.0718720, 0.0539200, 0.0819520, 0.0532160, 0.0532480, 0.0534720, 0.0542720, 0.0542720, 0.0538880, 0.0532800, 0.0530560, 0.0608640, 0.0539200, 0.0767680, 0.0530880, 0.0542720, 0.0532160 ],
"timesTransferFromDevice": [ 0.0684160, 0.0612800, 0.0610240, 0.0597120, 0.0602240, 0.0592000, 0.0598080, 0.0596800, 0.0595840, 0.0562560, 0.0751680, 0.0570880, 0.0567680, 0.0571520, 0.0568000, 0.0581120, 0.0564800, 0.0555200, 0.0563520, 0.0576000, 0.0639360, 0.0565440, 0.0564800, 0.0664960, 0.0394880, 0.0391040, 0.0391680, 0.0390720, 0.0392960, 0.0390400, 0.0391360, 0.0387840, 0.0542080, 0.0515840, 0.0393280, 0.0391040, 0.0387840, 0.0396160, 0.0433280, 0.0394880, 0.0394880, 0.0392320, 0.0532160, 0.0392000, 0.0589120, 0.0391040, 0.0392320, 0.0386880, 0.0386240, 0.0390720, 0.0539840, 0.0388800, 0.0498560, 0.0387520, 0.0383680, 0.0391360, 0.0550080, 0.0394560, 0.0388160, 0.0388800, 0.0382080, 0.0389120, 0.0389440, 0.0391360, 0.0382400, 0.0385920, 0.0392000, 0.0387200, 0.0391360, 0.0724160, 0.0388160, 0.0387840, 0.0392960, 0.0565440, 0.0384960, 0.0388160, 0.0386560, 0.0382080, 0.0385920, 0.0392320, 0.0391040, 0.0384960, 0.0391360, 0.0389760, 0.0387520, 0.0476480, 0.0393600, 0.0385920, 0.0386880, 0.0388160, 0.0386560, 0.0499200, 0.0384000, 0.0542400, 0.0387200, 0.0379520, 0.0392640, 0.0383040, 0.0382080, 0.0384640 ],
"bins": [ 0, 0, 0, 0, 0, 0, 0, 0, 0, 0, 0, 0, 0, 0, 0, 0, 0, 0, 0, 0, 0, 0, 0, 0, 0, 0, 0, 0, 0, 0, 0, 0, 0, 0, 0, 0, 0, 0, 0, 0, 0, 0, 0, 0, 0, 0, 0, 0, 0, 0, 0, 0, 0, 0, 0, 0, 0, 0, 0, 0, 0, 0, 0, 0, 0, 0, 0, 0, 0, 0, 0, 0, 0, 0, 0, 0, 0, 0, 0, 0, 0, 0, 0, 0, 0, 0, 0, 0, 0, 0, 0, 0, 0, 0, 0, 0, 2048, 0, 0, 0, 0, 0, 0, 0, 0, 0, 0, 0, 0, 0, 0, 0, 0, 0, 0, 0, 0, 0, 0, 0, 0, 0, 0, 0, 0, 0, 0, 0 ]
}
,