{
"inputLengthInCharacters": 256,
"uniformInput": false,
"useMappingLetter": true,
"measurements": {
"histogram_one_thread_per_character": {
"timesTransferToDevice": [ 0.0440320, 0.0647680, 0.0601600, 0.0404160, 0.0373440, 0.0720000, 0.0398400, 0.0370880, 0.0456640, 0.0579840, 0.0284800, 0.0266880, 0.0267520, 0.0264320, 0.0291520, 0.0520000, 0.0263040, 0.0323520, 0.0261760, 0.0259840, 0.0227840, 0.0238720, 0.0235200, 0.0233280, 0.0226560, 0.0455680, 0.0231360, 0.0478080, 0.0392000, 0.0232640, 0.0226560, 0.0230720, 0.0448960, 0.0225280, 0.0231360, 0.0244160, 0.0188160, 0.0179200, 0.0358080, 0.0182720, 0.0182720, 0.0184960, 0.0177920, 0.0186560, 0.0184320, 0.0184640, 0.0177600, 0.0187840, 0.0176960, 0.0178880, 0.0186240, 0.0309440, 0.0182400, 0.0183040, 0.0312320, 0.0179840, 0.0186880, 0.0350720, 0.0192320, 0.0176640, 0.0180800, 0.0186880, 0.0355840, 0.0182080, 0.0176000, 0.0184640, 0.0181440, 0.0184640, 0.0181120, 0.0367040, 0.0292480, 0.0187200, 0.0184000, 0.0185280, 0.0326080, 0.0208960, 0.0187200, 0.0315840, 0.0182080, 0.0190400, 0.0300160, 0.0192320, 0.0183040, 0.0374720, 0.0186240, 0.0178240, 0.0185920, 0.0186560, 0.0361920, 0.0188480, 0.0182080, 0.0186240, 0.0187200, 0.0184000, 0.0191040, 0.0344320, 0.0182720, 0.0185280, 0.0188160, 0.0180160 ],
"timesExecution": [ 0.0858560, 0.0565440, 0.0684480, 0.0693440, 0.0716480, 0.1033920, 0.0676480, 0.0932160, 0.0835520, 0.0542720, 0.0764160, 0.0549440, 0.0542720, 0.0766720, 0.0805120, 0.0672960, 0.0757760, 0.0563200, 0.0544960, 0.1545280, 0.0653440, 0.0704640, 0.0820800, 0.0459840, 0.0664640, 0.0450240, 0.0862080, 0.0470720, 0.0663680, 0.0458880, 0.0663680, 0.0704640, 0.0666240, 0.0620800, 0.0652480, 0.0645120, 0.0759040, 0.0706560, 0.0533440, 0.0501760, 0.0532800, 0.0531840, 0.0839040, 0.0542720, 0.0743680, 0.0657600, 0.0532480, 0.0543040, 0.0638400, 0.0717120, 0.0532480, 0.0716800, 0.0524800, 0.0532800, 0.0532160, 0.0533440, 0.0706560, 0.0532480, 0.0529920, 0.0481920, 0.0531840, 0.0532160, 0.0662720, 0.0715520, 0.0531200, 0.0491520, 0.0532480, 0.0534080, 0.0654080, 0.0536000, 0.0686400, 0.0756160, 0.0532800, 0.0539840, 0.0529280, 0.0699840, 0.0532160, 0.0722880, 0.0534080, 0.0541120, 0.0541120, 0.0532160, 0.0819520, 0.0549440, 0.0539520, 0.0502400, 0.0531520, 0.0532800, 0.0664000, 0.0704320, 0.0532480, 0.0498240, 0.0532480, 0.0535360, 0.0658560, 0.0543360, 0.0601280, 0.0656000, 0.0528960, 0.0542720 ],
"timesTransferFromDevice": [ 0.0964160, 0.0975040, 0.0734080, 0.0709760, 0.0992960, 0.1739520, 0.0704640, 0.0716800, 0.0607360, 0.0951680, 0.0595200, 0.0599680, 0.0598720, 0.0595520, 0.0604800, 0.0859200, 0.0587200, 0.0600960, 0.0600320, 0.0501120, 0.0719680, 0.0487680, 0.0334080, 0.0483520, 0.0481600, 0.0692160, 0.0485440, 0.0492160, 0.0483520, 0.0485120, 0.0500480, 0.0485120, 0.0800320, 0.0486720, 0.0486720, 0.0392000, 0.0675200, 0.0390080, 0.0385600, 0.0388160, 0.0388160, 0.0389760, 0.0384320, 0.0553920, 0.0429120, 0.0392640, 0.0388480, 0.0385280, 0.0392000, 0.0392960, 0.0541440, 0.0388480, 0.0387200, 0.0413760, 0.0427200, 0.0489280, 0.0389120, 0.0575040, 0.0389120, 0.0481600, 0.0383360, 0.0389760, 0.0577920, 0.0391680, 0.0389760, 0.0388160, 0.0381120, 0.0389440, 0.0385280, 0.0564800, 0.0379520, 0.0386240, 0.0576000, 0.0384320, 0.0389440, 0.0393280, 0.0542400, 0.0388160, 0.0385920, 0.0391680, 0.0378560, 0.0387200, 0.0387200, 0.0427840, 0.0437440, 0.0383680, 0.0383360, 0.0384000, 0.0564480, 0.0430720, 0.0389120, 0.0803200, 0.0384000, 0.0386560, 0.0591680, 0.0547200, 0.0386240, 0.0390080, 0.0379840, 0.0425280 ],
"bins": [ 144, 1, 4, 2, 1, 5, 2, 5, 7, 5, 6, 4, 3, 4, 6, 4, 4, 2, 8, 1, 5, 6, 6, 5, 7, 5, 4 ]
}
,
"histogram_atomic_private": {
"timesTransferToDevice": [ 0.0377280, 0.0262080, 0.0444480, 0.0289280, 0.0584000, 0.0472320, 0.0265600, 0.0261120, 0.0272320, 0.0292800, 0.0524480, 0.0261440, 0.0296320, 0.0258880, 0.0306880, 0.0245760, 0.0530240, 0.0248640, 0.0514240, 0.0248640, 0.0276800, 0.0243200, 0.0249600, 0.0270080, 0.0501760, 0.0246080, 0.0258240, 0.0274560, 0.0447680, 0.0506240, 0.0208320, 0.0351040, 0.0204160, 0.0198720, 0.0208960, 0.0202560, 0.0207040, 0.0397760, 0.0208960, 0.0194560, 0.0202240, 0.0195200, 0.0212160, 0.0377280, 0.0206400, 0.0203200, 0.0204480, 0.0186880, 0.0186240, 0.0188800, 0.0350080, 0.0185920, 0.0185920, 0.0188800, 0.0322240, 0.0186240, 0.0354240, 0.0307200, 0.0186560, 0.0177280, 0.0192640, 0.0179520, 0.0352640, 0.0183360, 0.0198080, 0.0580160, 0.0190720, 0.0190080, 0.0363520, 0.0184320, 0.0179840, 0.0185920, 0.0207680, 0.0179840, 0.0354880, 0.0191040, 0.0189760, 0.0287360, 0.0193600, 0.0183040, 0.0490880, 0.0180800, 0.0188800, 0.0216960, 0.0182080, 0.0179520, 0.0189120, 0.0185920, 0.0346240, 0.0190720, 0.0184000, 0.0179840, 0.0186880, 0.0189760, 0.0351040, 0.0183040, 0.0187520, 0.0178560, 0.0244800, 0.0178880 ],
"timesExecution": [ 0.0641920, 0.0549760, 0.1137280, 0.0542720, 0.0542720, 0.0878720, 0.0561600, 0.0664960, 0.0544960, 0.0533120, 0.0784640, 0.0809280, 0.0545280, 0.0757440, 0.0790080, 0.0521600, 0.0737280, 0.0839680, 0.0532480, 0.0713920, 0.0531200, 0.0528960, 0.0859520, 0.0799040, 0.0535360, 0.0716800, 0.0522240, 0.0518080, 0.0778240, 0.0600320, 0.0593920, 0.0584000, 0.0409600, 0.0686400, 0.0410880, 0.0584000, 0.0550080, 0.0583680, 0.0592960, 0.0541760, 0.0590720, 0.0584640, 0.0709120, 0.0593920, 0.0593600, 0.0540800, 0.0580800, 0.0541120, 0.0729280, 0.0532480, 0.0551680, 0.0552960, 0.0542720, 0.0388800, 0.0539840, 0.0706240, 0.0545280, 0.0543040, 0.0579840, 0.0495680, 0.0532480, 0.0704320, 0.0503040, 0.0663040, 0.0539840, 0.0511680, 0.0550400, 0.0689600, 0.0570240, 0.0533760, 0.0542720, 0.0491840, 0.0552320, 0.0768960, 0.0655040, 0.0532480, 0.0533760, 0.0532800, 0.0635200, 0.0541440, 0.0542720, 0.0748800, 0.0542720, 0.0532480, 0.0543040, 0.0656640, 0.0542720, 0.0518400, 0.0493440, 0.0532160, 0.0535040, 0.0648000, 0.0535360, 0.0512320, 0.0509760, 0.0528000, 0.0532160, 0.0655680, 0.0542720, 0.0724480 ],
"timesTransferFromDevice": [ 0.0677760, 0.0599680, 0.0989760, 0.0599040, 0.0902720, 0.0583360, 0.0597440, 0.0611200, 0.0614400, 0.0597120, 0.0859200, 0.0648640, 0.0604160, 0.0629760, 0.0576640, 0.0561280, 0.0587200, 0.0568640, 0.0579200, 0.0560000, 0.0568320, 0.0566080, 0.0839040, 0.0569280, 0.0583360, 0.0569280, 0.0573120, 0.0563200, 0.1190400, 0.0531520, 0.0431040, 0.0424320, 0.0436800, 0.0539520, 0.0430400, 0.0644160, 0.0433280, 0.0637760, 0.0425600, 0.0427840, 0.0425600, 0.0422720, 0.0426880, 0.0630720, 0.0435200, 0.0422720, 0.0389120, 0.0387200, 0.0550720, 0.0390080, 0.0392320, 0.0505600, 0.0497920, 0.0390080, 0.0391040, 0.0389760, 0.0560000, 0.0383040, 0.0392960, 0.0388800, 0.0393600, 0.0395840, 0.0555200, 0.0384320, 0.0393280, 0.0391040, 0.0389440, 0.0395520, 0.0548480, 0.0669120, 0.0394880, 0.0383360, 0.0395840, 0.0390400, 0.0545280, 0.0383680, 0.0392000, 0.0386560, 0.0392960, 0.0388160, 0.0624000, 0.0398720, 0.0400000, 0.0925760, 0.0391040, 0.0387520, 0.0575360, 0.0452480, 0.0395200, 0.0386880, 0.0389440, 0.0591040, 0.0539520, 0.0386880, 0.0392000, 0.0394880, 0.0391040, 0.0387200, 0.0560000, 0.0384000 ],
"bins": [ 144, 1, 4, 2, 1, 5, 2, 5, 7, 5, 6, 4, 3, 4, 6, 4, 4, 2, 8, 1, 5, 6, 6, 5, 7, 5, 4 ]
}
,