{
"inputLengthInCharacters": 16,
"uniformInput": true,
"useMappingLetter": true,
"measurements": {
"histogram_one_thread_per_character": {
"timesTransferToDevice": [ 0.0768640, 0.0622400, 0.0310720, 0.0315200, 0.0674240, 0.0319040, 0.0510720, 0.0308800, 0.0309440, 0.0313280, 0.0634240, 0.0332800, 0.0302400, 0.0308800, 0.0309440, 0.0312640, 0.0257280, 0.0284800, 0.0249920, 0.0259840, 0.0257920, 0.0256960, 0.0241920, 0.0252480, 0.0240640, 0.0247360, 0.0399360, 0.0251200, 0.0245120, 0.0250880, 0.0246080, 0.0878400, 0.0208000, 0.0199360, 0.0454080, 0.0202560, 0.0202560, 0.0200000, 0.0195520, 0.0201280, 0.0203520, 0.0197440, 0.0200640, 0.0211840, 0.0195520, 0.0188480, 0.0199360, 0.0199360, 0.0196480, 0.0206400, 0.0201280, 0.0205440, 0.0200640, 0.0206080, 0.0202880, 0.0381440, 0.0201600, 0.0202240, 0.0200320, 0.0398080, 0.0194240, 0.0202560, 0.0204480, 0.0202240, 0.0199680, 0.0334080, 0.0200320, 0.0200640, 0.0204800, 0.0206400, 0.0198400, 0.0202240, 0.0203520, 0.0201920, 0.0202240, 0.0230080, 0.0208640, 0.0202560, 0.0196800, 0.0202560, 0.0196480, 0.0204160, 0.0193280, 0.0204800, 0.0197760, 0.0204800, 0.0198080, 0.0240320, 0.0199040, 0.0203520, 0.0204800, 0.0201920, 0.0304320, 0.0207040, 0.0200320, 0.0205120, 0.0357760, 0.0205760, 0.0211840, 0.0201600 ],
"timesExecution": [ 0.0593600, 0.0652800, 0.0829760, 0.1658880, 0.0654720, 0.0552640, 0.0563200, 0.0580480, 0.0849920, 0.1072000, 0.0563520, 0.0590720, 0.0563520, 0.0870400, 0.0583680, 0.0573760, 0.0655680, 0.0716800, 0.0740480, 0.0644800, 0.0471360, 0.0481280, 0.0480000, 0.0644800, 0.0460480, 0.0481280, 0.0626880, 0.0727040, 0.0672960, 0.0482240, 0.0626560, 0.0459200, 0.0798720, 0.0757760, 0.0430080, 0.0563520, 0.0644480, 0.0686400, 0.0565440, 0.0573760, 0.0529920, 0.0572480, 0.0556160, 0.0573120, 0.0706560, 0.0564800, 0.0553280, 0.0532160, 0.0737280, 0.0745920, 0.0753920, 0.0726720, 0.0562560, 0.0569600, 0.0523200, 0.0573440, 0.0553600, 0.0566400, 0.0432000, 0.0604480, 0.0565760, 0.0540160, 0.0562560, 0.0430400, 0.0573440, 0.0747840, 0.0571520, 0.0880960, 0.0533760, 0.0743680, 0.0563520, 0.0584000, 0.0563520, 0.0566400, 0.0552960, 0.0532160, 0.0745280, 0.0430400, 0.0512000, 0.0570880, 0.0738880, 0.0727040, 0.0554880, 0.0573120, 0.0569280, 0.0532480, 0.0563520, 0.0573440, 0.0562560, 0.0535680, 0.0583360, 0.0738560, 0.0512320, 0.0565760, 0.0555200, 0.0573440, 0.0532160, 0.0573120, 0.0564480, 0.0531840 ],
"timesTransferFromDevice": [ 0.1328000, 0.0819520, 0.0642880, 0.0651200, 0.0638720, 0.0636480, 0.0625920, 0.0698560, 0.0645440, 0.0636800, 0.0635840, 0.0636160, 0.0651520, 0.0905920, 0.0636480, 0.1486720, 0.0507200, 0.0493440, 0.0808320, 0.0520000, 0.0517120, 0.0506560, 0.0515840, 0.0521280, 0.0505600, 0.0507200, 0.0714880, 0.0514880, 0.0510720, 0.0510400, 0.0507520, 0.0527680, 0.0418880, 0.0416640, 0.0425920, 0.0411520, 0.0528000, 0.0590400, 0.0409600, 0.0415360, 0.0415360, 0.0414400, 0.0413120, 0.0421120, 0.0413120, 0.0419520, 0.0412160, 0.0408320, 0.0415680, 0.0413760, 0.0414080, 0.0413440, 0.0413760, 0.0507200, 0.0405760, 0.0529920, 0.0414080, 0.0416640, 0.0399040, 0.0420480, 0.0416000, 0.0413760, 0.0409600, 0.0412480, 0.0418880, 0.0590720, 0.0409600, 0.0415680, 0.0414720, 0.0616960, 0.0416960, 0.0535040, 0.0448960, 0.0416640, 0.0412160, 0.0422400, 0.0421440, 0.0416960, 0.0412480, 0.0414720, 0.0576000, 0.0419520, 0.0409920, 0.0419200, 0.0410880, 0.0768000, 0.0593920, 0.0419840, 0.0416640, 0.0409280, 0.0409920, 0.0419200, 0.0412800, 0.0415040, 0.0521920, 0.0420800, 0.0418560, 0.0604160, 0.0416320, 0.0416320 ],
"bins": [ 0, 16, 0, 0, 0, 0, 0, 0, 0, 0, 0, 0, 0, 0, 0, 0, 0, 0, 0, 0, 0, 0, 0, 0, 0, 0, 0 ]
}
,
"histogram_atomic_private": {
"timesTransferToDevice": [ 0.0440320, 0.0324480, 0.0299520, 0.0646400, 0.0295040, 0.0328320, 0.0315840, 0.0296640, 0.0304960, 0.0331200, 0.0552960, 0.0297920, 0.0325120, 0.0287040, 0.0338560, 0.0327040, 0.0484480, 0.0288960, 0.0282560, 0.0283200, 0.0617280, 0.0277760, 0.1208000, 0.0381760, 0.0228160, 0.0280000, 0.0336640, 0.0413760, 0.0222400, 0.0221440, 0.0395520, 0.0224000, 0.0220160, 0.0395520, 0.0225280, 0.0211840, 0.0216000, 0.0214080, 0.0389120, 0.0250240, 0.0211520, 0.0202560, 0.0205440, 0.0194560, 0.0205760, 0.0207040, 0.0210880, 0.0206400, 0.0196800, 0.0201280, 0.0203520, 0.0374080, 0.0202560, 0.0203200, 0.0202560, 0.0206080, 0.0209600, 0.0196480, 0.0204800, 0.0200000, 0.0220800, 0.0201280, 0.0201920, 0.0200320, 0.0207360, 0.0199680, 0.0200320, 0.0212160, 0.0200000, 0.0204800, 0.0209600, 0.0207360, 0.0219200, 0.0360000, 0.0774400, 0.0320640, 0.0204160, 0.0199680, 0.0207680, 0.0200960, 0.0205120, 0.0200000, 0.0338880, 0.0198720, 0.0204480, 0.0204480, 0.0368000, 0.0200960, 0.0203200, 0.0200320, 0.0365440, 0.0205440, 0.0200320, 0.0200320, 0.0207360, 0.0355200, 0.0368000, 0.0201280, 0.0203840, 0.0198080 ],
"timesExecution": [ 0.0868160, 0.0542720, 0.1148480, 0.0952320, 0.0585280, 0.0776960, 0.0891200, 0.0584000, 0.0584640, 0.2191680, 0.0556160, 0.0563200, 0.1095360, 0.0819200, 0.0554240, 0.0562880, 0.0827520, 0.0560000, 0.0565120, 0.0786880, 0.0562880, 0.0552640, 0.0492800, 0.0593280, 0.0624960, 0.0604160, 0.0542720, 0.0605120, 0.0605440, 0.0696320, 0.0764160, 0.0603840, 0.0596800, 0.0775680, 0.0686400, 0.0591680, 0.0550720, 0.0775040, 0.0604480, 0.0593280, 0.0533440, 0.0797120, 0.0567360, 0.0512320, 0.0564160, 0.0553280, 0.0573120, 0.0521920, 0.0564480, 0.0563200, 0.0706240, 0.0566720, 0.0563520, 0.0559360, 0.0694080, 0.0565120, 0.0563520, 0.0529920, 0.0563200, 0.0563200, 0.0563520, 0.0686720, 0.0562880, 0.0726080, 0.0521920, 0.0562880, 0.0562880, 0.0601600, 0.0668480, 0.0542720, 0.0565440, 0.0528640, 0.0572160, 0.0727680, 0.0570560, 0.0554880, 0.0563200, 0.0723840, 0.0521920, 0.0563520, 0.0562240, 0.0764800, 0.0573440, 0.0562880, 0.0562880, 0.0675840, 0.0781760, 0.0584320, 0.0573120, 0.0572800, 0.0764480, 0.0556480, 0.0543680, 0.0569920, 0.0745600, 0.0522560, 0.0583040, 0.0569600, 0.0573440, 0.0529600 ],
"timesTransferFromDevice": [ 0.0759680, 0.0857280, 0.0680000, 0.0680640, 0.0680640, 0.0675200, 0.0981440, 0.0669120, 0.0677440, 0.1090880, 0.0883840, 0.0739520, 0.0649280, 0.0633600, 0.0650880, 0.0636480, 0.0912320, 0.0633600, 0.0738240, 0.0890240, 0.0642880, 0.0634880, 0.0470080, 0.0860480, 0.0457600, 0.0449600, 0.0628480, 0.0453120, 0.0457600, 0.0634560, 0.0465280, 0.0448320, 0.0459520, 0.0570240, 0.0530240, 0.0441280, 0.0450240, 0.0621120, 0.0607040, 0.0593280, 0.0427200, 0.0612480, 0.0582400, 0.0508800, 0.0421760, 0.0588160, 0.0624960, 0.0413120, 0.0420800, 0.0602240, 0.0424320, 0.0520640, 0.0536320, 0.0413440, 0.0585600, 0.0583040, 0.0419840, 0.0451520, 0.0571840, 0.0576640, 0.0420160, 0.0419840, 0.0428800, 0.0576320, 0.0606720, 0.0417280, 0.0419200, 0.0618560, 0.0419200, 0.0721280, 0.0418880, 0.0410880, 0.0424000, 0.0415040, 0.0421120, 0.0418560, 0.0522880, 0.0579840, 0.0424640, 0.0416000, 0.0425600, 0.0584000, 0.0418240, 0.0416640, 0.0422400, 0.0413440, 0.0420480, 0.0412480, 0.0430400, 0.0410240, 0.0458560, 0.0621440, 0.0423040, 0.0416320, 0.0423360, 0.0417280, 0.0423680, 0.0420160, 0.0424320, 0.0584000 ],
"bins": [ 0, 16, 0, 0, 0, 0, 0, 0, 0, 0, 0, 0, 0, 0, 0, 0, 0, 0, 0, 0, 0, 0, 0, 0, 0, 0, 0 ]
}
,