{
"inputLengthInCharacters": 65536,
"uniformInput": true,
"useMappingLetter": false,
"measurements": {
"histogram_atomic_global": {
"timesTransferToDevice": [ 0.3645120, 0.3555840, 0.2901760, 0.2752000, 0.2814400, 0.2762240, 0.2748800, 0.2899840, 0.2764800, 0.2841920, 0.0441600, 0.0450240, 0.0432000, 0.0817280, 0.0487680, 0.0498240, 0.0477120, 0.0428800, 0.0417600, 0.0436160, 0.0409600, 0.0592000, 0.0492800, 0.0494400, 0.0642240, 0.0438720, 0.0486400, 0.0484160, 0.0404160, 0.0412480, 0.0416320, 0.0425600, 0.0410880, 0.0406720, 0.0404480, 0.0412480, 0.0400960, 0.0415040, 0.0511680, 0.0400960, 0.0490560, 0.0466240, 0.0480320, 0.0555520, 0.0398720, 0.0390080, 0.0387520, 0.0390080, 0.0393280, 0.0391680, 0.0487040, 0.0484480, 0.0473600, 0.0395840, 0.0383360, 0.0609920, 0.0394240, 0.0391360, 0.0378240, 0.0402240, 0.0384000, 0.0382720, 0.0383040, 0.0477440, 0.0488960, 0.0469120, 0.0393600, 0.0387200, 0.0636480, 0.0488960, 0.0494080, 0.0472320, 0.0569600, 0.0395520, 0.0385600, 0.0409600, 0.0384000, 0.0390400, 0.0572480, 0.0386560, 0.0383680, 0.0558080, 0.0473920, 0.0496000, 0.0379520, 0.0378240, 0.0390080, 0.0393920, 0.0423360, 0.0392960, 0.0581760, 0.0472000, 0.0491840, 0.0489600, 0.0482880, 0.0388800, 0.0518080, 0.0512320, 0.0476800, 0.0390720 ],
"timesExecution": [ 0.2345600, 0.2358400, 0.2468480, 0.2283520, 0.2284480, 0.2536000, 0.2918400, 0.2510400, 0.2313920, 0.2222080, 0.2460160, 0.2324480, 0.2191360, 0.2220480, 0.2305280, 0.2631040, 0.2197760, 0.2242880, 0.2150080, 0.2129600, 0.2140160, 0.2293120, 0.2332800, 0.3359040, 0.2614720, 0.2363840, 0.2499520, 0.2211520, 0.2120000, 0.2181440, 0.2139840, 0.2130240, 0.2364480, 0.2137920, 0.2365760, 0.2191680, 0.2151680, 0.2068480, 0.2108480, 0.2685440, 0.2324800, 0.2302400, 0.2181120, 0.2037440, 0.2300480, 0.2121920, 0.2088640, 0.2017600, 0.2016960, 0.2745280, 0.2324480, 0.2313920, 0.2191680, 0.2048320, 0.2314560, 0.2120000, 0.2099200, 0.2007040, 0.2000000, 0.2232320, 0.1989760, 0.2242560, 0.2117120, 0.2264000, 0.2262080, 0.2191360, 0.2140160, 0.2384640, 0.2342720, 0.2324480, 0.2188480, 0.2058240, 0.2017280, 0.2079040, 0.2109760, 0.2017600, 0.2017280, 0.2322240, 0.2239040, 0.2112320, 0.2130240, 0.2293760, 0.2299840, 0.2539840, 0.2081600, 0.2164160, 0.2036160, 0.2566400, 0.2017920, 0.2271360, 0.2139840, 0.2290880, 0.2312960, 0.2200960, 0.2027520, 0.2344960, 0.2272960, 0.2314240, 0.2177600, 0.2096960 ],
"timesTransferFromDevice": [ 0.1401600, 0.0811840, 0.0616320, 0.0619840, 0.0947520, 0.0612480, 0.0615040, 0.0609280, 0.0605120, 0.0530880, 0.0531520, 0.0506880, 0.0519040, 0.0616640, 0.0732800, 0.0822080, 0.0472960, 0.0469440, 0.0459840, 0.0467200, 0.0615040, 0.1408960, 0.0600960, 0.0484480, 0.0504960, 0.0604480, 0.0608960, 0.0454720, 0.0455040, 0.0471680, 0.0457920, 0.0470400, 0.0429120, 0.0434880, 0.0438080, 0.0445760, 0.0592960, 0.0417280, 0.0605120, 0.0738240, 0.0606720, 0.0602880, 0.0420480, 0.0610880, 0.0409280, 0.0409280, 0.0504320, 0.0433600, 0.0586240, 0.0613120, 0.0605760, 0.0606080, 0.0427520, 0.0418880, 0.0414080, 0.0529280, 0.0408320, 0.0416960, 0.0401280, 0.0394240, 0.0615040, 0.0392320, 0.0600960, 0.0610880, 0.0618240, 0.0398720, 0.0617920, 0.0612160, 0.0622400, 0.0612800, 0.0429440, 0.0400320, 0.0629440, 0.0410880, 0.0411520, 0.0419520, 0.0600320, 0.0397440, 0.0394240, 0.0452160, 0.0609600, 0.0589760, 0.0901120, 0.0398080, 0.0585600, 0.0413760, 0.0417280, 0.0418240, 0.0645760, 0.0396160, 0.0616960, 0.0615680, 0.0671360, 0.0424320, 0.0742400, 0.0615040, 0.0610240, 0.0617600, 0.0423680, 0.0396800 ],
"bins": [ 0, 0, 0, 0, 0, 0, 0, 0, 0, 0, 0, 0, 0, 0, 0, 0, 0, 0, 0, 0, 0, 0, 0, 0, 0, 0, 0, 0, 0, 0, 0, 0, 0, 0, 0, 0, 0, 0, 0, 0, 0, 0, 0, 0, 0, 0, 0, 0, 0, 0, 0, 0, 0, 0, 0, 0, 0, 0, 0, 0, 0, 0, 0, 0, 0, 0, 0, 0, 0, 0, 0, 0, 0, 0, 0, 0, 0, 0, 0, 0, 0, 0, 0, 0, 0, 0, 0, 0, 0, 0, 0, 0, 0, 0, 0, 0, 65536, 0, 0, 0, 0, 0, 0, 0, 0, 0, 0, 0, 0, 0, 0, 0, 0, 0, 0, 0, 0, 0, 0, 0, 0, 0, 0, 0, 0, 0, 0, 0 ]
}
,
"histogram_atomic_private": {
"timesTransferToDevice": [ 0.0522880, 0.0797120, 0.0473920, 0.0492480, 0.0472960, 0.0469120, 0.0616640, 0.0474880, 0.0783040, 0.0461760, 0.0490560, 0.0489280, 0.0766720, 0.0465600, 0.0511680, 0.0453760, 0.0436480, 0.0467840, 0.0440320, 0.0433280, 0.0429120, 0.0520320, 0.0421120, 0.0402240, 0.0644160, 0.0387520, 0.0394880, 0.0386240, 0.0391360, 0.0374400, 0.0377600, 0.0378880, 0.0384960, 0.0471040, 0.0577280, 0.0392320, 0.0389760, 0.0389760, 0.0384000, 0.0385280, 0.0589440, 0.0374720, 0.0389120, 0.0387840, 0.0385920, 0.0382400, 0.0380480, 0.0392000, 0.0394240, 0.0391040, 0.0401920, 0.0381440, 0.0389440, 0.0382400, 0.0391040, 0.0388800, 0.0383360, 0.0380480, 0.0428800, 0.0380800, 0.0386240, 0.0390080, 0.0498880, 0.0385600, 0.0390080, 0.0394560, 0.0384640, 0.0388480, 0.0573760, 0.0382720, 0.0385920, 0.0388480, 0.0402240, 0.0380160, 0.0624640, 0.0485760, 0.0502400, 0.0480320, 0.0381440, 0.0659840, 0.0382080, 0.0376640, 0.0389760, 0.0393600, 0.0602560, 0.0382720, 0.0383040, 0.0389760, 0.0481920, 0.0482880, 0.0486400, 0.0603200, 0.0386240, 0.0388800, 0.0384960, 0.0391680, 0.0604800, 0.0385600, 0.0394240, 0.0382400 ],
"timesExecution": [ 0.1297600, 0.1310400, 0.1308160, 0.1293760, 0.1290240, 0.1261760, 0.1290560, 0.1720640, 0.1423680, 0.1341440, 0.1301120, 0.1272000, 0.1370560, 0.1800960, 0.1504640, 0.1240000, 0.1208320, 0.1671040, 0.1290560, 0.1150080, 0.1196800, 0.1253440, 0.1124160, 0.1384320, 0.1269760, 0.1047040, 0.1015360, 0.1023680, 0.1027200, 0.0911360, 0.1022720, 0.1023360, 0.0993280, 0.0725120, 0.0989760, 0.0993280, 0.0995840, 0.0992000, 0.0974400, 0.1218560, 0.0996480, 0.1034560, 0.0993280, 0.0984640, 0.1361920, 0.0973120, 0.1216640, 0.0993600, 0.1003840, 0.0984000, 0.0992960, 0.0972480, 0.0983360, 0.1380480, 0.1046080, 0.1024000, 0.1003840, 0.0993280, 0.0983040, 0.0981760, 0.1272000, 0.1003520, 0.1229760, 0.0995200, 0.0990720, 0.0980480, 0.1064320, 0.1208640, 0.1014400, 0.0993600, 0.0972800, 0.0982400, 0.1288000, 0.1073920, 0.1712960, 0.1340800, 0.1349760, 0.1013440, 0.0778880, 0.1031360, 0.0997120, 0.1000640, 0.0974720, 0.0982080, 0.1003200, 0.1267840, 0.1385280, 0.1024320, 0.1280000, 0.0993600, 0.1772480, 0.1032960, 0.1015680, 0.0995840, 0.0981760, 0.0983040, 0.1024000, 0.0736640, 0.1003200, 0.0994560 ],
"timesTransferFromDevice": [ 0.0654080, 0.0895680, 0.0616960, 0.0611200, 0.0611520, 0.0609920, 0.0621440, 0.0612480, 0.0615040, 0.0606720, 0.0608960, 0.0612160, 0.0926720, 0.0607040, 0.0551040, 0.0542400, 0.0541120, 0.0489280, 0.0729600, 0.0494080, 0.0472320, 0.0465920, 0.0516800, 0.0470400, 0.0427520, 0.0396160, 0.0402560, 0.0515520, 0.0532800, 0.0400320, 0.0403520, 0.0393920, 0.0397120, 0.0524480, 0.0593600, 0.0439680, 0.0440000, 0.0418880, 0.0707200, 0.0388480, 0.0443840, 0.0413760, 0.0440640, 0.0450880, 0.0402240, 0.0616000, 0.0395520, 0.0625280, 0.0413760, 0.0421440, 0.0447360, 0.0392000, 0.0752960, 0.0427200, 0.0598080, 0.0430400, 0.0407040, 0.0434560, 0.0741120, 0.0393920, 0.0393920, 0.0638720, 0.0401920, 0.0405760, 0.0439360, 0.0439040, 0.0418560, 0.0393600, 0.0435840, 0.0688320, 0.0392000, 0.0432640, 0.0394240, 0.0989440, 0.0632000, 0.0603200, 0.0450560, 0.0387200, 0.0394560, 0.0596800, 0.0442240, 0.0401920, 0.0443200, 0.0435520, 0.0656960, 0.0390080, 0.0431040, 0.0607040, 0.0612160, 0.0613760, 0.0410560, 0.0694720, 0.0388800, 0.0436800, 0.0397760, 0.0426240, 0.0615680, 0.0395840, 0.0446720, 0.0739840 ],
"bins": [ 0, 0, 0, 0, 0, 0, 0, 0, 0, 0, 0, 0, 0, 0, 0, 0, 0, 0, 0, 0, 0, 0, 0, 0, 0, 0, 0, 0, 0, 0, 0, 0, 0, 0, 0, 0, 0, 0, 0, 0, 0, 0, 0, 0, 0, 0, 0, 0, 0, 0, 0, 0, 0, 0, 0, 0, 0, 0, 0, 0, 0, 0, 0, 0, 0, 0, 0, 0, 0, 0, 0, 0, 0, 0, 0, 0, 0, 0, 0, 0, 0, 0, 0, 0, 0, 0, 0, 0, 0, 0, 0, 0, 0, 0, 0, 0, 65536, 0, 0, 0, 0, 0, 0, 0, 0, 0, 0, 0, 0, 0, 0, 0, 0, 0, 0, 0, 0, 0, 0, 0, 0, 0, 0, 0, 0, 0, 0, 0 ]
}
,