{
"inputLengthInCharacters": 2147483648,
"uniformInput": true,
"useMappingLetter": true,
"measurements": {
"histogram_atomic_global": {
"timesTransferToDevice": [ 312.9665222, 308.4053650, 302.9952393, 299.8442688, 300.1985779, 300.6025085, 297.6121826, 297.5445557, 297.1541748, 296.5868530, 296.6773987, 298.0765381, 296.0039368, 297.2508240, 296.1171875, 296.3808289, 295.5988770, 296.8757935, 295.6088562, 297.1475220, 300.2350159, 297.3398132, 296.0870361, 296.6139832, 296.6019897, 296.7225037, 296.3048706, 296.8250732, 295.9308472, 297.7588501, 296.4492188, 297.2825012, 296.2634583, 296.8971252, 296.1804810, 302.2404785, 297.3054810, 297.2428894, 296.6548462, 296.0359497, 296.2550659, 293.6386108, 298.3069153, 293.2894897, 293.5328064, 292.7422180, 292.9567566, 294.7983398, 294.2053833, 295.0196533, 293.8499146, 294.3294067, 294.5197144, 294.1436157, 294.2182007, 293.9244690, 292.9223328, 296.2651978, 296.4136353, 294.8200989, 296.5181580, 293.7914734, 292.7774048, 297.5140991, 297.0820618, 294.4533691, 294.3553772, 294.3709412, 293.8392029, 294.6584778, 293.9210815, 296.7502747, 295.5926208, 289.4238281, 283.9149780, 282.4020996, 282.4448853, 280.9209900, 280.2272034, 280.7391052, 279.9686890, 285.1778259, 296.6985168, 297.6660156, 296.7863770, 297.7597351, 298.3354797, 302.2768250, 296.9531555, 297.1033325, 297.0080261, 296.9400330, 296.4414673, 298.2930298, 296.6278076, 298.1893005, 299.4364014, 297.1564941, 296.3855896, 296.9909668 ],
"timesExecution": [ 4285.3681641, 4285.3808594, 4285.3642578, 4285.2880859, 4285.1518555, 4285.2338867, 4285.1821289, 4285.2070312, 4285.2822266, 4285.2031250, 4285.2084961, 4285.0966797, 4285.0659180, 4285.1621094, 4285.1269531, 4285.1186523, 4285.1123047, 4285.0502930, 4285.0419922, 4285.0097656, 4285.0073242, 4284.9580078, 4285.0458984, 4285.1323242, 4285.1083984, 4285.0283203, 4285.0288086, 4285.1787109, 4285.1669922, 4285.1425781, 4285.1855469, 4285.1889648, 4285.1040039, 4285.1582031, 4285.1499023, 4285.2436523, 4285.2250977, 4285.2080078, 4285.2475586, 4285.0244141, 4284.9599609, 4285.0468750, 4285.1406250, 4285.1132812, 4285.0405273, 4285.1416016, 4285.0727539, 4285.2558594, 4285.1689453, 4285.0600586, 4285.1401367, 4285.1958008, 4285.2177734, 4285.1450195, 4285.0371094, 4285.1157227, 4285.2900391, 4285.1030273, 4285.0805664, 4285.1010742, 4285.1708984, 4285.1323242, 4285.0961914, 4285.0258789, 4285.0434570, 4285.1708984, 4285.0844727, 4285.1835938, 4285.1113281, 4285.1806641, 4285.1958008, 4285.0732422, 4285.1147461, 4285.1816406, 4285.1665039, 4285.1713867, 4285.1171875, 4285.0937500, 4285.1049805, 4285.0556641, 4285.2612305, 4285.1127930, 4285.1337891, 4285.0654297, 4285.2036133, 4285.1772461, 4285.0996094, 4285.0600586, 4285.0625000, 4285.0805664, 4285.1860352, 4285.1748047, 4285.2226562, 4285.2167969, 4285.0131836, 4285.0561523, 4285.0385742, 4285.1308594, 4285.0634766, 4285.0937500 ],
"timesTransferFromDevice": [ 0.1559360, 0.1871680, 0.1075840, 0.1429760, 0.1161280, 0.1104640, 0.1065920, 0.1098560, 0.1122880, 0.1197760, 0.1075200, 0.1096000, 0.1080000, 0.1052480, 0.1030400, 0.0969280, 0.1192000, 0.1057280, 0.1082880, 0.1053440, 0.1040960, 0.1041280, 0.1033920, 0.1078400, 0.1028480, 0.1087680, 0.1402880, 0.1045760, 0.1031360, 0.1075200, 0.1398720, 0.1049600, 0.1071360, 0.0998080, 0.1071040, 0.1051840, 0.0835200, 0.1016320, 0.1052160, 0.1072960, 0.0983680, 0.1052480, 0.1016320, 0.1096640, 0.1400640, 0.1024320, 0.0990080, 0.1073280, 0.1016000, 0.1069760, 0.1037760, 0.1516800, 0.1053440, 0.1023680, 0.1053440, 0.1017600, 0.1063680, 0.1028800, 0.1054400, 0.1003840, 0.1058880, 0.1026880, 0.1038720, 0.1403200, 0.1010880, 0.1092800, 0.1009280, 0.1088640, 0.0956160, 0.1069760, 0.1110400, 0.1079360, 0.1000960, 0.1048640, 0.1381120, 0.1078400, 0.1060800, 0.1172800, 0.1174080, 0.1020480, 0.1574080, 0.1444480, 0.1367360, 0.1053760, 0.1487680, 0.1394560, 0.1454400, 0.1057600, 0.1032000, 0.1078080, 0.1445760, 0.1072640, 0.1052160, 0.1078080, 0.1023360, 0.1070400, 0.1063040, 0.1080000, 0.1056960, 0.1045760 ],
"bins": [ 0, 2147483648, 0, 0, 0, 0, 0, 0, 0, 0, 0, 0, 0, 0, 0, 0, 0, 0, 0, 0, 0, 0, 0, 0, 0, 0, 0 ]
}
,
"histogram_atomic_private": {
"timesTransferToDevice": [ 296.8368225, 300.3700867, 299.9359741, 296.1786194, 296.8173828, 296.5089111, 296.5012207, 296.3643494, 296.3268433, 296.7885132, 297.1713867, 295.6126404, 296.5453186, 296.0799255, 297.1589966, 297.4415283, 301.9682007, 296.6601257, 296.4358826, 296.2750549, 296.9189148, 296.8070679, 297.2755127, 298.2891541, 296.8525085, 296.5842285, 296.8117371, 296.2817993, 297.2159119, 296.5104065, 301.5988770, 298.7496338, 297.6228027, 297.3396606, 296.5441895, 296.4003601, 297.1398926, 296.8989258, 296.6664734, 296.7255249, 297.1006775, 296.7225342, 297.4712524, 297.0653381, 299.9959106, 299.8078918, 296.7445679, 295.7342834, 296.9474487, 297.7801208, 297.4293213, 296.3249817, 298.1029968, 295.9304199, 293.7828064, 295.5879211, 298.4237671, 297.3046265, 296.1548462, 301.6839294, 298.4426270, 297.4319763, 296.3640137, 296.6056824, 296.7268677, 296.9044495, 296.7102051, 297.3231812, 296.5430298, 297.5090942, 296.7614136, 297.3851929, 295.6597900, 300.0402222, 300.3763428, 296.4452209, 296.6053467, 297.2602234, 296.5224304, 296.6812744, 296.7404785, 297.1253052, 296.8346252, 297.0592651, 296.8727722, 297.5179749, 297.6543579, 297.0376282, 300.8065796, 298.8421631, 296.8175964, 297.1753540, 296.5805664, 297.1213989, 296.8574524, 296.6015015, 296.7448425, 297.3921204, 296.3391724, 297.0762939 ],
"timesExecution": [ 995.2260132, 996.1362305, 994.9169312, 995.2690430, 995.3999023, 995.5950928, 994.8088379, 995.0715332, 995.2287598, 995.5888672, 995.0159912, 995.1480103, 995.1048584, 994.8515015, 994.9851685, 995.0608521, 994.9777222, 994.8119507, 995.7407837, 996.0252075, 995.0169067, 994.7869873, 995.7808228, 994.8478394, 994.9920044, 995.3262329, 994.8013916, 995.7224121, 994.7380371, 995.3048706, 994.8730469, 995.1386108, 995.3284912, 994.8849487, 994.8779907, 994.8388672, 995.8366089, 996.2102051, 995.4275513, 995.6556396, 995.5617065, 995.1434326, 995.5180664, 994.8592529, 994.8634033, 995.1126099, 995.0015259, 995.4412842, 995.7535400, 995.3780518, 994.8703003, 995.9078369, 995.1954956, 995.6247559, 995.5391235, 995.0509033, 996.0181274, 994.7936401, 995.3070679, 995.1887207, 995.2725830, 995.6110840, 996.6508179, 994.7416382, 996.2697144, 994.7706299, 995.5114136, 994.8969727, 995.4916992, 994.8008423, 995.2374878, 995.1135864, 996.6301880, 995.6594849, 995.9556274, 994.8126221, 994.8916626, 996.0298462, 994.7529907, 994.9164429, 995.2233276, 995.2250366, 995.5075684, 995.3891602, 994.9574585, 995.0830688, 994.9269409, 994.8598633, 995.9425659, 995.4537964, 995.8644409, 995.9462891, 995.0921631, 995.5683594, 996.3396606, 995.1427002, 995.3824463, 995.5924683, 995.4473877, 995.0499878 ],
"timesTransferFromDevice": [ 0.1048960, 0.0984640, 0.0974400, 0.0946880, 0.0958720, 0.0948160, 0.1001280, 0.1013120, 0.1020800, 0.0975040, 0.0907840, 0.0999680, 0.0982400, 0.0962560, 0.1005440, 0.1106880, 0.1037760, 0.0967360, 0.1016960, 0.1045120, 0.0963200, 0.0931840, 0.0996800, 0.0961920, 0.0996800, 0.0956160, 0.0977920, 0.0982720, 0.0934400, 0.0967680, 0.1458880, 0.0985920, 0.0936960, 0.1000960, 0.0983360, 0.0947840, 0.0942720, 0.0959040, 0.1046080, 0.1051840, 0.0951680, 0.1332160, 0.0981760, 0.0978240, 0.0969280, 0.0977920, 0.1165120, 0.1029760, 0.0972480, 0.0982080, 0.1313280, 0.0961280, 0.1035200, 0.0955840, 0.0847360, 0.0966080, 0.1368000, 0.0908800, 0.0958080, 0.0920000, 0.0880000, 0.1030080, 0.0937280, 0.1043200, 0.0921920, 0.0933760, 0.0919040, 0.0935040, 0.0938240, 0.1009280, 0.0982080, 0.0934720, 0.0940480, 0.0928640, 0.0948800, 0.1374400, 0.0998720, 0.1389440, 0.0969280, 0.0904000, 0.0981440, 0.0933760, 0.1062400, 0.1029760, 0.1033600, 0.0934080, 0.0955520, 0.1064320, 0.0937920, 0.1096960, 0.0934720, 0.0936640, 0.1024320, 0.0926720, 0.0935680, 0.0952960, 0.0922240, 0.0907200, 0.0990400, 0.0946560 ],