{
"inputLengthInCharacters": 512,
"uniformInput": true,
"useMappingLetter": false,
"measurements": {
"histogram_atomic_global": {
"timesTransferToDevice": [ 0.0478080, 0.0308160, 0.0285120, 0.0289280, 0.0288000, 0.0280960, 0.0679360, 0.0290880, 0.0296320, 0.0289600, 0.0290880, 0.0295360, 0.0287680, 0.0292160, 0.0316800, 0.0235200, 0.0228480, 0.0273600, 0.0227520, 0.0237440, 0.0229760, 0.0235520, 0.0226240, 0.0238720, 0.0226240, 0.0231680, 0.0231680, 0.0233600, 0.0231360, 0.0397440, 0.0189120, 0.0189120, 0.0185920, 0.0186880, 0.0192000, 0.0190720, 0.0248320, 0.0206720, 0.0185600, 0.0191360, 0.0184000, 0.0197120, 0.0190400, 0.0195200, 0.0189120, 0.0303680, 0.0182080, 0.0585920, 0.0188800, 0.0311040, 0.0180480, 0.0307200, 0.0202560, 0.0315520, 0.0180480, 0.0306560, 0.0188480, 0.0316800, 0.0182080, 0.0317440, 0.0178240, 0.0355200, 0.0182720, 0.0314880, 0.0190720, 0.0475840, 0.0185600, 0.0200320, 0.0184320, 0.0190080, 0.0200640, 0.0189120, 0.0188160, 0.0187520, 0.0191360, 0.0221120, 0.0187200, 0.0403520, 0.0198720, 0.0192960, 0.0184320, 0.0192960, 0.0380160, 0.0192320, 0.0182400, 0.0196160, 0.0180160, 0.0192000, 0.0184000, 0.0397440, 0.0188160, 0.0190720, 0.0195840, 0.0189440, 0.0389120, 0.0296320, 0.0187200, 0.0190080, 0.0184320, 0.0186880 ],
"timesExecution": [ 0.1262080, 0.0826560, 0.0874560, 0.0768000, 0.0534400, 0.0758080, 0.0521920, 0.1096000, 0.0535680, 0.0776320, 0.0542720, 0.1044800, 0.0545280, 0.1065280, 0.0471040, 0.0621440, 0.0673920, 0.0868480, 0.0676480, 0.0614720, 0.0671680, 0.0605760, 0.0665600, 0.0849920, 0.0674240, 0.0644800, 0.0666240, 0.0610880, 0.0665600, 0.0675520, 0.0536640, 0.0666240, 0.0580480, 0.0664000, 0.0757760, 0.0672960, 0.0546560, 0.0655040, 0.0535040, 0.0657920, 0.0543040, 0.0654720, 0.0531840, 0.0658560, 0.0532480, 0.0542720, 0.0525440, 0.0550080, 0.0730560, 0.0542720, 0.0720000, 0.0583360, 0.0525440, 0.0542080, 0.0533120, 0.0541440, 0.0736960, 0.0544320, 0.0757120, 0.0543040, 0.0522560, 0.0655680, 0.0709120, 0.0535040, 0.0890560, 0.0533440, 0.0655680, 0.0552640, 0.0647360, 0.0729280, 0.0651840, 0.0753920, 0.0653120, 0.0541120, 0.0645760, 0.0634880, 0.0829440, 0.0560960, 0.0653760, 0.0543040, 0.0624960, 0.0542720, 0.0665920, 0.0745600, 0.0665280, 0.0616640, 0.0657920, 0.0573440, 0.0850240, 0.0549760, 0.0655040, 0.0542720, 0.0645440, 0.0549760, 0.0665280, 0.0746880, 0.0644800, 0.0638400, 0.0646080, 0.0543040 ],
"timesTransferFromDevice": [ 0.0976640, 0.0829440, 0.0624960, 0.0632320, 0.0625920, 0.0630400, 0.0919040, 0.0637760, 0.0623360, 0.0615360, 0.0625280, 0.0639680, 0.0978240, 0.0638400, 0.0501120, 0.0509120, 0.0499840, 0.0509120, 0.0741440, 0.0503360, 0.0492480, 0.0514880, 0.0759360, 0.0500160, 0.0760320, 0.0506880, 0.0639040, 0.0498240, 0.0735360, 0.0400640, 0.0394560, 0.0407360, 0.0402880, 0.0395200, 0.0391360, 0.0589760, 0.0509440, 0.0400320, 0.0397760, 0.0403200, 0.0407040, 0.0442240, 0.0400000, 0.0395520, 0.0394560, 0.0403840, 0.0509440, 0.0405120, 0.0410880, 0.0402560, 0.0396800, 0.0406400, 0.0395520, 0.0403200, 0.0405440, 0.0496320, 0.0410560, 0.0402880, 0.0403200, 0.0400320, 0.0396480, 0.0406720, 0.0398400, 0.0401280, 0.0407360, 0.0408640, 0.0402880, 0.0405120, 0.0404480, 0.0411840, 0.0584640, 0.0407680, 0.0401920, 0.0406720, 0.0400640, 0.0399040, 0.0412800, 0.0596480, 0.0399040, 0.0401600, 0.0398080, 0.0399040, 0.0610560, 0.0652160, 0.0402880, 0.0392960, 0.0398720, 0.0403840, 0.0406080, 0.0605760, 0.0407360, 0.0398080, 0.0401280, 0.0400320, 0.0704960, 0.0411200, 0.0400960, 0.0396160, 0.0403520, 0.0400000 ],
"bins": [ 0, 0, 0, 0, 0, 0, 0, 0, 0, 0, 0, 0, 0, 0, 0, 0, 0, 0, 0, 0, 0, 0, 0, 0, 0, 0, 0, 0, 0, 0, 0, 0, 0, 0, 0, 0, 0, 0, 0, 0, 0, 0, 0, 0, 0, 0, 0, 0, 0, 0, 0, 0, 0, 0, 0, 0, 0, 0, 0, 0, 0, 0, 0, 0, 0, 0, 0, 0, 0, 0, 0, 0, 0, 0, 0, 0, 0, 0, 0, 0, 0, 0, 0, 0, 0, 0, 0, 0, 0, 0, 0, 0, 0, 0, 0, 0, 512, 0, 0, 0, 0, 0, 0, 0, 0, 0, 0, 0, 0, 0, 0, 0, 0, 0, 0, 0, 0, 0, 0, 0, 0, 0, 0, 0, 0, 0, 0, 0 ]
}
,
"histogram_atomic_private": {
"timesTransferToDevice": [ 0.0399040, 0.0284160, 0.0285440, 0.0282560, 0.0285440, 0.0281920, 0.0755520, 0.0284160, 0.0492160, 0.0285760, 0.0483200, 0.0275520, 0.0489280, 0.0277760, 0.0503680, 0.0459520, 0.0376640, 0.0220800, 0.0391680, 0.0467200, 0.0370240, 0.0224960, 0.0387840, 0.0219200, 0.0627200, 0.0220800, 0.0223680, 0.0218240, 0.0221440, 0.0225280, 0.0442880, 0.0185280, 0.0187840, 0.0181760, 0.0195520, 0.0180800, 0.0378880, 0.0185920, 0.0188160, 0.0178880, 0.0195840, 0.0184000, 0.0386560, 0.0197120, 0.0369920, 0.0187200, 0.0184640, 0.0182720, 0.0188160, 0.0182080, 0.0191040, 0.0187520, 0.0188160, 0.0184960, 0.0192640, 0.0181120, 0.0195200, 0.0186880, 0.0186880, 0.0179200, 0.0185280, 0.0180160, 0.0386560, 0.0185600, 0.0203200, 0.0185600, 0.0192960, 0.0192960, 0.0372160, 0.0189120, 0.0193280, 0.0191680, 0.0412160, 0.0201600, 0.0192960, 0.0181120, 0.0198400, 0.0187520, 0.0397120, 0.0189440, 0.0202560, 0.0182080, 0.0187840, 0.0181760, 0.0389760, 0.0191360, 0.0192640, 0.0189120, 0.0189760, 0.0188160, 0.0387840, 0.0186560, 0.0187520, 0.0186880, 0.0192640, 0.0200320, 0.0398400, 0.0193280, 0.0190720, 0.0184640 ],
"timesExecution": [ 0.0778240, 0.0864000, 0.0785920, 0.0552640, 0.0628160, 0.0879360, 0.0604160, 0.0545920, 0.0562880, 0.0544960, 0.0697280, 0.0913920, 0.0556480, 0.0542720, 0.0546880, 0.0642240, 0.0645440, 0.0625600, 0.0685440, 0.0645440, 0.0637760, 0.0634880, 0.0644480, 0.0633600, 0.0818560, 0.0767680, 0.0645440, 0.0757760, 0.0637440, 0.1104960, 0.1083520, 0.0656960, 0.0542720, 0.0654080, 0.0536320, 0.0849280, 0.0559360, 0.0665600, 0.0542720, 0.0737280, 0.0535680, 0.0655360, 0.0544000, 0.0651520, 0.0587520, 0.0648640, 0.0542720, 0.0655040, 0.0536000, 0.1199360, 0.0524800, 0.0647360, 0.0542720, 0.0648640, 0.0573440, 0.0675520, 0.0540800, 0.0645440, 0.0535040, 0.0777920, 0.0542720, 0.0656000, 0.0552640, 0.0907520, 0.0652800, 0.0540480, 0.0645120, 0.0727040, 0.0553600, 0.0627840, 0.0543040, 0.0538880, 0.0551040, 0.0736320, 0.0543040, 0.0531840, 0.0542720, 0.0734080, 0.0556800, 0.0543040, 0.0545280, 0.0550400, 0.0545920, 0.0737920, 0.0645120, 0.0551040, 0.0552320, 0.0643840, 0.0551040, 0.0601280, 0.0552320, 0.0534400, 0.0544000, 0.0541120, 0.0550080, 0.0747520, 0.0563840, 0.0532480, 0.0542720, 0.0539840 ],
"timesTransferFromDevice": [ 0.1022720, 0.0612480, 0.0612480, 0.0600960, 0.0610880, 0.0604160, 0.1061120, 0.0606080, 0.0613760, 0.0608960, 0.0735680, 0.0602560, 0.0916800, 0.0457280, 0.0614080, 0.0466240, 0.0469440, 0.0712960, 0.0466880, 0.0461760, 0.0475520, 0.0514880, 0.0471680, 0.0469440, 0.0472960, 0.0538560, 0.0460480, 0.0460160, 0.0472000, 0.0470080, 0.0687040, 0.0388480, 0.0394880, 0.0487680, 0.0391680, 0.0405440, 0.0591680, 0.0387200, 0.0397440, 0.0392000, 0.0388800, 0.0386880, 0.0578880, 0.0389120, 0.0397120, 0.0393920, 0.0394560, 0.0394560, 0.0585920, 0.0411200, 0.0385920, 0.0387200, 0.0521280, 0.0390720, 0.0584960, 0.0391680, 0.0399360, 0.0391680, 0.0389760, 0.0394880, 0.0582400, 0.0385600, 0.0390720, 0.0385920, 0.0389120, 0.0387520, 0.0576640, 0.0395200, 0.0390720, 0.0647360, 0.0390080, 0.0392000, 0.0570880, 0.0399680, 0.0389760, 0.0389120, 0.0392000, 0.0404160, 0.0581120, 0.0391680, 0.0392000, 0.0380160, 0.0561920, 0.0395840, 0.0397120, 0.0387520, 0.0392320, 0.0386880, 0.0593280, 0.0381440, 0.0394880, 0.0500800, 0.0390720, 0.0386560, 0.0615360, 0.0402560, 0.0393280, 0.0392320, 0.0388480, 0.0389440 ],
"bins": [ 0, 0, 0, 0, 0, 0, 0, 0, 0, 0, 0, 0, 0, 0, 0, 0, 0, 0, 0, 0, 0, 0, 0, 0, 0, 0, 0, 0, 0, 0, 0, 0, 0, 0, 0, 0, 0, 0, 0, 0, 0, 0, 0, 0, 0, 0, 0, 0, 0, 0, 0, 0, 0, 0, 0, 0, 0, 0, 0, 0, 0, 0, 0, 0, 0, 0, 0, 0, 0, 0, 0, 0, 0, 0, 0, 0, 0, 0, 0, 0, 0, 0, 0, 0, 0, 0, 0, 0, 0, 0, 0, 0, 0, 0, 0, 0, 512, 0, 0, 0, 0, 0, 0, 0, 0, 0, 0, 0, 0, 0, 0, 0, 0, 0, 0, 0, 0, 0, 0, 0, 0, 0, 0, 0, 0, 0, 0, 0 ]
}
,