{
"inputLengthInCharacters": 134217728,
"uniformInput": false,
"useMappingLetter": false,
"measurements": {
"histogram_atomic_global": {
"timesTransferToDevice": [ 21.8110714, 21.5616951, 21.6268482, 21.4182720, 21.3169289, 21.4394875, 21.3539200, 21.6044159, 21.4735680, 21.2375679, 20.5256004, 20.5666561, 20.1988487, 20.1095047, 20.3924160, 20.6903992, 20.2338562, 20.2039356, 20.0250568, 20.6584320, 20.6091194, 20.6910400, 20.1870079, 20.1337280, 20.4167995, 20.5732479, 20.1701756, 20.3395844, 20.1362247, 20.4133129, 20.1761608, 20.2515202, 20.0985603, 20.4518719, 20.3881283, 20.4487362, 20.2165432, 20.1124477, 20.3973122, 20.9604168, 20.3796158, 20.3643837, 20.2658234, 20.0016956, 20.1774406, 20.4796486, 20.3664322, 20.2445755, 20.2804165, 20.2650566, 20.4067516, 20.3867836, 20.1718407, 20.0824318, 20.1694393, 20.4267197, 20.3348808, 20.4179192, 20.3433609, 19.9572163, 20.6176319, 20.3713608, 20.3140163, 19.9422722, 20.1374397, 20.2829113, 20.1333752, 20.4171524, 20.2853432, 19.9871368, 20.1960316, 20.3055038, 19.8811836, 19.7483845, 19.7538872, 20.5440311, 20.4174404, 19.9792957, 20.0392647, 19.8451843, 20.1686077, 20.0419846, 19.9319687, 20.1758080, 20.4184647, 20.4434566, 19.8625927, 19.8284168, 19.7531528, 20.0049591, 20.1164799, 19.8871040, 20.3059521, 20.1874237, 20.2005444, 20.1231995, 19.8252792, 20.3772793, 20.0315514, 20.0152321 ],
"timesExecution": [ 97.1549149, 97.1958389, 97.4144974, 97.3842850, 97.3823700, 97.3882904, 97.3977585, 97.4133759, 97.4235535, 97.3929901, 97.4239349, 97.3983383, 97.3981781, 97.3761597, 97.4271393, 97.3842239, 97.3991013, 97.4244461, 97.3953629, 97.3858261, 97.4102402, 97.3882904, 97.3921585, 97.3824997, 97.3991394, 97.3824310, 97.4033890, 97.3632965, 97.3588486, 97.3760605, 97.3835526, 97.3658218, 97.3788147, 97.3799362, 97.4116516, 97.3765411, 97.4537582, 97.4021759, 97.3649902, 97.3712616, 97.4131851, 97.3797760, 97.4221725, 97.3928986, 97.3734741, 97.3837433, 97.3764801, 97.3768616, 97.3812180, 97.4094086, 97.3828506, 97.3658218, 97.3766098, 97.3858261, 97.4096298, 97.3816986, 97.3761597, 97.3774109, 97.3796768, 97.4132462, 97.4001923, 97.3806076, 97.3737946, 97.3842545, 97.3639374, 97.3539505, 97.3689957, 97.3795853, 97.4734421, 97.3709106, 97.3849564, 97.3826523, 97.3743973, 97.3921585, 97.4027863, 97.3604507, 97.3580475, 97.4012451, 97.3601608, 97.3863068, 97.4018555, 97.3696976, 97.3777618, 97.3974380, 97.3656311, 97.3656006, 97.3798752, 97.3754578, 97.3608017, 97.3742065, 97.3617630, 97.3796768, 97.3542709, 97.3779221, 97.3812180, 97.3514862, 97.3738556, 97.3994522, 97.3838043, 97.3729630 ],
"timesTransferFromDevice": [ 0.1431680, 0.1343040, 0.1257280, 0.0929600, 0.0882240, 0.1144640, 0.1147840, 0.1269120, 0.1148480, 0.0984960, 0.1280320, 0.0970560, 0.1285120, 0.0904320, 0.0878720, 0.0856640, 0.1213440, 0.0887040, 0.0876160, 0.0879040, 0.1395840, 0.1187840, 0.1022720, 0.0879680, 0.0873280, 0.0916160, 0.1183040, 0.0889280, 0.1045440, 0.0901120, 0.0846080, 0.1252800, 0.2164800, 0.0891200, 0.1289280, 0.0865280, 0.1125120, 0.0876800, 0.0854080, 0.0838720, 0.0828160, 0.0861440, 0.0889280, 0.0887360, 0.0865920, 0.0846720, 0.1077760, 0.0875200, 0.1220800, 0.0859200, 0.0897280, 0.1261120, 0.0885760, 0.0864000, 0.0902080, 0.1268800, 0.1081920, 0.0652800, 0.0864960, 0.1311040, 0.1198720, 0.0862080, 0.0892800, 0.1196480, 0.0847040, 0.0999680, 0.0881600, 0.0920960, 0.1010880, 0.0929920, 0.0884160, 0.0875520, 0.1224000, 0.0872000, 0.1132480, 0.0834880, 0.0871040, 0.0892480, 0.1169600, 0.1034560, 0.0865920, 0.0869440, 0.1252800, 0.0856000, 0.0878400, 0.0895680, 0.0859520, 0.0895680, 0.0885760, 0.1282880, 0.1202240, 0.0898880, 0.0836160, 0.0867200, 0.0842880, 0.1016640, 0.1224320, 0.0842240, 0.0835200, 0.1048960 ],
"bins": [ 1048713, 1049802, 1048912, 1047254, 1048721, 1049486, 1047822, 1048736, 1049817, 1049206, 1047414, 1047992, 1049162, 1049624, 1049251, 1047439, 1048796, 1048328, 1046839, 1047350, 1048514, 1047268, 1047860, 1048819, 1049215, 1048315, 1047838, 1048772, 1047220, 1047836, 1048021, 1048299, 1048549, 1049825, 1050671, 1047777, 1048145, 1048547, 1047132, 1049645, 1047695, 1049454, 1049833, 1047921, 1046037, 1047537, 1048253, 1048220, 1047465, 1047999, 1049801, 1048280, 1052043, 1047314, 1048177, 1050406, 1048300, 1047462, 1048566, 1048843, 1047737, 1048110, 1049113, 1048637, 1049267, 1045816, 1049751, 1049582, 1049691, 1048035, 1050722, 1051440, 1047976, 1049610, 1047031, 1047593, 1048452, 1048281, 1049395, 1050777, 1049940, 1047271, 1047098, 1049217, 1050029, 1046999, 1047825, 1049321, 1048295, 1048428, 1049179, 1050164, 1050977, 1048356, 1047666, 1048213, 1048745, 1047972, 1049170, 1048266, 1048906, 1048346, 1049535, 1047416, 1048517, 1047786, 1050372, 1047939, 1049595, 1046906, 1049083, 1050180, 1047361, 1049372, 1048529, 1048627, 1047892, 1047327, 1046987, 1049119, 1049562, 1048163, 1049044, 1049307, 1048005, 1047762, 1049203, 1048202 ]
}
,
"histogram_atomic_private": {
"timesTransferToDevice": [ 20.4213753, 20.1865597, 20.2168636, 20.1884804, 20.1030712, 19.9083843, 19.8136311, 20.1502724, 19.7888641, 19.6717129, 19.7214718, 20.0029449, 19.5900803, 19.4735355, 20.4821434, 19.6434231, 19.6292801, 19.7829437, 19.7513924, 19.8125439, 19.4517441, 19.8121605, 19.7949123, 19.4719353, 20.0818233, 19.6342716, 19.4328327, 19.5516472, 20.0274887, 20.0276794, 19.9667206, 19.4758072, 19.8882885, 20.0352001, 19.7658234, 19.7722244, 19.8203201, 19.7455673, 19.8096638, 19.3555527, 19.9071045, 20.0135689, 19.6039047, 19.6512318, 19.8734722, 19.9393597, 20.0461445, 19.5059528, 19.8003197, 19.6825924, 20.0043201, 19.5966072, 20.0895996, 19.8845444, 19.7333431, 19.7033272, 19.8711357, 20.0889912, 19.5526714, 20.2649918, 19.8135681, 20.0655689, 19.8502712, 20.3517761, 19.8034878, 20.5929928, 19.7372475, 20.2134724, 19.6928329, 20.2673283, 20.0233593, 20.5351048, 19.7367992, 20.1003838, 20.2679367, 20.4592323, 19.9963837, 20.3564796, 19.5122871, 19.6048965, 19.8220158, 19.8237114, 19.6940155, 19.6229115, 20.2293129, 19.3640003, 19.7407360, 19.8504314, 20.0168648, 19.4785595, 19.6533756, 19.7964802, 20.0003529, 19.5879364, 19.7506561, 19.9272003, 19.6214714, 19.4542084, 19.8307838, 20.1276798 ],
"timesExecution": [ 22.9725761, 22.8858566, 22.9104958, 22.8996792, 22.9226875, 22.8840008, 22.9134083, 22.9153919, 22.8976955, 22.8957767, 22.9097271, 22.9460487, 22.9100800, 22.8866882, 22.9635525, 22.8944321, 22.8924809, 22.9350071, 22.9172478, 22.9043846, 22.9306889, 22.8828487, 22.8760319, 22.9167366, 22.9118404, 22.8947201, 22.9080963, 22.8746872, 22.8991680, 22.9137592, 22.9318085, 22.8871365, 22.9019203, 22.8907528, 22.9307518, 22.8994884, 22.8941765, 22.9417286, 22.8882561, 22.9130878, 22.9391689, 22.9017601, 22.9002876, 22.9234238, 22.9049911, 22.9002247, 22.9079685, 22.8990726, 22.9130878, 22.9045753, 22.9018879, 22.9098873, 22.9081917, 22.9104328, 22.9706554, 22.9448318, 22.9366074, 22.9300480, 22.8829117, 22.9187202, 22.9448643, 22.9100800, 22.9278393, 22.8928642, 22.9334087, 22.9162235, 22.8946247, 22.9122238, 22.9141445, 22.8947849, 22.9127369, 22.9232006, 22.8944645, 22.9139519, 22.9270725, 22.9071674, 22.9027519, 22.9781113, 22.9200649, 22.9168320, 22.9497929, 22.9146557, 22.9166393, 22.9217911, 22.8892479, 22.8799686, 22.9026871, 22.8956165, 22.9841290, 22.9007034, 22.9154873, 22.8848648, 22.8886395, 22.8867836, 22.8879681, 22.9062729, 22.8983364, 22.9396152, 22.9386883, 22.9535351 ],