{
"inputLengthInCharacters": 8192,
"uniformInput": false,
"useMappingLetter": false,
"measurements": {
"histogram_atomic_global": {
"timesTransferToDevice": [ 0.0808640, 0.0672320, 0.0633600, 0.0945920, 0.0647360, 0.0647040, 0.0632640, 0.0648000, 0.0639040, 0.0785600, 0.0660160, 0.0656960, 0.0772800, 0.0774080, 0.0915200, 0.0668480, 0.0630080, 0.0664960, 0.1095360, 0.0737280, 0.0479680, 0.0526080, 0.0466240, 0.0472000, 0.0471680, 0.0475520, 0.0587840, 0.0474880, 0.0474560, 0.0473600, 0.0473280, 0.0464000, 0.0457280, 0.0994240, 0.0576320, 0.0413440, 0.0463360, 0.0409920, 0.0410560, 0.0410240, 0.0405760, 0.0416640, 0.0408960, 0.0416320, 0.0412480, 0.0421760, 0.0588800, 0.0408640, 0.0408320, 0.0413120, 0.0400960, 0.0429440, 0.0416000, 0.0409920, 0.0405760, 0.0416000, 0.0470400, 0.0404160, 0.0401600, 0.0612480, 0.0410240, 0.0409600, 0.0578560, 0.0185600, 0.0179200, 0.0189440, 0.0188480, 0.0183360, 0.0181120, 0.0188160, 0.0187200, 0.0188480, 0.0171520, 0.0188480, 0.0175360, 0.0204480, 0.0179840, 0.0195520, 0.0182080, 0.0178240, 0.0177280, 0.0189760, 0.0183360, 0.0182080, 0.0179840, 0.0192000, 0.0175360, 0.0186880, 0.0181760, 0.0180800, 0.0177600, 0.0185280, 0.0181760, 0.0177920, 0.0175040, 0.0181120, 0.0179200, 0.0175680, 0.0177600, 0.0187200 ],
"timesExecution": [ 0.1164480, 0.0827840, 0.1013440, 0.0880640, 0.0807040, 0.1044480, 0.0917760, 0.2007040, 0.0808640, 0.1116160, 0.1021760, 0.0819520, 0.0818240, 0.1181440, 0.0798720, 0.1010880, 0.0964800, 0.0819200, 0.0798720, 0.0604480, 0.0993280, 0.0602240, 0.0590400, 0.0759040, 0.0602240, 0.0798720, 0.0587200, 0.0860160, 0.0736960, 0.0858240, 0.0602560, 0.0767360, 0.0592640, 0.0665600, 0.0524160, 0.0717120, 0.0665600, 0.0542400, 0.0520320, 0.0542720, 0.0514240, 0.0645120, 0.0777600, 0.0524800, 0.0880960, 0.0542720, 0.0656000, 0.0624320, 0.0514240, 0.0657600, 0.0849920, 0.0448000, 0.0880640, 0.0542720, 0.0644480, 0.0521920, 0.0522560, 0.0853760, 0.0522240, 0.0655040, 0.0768000, 0.0532480, 0.0515840, 0.0531840, 0.0514880, 0.0768000, 0.0522880, 0.0532800, 0.0818560, 0.0529600, 0.0501440, 0.0536320, 0.0747200, 0.0531840, 0.0624000, 0.0531840, 0.0521920, 0.0523200, 0.0614080, 0.0524160, 0.0512960, 0.0522880, 0.0624960, 0.0522560, 0.0593920, 0.0531840, 0.0512000, 0.0532480, 0.0521920, 0.0542400, 0.0726720, 0.0532800, 0.0615360, 0.0534720, 0.0616960, 0.0529920, 0.0523840, 0.0532800, 0.0512320, 0.0737280 ],
"timesTransferFromDevice": [ 0.1028480, 0.1153920, 0.0616320, 0.0615680, 0.0610240, 0.0612480, 0.0658880, 0.0606400, 0.0927680, 0.0622080, 0.0618240, 0.0613760, 0.0604800, 0.0608640, 0.0968320, 0.0606400, 0.0615360, 0.0679040, 0.0447680, 0.0727040, 0.0457920, 0.0441920, 0.0446080, 0.0448320, 0.0447360, 0.0440640, 0.0445440, 0.0450560, 0.0445760, 0.0448960, 0.0448960, 0.0444480, 0.0446720, 0.0385920, 0.0391360, 0.0389760, 0.0495040, 0.0380800, 0.0394240, 0.0391360, 0.0388160, 0.0381120, 0.0388480, 0.0391680, 0.0393920, 0.0385280, 0.0448320, 0.0385600, 0.0393600, 0.0387200, 0.0495680, 0.0386560, 0.0398400, 0.0385920, 0.0383680, 0.0488000, 0.0382400, 0.0384000, 0.0388800, 0.0380480, 0.0397760, 0.0386560, 0.0388160, 0.0377280, 0.0389760, 0.0389440, 0.0393280, 0.0390400, 0.0397120, 0.0380480, 0.0391040, 0.0384000, 0.0386560, 0.0392960, 0.0396480, 0.0499520, 0.0586560, 0.0384320, 0.0385600, 0.0396160, 0.0384960, 0.0580480, 0.0388800, 0.0390720, 0.0390720, 0.0383360, 0.0384640, 0.0382080, 0.0388160, 0.0389120, 0.0398720, 0.0435840, 0.0391040, 0.0388800, 0.0503680, 0.0384640, 0.0390720, 0.0386240, 0.0384000, 0.0399680 ],
"bins": [ 63, 64, 64, 63, 57, 77, 70, 53, 59, 71, 64, 56, 69, 60, 67, 67, 61, 72, 59, 49, 58, 65, 61, 56, 59, 69, 58, 58, 64, 65, 56, 68, 71, 70, 71, 82, 79, 70, 69, 67, 54, 61, 78, 66, 71, 62, 57, 67, 63, 80, 70, 63, 69, 67, 53, 66, 69, 73, 56, 61, 55, 58, 59, 68, 66, 56, 62, 68, 68, 69, 64, 57, 58, 65, 63, 81, 56, 71, 54, 62, 43, 70, 71, 65, 53, 60, 57, 55, 64, 68, 77, 59, 66, 68, 71, 59, 72, 72, 66, 66, 59, 64, 63, 67, 60, 58, 66, 67, 61, 67, 66, 55, 66, 55, 65, 61, 58, 61, 56, 67, 72, 73, 53, 63, 66, 73, 65, 56 ]
}
,
"histogram_atomic_private": {
"timesTransferToDevice": [ 0.0325440, 0.0272960, 0.0290240, 0.0275200, 0.0276480, 0.0271040, 0.0285760, 0.0270080, 0.0285440, 0.0272960, 0.0426560, 0.0277120, 0.0290240, 0.0286720, 0.0307200, 0.0277120, 0.0283200, 0.0273920, 0.0281920, 0.0272320, 0.0223680, 0.0214400, 0.0205440, 0.0207360, 0.0207360, 0.0204800, 0.0208000, 0.0196160, 0.0217280, 0.0201600, 0.0205440, 0.0198720, 0.0504000, 0.0206720, 0.0211520, 0.0303680, 0.0214400, 0.0196800, 0.0507840, 0.0183040, 0.0192000, 0.0182400, 0.0184640, 0.0283520, 0.0183360, 0.0295360, 0.0189440, 0.0180800, 0.0198720, 0.0182720, 0.0190400, 0.0178240, 0.0183040, 0.0176640, 0.0192320, 0.0175360, 0.0189120, 0.0173440, 0.0190720, 0.0174400, 0.0178880, 0.0176960, 0.0180160, 0.0175040, 0.0182080, 0.0176960, 0.0183040, 0.0170560, 0.0179520, 0.0169600, 0.0183040, 0.0173120, 0.0195840, 0.0175680, 0.0186560, 0.0180800, 0.0186880, 0.0183360, 0.0185280, 0.0185600, 0.0176000, 0.0169920, 0.0181440, 0.0457920, 0.0178240, 0.0174400, 0.0257600, 0.0178240, 0.0186880, 0.0182080, 0.0182400, 0.0169600, 0.0179520, 0.0176000, 0.0189120, 0.0176640, 0.0181440, 0.0177600, 0.0192960, 0.0171520 ],
"timesExecution": [ 0.0532480, 0.0798720, 0.0523520, 0.1109120, 0.0535680, 0.0528320, 0.0594240, 0.0798400, 0.0512960, 0.0521920, 0.0525440, 0.0532800, 0.0522240, 0.0520320, 0.0522560, 0.0530240, 0.0522240, 0.0521920, 0.0532160, 0.0572160, 0.0604160, 0.0866880, 0.0603840, 0.0613120, 0.0594240, 0.0614080, 0.0819200, 0.0604160, 0.0850240, 0.0601600, 0.0600640, 0.0634880, 0.0839680, 0.0634880, 0.0604160, 0.0605440, 0.0603200, 0.0716480, 0.0532480, 0.0780160, 0.0532480, 0.0663040, 0.0524160, 0.0534720, 0.0533120, 0.0593920, 0.0529280, 0.0523200, 0.0525760, 0.0727040, 0.0695040, 0.0524160, 0.0521920, 0.0522880, 0.0531200, 0.0714240, 0.0535040, 0.0534080, 0.0531520, 0.0532800, 0.0532800, 0.0511040, 0.0582400, 0.0530880, 0.0525120, 0.0521920, 0.0532480, 0.0521600, 0.0528640, 0.0532160, 0.0544000, 0.0522560, 0.0735040, 0.0627200, 0.0531200, 0.0522560, 0.0716480, 0.0522880, 0.0523520, 0.0539520, 0.0532160, 0.0522240, 0.0760320, 0.0532480, 0.0531520, 0.0521600, 0.0524800, 0.0521600, 0.0524160, 0.0522560, 0.0524160, 0.0378240, 0.0522240, 0.0605120, 0.0512000, 0.0531840, 0.0529600, 0.0522560, 0.0511360, 0.0532160 ],
"timesTransferFromDevice": [ 0.0643520, 0.0616960, 0.0923200, 0.0607040, 0.0594560, 0.0920320, 0.0608960, 0.0605440, 0.0604160, 0.0600000, 0.0603520, 0.0601600, 0.0612160, 0.0601920, 0.0601600, 0.0602880, 0.0601920, 0.0732800, 0.0606400, 0.1418240, 0.0654720, 0.0450240, 0.0454720, 0.0450560, 0.0452480, 0.0438080, 0.0454080, 0.0448960, 0.0442240, 0.0449600, 0.0492800, 0.0449280, 0.0459200, 0.0578240, 0.0451200, 0.0443840, 0.0921920, 0.0395520, 0.0400320, 0.0387840, 0.0389120, 0.0394240, 0.0391680, 0.0395200, 0.0444160, 0.0392640, 0.0395520, 0.0395840, 0.0391680, 0.0399040, 0.0396480, 0.0385920, 0.0527360, 0.0390720, 0.0390400, 0.0396480, 0.0390400, 0.0394240, 0.0393280, 0.0389440, 0.0394240, 0.0388160, 0.0394880, 0.0392640, 0.0390080, 0.0485120, 0.0390400, 0.0396160, 0.0390720, 0.0673280, 0.0395200, 0.0392000, 0.0407680, 0.0385920, 0.0393920, 0.0576640, 0.0400640, 0.0389120, 0.0398080, 0.0391680, 0.0389440, 0.0389440, 0.0399680, 0.0567040, 0.0391680, 0.0394560, 0.0387840, 0.0384320, 0.0392640, 0.0395840, 0.0577600, 0.0690240, 0.0388160, 0.0389120, 0.0392320, 0.0659200, 0.0396480, 0.0389440, 0.0391040, 0.0391680 ],
"bins": [ 63, 64, 64, 63, 57, 77, 70, 53, 59, 71, 64, 56, 69, 60, 67, 67, 61, 72, 59, 49, 58, 65, 61, 56, 59, 69, 58, 58, 64, 65, 56, 68, 71, 70, 71, 82, 79, 70, 69, 67, 54, 61, 78, 66, 71, 62, 57, 67, 63, 80, 70, 63, 69, 67, 53, 66, 69, 73, 56, 61, 55, 58, 59, 68, 66, 56, 62, 68, 68, 69, 64, 57, 58, 65, 63, 81, 56, 71, 54, 62, 43, 70, 71, 65, 53, 60, 57, 55, 64, 68, 77, 59, 66, 68, 71, 59, 72, 72, 66, 66, 59, 64, 63, 67, 60, 58, 66, 67, 61, 67, 66, 55, 66, 55, 65, 61, 58, 61, 56, 67, 72, 73, 53, 63, 66, 73, 65, 56 ]
}
,