{
"inputLengthInCharacters": 33554432,
"uniformInput": true,
"useMappingLetter": true,
"measurements": {
"histogram_atomic_global": {
"timesTransferToDevice": [ 6.7442880, 6.3193598, 6.3744001, 6.1665921, 6.3268800, 6.1829119, 6.2165442, 6.6448321, 6.2329602, 6.1321278, 6.2331839, 6.3292160, 6.1866879, 6.8288321, 6.2680960, 6.2672958, 6.0326400, 6.4157438, 6.0241919, 6.3329601, 6.3583040, 6.3794560, 6.1299200, 6.2147522, 6.2401919, 6.2691522, 6.6336961, 6.2344961, 6.2392960, 6.2725120, 6.0249920, 6.3314562, 6.5057921, 6.3228478, 6.1170878, 6.2126722, 6.1448002, 6.1918402, 6.3706241, 6.3132482, 6.2507200, 6.2158079, 6.1047359, 6.2601280, 6.3547201, 6.5141120, 6.1515522, 6.2557759, 6.2014079, 6.2500801, 6.4194241, 6.0087681, 6.3108482, 5.9115839, 6.2098880, 6.1985922, 6.2423358, 6.4409280, 6.2413120, 6.1592321, 6.0503359, 6.2355838, 6.0979519, 6.4198079, 6.1476798, 6.2546239, 6.0458241, 6.2279038, 6.2621121, 6.2446079, 6.2702398, 6.3175998, 6.0623999, 6.2611198, 6.1059842, 6.2601600, 6.2079682, 6.2054081, 6.2923522, 6.2230401, 6.2745600, 5.8807359, 6.2986240, 6.0639038, 6.1543040, 6.2235842, 6.2104640, 6.2276802, 6.1911359, 6.2352638, 6.2278080, 6.2605758, 5.9366398, 6.3776321, 5.9971199, 6.2039361, 6.1376638, 6.2149439, 6.2042880, 6.1659522 ],
"timesExecution": [ 67.1800613, 67.1875534, 67.1962585, 67.1485748, 67.1747818, 67.1522903, 67.1845474, 67.1619186, 67.1442871, 67.1824646, 67.1947174, 67.1823044, 67.1776962, 67.4821472, 67.4197083, 67.3996506, 67.4042587, 67.4207382, 67.3965454, 67.3942108, 67.4007645, 68.0318375, 67.3924789, 67.4017563, 67.3959045, 67.4527664, 67.3981476, 67.3877106, 67.4096298, 67.3895035, 67.4098892, 67.3762894, 67.4120026, 67.3864288, 67.4010544, 67.4138565, 67.4135971, 67.4052505, 67.4190750, 67.4132462, 67.3991394, 67.3838730, 67.4004135, 67.3843536, 67.3985901, 67.4032669, 67.4168015, 67.3939209, 67.3892517, 67.3974380, 67.3869476, 67.4017944, 67.3958435, 67.4162216, 67.3919067, 67.3993607, 67.4189758, 67.3871002, 67.4120636, 67.3906555, 67.4258575, 67.4021149, 67.3916168, 67.4082565, 67.4049606, 67.3946915, 67.4063644, 67.3970261, 67.3917465, 67.4056625, 67.3870697, 67.4338913, 67.4048309, 67.4045410, 67.4049301, 67.3838425, 67.4076462, 67.4000015, 67.4320602, 67.4002914, 67.4102097, 67.4072037, 67.3911667, 67.3995819, 67.3973770, 67.3927994, 67.4031982, 67.3960648, 67.4173737, 67.3709106, 67.4036179, 67.4013748, 67.3836517, 67.4071655, 67.3861465, 67.4078369, 67.3927994, 67.4298248, 67.3959351, 67.3790436 ],
"timesTransferFromDevice": [ 0.1123840, 0.1713280, 0.0901440, 0.1260480, 0.1303040, 0.0928000, 0.1317760, 0.0990400, 0.1280000, 0.0969600, 0.0952320, 0.2048000, 0.0958080, 0.0775680, 0.1207680, 0.0900480, 0.0913280, 0.0890240, 0.0873920, 0.0890560, 0.0954560, 0.0886080, 0.0891840, 0.0884800, 0.0885760, 0.0897280, 0.0875840, 0.0890240, 0.0871680, 0.0860160, 0.0865280, 0.0848640, 0.0869120, 0.1236480, 0.0854400, 0.0885120, 0.1287360, 0.0872000, 0.0839360, 0.1263360, 0.0922240, 0.1187840, 0.0891520, 0.1197440, 0.0889920, 0.0820480, 0.0928960, 0.1215680, 0.0888000, 0.0911040, 0.0834560, 0.1224960, 0.0857280, 0.0914240, 0.0830400, 0.0837440, 0.1212160, 0.1195840, 0.0923520, 0.1189440, 0.1057920, 0.0882560, 0.0910400, 0.0832000, 0.0910080, 0.0907520, 0.0875840, 0.1202560, 0.0882240, 0.0846720, 0.0883520, 0.0894400, 0.0897920, 0.0937280, 0.0908480, 0.0944320, 0.1178880, 0.0877440, 0.0910720, 0.1235840, 0.2042880, 0.0884800, 0.0903040, 0.1164480, 0.0885120, 0.1392000, 0.0929920, 0.1174720, 0.0928000, 0.0897920, 0.1269760, 0.0897920, 0.0890560, 0.0858560, 0.0889920, 0.0886080, 0.1229440, 0.0888000, 0.1211200, 0.0887360 ],
"bins": [ 0, 33554432, 0, 0, 0, 0, 0, 0, 0, 0, 0, 0, 0, 0, 0, 0, 0, 0, 0, 0, 0, 0, 0, 0, 0, 0, 0 ]
}
,
"histogram_atomic_private": {
"timesTransferToDevice": [ 6.5166721, 6.3294401, 6.1764798, 6.0688639, 6.1941762, 6.0528321, 6.2199678, 6.4233279, 6.1728320, 6.2694402, 5.8600640, 6.1579199, 6.1659198, 6.1511359, 6.6489282, 5.9593282, 6.1646399, 6.1935682, 6.1083522, 6.4649282, 6.6808000, 6.0236802, 6.2876482, 6.0910082, 6.2263999, 6.1725760, 5.8845119, 6.2549438, 6.1638398, 6.2204480, 6.6670718, 6.3041921, 6.0770559, 6.2023358, 6.0240002, 6.2817602, 6.1904321, 6.3513918, 4.6455040, 4.6256642, 6.0452800, 6.3932800, 6.2648959, 6.2113280, 6.3157120, 6.1764798, 6.2556162, 6.2445121, 6.1079679, 6.2113280, 6.1860800, 6.0547199, 6.3328962, 6.3955202, 6.1567359, 6.2732801, 6.2124481, 6.1515522, 6.2120638, 6.4513278, 6.2412481, 6.1739202, 6.0289278, 6.1783681, 5.9461441, 6.2897282, 6.4810882, 6.0895362, 6.4870720, 6.2809281, 6.0273280, 6.4178238, 6.5979838, 6.0393281, 6.3429761, 5.9748802, 6.1792641, 6.1899519, 4.9441919, 6.2290239, 6.0387840, 6.2244158, 6.0075202, 6.1809921, 6.2330880, 6.2397761, 6.2477121, 6.0279999, 6.1416321, 6.2251840, 6.1736641, 6.3184638, 6.0732479, 6.0963202, 6.2871680, 6.1763201, 6.1908479, 6.2061758, 6.0425282, 6.3280320 ],
"timesExecution": [ 16.0211525, 15.9950399, 16.0099525, 16.0237751, 16.0453758, 16.0340481, 16.0656643, 16.0338249, 16.0131207, 16.0587845, 16.0137272, 16.0047035, 16.0265923, 16.0181446, 16.0038395, 16.0624638, 16.0211849, 16.0258236, 16.0285435, 16.0296326, 16.0130882, 16.0375042, 15.9964800, 16.0374718, 16.0322876, 16.0195522, 16.0262718, 16.0067844, 16.0272312, 16.0234241, 16.0386562, 16.0281277, 16.0305271, 16.0159359, 16.0208645, 16.0447369, 16.0592957, 16.1245766, 16.0393276, 16.0420151, 16.0189438, 16.0769596, 16.0288639, 16.0381126, 16.0397129, 16.0412807, 15.9920959, 16.0556164, 16.0254078, 16.0390396, 16.0350399, 16.0224953, 15.9995842, 16.0911999, 16.0117435, 16.1517124, 16.0140800, 16.0617599, 16.0207367, 16.0116806, 16.0148487, 16.0554886, 16.0521603, 16.0537281, 16.0707512, 16.0816956, 16.0219517, 16.0307522, 15.9995203, 16.0585594, 16.0196476, 16.0265598, 16.0283833, 16.0646725, 16.0436802, 16.0147514, 16.0318718, 16.0641918, 16.0552635, 16.0238724, 15.9884796, 16.0299511, 16.0680962, 16.0499191, 16.0433922, 16.0527363, 16.0269432, 16.0420151, 16.0636806, 16.0304317, 16.0352631, 16.0378876, 16.0154247, 16.0343685, 16.1117764, 16.0223675, 16.0073605, 16.0390720, 16.0132809, 16.0560322 ],
"timesTransferFromDevice": [ 0.0875200, 0.1264000, 0.1056000, 0.0881920, 0.1363200, 0.1264000, 0.0864640, 0.0825280, 0.0894720, 0.0923200, 0.0858880, 0.1126080, 0.1261120, 0.0850560, 0.0829440, 0.0862720, 0.0851520, 0.1271680, 0.0849920, 0.0888640, 0.0856320, 0.0873280, 0.1191360, 0.0839040, 0.0861440, 0.1397440, 0.0967680, 0.0970560, 0.0865920, 0.1237120, 0.0867200, 0.0980800, 0.0875200, 0.1849600, 0.0886400, 0.0882560, 0.1354240, 0.0808000, 0.0697280, 0.0912320, 0.0890880, 0.0900160, 0.0868800, 0.0873920, 0.0907840, 0.0873280, 0.0837120, 0.1236480, 0.0877440, 0.0856000, 0.1259520, 0.0866880, 0.1229760, 0.0828800, 0.0873920, 0.0848960, 0.1237440, 0.0818240, 0.0640320, 0.0883200, 0.0819840, 0.1711040, 0.0806720, 0.1214720, 0.0832960, 0.1078400, 0.1881280, 0.0862080, 0.0865280, 0.0830720, 0.0858240, 0.1230080, 0.0864960, 0.0851840, 0.0835520, 0.0873920, 0.0859200, 0.0888960, 0.1053440, 0.0871040, 0.0857280, 0.1185280, 0.0880640, 0.0846720, 0.0950720, 0.0835840, 0.0847360, 0.1106240, 0.0840000, 0.0895360, 0.0878720, 0.0888640, 0.0850240, 0.0844480, 0.0820160, 0.1208000, 0.0858880, 0.1181120, 0.1029120, 0.0835200 ],
"bins": [ 0, 33554432, 0, 0, 0, 0, 0, 0, 0, 0, 0, 0, 0, 0, 0, 0, 0, 0, 0, 0, 0, 0, 0, 0, 0, 0, 0 ]
}
,