{
"inputLengthInCharacters": 4294967296,
"uniformInput": true,
"useMappingLetter": false,
"measurements": {
"histogram_atomic_private_stride": {
"timesTransferToDevice": [ 611.6208496, 584.0121460, 586.8181152, 601.3300781, 599.2894287, 605.0864258, 597.9770508, 599.9620361, 599.0743408, 599.6757812, 598.2116089, 600.3979492, 600.7866211, 602.2608643, 598.1484375, 598.5173340, 604.2485352, 599.9395142, 605.1849365, 599.9761353, 598.6906128, 601.2414551, 604.6868286, 599.7825317, 598.4158325, 599.5026855, 598.5247803, 600.3450317, 599.5655518, 606.4144897, 598.4225464, 600.2294312, 599.1809082, 599.8668213, 598.4041748, 599.9580078, 604.5878906, 600.4667969, 599.1544800, 600.1684570, 598.9389648, 599.5142822, 599.4964600, 606.3187866, 599.5426025, 600.0752563, 598.1176147, 600.8044434, 601.1071777, 599.6170654, 604.3305054, 600.9033203, 598.5603027, 598.7387695, 598.5128784, 599.4083252, 598.0524902, 602.8963623, 599.7393188, 599.5045776, 598.1615601, 600.0920410, 598.0949707, 598.9935913, 602.3302002, 601.9018555, 597.5349121, 598.9694214, 597.9902344, 598.6917725, 597.7056885, 602.7920532, 602.6291504, 593.5104980, 597.3190308, 599.1688232, 598.9685669, 598.6288452, 599.4216919, 605.3334351, 597.7538452, 595.5215454, 596.9611816, 600.1133423, 599.1828003, 599.7241821, 604.6967163, 599.9680786, 597.5339966, 599.3051758, 598.0692139, 600.1018066, 597.9730225, 606.8398438, 597.7019653, 598.7286987, 598.3935547, 600.7322998, 598.5211182, 599.5122070 ],
"timesExecution": [ 1576.2421875, 1581.7379150, 1586.8927002, 1602.3728027, 1559.5838623, 1555.9001465, 1612.4675293, 1605.5986328, 1596.3154297, 1577.2502441, 1670.9692383, 1596.7115479, 1572.3343506, 1584.8715820, 1636.8670654, 1549.0948486, 1569.3024902, 1577.2943115, 1604.4093018, 1610.4177246, 1588.5416260, 1589.0325928, 1584.7073975, 1609.0441895, 1571.5107422, 1559.1730957, 1620.4615479, 1608.5787354, 1567.6961670, 1597.2674561, 1596.9498291, 1569.2728271, 1571.0913086, 1632.3170166, 1600.2056885, 1574.6729736, 1598.2296143, 1615.5793457, 1642.5019531, 1555.1275635, 1541.9075928, 1613.4373779, 1580.7415771, 1605.3057861, 1622.3901367, 1630.9196777, 1642.1755371, 1611.0653076, 1556.9184570, 1594.5480957, 1592.6678467, 1580.3800049, 1627.5616455, 1553.0012207, 1537.7606201, 1592.4978027, 1564.5666504, 1606.5559082, 1632.8946533, 1537.5604248, 1571.9277344, 1597.7489014, 1551.0644531, 1614.8010254, 1581.7491455, 1586.1309814, 1596.3864746, 1606.2851562, 1592.2108154, 1573.6422119, 1564.5424805, 1604.1945801, 1605.4125977, 1590.1529541, 1583.8620605, 1558.7340088, 1636.9002686, 1610.4514160, 1566.8251953, 1547.7791748, 1616.3789062, 1596.2293701, 1586.0498047, 1574.1710205, 1567.7781982, 1585.5325928, 1592.4451904, 1642.4230957, 1593.5648193, 1588.2292480, 1562.8012695, 1590.0697021, 1641.5349121, 1615.7844238, 1564.9431152, 1600.5230713, 1631.6643066, 1610.3121338, 1618.4080811, 1613.0743408 ],
"timesTransferFromDevice": [ 0.1426240, 0.1967360, 0.1135360, 0.1042560, 0.1004160, 0.0966080, 0.0975360, 0.0964800, 0.1282560, 0.1407040, 0.1057600, 0.1388480, 0.1009920, 0.0953920, 0.1040640, 0.1091840, 0.1031040, 0.0958400, 0.0968320, 0.0976000, 0.1048640, 0.1041600, 0.1011520, 0.1027200, 0.1001600, 0.1055040, 0.1003200, 0.0983680, 0.1013440, 0.1030400, 0.1001600, 0.0959360, 0.1015680, 0.1000320, 0.1028800, 0.0982720, 0.1035520, 0.1037120, 0.1017920, 0.1778880, 0.1047680, 0.1049280, 0.1037760, 0.1025600, 0.0970560, 0.1014080, 0.1099840, 0.1062720, 0.0998720, 0.0993280, 0.1023360, 0.1023040, 0.1045120, 0.1012800, 0.1016000, 0.1432000, 0.0986560, 0.0999360, 0.1018240, 0.0984960, 0.1009920, 0.1016000, 0.0980480, 0.1017920, 0.1008000, 0.1048640, 0.1035520, 0.1031040, 0.1024640, 0.1040320, 0.1055360, 0.0985920, 0.0978240, 0.1014080, 0.1011840, 0.1094080, 0.1022080, 0.1037760, 0.1025920, 0.1010240, 0.0996480, 0.0975040, 0.1056000, 0.1025600, 0.1022080, 0.1006400, 0.0961920, 0.1038720, 0.1010240, 0.1008960, 0.0972160, 0.0994880, 0.0974720, 0.1032320, 0.1053120, 0.1006400, 0.1022720, 0.1058880, 0.1068800, 0.1029120 ],
"bins": [ 0, 0, 0, 0, 0, 0, 0, 0, 0, 0, 0, 0, 0, 0, 0, 0, 0, 0, 0, 0, 0, 0, 0, 0, 0, 0, 0, 0, 0, 0, 0, 0, 0, 0, 0, 0, 0, 0, 0, 0, 0, 0, 0, 0, 0, 0, 0, 0, 0, 0, 0, 0, 0, 0, 0, 0, 0, 0, 0, 0, 0, 0, 0, 0, 0, 0, 0, 0, 0, 0, 0, 0, 0, 0, 0, 0, 0, 0, 0, 0, 0, 0, 0, 0, 0, 0, 0, 0, 0, 0, 0, 0, 0, 0, 0, 0, 0, 0, 0, 0, 0, 0, 0, 0, 0, 0, 0, 0, 0, 0, 0, 0, 0, 0, 0, 0, 0, 0, 0, 0, 0, 0, 0, 0, 0, 0, 0, 0 ]
}
,
"histogram_atomic_global_stride": {
"timesTransferToDevice": [ 605.4887695, 601.4470825, 601.3441772, 601.2390747, 601.3956909, 601.5142212, 598.2844849, 600.2967529, 601.3067017, 599.6671753, 600.5455322, 600.8881836, 600.4234619, 599.7423706, 601.2831421, 605.1859131, 600.1867676, 599.4234619, 601.2682495, 599.8560181, 598.7944336, 601.1942749, 607.2867432, 599.0848999, 600.7763062, 599.2573242, 601.4799805, 600.2229614, 600.4514771, 601.2519531, 599.1115112, 597.5488281, 602.6679688, 598.4943237, 599.5260620, 597.9871826, 603.1904297, 603.0022583, 599.4874878, 600.1730957, 601.1543579, 600.6774902, 601.1708374, 600.6912231, 606.6600952, 601.2766113, 599.7133179, 600.4126587, 600.6611328, 599.0460815, 601.1051025, 605.6730347, 607.2807617, 599.6537476, 607.8003540, 599.7394409, 601.0880127, 601.3850708, 593.7311401, 589.7965698, 587.2633667, 579.7086792, 596.3248901, 597.3360596, 603.4432983, 601.9788818, 608.1951904, 599.2069092, 600.5652466, 600.3103638, 606.0014038, 599.2586060, 600.7552490, 604.5107422, 602.7462158, 598.8016357, 599.7047729, 595.1205444, 594.9573364, 594.8729858, 597.4868774, 603.1490479, 604.0780640, 605.5070190, 600.2901611, 605.4365234, 599.3924561, 599.1303711, 601.3984375, 605.2770386, 597.8079224, 603.2667236, 600.2131958, 600.7913818, 595.7593384, 599.8486938, 592.5912476, 581.2680664, 585.8736572, 599.9008179 ],
"timesExecution": [ 8588.6972656, 8582.0283203, 8588.6474609, 8586.9677734, 8582.0068359, 8582.7265625, 8588.6191406, 8582.6718750, 8582.7890625, 8582.9375000, 8583.1191406, 8586.8798828, 8582.1191406, 8582.3583984, 8582.1357422, 8582.9003906, 8582.8242188, 8582.3769531, 8594.2304688, 8582.5019531, 8582.8759766, 8583.1611328, 8594.2324219, 8583.2324219, 8582.7343750, 8588.6611328, 8582.7744141, 8582.0371094, 8583.0175781, 8583.0644531, 8582.0488281, 8589.4189453, 8582.1660156, 8583.1494141, 8588.6445312, 8583.2236328, 8588.5800781, 8588.7500000, 8588.6640625, 8582.7431641, 8582.2060547, 8589.3339844, 8588.6503906, 8582.0390625, 8582.8320312, 8588.6113281, 8589.3242188, 8582.2675781, 8582.0810547, 8583.8251953, 8582.7363281, 8589.4453125, 8588.6181641, 8582.8203125, 8589.4199219, 8588.2626953, 8582.8447266, 8589.2998047, 8583.2783203, 8588.6621094, 8588.7460938, 8582.2861328, 8582.7343750, 8588.7529297, 8588.7041016, 8582.7011719, 8582.1748047, 8582.7871094, 8589.4384766, 8582.0917969, 8582.1806641, 8582.3496094, 8588.5585938, 8588.5673828, 8582.9130859, 8582.6972656, 8582.5537109, 8589.3798828, 8588.6523438, 8588.6533203, 8582.8154297, 8582.1171875, 8582.6611328, 8588.6328125, 8582.7480469, 8582.8408203, 8583.1406250, 8582.8994141, 8583.1699219, 8583.1250000, 8582.2011719, 8588.5205078, 8588.6621094, 8582.2031250, 8582.2656250, 8582.8349609, 8588.6298828, 8582.2880859, 8582.0566406, 8588.6064453 ],