{
"inputLengthInCharacters": 8192,
"uniformInput": false,
"useMappingLetter": true,
"measurements": {
"histogram_atomic_global": {
"timesTransferToDevice": [ 0.1208000, 0.1063040, 0.0658880, 0.0664960, 0.0639040, 0.0653440, 0.1439680, 0.0964800, 0.0638400, 0.0659200, 0.0660160, 0.0654720, 0.0938240, 0.0839040, 0.0651520, 0.0657280, 0.0643840, 0.1290240, 0.0669120, 0.0475520, 0.0560640, 0.0473920, 0.0466880, 0.0460480, 0.0458240, 0.0749440, 0.0454720, 0.0598080, 0.0461120, 0.0462720, 0.0468480, 0.0662720, 0.0471360, 0.0535040, 0.0419200, 0.0422080, 0.0727040, 0.0424000, 0.0434880, 0.0418880, 0.0407360, 0.0433280, 0.0592000, 0.0429440, 0.0412480, 0.0419520, 0.0417920, 0.0624960, 0.0415040, 0.0434560, 0.0426880, 0.0415680, 0.0412160, 0.0426560, 0.0419840, 0.0426240, 0.0411200, 0.0423040, 0.0413440, 0.0428160, 0.0420160, 0.0669760, 0.0412800, 0.0420800, 0.0407040, 0.0421440, 0.0608320, 0.0437440, 0.0415680, 0.0419200, 0.0422080, 0.0416320, 0.0418560, 0.0654720, 0.0181760, 0.0215360, 0.0183040, 0.0188160, 0.0180160, 0.0366720, 0.0181120, 0.0177920, 0.0188160, 0.0187840, 0.0371840, 0.0184640, 0.0181440, 0.0192960, 0.0181120, 0.0191680, 0.0192640, 0.0418880, 0.0181440, 0.0182080, 0.0182080, 0.0186880, 0.0181440, 0.0373120, 0.0200320, 0.0184640 ],
"timesExecution": [ 0.1288640, 0.0819200, 0.1000960, 0.0829440, 0.0796800, 0.0819200, 0.1097600, 0.0822400, 0.0952000, 0.1008320, 0.0801920, 0.0931520, 0.0807680, 0.1105920, 0.0816960, 0.0819840, 0.0992960, 0.0634880, 0.0694720, 0.0582400, 0.0645440, 0.0591040, 0.0638080, 0.0757120, 0.0856320, 0.0584640, 0.0624320, 0.0604160, 0.0632960, 0.0745600, 0.0706560, 0.0584640, 0.1228800, 0.0594240, 0.0600320, 0.0585600, 0.0605440, 0.0789440, 0.0573440, 0.0592960, 0.0581440, 0.0858240, 0.0573440, 0.0575360, 0.0694400, 0.0575680, 0.0760960, 0.0583360, 0.0585280, 0.0575040, 0.0666560, 0.0696320, 0.0579840, 0.0778560, 0.0584000, 0.0707520, 0.0563840, 0.0580160, 0.0696320, 0.0696320, 0.0512000, 0.0583680, 0.0707200, 0.0575040, 0.0563200, 0.0706880, 0.0583040, 0.0768320, 0.0562880, 0.0716480, 0.0566080, 0.0573440, 0.0696320, 0.0593600, 0.0573120, 0.0576640, 0.0563520, 0.0582720, 0.0575360, 0.0584320, 0.0564800, 0.0573440, 0.0573440, 0.0574080, 0.0583360, 0.0778560, 0.0562880, 0.0675520, 0.0573440, 0.0574080, 0.0532480, 0.0586240, 0.0563520, 0.0573440, 0.0573440, 0.0580160, 0.0778880, 0.0584320, 0.0573440, 0.0574080 ],
"timesTransferFromDevice": [ 0.0920000, 0.1129600, 0.0395840, 0.0621440, 0.0611840, 0.0991360, 0.0624640, 0.0616960, 0.0614400, 0.0616960, 0.0603840, 0.0620160, 0.0922880, 0.0614080, 0.0604800, 0.0616640, 0.0762560, 0.0446400, 0.0638400, 0.0429120, 0.0436800, 0.0433600, 0.0429440, 0.0440320, 0.0433280, 0.0433280, 0.0426560, 0.0431360, 0.0434880, 0.0647680, 0.0433920, 0.0619520, 0.0404800, 0.0392320, 0.0396160, 0.0595840, 0.0702720, 0.0397440, 0.0391360, 0.0389760, 0.0578560, 0.0396480, 0.0381120, 0.0389120, 0.0381440, 0.0384000, 0.0395200, 0.0683520, 0.0387520, 0.0385280, 0.0385920, 0.0382080, 0.0594560, 0.0395200, 0.0589760, 0.0482560, 0.0384320, 0.0388160, 0.0383680, 0.0565120, 0.0380480, 0.0375360, 0.0380160, 0.0388800, 0.0381760, 0.0687680, 0.0573120, 0.0397120, 0.0375680, 0.0379520, 0.0380800, 0.0589440, 0.0420800, 0.0577280, 0.0388160, 0.0384960, 0.0380480, 0.0472640, 0.0490560, 0.0559360, 0.0380160, 0.0387200, 0.0385280, 0.0689920, 0.0579520, 0.0398080, 0.0379200, 0.0382720, 0.0390080, 0.0584640, 0.0381760, 0.0386880, 0.0377920, 0.0382400, 0.0496640, 0.0387200, 0.0385600, 0.0611520, 0.0377600, 0.0387200 ],
"bins": [ 4903, 138, 128, 128, 134, 127, 133, 127, 124, 118, 123, 129, 148, 117, 138, 120, 117, 109, 125, 136, 126, 111, 121, 113, 122, 136, 141 ]
}
,
"histogram_atomic_private": {
"timesTransferToDevice": [ 0.0348160, 0.0289920, 0.0601280, 0.0273920, 0.0281600, 0.0294080, 0.0488320, 0.0563200, 0.0284800, 0.0290240, 0.0288640, 0.0278720, 0.0307840, 0.0624960, 0.0331840, 0.0279040, 0.0293760, 0.0280640, 0.0281280, 0.0574720, 0.0296320, 0.0184320, 0.0195840, 0.0187520, 0.0188800, 0.0189760, 0.0392640, 0.0192320, 0.0202880, 0.0184000, 0.0192640, 0.0190720, 0.0387200, 0.0185600, 0.0206720, 0.0191040, 0.0188160, 0.0193920, 0.0428800, 0.0190720, 0.0182720, 0.0183040, 0.0187200, 0.0177280, 0.0179840, 0.0386240, 0.0189760, 0.0177920, 0.0189760, 0.0182080, 0.0186880, 0.0185280, 0.0185280, 0.0177600, 0.0193920, 0.0333760, 0.0191360, 0.0364480, 0.0184960, 0.0186240, 0.0195200, 0.0178560, 0.0371200, 0.0177600, 0.0183360, 0.0183360, 0.0185600, 0.0183040, 0.0385600, 0.0178560, 0.0180800, 0.0184640, 0.0202240, 0.0183680, 0.0392320, 0.0180480, 0.0191680, 0.0177280, 0.0185280, 0.0185600, 0.0385280, 0.0184000, 0.0193920, 0.0178560, 0.0178560, 0.0186240, 0.0396800, 0.0175680, 0.0187840, 0.0183040, 0.0184640, 0.0175360, 0.0402560, 0.0189120, 0.0187200, 0.0180480, 0.0190080, 0.0178880, 0.0525760, 0.0185920 ],
"timesExecution": [ 0.0786880, 0.0820800, 0.0532480, 0.0776960, 0.0528640, 0.0766400, 0.0808640, 0.1196480, 0.0542720, 0.0928960, 0.0532160, 0.0768000, 0.1054400, 0.0532800, 0.0583360, 0.0786240, 0.0836160, 0.0789120, 0.1074560, 0.0781120, 0.1095040, 0.0539200, 0.0534400, 0.0532160, 0.0573440, 0.0554880, 0.0544640, 0.0521920, 0.0542400, 0.0565440, 0.0532480, 0.0552640, 0.0542400, 0.0522560, 0.0604480, 0.0530880, 0.0539200, 0.0729280, 0.0651840, 0.0655040, 0.0509440, 0.0498240, 0.0512000, 0.0511680, 0.0570880, 0.0508800, 0.0522240, 0.0500800, 0.0508160, 0.0510400, 0.0535360, 0.0492160, 0.0504640, 0.0501440, 0.0501760, 0.0501440, 0.0718080, 0.0511040, 0.0502080, 0.0828480, 0.0511360, 0.0706560, 0.0512000, 0.0512000, 0.0510400, 0.0584320, 0.0509760, 0.0693760, 0.0521920, 0.0511680, 0.0604160, 0.0495040, 0.0511360, 0.0718400, 0.0512640, 0.0501440, 0.0512000, 0.0502080, 0.0511360, 0.0512000, 0.0511680, 0.0494400, 0.0509120, 0.0502080, 0.0512000, 0.0703680, 0.0529920, 0.0501440, 0.0502080, 0.0501440, 0.0511680, 0.0709440, 0.0512640, 0.0494720, 0.0512000, 0.0509440, 0.0507840, 0.0726720, 0.0522560, 0.0504960 ],
"timesTransferFromDevice": [ 0.0962240, 0.0596800, 0.0586880, 0.0590400, 0.0586880, 0.0580800, 0.0594560, 0.0863040, 0.0597760, 0.0581120, 0.0595840, 0.0587200, 0.0600960, 0.0864640, 0.0589120, 0.0590400, 0.0589760, 0.0588800, 0.0594880, 0.0918720, 0.0464320, 0.0404160, 0.0398720, 0.0392960, 0.0592320, 0.0397440, 0.0403200, 0.0400320, 0.0398080, 0.0398720, 0.0588480, 0.0402560, 0.0410560, 0.0521600, 0.0397760, 0.0397760, 0.0403840, 0.0402880, 0.0578240, 0.0369920, 0.0384000, 0.0374400, 0.0376000, 0.0578560, 0.0385920, 0.0390720, 0.0385920, 0.0387200, 0.0375360, 0.0572160, 0.0380480, 0.0383680, 0.0512320, 0.0380480, 0.0380480, 0.0585600, 0.0387200, 0.0375040, 0.0382400, 0.0378240, 0.0382080, 0.0387520, 0.0583040, 0.0378240, 0.0379520, 0.0373760, 0.0377280, 0.0388800, 0.0407360, 0.0643520, 0.0377920, 0.0376640, 0.0383040, 0.0378560, 0.0569280, 0.0392000, 0.0379840, 0.0378880, 0.0380480, 0.0383680, 0.0476160, 0.0379840, 0.0373120, 0.0373440, 0.0381440, 0.0380480, 0.0595520, 0.0380160, 0.0377920, 0.0378880, 0.0378560, 0.0487680, 0.0451840, 0.0376640, 0.0377280, 0.0377280, 0.0376960, 0.0383360, 0.0851840, 0.0377280 ],
"bins": [ 4903, 138, 128, 128, 134, 127, 133, 127, 124, 118, 123, 129, 148, 117, 138, 120, 117, 109, 125, 136, 126, 111, 121, 113, 122, 136, 141 ]
}
,