{
"inputLengthInCharacters": 524288,
"uniformInput": false,
"useMappingLetter": true,
"measurements": {
"histogram_atomic_global": {
"timesTransferToDevice": [ 0.1716160, 0.1650560, 0.1722240, 0.1609600, 0.1356160, 0.1358720, 0.1350400, 0.1363840, 0.1665600, 0.1357440, 0.1358400, 0.1360000, 0.1686720, 0.1349440, 0.1350080, 0.1343360, 0.1430720, 0.2109440, 0.2087360, 0.1356480, 0.2106240, 0.1360000, 0.1397120, 0.2131520, 0.1625600, 0.1346880, 0.1342720, 0.1340480, 0.1693760, 0.1333440, 0.1328000, 0.1328640, 0.1337280, 0.1344960, 0.1652160, 0.1325760, 0.1320960, 0.1325120, 0.1321280, 0.1327680, 0.1633600, 0.1323840, 0.1548800, 0.1337600, 0.1351040, 0.1321920, 0.1314560, 0.1513280, 0.1324800, 0.1324480, 0.1649280, 0.1343360, 0.1316800, 0.1326400, 0.1333120, 0.1328960, 0.1644800, 0.1314560, 0.1320000, 0.1324800, 0.1660480, 0.1352000, 0.1517120, 0.1326400, 0.1321600, 0.1357120, 0.1329600, 0.1677440, 0.1333120, 0.1322880, 0.1323840, 0.1508800, 0.1334400, 0.1325440, 0.1312640, 0.1330880, 0.1521280, 0.1632320, 0.1319360, 0.1333440, 0.1322240, 0.1321280, 0.1342720, 0.1667840, 0.1323840, 0.1973760, 0.1512320, 0.1331200, 0.1323520, 0.1664960, 0.1316800, 0.1323200, 0.1319680, 0.1344000, 0.1320000, 0.1676800, 0.1318080, 0.1517760, 0.1323520, 0.1325760 ],
"timesExecution": [ 0.9464640, 0.9870720, 0.9602560, 0.9409600, 0.9448320, 0.9538560, 0.9539200, 0.9737600, 0.9508480, 0.9643200, 0.9584000, 0.9433280, 0.9413440, 0.9775680, 0.9627840, 0.9395200, 0.9559360, 0.9798080, 0.9583360, 0.9418560, 0.9406720, 0.9423360, 0.9719680, 0.9812480, 0.9426560, 0.9419840, 0.9610560, 0.9364480, 0.9386560, 1.0280960, 0.9512960, 0.9296640, 0.9391040, 0.9767360, 0.9573440, 0.9428160, 0.9360960, 0.9594240, 0.9596480, 0.9683840, 0.9346880, 0.9401600, 0.9544640, 0.9340800, 0.9535680, 0.9696320, 0.9537600, 0.9544640, 0.9358080, 0.9364480, 0.9568640, 0.9380480, 0.9332800, 0.9344960, 0.9537280, 0.9791040, 0.9363520, 0.9985920, 0.9514880, 0.9345280, 0.9579840, 0.9730880, 0.9545600, 0.9489920, 0.9533440, 0.9369280, 0.9596800, 0.9341760, 0.9437440, 0.9432000, 0.9547200, 0.9370560, 0.9864640, 0.9341120, 0.9522560, 1.0102400, 0.9718720, 0.9373120, 0.9553280, 0.9373120, 0.9336000, 0.9342720, 0.9581760, 0.9376320, 0.9364800, 0.9346560, 0.9529920, 0.9336960, 0.9789440, 0.9352000, 0.9607040, 0.9972480, 0.9342720, 0.9381440, 0.9606080, 0.9395840, 0.9330880, 0.9397760, 0.9538880, 0.9404160 ],
"timesTransferFromDevice": [ 0.0911040, 0.0644160, 0.0939840, 0.0626240, 0.0624640, 0.0628160, 0.0944640, 0.0623360, 0.0629120, 0.0623360, 0.1249920, 0.0709760, 0.0964160, 0.0632000, 0.0614400, 0.0788480, 0.0610240, 0.0634880, 0.0933120, 0.0619520, 0.0622720, 0.0616960, 0.0945280, 0.0635840, 0.0615360, 0.0609920, 0.0622400, 0.0788480, 0.0659840, 0.0614400, 0.0692160, 0.0623360, 0.0618240, 0.0617600, 0.0957440, 0.0624960, 0.0621120, 0.0620480, 0.0931200, 0.0787840, 0.0617280, 0.0623040, 0.0611200, 0.0622080, 0.0921920, 0.0640320, 0.0611200, 0.0622080, 0.0779200, 0.0618880, 0.0660160, 0.0623680, 0.0627520, 0.0621760, 0.0948160, 0.0628800, 0.0787840, 0.0621120, 0.0614400, 0.0760640, 0.0658560, 0.0610880, 0.0611200, 0.0625920, 0.0617280, 0.0937920, 0.0608960, 0.0626240, 0.0808000, 0.0623360, 0.0621120, 0.0935040, 0.0614400, 0.0625920, 0.0626880, 0.0618240, 0.0609600, 0.0945600, 0.0631040, 0.0617600, 0.0609280, 0.0958720, 0.0614080, 0.0959040, 0.1036800, 0.0798080, 0.0623360, 0.0962560, 0.0620160, 0.0616640, 0.0618560, 0.0629120, 0.0626880, 0.0952640, 0.0691520, 0.0620800, 0.0620160, 0.0622400, 0.0613760, 0.0964160 ],
"bins": [ 311444, 8295, 8104, 7952, 8170, 8165, 8168, 8123, 8059, 8241, 8251, 8311, 8187, 8247, 8160, 8189, 8111, 8261, 8013, 8359, 8279, 8206, 8275, 8223, 8167, 8039, 8289 ]
}
,
"histogram_atomic_private": {
"timesTransferToDevice": [ 0.1581760, 0.1675520, 0.1473280, 0.1470400, 0.1481920, 0.1817280, 0.1536000, 0.1442880, 0.1435200, 0.1656000, 0.1410240, 0.1380800, 0.1388480, 0.1338240, 0.1621760, 0.1242240, 0.1313920, 0.1297920, 0.1237760, 0.1246720, 0.1233280, 0.1206080, 0.1172800, 0.1211520, 0.1151040, 0.1135360, 0.1103680, 0.1247040, 0.1093760, 0.2037120, 0.1068160, 0.1101760, 0.1085760, 0.1046080, 0.1188160, 0.1186560, 0.1275840, 0.1080320, 0.1084800, 0.1077440, 0.1272000, 0.1051200, 0.1076480, 0.1037440, 0.1036160, 0.1080320, 0.1055360, 0.1044800, 0.1059520, 0.1085120, 0.1047360, 0.1037120, 0.1279040, 0.1042240, 0.1051840, 0.1021120, 0.1092160, 0.1051200, 0.1057600, 0.1047040, 0.1204480, 0.1035840, 0.1033280, 0.1307520, 0.1048640, 0.1054080, 0.1051520, 0.1083200, 0.1253120, 0.1048320, 0.1049600, 0.1028480, 0.1241920, 0.1040000, 0.1165440, 0.1034560, 0.1035520, 0.1022400, 0.1078400, 0.1037120, 0.1044160, 0.1033920, 0.1058240, 0.1035520, 0.1303680, 0.1028800, 0.1280000, 0.1033600, 0.1030080, 0.1030400, 0.1266240, 0.1036160, 0.1161600, 0.1095040, 0.1148800, 0.1039360, 0.1274560, 0.1039360, 0.1034240, 0.1041600 ],
"timesExecution": [ 0.2766720, 0.3508800, 0.2729920, 0.3102400, 0.2698880, 0.2866240, 0.2751040, 0.2698240, 0.2715520, 0.3327680, 0.2708480, 0.2678400, 0.2626240, 0.2810240, 0.2557440, 0.2705280, 0.2584320, 0.2991360, 0.2555520, 0.2481920, 0.2506880, 0.2674560, 0.2732800, 0.2581760, 0.2549120, 0.2539200, 0.2459200, 0.2695680, 0.2475520, 0.2505280, 0.2492160, 0.2720960, 0.2432000, 0.2656960, 0.2490880, 0.2478720, 0.2494080, 0.2719040, 0.2429440, 0.2879360, 0.2455360, 0.2626240, 0.2481600, 0.2452160, 0.2736320, 0.2648000, 0.2500800, 0.2475200, 0.2704000, 0.2599680, 0.2458240, 0.2558400, 0.2932800, 0.2625280, 0.2829440, 0.2711360, 0.2496320, 0.2571840, 0.2468800, 0.2488960, 0.2652160, 0.2572800, 0.2457920, 0.2432640, 0.2424000, 0.2576640, 0.2437760, 0.2688320, 0.2460160, 0.2626880, 0.2480320, 0.2461760, 0.2486080, 0.2635840, 0.2472640, 0.2467520, 0.2971200, 0.2697600, 0.2481280, 0.2787520, 0.2608320, 0.2451840, 0.2586880, 0.2444160, 0.2980800, 0.2695680, 0.2503040, 0.2445120, 0.2645120, 0.2422080, 0.2474560, 0.2667200, 0.2914560, 0.2448000, 0.2450880, 0.2677760, 0.2501120, 0.2447680, 0.2444160, 0.2442240 ],
"timesTransferFromDevice": [ 0.0750080, 0.0680000, 0.0695040, 0.1023040, 0.0677440, 0.0673600, 0.1033920, 0.0668800, 0.0668800, 0.0948480, 0.0720320, 0.0616000, 0.0593920, 0.0578880, 0.0796160, 0.0558080, 0.0761280, 0.0829760, 0.0535360, 0.0506240, 0.0503680, 0.0661120, 0.0683200, 0.0458560, 0.0587200, 0.0437760, 0.0690880, 0.0694400, 0.0428480, 0.0436800, 0.0425600, 0.0421760, 0.0426560, 0.0412800, 0.0411520, 0.0413440, 0.0415680, 0.0640640, 0.0626880, 0.0409920, 0.0416320, 0.0412800, 0.0413440, 0.0549440, 0.0419200, 0.0544960, 0.0416320, 0.0414400, 0.0423360, 0.0410560, 0.0408320, 0.0414080, 0.0418560, 0.0532800, 0.0427840, 0.0415680, 0.0410880, 0.0410880, 0.0419840, 0.0630080, 0.0409920, 0.0416960, 0.0422080, 0.0410240, 0.0634880, 0.0465280, 0.0412480, 0.0412160, 0.0419840, 0.0486400, 0.0416640, 0.0421440, 0.0762560, 0.0408640, 0.0418560, 0.0411200, 0.0424960, 0.0415040, 0.0642240, 0.0403840, 0.0425280, 0.0405760, 0.0414720, 0.0406400, 0.0420160, 0.0406720, 0.0418880, 0.0410880, 0.0418560, 0.0412800, 0.0632000, 0.0420800, 0.0413120, 0.0411520, 0.0420160, 0.0403520, 0.0687360, 0.0404160, 0.0421440, 0.0446400 ],
"bins": [ 311444, 8295, 8104, 7952, 8170, 8165, 8168, 8123, 8059, 8241, 8251, 8311, 8187, 8247, 8160, 8189, 8111, 8261, 8013, 8359, 8279, 8206, 8275, 8223, 8167, 8039, 8289 ]
}
,