{
"inputLengthInCharacters": 1024,
"uniformInput": true,
"useMappingLetter": false,
"measurements": {
"histogram_atomic_global": {
"timesTransferToDevice": [ 0.0798720, 0.0317440, 0.0289600, 0.0489920, 0.0280640, 0.0671040, 0.0485440, 0.0278720, 0.0274240, 0.0301120, 0.0279040, 0.0495680, 0.0578880, 0.0280960, 0.0474880, 0.0240640, 0.0257600, 0.0430080, 0.0234880, 0.0236480, 0.0243200, 0.0250240, 0.0402880, 0.0248640, 0.0490240, 0.0412800, 0.0239680, 0.0245120, 0.0241600, 0.0367360, 0.0319680, 0.0192640, 0.0184960, 0.0312640, 0.0186560, 0.0192000, 0.0369600, 0.0184640, 0.0191680, 0.0187200, 0.0374720, 0.0313920, 0.0182080, 0.0184960, 0.0305280, 0.0190720, 0.0186880, 0.0526080, 0.0189760, 0.0194880, 0.0183680, 0.0186240, 0.0480320, 0.0190720, 0.0183040, 0.0313600, 0.0185920, 0.0184960, 0.0386240, 0.0194880, 0.0318400, 0.0190080, 0.0183360, 0.0512000, 0.0187840, 0.0459520, 0.0322880, 0.0191040, 0.0182720, 0.0183360, 0.0383680, 0.0323520, 0.0191360, 0.0182080, 0.0309760, 0.0211200, 0.0181440, 0.0288640, 0.0193280, 0.0321280, 0.0183360, 0.0395520, 0.0324800, 0.0187520, 0.0184640, 0.0320960, 0.0186240, 0.0395200, 0.0178240, 0.0187200, 0.0311040, 0.0184000, 0.0182080, 0.0329280, 0.0389440, 0.0190720, 0.0318400, 0.0187840, 0.0188480, 0.0404800 ],
"timesExecution": [ 0.1208320, 0.1402880, 0.0838720, 0.0829440, 0.0759360, 0.0544000, 0.0911040, 0.0737280, 0.0810240, 0.0758080, 0.0820160, 0.0890880, 0.1033920, 0.0561920, 0.0931520, 0.0665600, 0.0963200, 0.0502080, 0.0901440, 0.0707200, 0.0860800, 0.0714240, 0.0829120, 0.0872640, 0.0716480, 0.0716480, 0.0851200, 0.0717120, 0.1696320, 0.0549760, 0.0549440, 0.0669440, 0.0533120, 0.0553920, 0.0659200, 0.0758080, 0.0553600, 0.0674880, 0.0534720, 0.0665920, 0.0552000, 0.0542720, 0.0654720, 0.0544640, 0.0536000, 0.0669440, 0.0542080, 0.0551360, 0.0664960, 0.0544320, 0.0664960, 0.0744960, 0.0553280, 0.0674880, 0.0535040, 0.0645440, 0.0655680, 0.0667200, 0.0665600, 0.0552640, 0.0532480, 0.0655680, 0.0631680, 0.0552320, 0.0694720, 0.0553280, 0.0541440, 0.0655680, 0.0532480, 0.0900800, 0.0542720, 0.0545280, 0.0665280, 0.0542720, 0.0737600, 0.0665280, 0.0747200, 0.0541440, 0.0531840, 0.0544000, 0.0881920, 0.0548160, 0.0539840, 0.0706880, 0.0541760, 0.0542080, 0.0706560, 0.0552960, 0.0653440, 0.0550400, 0.0543040, 0.0655040, 0.0532160, 0.0768000, 0.0668160, 0.0542720, 0.0532480, 0.0683840, 0.0738880, 0.0674240 ],
"timesTransferFromDevice": [ 0.1300800, 0.0824320, 0.0624320, 0.0641280, 0.0622080, 0.1002560, 0.0631040, 0.0629120, 0.0620480, 0.0624640, 0.0928640, 0.0626240, 0.0617280, 0.0684480, 0.0537280, 0.0524160, 0.0528640, 0.0785920, 0.0529600, 0.0528000, 0.0522560, 0.0524480, 0.0528960, 0.0535360, 0.0632320, 0.0528640, 0.0527360, 0.0526400, 0.0417600, 0.0614720, 0.0400000, 0.0397760, 0.0407040, 0.0400960, 0.0575680, 0.0408000, 0.0504320, 0.0402880, 0.0397440, 0.0403840, 0.0597440, 0.0401280, 0.0467520, 0.0406080, 0.0406080, 0.0587520, 0.0398720, 0.0413440, 0.0401600, 0.0402560, 0.0398400, 0.0405760, 0.0590720, 0.0401280, 0.0403520, 0.0503360, 0.0406080, 0.0414720, 0.0608320, 0.0406080, 0.0407680, 0.0407680, 0.0400640, 0.0611200, 0.0398080, 0.0404800, 0.0400000, 0.0405120, 0.0606080, 0.0411200, 0.0402240, 0.0408960, 0.0405760, 0.0409920, 0.0408320, 0.0614080, 0.0510720, 0.0404160, 0.0401600, 0.0400640, 0.0404160, 0.0610560, 0.0399040, 0.0402240, 0.0398400, 0.0607360, 0.0398400, 0.0706560, 0.0404480, 0.0401600, 0.0402880, 0.0408640, 0.0615680, 0.0416640, 0.0511040, 0.0401600, 0.0401280, 0.0404480, 0.0399360, 0.0624320 ],
"bins": [ 0, 0, 0, 0, 0, 0, 0, 0, 0, 0, 0, 0, 0, 0, 0, 0, 0, 0, 0, 0, 0, 0, 0, 0, 0, 0, 0, 0, 0, 0, 0, 0, 0, 0, 0, 0, 0, 0, 0, 0, 0, 0, 0, 0, 0, 0, 0, 0, 0, 0, 0, 0, 0, 0, 0, 0, 0, 0, 0, 0, 0, 0, 0, 0, 0, 0, 0, 0, 0, 0, 0, 0, 0, 0, 0, 0, 0, 0, 0, 0, 0, 0, 0, 0, 0, 0, 0, 0, 0, 0, 0, 0, 0, 0, 0, 0, 1024, 0, 0, 0, 0, 0, 0, 0, 0, 0, 0, 0, 0, 0, 0, 0, 0, 0, 0, 0, 0, 0, 0, 0, 0, 0, 0, 0, 0, 0, 0, 0 ]
}
,
"histogram_atomic_private": {
"timesTransferToDevice": [ 0.0350400, 0.0486720, 0.0284160, 0.0285440, 0.0512960, 0.0285760, 0.0289280, 0.0484160, 0.0286400, 0.0273600, 0.0289280, 0.0286720, 0.0491520, 0.0579520, 0.0317760, 0.0497600, 0.0281920, 0.0270400, 0.0303360, 0.0279360, 0.0492160, 0.0228480, 0.0224320, 0.0353920, 0.0218560, 0.0429760, 0.0374080, 0.0208640, 0.0212800, 0.0220800, 0.0215040, 0.0510400, 0.0223680, 0.0222400, 0.0217920, 0.0213120, 0.0217920, 0.0222080, 0.0199360, 0.0188160, 0.0197760, 0.0189760, 0.0191680, 0.0194880, 0.0400960, 0.0193920, 0.0195200, 0.0193600, 0.0201280, 0.0198400, 0.0195200, 0.0409280, 0.0197120, 0.0191680, 0.0191360, 0.0194880, 0.0213440, 0.0383680, 0.0192960, 0.0197440, 0.0192320, 0.0187520, 0.0195520, 0.0201920, 0.0194880, 0.0187200, 0.0202560, 0.0190400, 0.0193280, 0.0188160, 0.0203840, 0.0183680, 0.0208960, 0.0193920, 0.0190720, 0.0187200, 0.0196160, 0.0194560, 0.0189440, 0.0185280, 0.0192960, 0.0184640, 0.0193600, 0.0183360, 0.0202880, 0.0187520, 0.0190720, 0.0189120, 0.0198720, 0.0186240, 0.0197760, 0.0183680, 0.0197440, 0.0186880, 0.0192000, 0.0217280, 0.0192320, 0.0233600, 0.0196160, 0.0192640 ],
"timesExecution": [ 0.0808640, 0.0825920, 0.0870080, 0.0573440, 0.0573120, 0.1054720, 0.0819200, 0.0521920, 0.0543360, 0.0683200, 0.0778560, 0.0534080, 0.0860160, 0.0737280, 0.0525440, 0.0532480, 0.0755200, 0.0541120, 0.1065920, 0.0534720, 0.0865280, 0.0780160, 0.0614400, 0.0610240, 0.0888000, 0.0440320, 0.0621120, 0.0561920, 0.0416960, 0.0776640, 0.0652480, 0.0633920, 0.0675520, 0.0613120, 0.0627840, 0.0614400, 0.0461120, 0.1054720, 0.0596800, 0.0550400, 0.0553280, 0.0545280, 0.0552960, 0.0730560, 0.0563520, 0.0542080, 0.0552960, 0.0540160, 0.0544000, 0.0542720, 0.0563200, 0.0552960, 0.0552320, 0.0550400, 0.0543360, 0.0798720, 0.1128320, 0.0544960, 0.0542720, 0.0542400, 0.0532800, 0.0526080, 0.0536000, 0.0623040, 0.0553280, 0.0533760, 0.0542720, 0.0542720, 0.0541440, 0.0531200, 0.0735040, 0.0531840, 0.0788160, 0.0525440, 0.0563520, 0.0765760, 0.0541760, 0.0532160, 0.0727360, 0.0543040, 0.0784320, 0.0533760, 0.0533440, 0.0531200, 0.0542720, 0.0552320, 0.0739520, 0.0523520, 0.0533120, 0.0541440, 0.0539200, 0.0531840, 0.0543040, 0.0626560, 0.0562880, 0.0521920, 0.0740160, 0.0533120, 0.0543040, 0.0539840 ],
"timesTransferFromDevice": [ 0.0685120, 0.0630080, 0.0625280, 0.0617280, 0.0918400, 0.0568960, 0.0628160, 0.0634560, 0.0643520, 0.0624320, 0.0631360, 0.0902720, 0.0728640, 0.0624000, 0.0625920, 0.0625280, 0.0775040, 0.0627200, 0.0635520, 0.0793920, 0.1292800, 0.0460800, 0.0458880, 0.0462400, 0.0470080, 0.0659840, 0.0467200, 0.0464320, 0.0465600, 0.0464320, 0.0469120, 0.0673600, 0.0457280, 0.0578560, 0.0464000, 0.0464960, 0.0464320, 0.0688640, 0.0408000, 0.0402880, 0.0405760, 0.0401600, 0.0408320, 0.0397760, 0.0592320, 0.0398080, 0.0405440, 0.0403840, 0.0401600, 0.0592640, 0.0412480, 0.0518080, 0.0538240, 0.0406080, 0.0406080, 0.0398400, 0.0408640, 0.0505600, 0.0401600, 0.0398080, 0.0404800, 0.0434880, 0.0584000, 0.0398400, 0.0395520, 0.0396800, 0.0443520, 0.0396160, 0.0404480, 0.0862080, 0.0404800, 0.0399360, 0.0400000, 0.0398720, 0.0403200, 0.0404160, 0.0443840, 0.0395840, 0.0411520, 0.0397760, 0.0413760, 0.0398080, 0.0394240, 0.0394560, 0.0401280, 0.0400960, 0.0480000, 0.0388800, 0.0391680, 0.0394880, 0.0405440, 0.0506880, 0.0402240, 0.0397440, 0.0406720, 0.0394880, 0.0403200, 0.0398080, 0.0399360, 0.0398080 ],
"bins": [ 0, 0, 0, 0, 0, 0, 0, 0, 0, 0, 0, 0, 0, 0, 0, 0, 0, 0, 0, 0, 0, 0, 0, 0, 0, 0, 0, 0, 0, 0, 0, 0, 0, 0, 0, 0, 0, 0, 0, 0, 0, 0, 0, 0, 0, 0, 0, 0, 0, 0, 0, 0, 0, 0, 0, 0, 0, 0, 0, 0, 0, 0, 0, 0, 0, 0, 0, 0, 0, 0, 0, 0, 0, 0, 0, 0, 0, 0, 0, 0, 0, 0, 0, 0, 0, 0, 0, 0, 0, 0, 0, 0, 0, 0, 0, 0, 1024, 0, 0, 0, 0, 0, 0, 0, 0, 0, 0, 0, 0, 0, 0, 0, 0, 0, 0, 0, 0, 0, 0, 0, 0, 0, 0, 0, 0, 0, 0, 0 ]
}
,