{
"inputLengthInCharacters": 65536,
"uniformInput": true,
"useMappingLetter": true,
"measurements": {
"histogram_atomic_global": {
"timesTransferToDevice": [ 0.2990400, 0.3231040, 0.2754240, 0.2943360, 0.2798080, 0.2760960, 0.3147520, 0.2809920, 0.2792320, 0.2515520, 0.2883200, 0.0483840, 0.0720320, 0.0451200, 0.0471360, 0.0486400, 0.0480320, 0.0885120, 0.0412480, 0.0419840, 0.0420800, 0.0488000, 0.0493440, 0.0784640, 0.0410560, 0.0658880, 0.0412160, 0.0419840, 0.0423040, 0.0392000, 0.0394240, 0.0420480, 0.0411520, 0.0635200, 0.0402240, 0.0392640, 0.0470400, 0.0474880, 0.0478400, 0.0587520, 0.0385600, 0.0393280, 0.0507840, 0.0416640, 0.0390400, 0.0596480, 0.0479680, 0.0492160, 0.0480000, 0.0592000, 0.0405760, 0.0384320, 0.0396480, 0.0391360, 0.0391680, 0.0396480, 0.0387520, 0.0386240, 0.0386240, 0.0485760, 0.0470080, 0.0845440, 0.0486080, 0.0490880, 0.0390400, 0.0495360, 0.0466560, 0.0476480, 0.0493760, 0.0390400, 0.0391680, 0.0619520, 0.0399360, 0.0399360, 0.0386880, 0.0409920, 0.0504640, 0.0768640, 0.0478080, 0.0400000, 0.0388480, 0.0632960, 0.0396160, 0.0405760, 0.0387520, 0.0383360, 0.0481600, 0.0803840, 0.0480000, 0.0379840, 0.0387520, 0.0389120, 0.0404480, 0.0609600, 0.0388160, 0.0394560, 0.0464640, 0.0797120, 0.0501760, 0.0378240 ],
"timesExecution": [ 0.2713920, 0.2356800, 0.2782720, 0.2313920, 0.2314880, 0.2573440, 0.2334720, 0.2334720, 0.2337280, 0.2884800, 0.2324480, 0.2603520, 0.2263040, 0.2263040, 0.2322880, 0.2485440, 0.2191360, 0.2160320, 0.2171200, 0.2140480, 0.2149760, 0.2314560, 0.2622720, 0.2209920, 0.2229440, 0.2109440, 0.2656000, 0.2151040, 0.2293120, 0.2252800, 0.2065920, 0.2140160, 0.2326080, 0.2068480, 0.2120000, 0.2129920, 0.2334400, 0.2297280, 0.2539840, 0.2150080, 0.2057600, 0.2101760, 0.2099200, 0.2035840, 0.2314240, 0.2194560, 0.2312320, 0.2304000, 0.2180160, 0.2118080, 0.2324480, 0.2119360, 0.2089600, 0.2088960, 0.2295680, 0.2140160, 0.2158400, 0.2058240, 0.2150400, 0.2291840, 0.2639360, 0.2314240, 0.2294400, 0.2184640, 0.2057920, 0.2160960, 0.2392320, 0.2324480, 0.2183360, 0.2037760, 0.2048320, 0.2210240, 0.2130880, 0.2143680, 0.2100160, 0.2118400, 0.2673280, 0.2321280, 0.2160640, 0.2191360, 0.2035200, 0.2110080, 0.2342720, 0.2149760, 0.2100160, 0.2102080, 0.2798400, 0.2317120, 0.2150400, 0.2014080, 0.2026560, 0.2045440, 0.2357120, 0.2150400, 0.2109440, 0.2139840, 0.2293760, 0.2324480, 0.2487040, 0.2089280 ],
"timesTransferFromDevice": [ 0.0967040, 0.0815360, 0.0606720, 0.1187840, 0.0629440, 0.0611840, 0.0919040, 0.0627200, 0.0566400, 0.0615040, 0.0939520, 0.0532160, 0.0541120, 0.0623040, 0.0617280, 0.0779840, 0.0484160, 0.0573120, 0.0473280, 0.0477120, 0.0721600, 0.0616640, 0.0628160, 0.0465280, 0.0457280, 0.0478720, 0.0703360, 0.0475840, 0.0424960, 0.0419840, 0.0468160, 0.0497920, 0.0480000, 0.0625600, 0.0421120, 0.1166400, 0.0791040, 0.0621440, 0.0420480, 0.0636480, 0.0438720, 0.0441920, 0.0439360, 0.0424320, 0.0423040, 0.0686400, 0.0624000, 0.0624320, 0.0427840, 0.0663040, 0.0418560, 0.0418240, 0.0423360, 0.0408640, 0.0417280, 0.0727680, 0.0424000, 0.0398720, 0.0623680, 0.0975680, 0.0634560, 0.0623680, 0.0762560, 0.0418560, 0.0419200, 0.0644800, 0.0628480, 0.0614720, 0.0413120, 0.0423360, 0.0445440, 0.0639680, 0.0436480, 0.0410240, 0.0426880, 0.0924800, 0.0612480, 0.0616640, 0.0425600, 0.0417920, 0.0442880, 0.0661120, 0.0442560, 0.0419840, 0.0417920, 0.0627840, 0.0617600, 0.0935360, 0.0403840, 0.0402880, 0.0420160, 0.0630080, 0.0417280, 0.0402240, 0.0596800, 0.0617600, 0.0630080, 0.0928640, 0.0411200, 0.0402240 ],
"bins": [ 0, 65536, 0, 0, 0, 0, 0, 0, 0, 0, 0, 0, 0, 0, 0, 0, 0, 0, 0, 0, 0, 0, 0, 0, 0, 0, 0 ]
}
,
"histogram_atomic_private": {
"timesTransferToDevice": [ 0.0511680, 0.0767040, 0.0489600, 0.0470400, 0.0486400, 0.0490880, 0.0769920, 0.0485120, 0.0474240, 0.0483520, 0.0483200, 0.0473600, 0.0759680, 0.0476480, 0.0502720, 0.0446720, 0.0464000, 0.0696000, 0.0415680, 0.0414400, 0.0439360, 0.0403840, 0.0404160, 0.0626880, 0.0389120, 0.0379520, 0.0390400, 0.0512320, 0.0391360, 0.0382720, 0.0383680, 0.0384320, 0.0378240, 0.0968640, 0.0391040, 0.0373120, 0.0381440, 0.0373440, 0.0653120, 0.0579840, 0.0372800, 0.0372480, 0.0374720, 0.0378880, 0.0388800, 0.0376320, 0.0380800, 0.0473280, 0.0378560, 0.0385600, 0.0383680, 0.0376640, 0.0366080, 0.0473600, 0.0376640, 0.0375360, 0.0381760, 0.0369280, 0.0387520, 0.0576320, 0.0380480, 0.0383360, 0.0382400, 0.0377920, 0.0378560, 0.0596800, 0.0380480, 0.0475520, 0.0387520, 0.0375680, 0.0377600, 0.0385280, 0.0383040, 0.0469760, 0.0385280, 0.0483520, 0.0484800, 0.0474240, 0.0383360, 0.0569920, 0.0388800, 0.0380480, 0.0529600, 0.0379200, 0.0378880, 0.0470720, 0.0378880, 0.0369600, 0.0391680, 0.0378240, 0.0368320, 0.0466240, 0.0386880, 0.0383680, 0.0389440, 0.0379840, 0.0387520, 0.0587840, 0.0382400, 0.0372480 ],
"timesExecution": [ 0.1107520, 0.1307840, 0.1278080, 0.1258240, 0.1269760, 0.1711680, 0.1372160, 0.1310400, 0.1922880, 0.1308800, 0.1259840, 0.1772160, 0.1392960, 0.1300480, 0.1251520, 0.1178880, 0.1320640, 0.1455360, 0.1103680, 0.1597440, 0.1249600, 0.1067520, 0.1312320, 0.1089280, 0.1095040, 0.1046720, 0.1023040, 0.1096000, 0.1187520, 0.1003840, 0.0983040, 0.1001920, 0.0768640, 0.1044480, 0.1003200, 0.0995200, 0.0980480, 0.0982720, 0.1044160, 0.1034560, 0.0730880, 0.1064640, 0.1000640, 0.0982720, 0.0976320, 0.1099520, 0.0755200, 0.1012800, 0.1013760, 0.0992960, 0.1000000, 0.0990720, 0.0729280, 0.1026240, 0.1013760, 0.0997440, 0.0991360, 0.0983040, 0.1289600, 0.1116160, 0.1025600, 0.0999680, 0.0995200, 0.1014080, 0.1015680, 0.1012480, 0.0737280, 0.1116160, 0.1013760, 0.0993600, 0.0992960, 0.1000640, 0.0750400, 0.1012160, 0.1014400, 0.1280640, 0.1299200, 0.1464000, 0.0747840, 0.1034560, 0.1003200, 0.0992000, 0.0990720, 0.0983040, 0.0727040, 0.1013120, 0.1096000, 0.0992640, 0.0963520, 0.0983040, 0.0757440, 0.1014080, 0.1003520, 0.0972480, 0.0980480, 0.0960960, 0.0737920, 0.1000000, 0.0981440, 0.0972480 ],
"timesTransferFromDevice": [ 0.0647040, 0.0621120, 0.0681920, 0.0614080, 0.0609920, 0.0676800, 0.0882560, 0.0611200, 0.0609600, 0.0613440, 0.0899200, 0.0607680, 0.0613440, 0.0606720, 0.0549440, 0.0541760, 0.0536960, 0.0828480, 0.0470080, 0.0470080, 0.0449600, 0.0679680, 0.0448000, 0.0422400, 0.0413440, 0.0422400, 0.0413120, 0.0711680, 0.0392640, 0.0399680, 0.0451840, 0.0395840, 0.0386880, 0.0707200, 0.0449600, 0.0437120, 0.0407680, 0.0425600, 0.0391040, 0.0585920, 0.0476480, 0.0432640, 0.0393600, 0.0391040, 0.0388160, 0.0585280, 0.0393920, 0.0398080, 0.0387840, 0.0392640, 0.0436800, 0.0391680, 0.0554560, 0.0509440, 0.0401600, 0.0385600, 0.0391040, 0.0393920, 0.0387200, 0.0567040, 0.0435200, 0.0435520, 0.0389760, 0.0388480, 0.0391040, 0.0393920, 0.0395200, 0.0388480, 0.0434560, 0.0697920, 0.0391040, 0.0394240, 0.0386880, 0.0390400, 0.0603200, 0.0600000, 0.0610880, 0.0675520, 0.0398400, 0.0439360, 0.0407680, 0.0390080, 0.0422080, 0.0392960, 0.0396800, 0.0388800, 0.0433920, 0.0406400, 0.0392640, 0.0645440, 0.0390080, 0.0513600, 0.0390720, 0.0387200, 0.0541120, 0.0672320, 0.0400640, 0.0435840, 0.0411200, 0.0425600 ],
"bins": [ 0, 65536, 0, 0, 0, 0, 0, 0, 0, 0, 0, 0, 0, 0, 0, 0, 0, 0, 0, 0, 0, 0, 0, 0, 0, 0, 0 ]
}
,