{
"inputLengthInCharacters": 4096,
"uniformInput": true,
"useMappingLetter": false,
"measurements": {
"histogram_atomic_global": {
"timesTransferToDevice": [ 0.0635520, 0.1024960, 0.0472960, 0.0483840, 0.0478400, 0.0485760, 0.0468480, 0.0490560, 0.0490240, 0.0480320, 0.0470720, 0.0496320, 0.0468800, 0.0648640, 0.0430080, 0.0463680, 0.0478720, 0.0461760, 0.0416960, 0.0446720, 0.0436480, 0.0429440, 0.0419840, 0.0427840, 0.0420480, 0.0426240, 0.0429440, 0.0312960, 0.0304320, 0.0308800, 0.0309120, 0.0311360, 0.0304320, 0.0310080, 0.0510720, 0.0309120, 0.0373440, 0.0311680, 0.0296640, 0.0484480, 0.0305280, 0.0310400, 0.0297600, 0.0310720, 0.0307200, 0.0323840, 0.0300800, 0.0587200, 0.0314880, 0.0306240, 0.0299840, 0.0304000, 0.0302080, 0.0304640, 0.0299520, 0.0305280, 0.0297920, 0.0305920, 0.0299520, 0.0314240, 0.0306240, 0.0322240, 0.0315200, 0.0320000, 0.0300480, 0.0313600, 0.0309440, 0.0314880, 0.0301760, 0.0300160, 0.0302400, 0.0302080, 0.0302080, 0.0305920, 0.0487040, 0.0348160, 0.0311680, 0.0311680, 0.0297600, 0.0303360, 0.0306240, 0.0595840, 0.0309760, 0.0305600, 0.0305280, 0.0307520, 0.0297920, 0.0500160, 0.0307520, 0.0312000, 0.0306560, 0.0310400, 0.0313920, 0.0306560, 0.0606720, 0.0314560, 0.0304000, 0.0314880, 0.0306240, 0.0308800 ],
"timesExecution": [ 0.1208320, 0.0829440, 0.0999360, 0.0819200, 0.0788480, 0.1011840, 0.0828160, 0.1078400, 0.0789760, 0.0808960, 0.0991040, 0.0806080, 0.0847360, 0.1331520, 0.0775040, 0.0912960, 0.0727360, 0.0862080, 0.0896960, 0.0890240, 0.0890560, 0.0746560, 0.0715200, 0.0901760, 0.0715840, 0.0726400, 0.0898240, 0.0715520, 0.0645440, 0.0542720, 0.0512000, 0.0645120, 0.0522560, 0.0860160, 0.0533440, 0.0532160, 0.0665920, 0.0522560, 0.0520000, 0.0643840, 0.0535680, 0.0652800, 0.0521920, 0.0522560, 0.1024320, 0.0533120, 0.0716480, 0.0532800, 0.0522880, 0.0750400, 0.0522560, 0.0520640, 0.0682560, 0.0524160, 0.0641600, 0.0542720, 0.0522880, 0.0648960, 0.0512320, 0.0522240, 0.0531200, 0.0553280, 0.0646720, 0.0532160, 0.0553600, 0.0646720, 0.0522240, 0.0849600, 0.0512000, 0.0554880, 0.0634880, 0.0523840, 0.0520000, 0.0645440, 0.0522240, 0.0686400, 0.0513280, 0.0521920, 0.0636480, 0.0526080, 0.0816000, 0.0529280, 0.0723200, 0.0747840, 0.0519680, 0.0521600, 0.0634880, 0.0525120, 0.0880960, 0.0532160, 0.0522240, 0.0653760, 0.0521920, 0.0539840, 0.0532160, 0.0552960, 0.0653440, 0.0522880, 0.0520320, 0.0645440 ],
"timesTransferFromDevice": [ 0.0963200, 0.0838080, 0.0617920, 0.0611840, 0.0596160, 0.0611200, 0.1054720, 0.0601280, 0.0607040, 0.0738560, 0.0599360, 0.0609600, 0.0597120, 0.0865600, 0.0533440, 0.0535360, 0.0531840, 0.0538240, 0.0557120, 0.0546880, 0.0534080, 0.0538560, 0.0540480, 0.0541440, 0.0539200, 0.0539520, 0.0912000, 0.0391680, 0.0567360, 0.0389120, 0.0388800, 0.0391360, 0.0390080, 0.0392000, 0.0569920, 0.0431680, 0.0495360, 0.0386880, 0.0382400, 0.0575360, 0.0384640, 0.0562560, 0.0381120, 0.0388800, 0.0389120, 0.0383360, 0.0397440, 0.0565120, 0.0390720, 0.0382720, 0.0391680, 0.0384000, 0.0384000, 0.0382080, 0.0605120, 0.0486720, 0.0379520, 0.0387520, 0.0384640, 0.0428480, 0.0573120, 0.0388160, 0.0567680, 0.0389440, 0.0382720, 0.0393280, 0.0386560, 0.0390080, 0.0580800, 0.0380480, 0.0384640, 0.0382720, 0.0383040, 0.0389760, 0.0576640, 0.0388800, 0.0388480, 0.0383680, 0.0386560, 0.0387520, 0.0387520, 0.0585920, 0.0495360, 0.0383360, 0.0380160, 0.0385920, 0.0383040, 0.0589120, 0.0388480, 0.0388800, 0.0387520, 0.0388800, 0.0387520, 0.0390720, 0.0492480, 0.0391040, 0.0589440, 0.0385920, 0.0380160, 0.0385600 ],
"bins": [ 0, 0, 0, 0, 0, 0, 0, 0, 0, 0, 0, 0, 0, 0, 0, 0, 0, 0, 0, 0, 0, 0, 0, 0, 0, 0, 0, 0, 0, 0, 0, 0, 0, 0, 0, 0, 0, 0, 0, 0, 0, 0, 0, 0, 0, 0, 0, 0, 0, 0, 0, 0, 0, 0, 0, 0, 0, 0, 0, 0, 0, 0, 0, 0, 0, 0, 0, 0, 0, 0, 0, 0, 0, 0, 0, 0, 0, 0, 0, 0, 0, 0, 0, 0, 0, 0, 0, 0, 0, 0, 0, 0, 0, 0, 0, 0, 4096, 0, 0, 0, 0, 0, 0, 0, 0, 0, 0, 0, 0, 0, 0, 0, 0, 0, 0, 0, 0, 0, 0, 0, 0, 0, 0, 0, 0, 0, 0, 0 ]
}
,
"histogram_atomic_private": {
"timesTransferToDevice": [ 0.0327360, 0.0288960, 0.0284480, 0.0291200, 0.0281600, 0.0278720, 0.0289600, 0.0277440, 0.0285120, 0.0273920, 0.0287680, 0.0279040, 0.0266880, 0.0256960, 0.0296640, 0.0258560, 0.0266560, 0.0265280, 0.0272320, 0.0257600, 0.0265600, 0.0277760, 0.0263040, 0.0259840, 0.0269120, 0.0268480, 0.0264320, 0.0196160, 0.0209920, 0.0199040, 0.0207040, 0.0186880, 0.0204480, 0.0193920, 0.0193920, 0.0188800, 0.0202880, 0.0184960, 0.0194240, 0.0235840, 0.0207360, 0.0189120, 0.0198720, 0.0200960, 0.0252160, 0.0172480, 0.0183680, 0.0181760, 0.0175680, 0.0177920, 0.0189760, 0.0174720, 0.0181120, 0.0173440, 0.0189440, 0.0181120, 0.0191360, 0.0176640, 0.0196160, 0.0176000, 0.0185280, 0.0179840, 0.0183040, 0.0177280, 0.0179520, 0.0184960, 0.0185600, 0.0172480, 0.0182720, 0.0185920, 0.0184320, 0.0173440, 0.0198720, 0.0175680, 0.0185280, 0.0178880, 0.0188480, 0.0181440, 0.0177920, 0.0175680, 0.0194240, 0.0179840, 0.0189120, 0.0181760, 0.0184640, 0.0174720, 0.0184320, 0.0192000, 0.0373120, 0.0176640, 0.0185920, 0.0305280, 0.0195840, 0.0173120, 0.0189120, 0.0174720, 0.0180480, 0.0175680, 0.0184000, 0.0177920 ],
"timesExecution": [ 0.0541120, 0.0778560, 0.0532480, 0.0983040, 0.0856000, 0.1075200, 0.0532800, 0.0788160, 0.0526400, 0.0778880, 0.0870080, 0.0782080, 0.0717120, 0.0741440, 0.0502080, 0.0748160, 0.0747840, 0.0737600, 0.0502080, 0.0737920, 0.0778560, 0.0790080, 0.0511680, 0.0748160, 0.0686720, 0.0757120, 0.1013120, 0.0575360, 0.0595520, 0.0553600, 0.0801280, 0.0551360, 0.0778560, 0.0560960, 0.0563520, 0.0552640, 0.0563520, 0.0759360, 0.0543040, 0.0798400, 0.0562880, 0.0553280, 0.0556160, 0.0552640, 0.1345280, 0.0499520, 0.0504960, 0.0512960, 0.0713920, 0.0501760, 0.0512320, 0.0509760, 0.0504000, 0.0504640, 0.0512000, 0.0512000, 0.0512640, 0.0501760, 0.0517440, 0.0606720, 0.0511040, 0.0512640, 0.0696000, 0.0686400, 0.0661760, 0.0502720, 0.0521600, 0.0512000, 0.0511360, 0.0512000, 0.0512000, 0.0502080, 0.0514560, 0.0503040, 0.0706560, 0.0604160, 0.0503040, 0.0512000, 0.0508800, 0.0512000, 0.0646400, 0.0509120, 0.0512000, 0.0500800, 0.0788480, 0.0501120, 0.0511360, 0.0510400, 0.0529280, 0.0504000, 0.0512000, 0.0510720, 0.0510720, 0.0519360, 0.0511680, 0.0511040, 0.0512000, 0.0512320, 0.0518400, 0.0706240 ],
"timesTransferFromDevice": [ 0.0653120, 0.0604800, 0.0892160, 0.0594240, 0.0594560, 0.0779840, 0.0650240, 0.0591040, 0.0600640, 0.0594880, 0.0606400, 0.0589760, 0.0836800, 0.0607360, 0.0558720, 0.0559680, 0.0557440, 0.0564800, 0.0559040, 0.0554560, 0.0560320, 0.0561920, 0.0844160, 0.0566720, 0.0556160, 0.0559040, 0.0438400, 0.0419520, 0.0418880, 0.0632640, 0.0421120, 0.0414720, 0.0419520, 0.0534400, 0.0419840, 0.0411520, 0.0417600, 0.0415040, 0.0413760, 0.0410240, 0.0415680, 0.0415680, 0.0415360, 0.0413440, 0.0404160, 0.0377920, 0.0388800, 0.0374720, 0.0329920, 0.0379200, 0.0375040, 0.0378240, 0.0507200, 0.0565120, 0.0387520, 0.0384320, 0.0388480, 0.0381760, 0.0380480, 0.0376960, 0.0377600, 0.0376640, 0.0394240, 0.0392320, 0.0431040, 0.0375040, 0.0383360, 0.0381120, 0.0566720, 0.0659520, 0.0384320, 0.0379200, 0.0384640, 0.0382080, 0.0385600, 0.0384640, 0.0386240, 0.0380800, 0.0391040, 0.0572480, 0.0570880, 0.0381440, 0.0382400, 0.0375680, 0.0385920, 0.0423680, 0.0387200, 0.0376960, 0.0388160, 0.0381440, 0.0382080, 0.0496320, 0.0382400, 0.0562240, 0.0384960, 0.0383680, 0.0389760, 0.0378240, 0.0380480, 0.0389120 ],
"bins": [ 0, 0, 0, 0, 0, 0, 0, 0, 0, 0, 0, 0, 0, 0, 0, 0, 0, 0, 0, 0, 0, 0, 0, 0, 0, 0, 0, 0, 0, 0, 0, 0, 0, 0, 0, 0, 0, 0, 0, 0, 0, 0, 0, 0, 0, 0, 0, 0, 0, 0, 0, 0, 0, 0, 0, 0, 0, 0, 0, 0, 0, 0, 0, 0, 0, 0, 0, 0, 0, 0, 0, 0, 0, 0, 0, 0, 0, 0, 0, 0, 0, 0, 0, 0, 0, 0, 0, 0, 0, 0, 0, 0, 0, 0, 0, 0, 4096, 0, 0, 0, 0, 0, 0, 0, 0, 0, 0, 0, 0, 0, 0, 0, 0, 0, 0, 0, 0, 0, 0, 0, 0, 0, 0, 0, 0, 0, 0, 0 ]
}
,