{
"inputLengthInCharacters": 4294967296,
"uniformInput": false,
"useMappingLetter": true,
"measurements": {
"histogram_atomic_private_stride": {
"timesTransferToDevice": [ 610.9113770, 580.5398560, 577.4400635, 572.2896118, 571.2789307, 572.1661987, 571.2231445, 572.6084595, 571.5640869, 575.8746338, 575.7585449, 572.3045044, 570.9475708, 571.8707275, 571.7415161, 572.5145264, 571.7265015, 577.3162842, 572.6480713, 572.5561523, 571.6052246, 572.5714111, 574.3277588, 571.6420898, 571.8861694, 578.9423828, 571.1334839, 571.8574829, 571.2754517, 572.4217529, 571.2117920, 571.6638184, 573.2357178, 578.8367920, 576.4372559, 573.9780884, 577.6005859, 573.2174683, 571.5023804, 576.3216553, 575.3795776, 576.2926025, 574.8731079, 573.3671875, 572.0615234, 577.1895752, 574.7506104, 573.0499878, 571.1307983, 572.5712280, 571.7413330, 573.1278687, 572.1723022, 580.3388672, 571.2962646, 572.7453003, 571.9257812, 572.6676636, 571.7139893, 572.5427246, 572.6008301, 579.3886108, 572.4140015, 573.4833374, 571.8045654, 573.5346069, 571.3960571, 572.5262451, 574.9908447, 576.8353882, 571.5292358, 572.9312134, 571.9442749, 572.1533203, 571.1347046, 572.8915405, 576.9249268, 573.6372070, 572.7200928, 572.4929810, 571.1811523, 573.2316895, 571.4648438, 572.7769775, 573.0703125, 566.3403931, 565.8581543, 565.9942627, 565.5093384, 566.3781738, 565.8161011, 567.2241211, 572.3928223, 566.8392944, 565.5892334, 566.9893799, 565.8989868, 565.6931152, 566.0369873, 567.9315186 ],
"timesExecution": [ 897.1716919, 897.4531860, 897.2717285, 897.5765991, 897.2143555, 897.3861084, 897.1478882, 897.3130493, 897.2636719, 897.2427368, 897.0419312, 897.1929932, 897.2393799, 897.1807251, 897.4490967, 897.2459717, 897.2756958, 897.1843872, 897.2310791, 897.2352905, 897.3079224, 897.4473877, 897.3328857, 897.2514038, 897.2956543, 897.3933716, 897.1250610, 897.3693848, 897.3101196, 897.3139648, 897.3472900, 897.4488525, 897.0836792, 897.4695435, 897.0242920, 897.2917480, 897.0729980, 897.5439453, 897.1823120, 897.3614502, 897.2645874, 897.2612915, 897.2777710, 897.1716309, 897.2899170, 897.1765747, 897.2822876, 897.1340942, 897.3554077, 897.3114014, 897.3143311, 897.1537476, 897.3979492, 897.3335571, 897.1385498, 897.2406006, 897.2720947, 897.1084595, 897.2485352, 897.2830811, 897.1448364, 897.0377197, 897.3046875, 897.5160522, 897.3400879, 897.4340210, 897.2509766, 897.4863281, 897.3056030, 897.3526611, 897.3622437, 897.3718262, 897.4389038, 897.1734619, 897.2166138, 897.3348389, 897.3644409, 897.2570801, 897.3068237, 897.2881470, 897.2459106, 897.3978271, 897.2878418, 897.1459961, 897.2877808, 897.1203613, 897.1697998, 897.1907959, 897.2919922, 897.2427979, 897.2647705, 897.1240845, 897.2003174, 897.1899414, 897.2564087, 897.1979370, 897.2593384, 897.2742920, 897.3609619, 897.2566528 ],
"timesTransferFromDevice": [ 0.1415040, 0.1384000, 0.1045440, 0.1156480, 0.1429440, 0.1069440, 0.0996480, 0.1043520, 0.1008000, 0.1052480, 0.1211520, 0.0996800, 0.0990400, 0.1049600, 0.1073280, 0.1018560, 0.1029120, 0.1007680, 0.1039360, 0.1167360, 0.1072320, 0.1094720, 0.1061760, 0.1037760, 0.1064960, 0.1025600, 0.1038080, 0.1084480, 0.1048640, 0.1082560, 0.1025600, 0.1103680, 0.0995200, 0.1232320, 0.1418880, 0.1098560, 0.1021120, 0.1091200, 0.1114880, 0.1197760, 0.1037120, 0.1130240, 0.1045760, 0.1112320, 0.1116800, 0.1032960, 0.1086720, 0.1073920, 0.1061440, 0.1084480, 0.1060160, 0.1140480, 0.1085440, 0.1092480, 0.1051840, 0.1059200, 0.1025280, 0.1068480, 0.1049600, 0.1080320, 0.1222080, 0.1030400, 0.1061120, 0.1019840, 0.1233600, 0.1135680, 0.1033600, 0.1057600, 0.1051520, 0.1055040, 0.1032960, 0.1080960, 0.1151680, 0.1065920, 0.1055360, 0.1092800, 0.1596160, 0.1116800, 0.1164480, 0.1054400, 0.1072640, 0.1081600, 0.1061760, 0.1060800, 0.1048960, 0.1145920, 0.1106240, 0.1079040, 0.1135360, 0.1056640, 0.1040960, 0.1157120, 0.1091200, 0.1287360, 0.1052800, 0.1060160, 0.1073280, 0.1112640, 0.1063360, 0.1060800 ],
"bins": [ 2550136830, 67108864, 67108864, 67108864, 67108864, 67108864, 67108864, 67108864, 67108864, 67108864, 67108864, 67108864, 67108864, 67108864, 67108864, 67108864, 67108864, 67108864, 67108864, 67108864, 67108864, 67108864, 67108865, 67108865, 67108864, 67108864, 67108864 ]
}
,
"histogram_atomic_global_stride": {
"timesTransferToDevice": [ 585.6174927, 573.4938354, 573.7294922, 574.1764526, 574.2667236, 573.6922607, 574.2297363, 572.9960327, 579.4680176, 573.1560059, 573.1668701, 572.9607544, 573.9839478, 575.1301270, 574.6888428, 573.5258789, 581.0961304, 573.1929321, 575.0612183, 574.0182495, 575.9655762, 573.9799805, 574.5093384, 573.9902344, 581.1492920, 574.5125122, 575.3905640, 574.7313843, 575.3303833, 576.0590210, 580.9544678, 573.6832275, 574.6352539, 573.8306274, 575.0004883, 574.3925171, 574.5528564, 574.0863647, 581.8874512, 573.3515625, 580.9563599, 573.7645874, 574.7515259, 574.3264160, 581.5780029, 573.9224243, 575.2238770, 572.3548584, 574.9660645, 573.9734497, 574.7326660, 574.3755493, 581.3517456, 574.2132568, 575.9832764, 574.9058838, 574.9906006, 574.3122559, 575.1724854, 574.4984131, 582.2137451, 574.7074585, 575.1331177, 574.5681152, 575.7714233, 574.5681763, 575.1937866, 575.1044312, 581.8516846, 575.4144287, 574.9201050, 574.0643921, 575.8248291, 573.3574829, 575.5705566, 573.5241089, 581.3507080, 572.8215332, 587.0487061, 578.2669067, 574.0595703, 572.2853394, 573.6671143, 572.2994385, 581.6032104, 572.9224243, 574.0510864, 574.3784790, 574.3910522, 573.3416138, 592.9884033, 598.6644897, 605.8225708, 598.8716431, 599.2299805, 598.5205688, 599.7069702, 598.3990479, 600.4269409, 600.1992188 ],
"timesExecution": [ 6879.4482422, 6875.5883789, 6875.1064453, 6875.7729492, 6874.8291016, 6874.7861328, 6874.8344727, 6874.7753906, 6875.0688477, 6874.7915039, 6874.8149414, 6874.8383789, 6874.7778320, 6875.0273438, 6879.3222656, 6874.8178711, 6879.4531250, 6874.7509766, 6875.0791016, 6874.8359375, 6874.7666016, 6874.8173828, 6874.7451172, 6874.8247070, 6875.0327148, 6874.7646484, 6875.1030273, 6874.8105469, 6879.3754883, 6879.2861328, 6874.8081055, 6875.0449219, 6878.7788086, 6875.0571289, 6875.7846680, 6875.1284180, 6874.8198242, 6879.4516602, 6879.3940430, 6879.3920898, 6875.0136719, 6879.5410156, 6874.7797852, 6879.4086914, 6874.8691406, 6874.7949219, 6879.4643555, 6874.7993164, 6874.7910156, 6874.8159180, 6879.4467773, 6879.4843750, 6875.0375977, 6874.8608398, 6882.8969727, 6875.0834961, 6874.8378906, 6879.3920898, 6879.3442383, 6875.0468750, 6874.8012695, 6875.7983398, 6879.4897461, 6874.8168945, 6874.7802734, 6879.3935547, 6879.3041992, 6879.2353516, 6874.8056641, 6879.2470703, 6878.8242188, 6874.8466797, 6875.7636719, 6874.8115234, 6874.9980469, 6879.4086914, 6874.8041992, 6882.9248047, 6874.7988281, 6879.4785156, 6874.7792969, 6874.9389648, 6874.7958984, 6874.8144531, 6875.7490234, 6878.8808594, 6878.8022461, 6874.8706055, 6875.0292969, 6875.7387695, 6879.3959961, 6875.0551758, 6874.8046875, 6875.0415039, 6874.8193359, 6875.0498047, 6875.0996094, 6874.7534180, 6875.0786133, 6875.1250000 ],