{
"inputLengthInCharacters": 2048,
"uniformInput": false,
"useMappingLetter": false,
"measurements": {
"histogram_atomic_global": {
"timesTransferToDevice": [ 0.0479360, 0.0492160, 0.0494080, 0.0491200, 0.0483840, 0.0288320, 0.0287360, 0.0604160, 0.0279680, 0.0487360, 0.0482560, 0.0492480, 0.0757120, 0.0467520, 0.0294080, 0.0282240, 0.0286080, 0.0323200, 0.0483200, 0.0754240, 0.0418880, 0.0336320, 0.0193600, 0.0189440, 0.0200960, 0.0202240, 0.0335360, 0.0333440, 0.0329920, 0.0327360, 0.0353920, 0.0410880, 0.0200000, 0.0198400, 0.0197760, 0.0334400, 0.0622720, 0.0446080, 0.0307200, 0.0188160, 0.0184960, 0.0186240, 0.0197440, 0.0313600, 0.0308480, 0.0316160, 0.0318400, 0.0317440, 0.0189120, 0.0398720, 0.0191040, 0.0182080, 0.0311680, 0.0318720, 0.0524480, 0.0361600, 0.0179520, 0.0188480, 0.0183360, 0.0173440, 0.0315200, 0.0328000, 0.0308800, 0.0315840, 0.0308800, 0.0186560, 0.0390720, 0.0184640, 0.0184320, 0.0319680, 0.0305920, 0.0513920, 0.0311040, 0.0184640, 0.0201280, 0.0213760, 0.0171200, 0.0313280, 0.0317120, 0.0322880, 0.0311360, 0.0319360, 0.0186880, 0.0429440, 0.0231360, 0.0181440, 0.0312640, 0.0320000, 0.0523520, 0.0349760, 0.0198400, 0.0185280, 0.0183040, 0.0185280, 0.0327680, 0.0530240, 0.0323520, 0.0315200, 0.0307200, 0.0183360 ],
"timesExecution": [ 0.0798720, 0.0922560, 0.0583360, 0.0552000, 0.0534720, 0.0828160, 0.0737280, 0.1310720, 0.0645440, 0.0535680, 0.0573440, 0.0547200, 0.0573440, 0.0860160, 0.0757760, 0.0902400, 0.0749120, 0.0542720, 0.1026880, 0.0542720, 0.0542720, 0.0552640, 0.0738560, 0.0903040, 0.0676160, 0.0808960, 0.0653120, 0.0554560, 0.0535680, 0.0552000, 0.0757440, 0.0746880, 0.0676160, 0.0532480, 0.0549120, 0.0788160, 0.0787520, 0.0532160, 0.0515520, 0.0664640, 0.0647360, 0.0849600, 0.0513600, 0.0761280, 0.0513600, 0.0645120, 0.0520960, 0.0523200, 0.0904320, 0.0655040, 0.0644800, 0.0523840, 0.0512000, 0.0729920, 0.0528960, 0.0541120, 0.0665600, 0.0655680, 0.0655360, 0.0529280, 0.0546240, 0.0522560, 0.0520640, 0.0522560, 0.0513280, 0.0735040, 0.0644800, 0.0634880, 0.0514240, 0.0531200, 0.0534720, 0.0528640, 0.0519040, 0.0667840, 0.0705920, 0.0635200, 0.0532160, 0.0736960, 0.0512000, 0.0564800, 0.0515520, 0.0523520, 0.0901120, 0.0652480, 0.0634880, 0.0522240, 0.0512000, 0.0524800, 0.0522240, 0.0552000, 0.0663040, 0.0666240, 0.0636160, 0.0525760, 0.0831680, 0.0533440, 0.0512000, 0.0520640, 0.0511040, 0.0880640 ],
"timesTransferFromDevice": [ 0.1132480, 0.0797120, 0.0594240, 0.0606400, 0.0601600, 0.0911360, 0.0603200, 0.0916800, 0.0603520, 0.0596160, 0.0590400, 0.0600320, 0.0913280, 0.0601280, 0.0595840, 0.0606400, 0.0597440, 0.0893440, 0.0602240, 0.1261120, 0.0412480, 0.0407040, 0.0411200, 0.0402880, 0.0624960, 0.0409280, 0.0451840, 0.0409280, 0.0404480, 0.0609920, 0.0414080, 0.0405120, 0.0404480, 0.0410880, 0.0405760, 0.0416640, 0.0522880, 0.0384000, 0.0379840, 0.0385920, 0.0388800, 0.0383680, 0.0576960, 0.0387840, 0.0390400, 0.0384320, 0.0384320, 0.0394240, 0.0391040, 0.0382720, 0.0384000, 0.0379200, 0.0385600, 0.0386240, 0.0599040, 0.0486080, 0.0384640, 0.0384640, 0.0387520, 0.0511680, 0.0496960, 0.0389760, 0.0388480, 0.0384960, 0.0614400, 0.0384000, 0.0386560, 0.0385280, 0.0390400, 0.0488960, 0.0384000, 0.0590400, 0.0384000, 0.0390400, 0.0382400, 0.0384640, 0.0586240, 0.0386240, 0.0386240, 0.0391680, 0.0390080, 0.0388160, 0.0383680, 0.0589760, 0.0390400, 0.0384320, 0.0381440, 0.0387840, 0.0591680, 0.0390720, 0.0386880, 0.0383680, 0.0392000, 0.0604800, 0.0506880, 0.0392000, 0.0383360, 0.0384320, 0.0502080, 0.0392960 ],
"bins": [ 13, 19, 18, 9, 12, 20, 19, 16, 13, 22, 13, 10, 19, 9, 18, 18, 14, 18, 16, 11, 14, 13, 11, 13, 17, 17, 11, 12, 19, 13, 19, 14, 14, 20, 25, 19, 19, 16, 17, 12, 16, 22, 18, 14, 16, 12, 14, 18, 21, 18, 15, 14, 15, 12, 15, 21, 13, 23, 21, 19, 16, 19, 11, 17, 17, 16, 19, 13, 19, 16, 23, 14, 11, 17, 14, 13, 18, 21, 14, 19, 16, 11, 16, 20, 15, 14, 12, 19, 16, 17, 17, 15, 16, 19, 17, 11, 17, 20, 18, 21, 13, 15, 17, 15, 17, 16, 13, 14, 11, 17, 18, 12, 19, 16, 18, 15, 12, 16, 15, 16, 17, 19, 13, 12, 20, 22, 16, 11 ]
}
,
"histogram_atomic_private": {
"timesTransferToDevice": [ 0.0467840, 0.0407360, 0.0679360, 0.0281280, 0.0296000, 0.0291200, 0.0293120, 0.0570560, 0.0309760, 0.0290560, 0.0295680, 0.0286080, 0.0303680, 0.0279360, 0.0330240, 0.0229440, 0.0248000, 0.0226560, 0.0234240, 0.0229440, 0.0510720, 0.0228800, 0.0236480, 0.0232960, 0.0230080, 0.0448960, 0.0241280, 0.0221440, 0.0240000, 0.0223360, 0.0288960, 0.0388480, 0.0184960, 0.0199040, 0.0195840, 0.0181120, 0.0181120, 0.0181120, 0.0291840, 0.0360960, 0.0191360, 0.0184640, 0.0186560, 0.0176960, 0.0192960, 0.0351680, 0.0185280, 0.0180480, 0.0188800, 0.0178560, 0.0181760, 0.0374720, 0.0184320, 0.0182400, 0.0186240, 0.0183040, 0.0192960, 0.0357760, 0.0183680, 0.0182720, 0.0184960, 0.0182080, 0.0183360, 0.0369280, 0.0189760, 0.0181120, 0.0182400, 0.0188160, 0.0182080, 0.0223040, 0.0201280, 0.0181760, 0.0206080, 0.0180800, 0.0189760, 0.0399360, 0.0190400, 0.0182400, 0.0194880, 0.0176000, 0.0180480, 0.0353280, 0.0183680, 0.0391680, 0.0184640, 0.0187520, 0.0184640, 0.0179200, 0.0182720, 0.0643840, 0.0185280, 0.0186880, 0.0185920, 0.0177600, 0.0184640, 0.0361920, 0.0186880, 0.0178880, 0.0189760, 0.0175680 ],
"timesExecution": [ 0.0611520, 0.1000000, 0.0799040, 0.0541760, 0.0544640, 0.0539840, 0.0812480, 0.0541120, 0.0601280, 0.0583360, 0.0545920, 0.0532480, 0.0841280, 0.0535360, 0.1361600, 0.0447680, 0.0488960, 0.0647040, 0.0471040, 0.0654080, 0.0448960, 0.0655360, 0.0440320, 0.0655680, 0.0655680, 0.0687680, 0.0736000, 0.0798720, 0.0685760, 0.0446720, 0.0883840, 0.0532480, 0.0583680, 0.0522880, 0.0532480, 0.0530240, 0.0521920, 0.0529920, 0.0707520, 0.0521920, 0.0531520, 0.0530240, 0.0521920, 0.0585600, 0.0745280, 0.0521920, 0.0526080, 0.0514880, 0.0601280, 0.0515200, 0.0716480, 0.0562560, 0.0522560, 0.0624320, 0.0521920, 0.0522880, 0.0532480, 0.0532480, 0.0522240, 0.0520000, 0.0521280, 0.0522560, 0.0717120, 0.0522240, 0.0727040, 0.0519040, 0.0530240, 0.0520000, 0.0529920, 0.0736960, 0.0543040, 0.0522560, 0.0522240, 0.0520320, 0.0522560, 0.0525760, 0.0552000, 0.0522560, 0.0525440, 0.0522240, 0.0521920, 0.0530560, 0.0696960, 0.0525440, 0.0596800, 0.0522880, 0.0521920, 0.0520960, 0.0740800, 0.0562560, 0.0717120, 0.0520640, 0.0521280, 0.0522240, 0.0528640, 0.0532480, 0.0624000, 0.0529920, 0.0546240, 0.0522880 ],
"timesTransferFromDevice": [ 0.0991680, 0.0621120, 0.0637440, 0.0665920, 0.0599360, 0.0608960, 0.0615040, 0.0870080, 0.0607040, 0.0592320, 0.0618880, 0.0601280, 0.0604160, 0.0855680, 0.0487040, 0.0528320, 0.0475520, 0.0479360, 0.0480000, 0.0482560, 0.0696000, 0.0487040, 0.0480000, 0.0488000, 0.0489280, 0.0885760, 0.0493120, 0.0495680, 0.0487360, 0.0491200, 0.0488960, 0.0578880, 0.0441280, 0.0507520, 0.0388160, 0.0391360, 0.0397440, 0.0576640, 0.0400320, 0.0401920, 0.0392000, 0.0426880, 0.0384640, 0.0568640, 0.0388480, 0.0392000, 0.0380800, 0.0389760, 0.0385920, 0.0828800, 0.0392960, 0.0388480, 0.0526080, 0.0384640, 0.0389120, 0.0549440, 0.0391680, 0.0388480, 0.0389760, 0.0382720, 0.0387200, 0.0392640, 0.0400960, 0.0464640, 0.0392320, 0.0504000, 0.0394880, 0.0386560, 0.0393280, 0.0859200, 0.0390720, 0.0386880, 0.0394880, 0.0386880, 0.0392000, 0.0568000, 0.0402240, 0.0386880, 0.0391360, 0.0385920, 0.0388160, 0.0389120, 0.0397120, 0.0387520, 0.0387840, 0.0386240, 0.0387840, 0.0394240, 0.0389760, 0.0397120, 0.0391680, 0.0503680, 0.0386560, 0.0387840, 0.0382080, 0.0550400, 0.0386240, 0.0384000, 0.0383680, 0.0441920 ],
"bins": [ 13, 19, 18, 9, 12, 20, 19, 16, 13, 22, 13, 10, 19, 9, 18, 18, 14, 18, 16, 11, 14, 13, 11, 13, 17, 17, 11, 12, 19, 13, 19, 14, 14, 20, 25, 19, 19, 16, 17, 12, 16, 22, 18, 14, 16, 12, 14, 18, 21, 18, 15, 14, 15, 12, 15, 21, 13, 23, 21, 19, 16, 19, 11, 17, 17, 16, 19, 13, 19, 16, 23, 14, 11, 17, 14, 13, 18, 21, 14, 19, 16, 11, 16, 20, 15, 14, 12, 19, 16, 17, 17, 15, 16, 19, 17, 11, 17, 20, 18, 21, 13, 15, 17, 15, 17, 16, 13, 14, 11, 17, 18, 12, 19, 16, 18, 15, 12, 16, 15, 16, 17, 19, 13, 12, 20, 22, 16, 11 ]
}
,