{
"inputLengthInCharacters": 131072,
"uniformInput": true,
"useMappingLetter": false,
"measurements": {
"histogram_atomic_global": {
"timesTransferToDevice": [ 0.0810560, 0.0840320, 0.0515200, 0.0608000, 0.0515200, 0.0522240, 0.0503680, 0.0523840, 0.0522880, 0.0512320, 0.0509760, 0.1027840, 0.0497920, 0.0503040, 0.0503680, 0.0522240, 0.0493760, 0.0515200, 0.0672960, 0.0913600, 0.0489280, 0.0503680, 0.0627520, 0.0500160, 0.0496320, 0.0949760, 0.0524160, 0.0503680, 0.0502720, 0.0502720, 0.0783040, 0.0506240, 0.0489920, 0.0521280, 0.0502080, 0.0498240, 0.0786880, 0.0534720, 0.0496000, 0.0617920, 0.0495360, 0.0496320, 0.0842880, 0.0538880, 0.0515520, 0.0511680, 0.0489280, 0.0683840, 0.0521600, 0.0477760, 0.0486720, 0.0483520, 0.0494400, 0.0498240, 0.0504000, 0.0524160, 0.1171840, 0.0528000, 0.0496960, 0.0528640, 0.0496960, 0.0840320, 0.0497280, 0.0501440, 0.0556480, 0.0499520, 0.0804480, 0.0504640, 0.0802880, 0.0507840, 0.0512000, 0.0507520, 0.0497280, 0.0495680, 0.0761920, 0.0477440, 0.0694080, 0.0522240, 0.0492480, 0.0494400, 0.0738240, 0.0521920, 0.0504960, 0.0502720, 0.0519040, 0.0475840, 0.0864320, 0.0502080, 0.0511680, 0.0499200, 0.0486720, 0.0478080, 0.0492800, 0.0477120, 0.0706880, 0.0522880, 0.0495360, 0.0498880, 0.0489920, 0.0801920 ],
"timesExecution": [ 0.3876160, 0.3645120, 0.3832960, 0.3634880, 0.3663680, 0.3806720, 0.3934400, 0.3623680, 0.3888000, 0.3604160, 0.3670400, 0.3872640, 0.3669120, 0.3766720, 0.3798720, 0.3623680, 0.3608320, 0.4418560, 0.3984960, 0.3735040, 0.3782080, 0.3620480, 0.3776960, 0.3661440, 0.3635200, 0.3823680, 0.3616960, 0.3633600, 0.3775040, 0.3680000, 0.3636160, 0.3821760, 0.3597440, 0.3630720, 0.3827840, 0.3956160, 0.3740800, 0.3844160, 0.3617920, 0.3629440, 0.3794560, 0.3967040, 0.3808640, 0.3641920, 0.3610880, 0.3781760, 0.3583680, 0.3912320, 0.3790400, 0.3578880, 0.3562880, 0.3779840, 0.3610880, 0.3635200, 0.3879040, 0.3767680, 0.3820800, 0.3865920, 0.3635840, 0.3620160, 0.3834560, 0.3737920, 0.3820800, 0.3737920, 0.3609280, 0.3814080, 0.3660800, 0.3638080, 0.3880000, 0.3736320, 0.3623360, 0.3794560, 0.3693440, 0.3607040, 0.3711360, 0.3603520, 0.3599040, 0.3807680, 0.3610240, 0.3633920, 0.4067200, 0.3613760, 0.3860480, 0.3720000, 0.3566400, 0.3920640, 0.3621440, 0.3641280, 0.3795840, 0.3573440, 0.3557120, 0.3732160, 0.3537920, 0.3609920, 0.4116160, 0.3676800, 0.3571200, 0.3755200, 0.3585600, 0.3623360 ],
"timesTransferFromDevice": [ 0.0915200, 0.0892480, 0.0620160, 0.0618240, 0.0611840, 0.0705920, 0.0613760, 0.0619200, 0.0608000, 0.0619840, 0.0610880, 0.0966720, 0.0604480, 0.0671040, 0.0611200, 0.0607040, 0.0721920, 0.0780160, 0.0611200, 0.0579520, 0.0622720, 0.0613440, 0.0602240, 0.0924480, 0.0603520, 0.0613120, 0.0608640, 0.0770560, 0.0618880, 0.0607040, 0.0884800, 0.0585280, 0.0605120, 0.0625600, 0.0606080, 0.0624960, 0.0905280, 0.0613120, 0.0607680, 0.0626880, 0.0608320, 0.0627200, 0.0652160, 0.0615680, 0.0604160, 0.0618880, 0.0613120, 0.0616960, 0.0840640, 0.0585920, 0.0583680, 0.0626880, 0.0603520, 0.0621760, 0.0893760, 0.0659200, 0.0802880, 0.0620800, 0.0610880, 0.1080320, 0.0587520, 0.0632000, 0.0605760, 0.0613120, 0.0606080, 0.0611200, 0.0670720, 0.0581440, 0.0628480, 0.0613760, 0.0603200, 0.0610240, 0.0854080, 0.0589440, 0.0551680, 0.0619520, 0.0609920, 0.0620160, 0.0924480, 0.0588800, 0.0600640, 0.1227520, 0.0605760, 0.0773120, 0.1312000, 0.0759360, 0.0609600, 0.0618560, 0.0619520, 0.0581760, 0.0590400, 0.0578560, 0.0858240, 0.0550080, 0.0611200, 0.0624960, 0.0591680, 0.0580480, 0.0589760, 0.0955200 ],
"bins": [ 0, 0, 0, 0, 0, 0, 0, 0, 0, 0, 0, 0, 0, 0, 0, 0, 0, 0, 0, 0, 0, 0, 0, 0, 0, 0, 0, 0, 0, 0, 0, 0, 0, 0, 0, 0, 0, 0, 0, 0, 0, 0, 0, 0, 0, 0, 0, 0, 0, 0, 0, 0, 0, 0, 0, 0, 0, 0, 0, 0, 0, 0, 0, 0, 0, 0, 0, 0, 0, 0, 0, 0, 0, 0, 0, 0, 0, 0, 0, 0, 0, 0, 0, 0, 0, 0, 0, 0, 0, 0, 0, 0, 0, 0, 0, 0, 131072, 0, 0, 0, 0, 0, 0, 0, 0, 0, 0, 0, 0, 0, 0, 0, 0, 0, 0, 0, 0, 0, 0, 0, 0, 0, 0, 0, 0, 0, 0, 0 ]
}
,
"histogram_atomic_private": {
"timesTransferToDevice": [ 0.0633920, 0.0496000, 0.0503040, 0.0519040, 0.0815360, 0.0679360, 0.0517120, 0.0504960, 0.0500800, 0.0493120, 0.0856960, 0.0525760, 0.0518720, 0.0487360, 0.0508480, 0.0458880, 0.0804160, 0.0468800, 0.0405120, 0.0418880, 0.0416000, 0.0403840, 0.0837440, 0.0403520, 0.0386880, 0.0387200, 0.0382400, 0.0374080, 0.0375040, 0.0365760, 0.0783040, 0.0496640, 0.0521600, 0.0370240, 0.0488640, 0.0361920, 0.0709440, 0.0366080, 0.0363840, 0.0510720, 0.0504000, 0.0488640, 0.0550400, 0.0372160, 0.0373760, 0.0363200, 0.0367360, 0.0378240, 0.0832320, 0.0500480, 0.0524480, 0.0368000, 0.0368960, 0.0360960, 0.0512960, 0.0367360, 0.0370240, 0.0364160, 0.0366400, 0.0360000, 0.0370560, 0.0948800, 0.0369920, 0.0471040, 0.0375360, 0.0367680, 0.0365760, 0.0499840, 0.0367040, 0.0363520, 0.0364480, 0.0534720, 0.0524480, 0.1348160, 0.0544960, 0.0368960, 0.0372160, 0.0367040, 0.0492480, 0.0368960, 0.0798080, 0.0509120, 0.0504640, 0.0369600, 0.0372480, 0.0367040, 0.0521280, 0.0536640, 0.0525440, 0.0367360, 0.0368320, 0.0368640, 0.0476480, 0.0371840, 0.0376640, 0.0497920, 0.1052480, 0.0494080, 0.0383360, 0.0370240 ],
"timesExecution": [ 0.1831680, 0.1751360, 0.1808000, 0.1747200, 0.1762240, 0.2429760, 0.1637440, 0.1740800, 0.1799360, 0.1735040, 0.1821440, 0.2064640, 0.2319680, 0.1672960, 0.1819520, 0.1577600, 0.1669440, 0.1921600, 0.1484800, 0.1429760, 0.1488000, 0.1408320, 0.1545920, 0.1448320, 0.1374720, 0.1627200, 0.1313280, 0.1335040, 0.1483520, 0.1398080, 0.1705280, 0.1877440, 0.1774720, 0.1469440, 0.1477120, 0.1376000, 0.1371840, 0.1502720, 0.1377920, 0.1881600, 0.1619200, 0.1809280, 0.1477440, 0.1343680, 0.1338560, 0.1435200, 0.1337920, 0.1389120, 0.1923200, 0.1671040, 0.1593600, 0.1451200, 0.1328640, 0.1351680, 0.1478720, 0.1337600, 0.1460800, 0.1478080, 0.1328960, 0.1460480, 0.1392640, 0.1361280, 0.1472960, 0.1351360, 0.1366400, 0.1476160, 0.1378880, 0.1355200, 0.1609920, 0.1349120, 0.1679680, 0.1893760, 0.1632640, 0.1497920, 0.1386240, 0.1397760, 0.1449600, 0.1307840, 0.1337600, 0.1453440, 0.1727360, 0.1298560, 0.1910720, 0.1335680, 0.1348800, 0.1496000, 0.1825280, 0.1343680, 0.1902720, 0.1477440, 0.1352960, 0.1436160, 0.1311360, 0.1474880, 0.1521920, 0.1591360, 0.1853760, 0.1848000, 0.1339520, 0.1433600 ],
"timesTransferFromDevice": [ 0.0628480, 0.0606720, 0.0917440, 0.0598720, 0.0616960, 0.0604160, 0.0614720, 0.0625280, 0.0611520, 0.0779200, 0.0622720, 0.0604800, 0.0505600, 0.0575680, 0.1388480, 0.0551360, 0.0793280, 0.0471040, 0.0472320, 0.0473600, 0.0455360, 0.0452480, 0.0661120, 0.0422400, 0.0545600, 0.0827840, 0.0411200, 0.0395520, 0.0601600, 0.0600960, 0.0613440, 0.0606720, 0.0424000, 0.0462720, 0.0662400, 0.0400320, 0.0571200, 0.0385920, 0.0615040, 0.0592960, 0.0888000, 0.0403520, 0.0401280, 0.0512640, 0.0423680, 0.0394880, 0.0694080, 0.0408320, 0.1252160, 0.0766400, 0.0423680, 0.0473600, 0.0592320, 0.0511680, 0.0427520, 0.0391360, 0.0400000, 0.0390720, 0.0436160, 0.0391680, 0.0395840, 0.0598080, 0.0397120, 0.0392960, 0.0404800, 0.0394560, 0.0398080, 0.0396160, 0.0395200, 0.0451200, 0.0631680, 0.0602560, 0.0927360, 0.0394880, 0.0610560, 0.0395520, 0.0397120, 0.0394240, 0.0403840, 0.0604480, 0.0894080, 0.0612800, 0.0398400, 0.0391680, 0.0360640, 0.0607040, 0.0923200, 0.0418560, 0.0279680, 0.0394880, 0.0401280, 0.0425920, 0.0600960, 0.0402880, 0.0616640, 0.0600000, 0.0621120, 0.0401280, 0.0451200, 0.0393280 ],
"bins": [ 0, 0, 0, 0, 0, 0, 0, 0, 0, 0, 0, 0, 0, 0, 0, 0, 0, 0, 0, 0, 0, 0, 0, 0, 0, 0, 0, 0, 0, 0, 0, 0, 0, 0, 0, 0, 0, 0, 0, 0, 0, 0, 0, 0, 0, 0, 0, 0, 0, 0, 0, 0, 0, 0, 0, 0, 0, 0, 0, 0, 0, 0, 0, 0, 0, 0, 0, 0, 0, 0, 0, 0, 0, 0, 0, 0, 0, 0, 0, 0, 0, 0, 0, 0, 0, 0, 0, 0, 0, 0, 0, 0, 0, 0, 0, 0, 131072, 0, 0, 0, 0, 0, 0, 0, 0, 0, 0, 0, 0, 0, 0, 0, 0, 0, 0, 0, 0, 0, 0, 0, 0, 0, 0, 0, 0, 0, 0, 0 ]
}
,