{
"inputLengthInCharacters": 8388608,
"uniformInput": true,
"useMappingLetter": false,
"measurements": {
"histogram_atomic_global": {
"timesTransferToDevice": [ 1.8746240, 1.7873920, 1.8124480, 1.5403200, 1.5198400, 1.6298560, 1.5743361, 1.5024320, 1.5177600, 1.6695360, 1.5221760, 1.5473920, 1.5552000, 1.5972800, 1.4785920, 1.6000000, 1.6349760, 1.5074559, 1.5024960, 1.6993600, 1.4719040, 1.4904640, 1.6017920, 1.5013760, 1.4817280, 1.5966400, 1.4810880, 1.5179520, 1.6075521, 1.5471680, 1.4842240, 1.6039040, 1.5256960, 1.4817920, 1.6014400, 1.4917440, 1.4785600, 1.6232001, 1.5049280, 1.5965120, 1.6152000, 1.4877120, 1.5099200, 1.6162560, 1.4832320, 1.5162880, 1.6019520, 1.5058240, 1.4748480, 1.6793600, 1.4903680, 1.4839680, 1.6455680, 1.4935360, 1.4776320, 1.6197120, 1.4966080, 1.5071681, 1.5977920, 1.5243840, 1.4801600, 1.5931840, 1.5259200, 1.4899200, 1.5844480, 1.5036800, 1.5027200, 1.6473920, 1.4745920, 1.5184640, 1.6015360, 1.4887680, 1.5214720, 1.5899200, 1.4902400, 1.5048640, 1.6333441, 1.4692800, 1.4897280, 1.5944320, 1.4825920, 1.4923840, 1.6409280, 1.5139199, 1.5047359, 1.6489280, 1.5330880, 1.4875200, 1.5982400, 1.4873919, 1.4919360, 1.6696000, 1.5375040, 1.4848320, 1.5978240, 1.5228480, 1.4640960, 1.5946881, 1.4712960, 1.5053440 ],
"timesExecution": [ 17.1801281, 17.1834888, 17.1864643, 17.1444473, 17.1720963, 17.1718082, 17.1588802, 17.1584644, 17.1592636, 17.1538563, 17.1408329, 16.9090557, 16.9060478, 16.8643513, 16.9016953, 16.9056320, 16.9086723, 16.9019527, 16.9085751, 16.8727036, 16.8983040, 16.9258232, 16.9055042, 16.9621124, 16.9129601, 16.9385605, 16.9359360, 16.8837433, 16.9055367, 16.9122887, 16.8840008, 16.9169598, 16.8626881, 16.9311676, 16.9215355, 16.9252472, 16.8739204, 16.9448643, 16.9488964, 16.9279671, 16.8980484, 16.8744316, 16.8928967, 16.9030724, 16.9621449, 16.9189129, 16.8736000, 16.9064007, 16.9205437, 16.9067192, 16.9155521, 16.9258881, 16.8684483, 16.8788166, 16.9039993, 16.9050236, 16.9747524, 16.9024639, 16.8742714, 16.9713593, 16.9550724, 16.9274235, 16.9237766, 16.9124165, 16.8816319, 16.9100475, 16.8737278, 16.9073277, 16.9133434, 16.8756485, 16.8788795, 16.9040318, 16.8766727, 16.9189758, 16.9073925, 16.8836803, 16.8732166, 17.0102081, 16.8779831, 16.9088326, 16.9200001, 16.8796158, 16.9127998, 16.9813766, 16.8821125, 16.8954563, 16.8855686, 16.8801594, 16.9029446, 16.8806725, 16.8716793, 16.9420166, 16.8784637, 16.8754234, 16.9377918, 16.8736649, 16.8734074, 16.9082241, 16.8746243, 16.8888645 ],
"timesTransferFromDevice": [ 0.1741760, 0.1184960, 0.0997760, 0.0696320, 0.0681600, 0.1050560, 0.0694080, 0.1085120, 0.1016320, 0.1037440, 0.0685440, 0.0912000, 0.0944000, 0.0680960, 0.0688000, 0.0660800, 0.0667840, 0.0696000, 0.0692160, 0.0670720, 0.0686400, 0.0677440, 0.0656000, 0.1000000, 0.0657600, 0.0678080, 0.0667200, 0.0664320, 0.0650240, 0.0675840, 0.0663360, 0.0655360, 0.1020800, 0.0680960, 0.0666560, 0.0822400, 0.0686400, 0.0680320, 0.0692800, 0.0683200, 0.0712960, 0.0694080, 0.0682560, 0.0688960, 0.1180800, 0.0667200, 0.0668800, 0.0691200, 0.0705920, 0.0685120, 0.0696960, 0.0691200, 0.0689920, 0.0753280, 0.0709760, 0.0975680, 0.0702400, 0.0690240, 0.0702720, 0.1004480, 0.0680960, 0.0687680, 0.0714240, 0.0780800, 0.0688000, 0.0919360, 0.0701120, 0.0696640, 0.0698240, 0.0707200, 0.0780480, 0.1059840, 0.1100480, 0.0683520, 0.0696320, 0.0679360, 0.0655360, 0.0672960, 0.0675520, 0.0660800, 0.0685440, 0.0679680, 0.0671360, 0.0656960, 0.0676160, 0.0679680, 0.0670080, 0.0682560, 0.0863360, 0.0665920, 0.0676800, 0.0669120, 0.0673920, 0.0679360, 0.0658240, 0.0669120, 0.0749760, 0.0680000, 0.0712000, 0.1067200 ],
"bins": [ 0, 0, 0, 0, 0, 0, 0, 0, 0, 0, 0, 0, 0, 0, 0, 0, 0, 0, 0, 0, 0, 0, 0, 0, 0, 0, 0, 0, 0, 0, 0, 0, 0, 0, 0, 0, 0, 0, 0, 0, 0, 0, 0, 0, 0, 0, 0, 0, 0, 0, 0, 0, 0, 0, 0, 0, 0, 0, 0, 0, 0, 0, 0, 0, 0, 0, 0, 0, 0, 0, 0, 0, 0, 0, 0, 0, 0, 0, 0, 0, 0, 0, 0, 0, 0, 0, 0, 0, 0, 0, 0, 0, 0, 0, 0, 0, 8388608, 0, 0, 0, 0, 0, 0, 0, 0, 0, 0, 0, 0, 0, 0, 0, 0, 0, 0, 0, 0, 0, 0, 0, 0, 0, 0, 0, 0, 0, 0, 0 ]
}
,
"histogram_atomic_private": {
"timesTransferToDevice": [ 1.5547520, 1.5893440, 1.5140160, 1.5480640, 1.4590080, 1.6297600, 1.6612800, 1.5520320, 1.5550719, 1.8604480, 1.5393280, 1.5408000, 1.6946880, 1.5659519, 1.7993280, 1.6210560, 1.7056640, 1.5370560, 1.6482240, 1.8380160, 1.7074240, 1.5317440, 1.7223680, 1.5350080, 1.6639680, 1.5723200, 1.6450239, 1.5389121, 1.5523200, 1.5595200, 1.5506560, 1.6494720, 1.5623680, 1.6366080, 1.5114560, 1.6648960, 1.5511680, 1.6048321, 1.5490880, 1.7285120, 1.5298560, 1.5207360, 1.5747520, 1.5044800, 1.6152641, 1.5524480, 1.6404800, 1.5001600, 1.6237119, 1.5071681, 1.6201600, 1.5604481, 1.5724800, 1.5187520, 1.5358400, 1.6456000, 1.5135040, 1.6105920, 1.5564160, 1.6145600, 1.6076159, 1.6533440, 1.5577281, 1.5238400, 1.5202560, 1.5436800, 1.6155519, 1.4902400, 1.6797121, 1.5885760, 1.7129920, 1.5327040, 1.7204800, 1.5276480, 1.6240960, 1.5175040, 1.4597120, 1.4549119, 1.4978240, 1.5918720, 1.4589120, 1.5774400, 1.4764800, 1.5920640, 1.4564480, 1.4909440, 1.5644161, 1.4647040, 1.6325760, 1.4852480, 1.5667840, 1.4712321, 1.4941440, 1.4496959, 1.4648000, 1.6608000, 1.4914880, 1.5847681, 1.6131840, 1.6770880 ],
"timesExecution": [ 4.0354881, 3.9991679, 4.0232959, 4.0012159, 4.0195198, 4.0310721, 4.0329280, 4.0540161, 4.0591040, 4.0203838, 4.0195198, 4.0482559, 4.0121918, 4.0140162, 4.0812802, 4.0176001, 4.0174398, 4.0525441, 4.0371838, 4.0211840, 4.0633922, 4.0188479, 4.0468159, 4.0361919, 4.0336318, 4.0417919, 4.0206399, 4.0212159, 4.0475521, 4.0153279, 4.0147839, 4.0540161, 4.0023999, 4.0208640, 4.0535040, 4.0409279, 4.0217280, 4.0571842, 4.0262718, 4.0280638, 4.0655041, 4.0212159, 4.0481281, 4.0170240, 4.0266881, 4.0409598, 4.0492802, 4.0159998, 4.0453439, 4.0247998, 4.0238719, 4.0525441, 4.0112319, 4.0547519, 4.0608001, 4.0567679, 4.0356479, 4.0584641, 4.0203838, 4.0157762, 4.1426558, 4.0165119, 4.0393281, 4.0326719, 4.0165439, 4.0396161, 4.0680962, 4.0146880, 4.0488639, 4.0177279, 4.0230079, 4.0556798, 4.0593920, 4.0157118, 4.0958400, 4.0173759, 4.0175362, 4.0521922, 4.0281920, 4.0149760, 4.0602880, 4.0153279, 4.0147200, 4.0146561, 4.0151358, 4.0447998, 4.0167680, 4.0140481, 4.0467520, 4.0165439, 4.0516801, 4.0610242, 4.0255361, 4.0154238, 4.0303040, 4.0287042, 4.0223999, 4.0655999, 4.0258880, 4.0186558 ],
"timesTransferFromDevice": [ 0.0702400, 0.0678720, 0.0666880, 0.0682560, 0.0654720, 0.0697280, 0.0697600, 0.0696960, 0.0690560, 0.0692480, 0.0664960, 0.0685760, 0.0669760, 0.0703680, 0.0712000, 0.0710080, 0.0679360, 0.0697920, 0.0960640, 0.0684480, 0.0991040, 0.0664000, 0.0657600, 0.0672320, 0.0669760, 0.1359680, 0.1106560, 0.0693440, 0.1616960, 0.0697280, 0.0667520, 0.0686400, 0.1095680, 0.0676800, 0.0647680, 0.0687680, 0.1087680, 0.0822080, 0.0665920, 0.0711040, 0.1054400, 0.0659200, 0.0666560, 0.0666560, 0.0663680, 0.0647680, 0.0664320, 0.0744000, 0.0849920, 0.0762560, 0.0680960, 0.0654720, 0.0654080, 0.0693440, 0.0629760, 0.0667200, 0.1154560, 0.0679680, 0.0673280, 0.0950080, 0.0723520, 0.0694080, 0.0661760, 0.0685440, 0.0691520, 0.0674560, 0.0692800, 0.0680640, 0.0680320, 0.0706880, 0.0705280, 0.0701440, 0.0690560, 0.0671680, 0.0688000, 0.0697920, 0.0673920, 0.0696320, 0.0684800, 0.0675840, 0.0664320, 0.1022720, 0.0696960, 0.0648000, 0.0664640, 0.0663040, 0.0697920, 0.0695040, 0.0673280, 0.0683840, 0.0681280, 0.0940160, 0.0676480, 0.0675200, 0.1041600, 0.0692800, 0.0683520, 0.0687040, 0.0687680, 0.0703360 ],
"bins": [ 0, 0, 0, 0, 0, 0, 0, 0, 0, 0, 0, 0, 0, 0, 0, 0, 0, 0, 0, 0, 0, 0, 0, 0, 0, 0, 0, 0, 0, 0, 0, 0, 0, 0, 0, 0, 0, 0, 0, 0, 0, 0, 0, 0, 0, 0, 0, 0, 0, 0, 0, 0, 0, 0, 0, 0, 0, 0, 0, 0, 0, 0, 0, 0, 0, 0, 0, 0, 0, 0, 0, 0, 0, 0, 0, 0, 0, 0, 0, 0, 0, 0, 0, 0, 0, 0, 0, 0, 0, 0, 0, 0, 0, 0, 0, 0, 8388608, 0, 0, 0, 0, 0, 0, 0, 0, 0, 0, 0, 0, 0, 0, 0, 0, 0, 0, 0, 0, 0, 0, 0, 0, 0, 0, 0, 0, 0, 0, 0 ]
}
,