{
"inputLengthInCharacters": 256,
"uniformInput": true,
"useMappingLetter": true,
"measurements": {
"histogram_atomic_global": {
"timesTransferToDevice": [ 0.0839360, 0.0304000, 0.0505280, 0.0308160, 0.0279680, 0.0275520, 0.0618560, 0.0318400, 0.0349440, 0.0286720, 0.0296320, 0.0293760, 0.0603520, 0.0293760, 0.0289280, 0.0360640, 0.0280000, 0.0344320, 0.0296960, 0.0295040, 0.0227520, 0.0200320, 0.0193920, 0.0425600, 0.0202880, 0.0333760, 0.0190400, 0.0200320, 0.0329920, 0.0208640, 0.0198080, 0.0199680, 0.0195840, 0.0194880, 0.0200320, 0.0203520, 0.0496320, 0.0208320, 0.0179520, 0.0188160, 0.0199040, 0.0199360, 0.0185280, 0.0193600, 0.0368320, 0.0186560, 0.0188160, 0.0201280, 0.0297600, 0.0190400, 0.0384000, 0.0314240, 0.0187840, 0.0194240, 0.0306240, 0.0185600, 0.0380160, 0.0185920, 0.0184960, 0.0183360, 0.0389440, 0.0193280, 0.0190080, 0.0181760, 0.0188800, 0.0195840, 0.0404800, 0.0189120, 0.0181440, 0.0198720, 0.0184960, 0.0195200, 0.0399680, 0.0195520, 0.0311680, 0.0214080, 0.0418240, 0.0330880, 0.0184000, 0.0186560, 0.0191360, 0.0183360, 0.0396800, 0.0189120, 0.0185600, 0.0185920, 0.0183360, 0.0196800, 0.0407680, 0.0189120, 0.0182400, 0.0195200, 0.0184960, 0.0186560, 0.0407680, 0.0194240, 0.0263360, 0.0184000, 0.0402240, 0.0191680 ],
"timesExecution": [ 0.1272640, 0.0645440, 0.0532160, 0.0562880, 0.0778560, 0.0592960, 0.0522240, 0.1065280, 0.0544640, 0.0583360, 0.0749440, 0.0891200, 0.0543040, 0.0770880, 0.0534400, 0.0601600, 0.0747840, 0.0841600, 0.0597760, 0.0808320, 0.0572160, 0.0573440, 0.0676800, 0.0580800, 0.0562880, 0.0573120, 0.0567040, 0.0563840, 0.0758080, 0.0573120, 0.0768000, 0.0563200, 0.0556480, 0.0532800, 0.0777920, 0.0574400, 0.0573440, 0.0809280, 0.0528960, 0.0685440, 0.0528320, 0.0460160, 0.0648640, 0.0532160, 0.0542720, 0.0675840, 0.0573440, 0.0542400, 0.0542080, 0.0729920, 0.0549120, 0.0390400, 0.0531520, 0.0532160, 0.0532480, 0.0716800, 0.0777920, 0.0540800, 0.0528640, 0.0501760, 0.0530560, 0.0801920, 0.0648960, 0.0532480, 0.0529280, 0.0696320, 0.0612800, 0.0535680, 0.0648960, 0.0542720, 0.0563520, 0.1015680, 0.0552320, 0.0542080, 0.0532160, 0.0532480, 0.0534400, 0.0748480, 0.0532480, 0.0654080, 0.0531520, 0.0754240, 0.0655040, 0.0544960, 0.0563200, 0.0489280, 0.0532800, 0.0774720, 0.0503360, 0.0534720, 0.0531200, 0.0492800, 0.0533120, 0.0756160, 0.0932160, 0.0543360, 0.0529920, 0.0553280, 0.0535360, 0.0552640 ],
"timesTransferFromDevice": [ 0.0940160, 0.0813120, 0.0629440, 0.0627520, 0.0729920, 0.0631680, 0.0950400, 0.0630720, 0.0625600, 0.0629120, 0.0627840, 0.0628800, 0.0943360, 0.0614720, 0.0621760, 0.0612800, 0.0934720, 0.0638400, 0.0919040, 0.0678080, 0.0421760, 0.0421440, 0.0419520, 0.0623360, 0.0423360, 0.0423360, 0.0532480, 0.0428800, 0.0431040, 0.0616640, 0.0417920, 0.0464000, 0.0419520, 0.0422400, 0.0421120, 0.0420160, 0.0530880, 0.0408640, 0.0404480, 0.0392960, 0.0396160, 0.0394880, 0.0400640, 0.0407680, 0.0607680, 0.0397760, 0.0398080, 0.0400320, 0.0596480, 0.0403200, 0.0403200, 0.0403200, 0.0396160, 0.0399040, 0.0604160, 0.0508800, 0.0395840, 0.0394880, 0.0394560, 0.0401600, 0.0607040, 0.0397440, 0.0398720, 0.0404160, 0.0398080, 0.0404160, 0.0610560, 0.0491200, 0.0400960, 0.0399040, 0.0599040, 0.0408640, 0.0400640, 0.0395200, 0.0397120, 0.0425920, 0.0599360, 0.0416320, 0.0396800, 0.0400320, 0.0396800, 0.0402560, 0.0605760, 0.0400320, 0.0393600, 0.0396160, 0.0605760, 0.0406400, 0.0393920, 0.0400000, 0.0394880, 0.0398400, 0.0625280, 0.0400320, 0.0516800, 0.0394560, 0.0394240, 0.0398720, 0.0420480, 0.0397760 ],
"bins": [ 0, 256, 0, 0, 0, 0, 0, 0, 0, 0, 0, 0, 0, 0, 0, 0, 0, 0, 0, 0, 0, 0, 0, 0, 0, 0, 0 ]
}
,
"histogram_atomic_private": {
"timesTransferToDevice": [ 0.0747840, 0.0265280, 0.0517120, 0.0279360, 0.0293760, 0.0478080, 0.0623360, 0.0344320, 0.0293120, 0.0280640, 0.0293440, 0.0277120, 0.0612800, 0.0281600, 0.0310400, 0.0281920, 0.0288320, 0.0282240, 0.0615680, 0.0276800, 0.0238720, 0.0226560, 0.0233600, 0.0223040, 0.0526400, 0.0232000, 0.0226560, 0.0226560, 0.0395200, 0.0494400, 0.0243200, 0.0387200, 0.0228800, 0.0220480, 0.0229760, 0.0227200, 0.0185280, 0.0182080, 0.0188480, 0.0180160, 0.0183680, 0.0396160, 0.0196160, 0.0173440, 0.0185280, 0.0184000, 0.0193280, 0.0177280, 0.0179200, 0.0179840, 0.0183680, 0.0324160, 0.0189760, 0.0413440, 0.0315840, 0.0177920, 0.0182720, 0.0187520, 0.0401600, 0.0176640, 0.0183040, 0.0178560, 0.0181120, 0.0399360, 0.0190400, 0.0180160, 0.0190720, 0.0181440, 0.0196480, 0.0176320, 0.0384000, 0.0180480, 0.0203840, 0.0281920, 0.0285760, 0.0354560, 0.0183360, 0.0304960, 0.0189440, 0.0189760, 0.0518080, 0.0176000, 0.0187840, 0.0180160, 0.0183680, 0.0176000, 0.0195840, 0.0375360, 0.0188800, 0.0183040, 0.0189440, 0.0491520, 0.0189120, 0.0190080, 0.0192640, 0.0176320, 0.0192960, 0.0184320, 0.0403200, 0.0188800 ],
"timesExecution": [ 0.0604160, 0.0921600, 0.0553600, 0.0551360, 0.0585600, 0.0880320, 0.0562880, 0.1026560, 0.0595200, 0.0541440, 0.0757760, 0.0542720, 0.0593920, 0.0744960, 0.0563200, 0.0540160, 0.0749440, 0.0923840, 0.0536640, 0.0745600, 0.0441600, 0.0447680, 0.0634880, 0.0693760, 0.0524480, 0.0491520, 0.0448000, 0.0675840, 0.0709120, 0.0787520, 0.0440320, 0.0676160, 0.0453440, 0.0624960, 0.0440640, 0.1177920, 0.0542720, 0.0550720, 0.0543040, 0.0666240, 0.0768000, 0.0552640, 0.0491200, 0.0552000, 0.0545600, 0.0870400, 0.0545920, 0.0563520, 0.0687680, 0.0542720, 0.0552960, 0.0541120, 0.0594560, 0.0552640, 0.0553600, 0.0540160, 0.0543360, 0.0761280, 0.0552640, 0.0666560, 0.0545280, 0.0552640, 0.0501760, 0.0552960, 0.0747520, 0.0498560, 0.0549760, 0.0541120, 0.0491200, 0.0751040, 0.0554240, 0.0664320, 0.0553280, 0.0542720, 0.1209920, 0.0540160, 0.0552960, 0.0542720, 0.0550080, 0.0544640, 0.0561600, 0.0645120, 0.0502080, 0.0536000, 0.0543680, 0.0665280, 0.0797760, 0.0563200, 0.0498880, 0.0543360, 0.0553280, 0.0788800, 0.0735040, 0.0533760, 0.0510080, 0.0542400, 0.0658240, 0.0686080, 0.0554240, 0.0757440 ],
"timesTransferFromDevice": [ 0.1063360, 0.0643200, 0.0632000, 0.0743040, 0.0631360, 0.0638400, 0.1181760, 0.0638080, 0.0634880, 0.0630720, 0.0618240, 0.0630400, 0.0945600, 0.0623680, 0.0630400, 0.0623040, 0.0951680, 0.0629440, 0.0627520, 0.0549120, 0.0506560, 0.0500800, 0.0570240, 0.0507520, 0.0507840, 0.0502080, 0.0505280, 0.0504960, 0.0522880, 0.0771520, 0.0503360, 0.0506560, 0.0504960, 0.0902400, 0.0506560, 0.0451840, 0.0400000, 0.0398400, 0.0404160, 0.0613760, 0.0401280, 0.0401600, 0.0497600, 0.0398400, 0.0406720, 0.0400000, 0.0700160, 0.0439680, 0.0400320, 0.0402560, 0.0403200, 0.0616960, 0.0607360, 0.0389760, 0.0408960, 0.0402560, 0.0415360, 0.0397120, 0.0586240, 0.0399360, 0.0408960, 0.0400640, 0.0398080, 0.0596800, 0.0418560, 0.0396480, 0.0405440, 0.0399040, 0.0600640, 0.0685760, 0.0399040, 0.0399040, 0.0743040, 0.0627520, 0.0409920, 0.0600320, 0.0406080, 0.0400320, 0.0402240, 0.0395840, 0.0600000, 0.0396800, 0.0401280, 0.0400000, 0.0396160, 0.0593920, 0.0504640, 0.0395200, 0.0405440, 0.0396480, 0.0406080, 0.0520640, 0.0400960, 0.0599360, 0.0405120, 0.0401600, 0.0402880, 0.0399680, 0.0607360, 0.0411840 ],
"bins": [ 0, 256, 0, 0, 0, 0, 0, 0, 0, 0, 0, 0, 0, 0, 0, 0, 0, 0, 0, 0, 0, 0, 0, 0, 0, 0, 0 ]
}
,