{
"fileName": "./input_data/test.txt",
"inputLengthInCharacters": 10532866,
"uniformInput": false,
"useMappingLetter": true,
"measurements": {
"histogram_atomic_global": {
"timesTransferToDevice": [ 2.1934400, 2.0492480, 2.2735040, 2.1092479, 2.2409599, 2.1157761, 2.3350720, 2.1938560, 2.3655679, 2.1157441, 2.1536641, 1.9381120, 1.9007040, 1.9880320, 1.8821120, 2.0727999, 1.8974720, 1.8976640, 2.0118401, 1.9204479, 2.1177919, 1.9268160, 1.8689920, 1.9893121, 1.8908480, 2.1015360, 1.8814720, 1.8685120, 2.1077759, 1.8935680, 2.1792960, 2.0398719, 1.9144320, 2.0598719, 1.8734080, 1.8899200, 2.0673599, 1.8768640, 2.0794239, 1.8796160, 1.8570880, 2.0678079, 1.9927040, 2.0872960, 1.8373120, 1.8540800, 2.0757120, 1.8219520, 2.0799360, 2.0224321, 1.8544960, 2.0117440, 1.8614399, 2.0081921, 1.8602560, 1.8939840, 2.1331201, 1.8855040, 2.0304959, 2.0919361, 1.8617920, 2.1108479, 1.8923520, 2.0292799, 1.9034240, 1.8333120, 2.0454400, 1.8185600, 2.0119040, 2.1036479, 1.8734400, 2.0585279, 1.8878080, 1.9224640, 2.0696321, 1.8814400, 2.0416000, 1.9445440, 1.8785599, 2.0503359, 1.8892159, 2.0627201, 1.9386560, 1.8212800, 2.0394559, 2.0168960, 2.0809920, 2.0580161, 1.8679360, 2.0182400, 1.9326080, 1.9203200, 2.0150399, 1.8772800, 1.9787520, 2.0067201, 1.8829120, 2.0712960, 1.8861120, 1.8735040 ],
"timesExecution": [ 11.3184643, 11.3373756, 11.3543358, 11.3240957, 11.3370876, 11.3296318, 11.4060163, 11.3555517, 11.3247042, 11.2940159, 11.3649921, 11.3725443, 11.4923840, 11.3261757, 11.3312321, 11.3032961, 11.3301439, 11.2872324, 11.3742723, 11.3207684, 11.3073921, 11.3459520, 11.3437119, 11.3208323, 11.3389120, 11.3590078, 11.3255358, 11.2936964, 11.3052158, 11.2680321, 11.3020163, 11.3210564, 11.2865276, 11.2898235, 11.3800001, 11.3043203, 11.4589443, 11.2812796, 11.4539204, 11.2985601, 11.3561277, 11.3479996, 11.3928318, 11.2900801, 11.3009596, 11.3231039, 11.3471041, 11.3070402, 11.3676796, 11.3526077, 11.3928642, 11.3532476, 11.3356800, 11.3498564, 11.3680639, 11.3558397, 11.3297920, 11.3706560, 11.4191036, 11.3432961, 11.4788485, 11.2900476, 11.3403196, 11.3204479, 11.2760639, 11.2848320, 11.3534403, 11.3316803, 11.3319359, 11.3485441, 11.3744316, 11.2858877, 11.3189116, 11.4808960, 11.3506880, 11.2822084, 11.3426876, 11.2850561, 11.3619518, 11.3220797, 11.4035196, 11.3349438, 11.3468800, 11.2887678, 11.3055363, 11.2879038, 11.3248959, 11.2968321, 11.2849283, 11.2911682, 11.3314877, 11.3046083, 11.3329916, 11.3390083, 11.3531837, 11.2712955, 11.3653440, 11.3191357, 11.3108797, 11.2773438 ],
"timesTransferFromDevice": [ 0.1133440, 0.0838400, 0.1191360, 0.1201920, 0.1216640, 0.1223680, 0.1150400, 0.1192320, 0.0769920, 0.0768320, 0.0841280, 0.1274240, 0.1247040, 0.0785280, 0.0767680, 0.0802560, 0.1140160, 0.1110080, 0.1619520, 0.1377280, 0.2282560, 0.1140800, 0.1488960, 0.1185920, 0.1128000, 0.0826240, 0.0783360, 0.1169920, 0.1283840, 0.0744000, 0.0741120, 0.1106240, 0.1049920, 0.1081920, 0.1196800, 0.1189440, 0.1186880, 0.0756480, 0.0886720, 0.0788800, 0.1129920, 0.1054720, 0.1162560, 0.0751680, 0.0718080, 0.1403520, 0.0969600, 0.0782720, 0.1200320, 0.1196800, 0.1100480, 0.1324480, 0.1085120, 0.1179840, 0.1473280, 0.1386240, 0.1183360, 0.1147520, 0.0750080, 0.1170560, 0.1198080, 0.1128320, 0.1085440, 0.1072320, 0.1078080, 0.1129920, 0.1464000, 0.1119040, 0.1184320, 0.1097600, 0.1068160, 0.1176640, 0.0863040, 0.1127040, 0.1203520, 0.1106880, 0.1135040, 0.0758720, 0.1148160, 0.1073280, 0.1144000, 0.1967360, 0.0795200, 0.0757440, 0.1140800, 0.1327040, 0.1096960, 0.1147840, 0.1144000, 0.1124160, 0.0760320, 0.1181120, 0.1144320, 0.1137280, 0.1124160, 0.0744640, 0.1018240, 0.1178240, 0.1148800, 0.1109120 ],
"bins": [ 1993410, 749428, 92662, 233902, 430782, 987396, 32528, 135676, 16050, 702348, 23754, 47508, 467590, 520020, 409810, 693360, 175266, 61418, 518094, 627662, 824542, 589570, 117486, 5350, 10700, 52858, 13696 ]
}
,
"histogram_atomic_private": {
"timesTransferToDevice": [ 1.9679040, 1.9162560, 1.8461120, 1.8906560, 1.8755521, 1.8228480, 1.8192000, 1.8113600, 2.0685120, 2.0260479, 2.1242559, 2.0126081, 1.9623680, 1.9947840, 1.8775361, 1.8176960, 1.8599041, 1.8623360, 1.8887680, 1.8854080, 1.8659199, 1.8768320, 1.8349119, 1.8303360, 1.8530880, 2.0020161, 2.0390401, 2.0411520, 1.9534400, 2.0821760, 1.8758399, 1.9112960, 1.7344320, 1.8183680, 1.9158080, 1.8326401, 1.8368000, 1.8305920, 1.8091520, 1.8921601, 1.9022720, 1.8223360, 1.8068480, 1.9504960, 2.0242560, 1.9055680, 1.9053440, 1.9292800, 1.9072959, 2.1692801, 1.9815360, 1.8145280, 1.8674240, 1.9054400, 1.8849601, 1.8657600, 1.7089280, 1.9254720, 1.8804801, 1.9912640, 2.0373440, 1.9440960, 1.8651839, 1.8866560, 1.8555200, 2.0332799, 1.8410560, 1.8417920, 1.8350400, 1.8397120, 1.9114881, 1.8456320, 1.8271360, 1.8245120, 1.8475840, 1.8629121, 1.8867520, 1.8197440, 2.0151680, 1.9408640, 2.0089920, 1.9049600, 1.8167360, 1.9429440, 2.0035200, 1.8199040, 1.8596801, 1.8220479, 1.8817281, 1.8116480, 1.8296961, 1.8821760, 1.8174720, 1.9167680, 1.8600000, 1.8161280, 1.8690240, 1.9703680, 2.0008321, 1.9067520 ],
"timesExecution": [ 2.1165440, 2.1810241, 2.0852480, 2.0712960, 2.0690880, 2.0946240, 2.0825281, 2.0793920, 2.1045439, 2.0765440, 2.1162879, 2.0873280, 2.0791039, 2.2211201, 2.0990400, 2.1201601, 2.1264319, 2.1224959, 2.0938239, 2.1060801, 2.1336319, 2.1103680, 2.0972159, 2.1010561, 2.2479041, 2.1367359, 2.0885119, 2.0843840, 2.0884161, 2.1146560, 2.1386240, 2.0593281, 2.0756800, 2.1265280, 2.1290879, 2.0873280, 2.0752640, 2.1523199, 2.0898240, 2.0901439, 2.1527040, 2.1376960, 2.2430079, 2.0702400, 2.0966401, 2.1798401, 2.0841920, 2.0788801, 2.1096320, 2.1632960, 2.1311679, 2.0959361, 2.0909121, 2.1652160, 2.0932801, 2.1217921, 2.0987520, 2.1513281, 2.2209280, 2.0788801, 2.1015999, 2.1256959, 2.1205440, 2.0817599, 2.0730879, 2.1403201, 2.0831680, 2.0959680, 2.1371520, 2.1292160, 2.1375680, 2.0869119, 2.1315839, 2.1148801, 2.1053441, 2.0909441, 2.1505599, 2.0856640, 2.0883520, 2.1080959, 2.0948801, 2.0760000, 2.0768321, 2.0875840, 2.2072001, 2.0912001, 2.1295359, 2.0795519, 2.1523199, 2.1557119, 2.0865920, 2.0807040, 2.1220479, 2.1448319, 2.0788479, 2.0854721, 2.3048639, 2.1041601, 2.0943680, 2.0828481 ],
"timesTransferFromDevice": [ 0.1143680, 0.0766080, 0.0771200, 0.0734080, 0.0705920, 0.0720960, 0.0731200, 0.1100480, 0.1123520, 0.0724480, 0.1178240, 0.0785280, 0.0764160, 0.1095040, 0.1247680, 0.0752320, 0.0747520, 0.0725760, 0.0772480, 0.0821760, 0.0738880, 0.0715200, 0.0746560, 0.0764800, 0.0722240, 0.0757440, 0.0739520, 0.0735040, 0.0758080, 0.0730240, 0.0746880, 0.0699200, 0.0833920, 0.1092160, 0.0736960, 0.0748800, 0.0709120, 0.0769280, 0.0712000, 0.0799680, 0.0771840, 0.1002560, 0.0707840, 0.1087680, 0.0722880, 0.0773760, 0.0744320, 0.0748800, 0.0762560, 0.1678080, 0.0829120, 0.0836160, 0.0750080, 0.0856960, 0.1227840, 0.0766080, 0.0757440, 0.0840640, 0.1155200, 0.0803840, 0.0800960, 0.0846080, 0.1090560, 0.0797760, 0.0755840, 0.0846080, 0.0734080, 0.0778560, 0.0720960, 0.0687040, 0.0788480, 0.0742080, 0.0725120, 0.0717760, 0.0803520, 0.1102080, 0.0833600, 0.0724160, 0.1146880, 0.1078400, 0.0866880, 0.0688640, 0.0720000, 0.0788160, 0.0848960, 0.1096000, 0.0729280, 0.0719040, 0.0726080, 0.0769600, 0.0702400, 0.0704960, 0.0729280, 0.0739200, 0.0720000, 0.0683520, 0.1089600, 0.0748800, 0.0758400, 0.0739520 ],
"bins": [ 1993410, 749428, 92662, 233902, 430782, 987396, 32528, 135676, 16050, 702348, 23754, 47508, 467590, 520020, 409810, 693360, 175266, 61418, 518094, 627662, 824542, 589570, 117486, 5350, 10700, 52858, 13696 ]
}
,