{
"fileName": "./input_data/test.txt",
"inputLengthInCharacters": 10532866,
"uniformInput": false,
"useMappingLetter": false,
"measurements": {
"histogram_atomic_global": {
"timesTransferToDevice": [ 2.4189119, 2.4111040, 2.4690559, 2.2286079, 2.3200319, 2.3429761, 2.2343359, 2.1960320, 2.0638721, 2.0652480, 2.0404160, 2.0675521, 2.0791039, 2.1840961, 2.0038400, 2.1624639, 2.0145280, 2.1880960, 2.0745599, 1.9713600, 2.0332479, 2.0824640, 1.9558080, 2.0079360, 2.0302401, 2.1184001, 1.8778560, 1.9166400, 1.9991360, 1.9822400, 1.8978560, 1.9863360, 1.8909760, 1.9938240, 1.8855040, 1.8985920, 1.8815041, 2.0144320, 2.0448639, 2.0181119, 2.0632639, 2.0415680, 2.0418241, 2.0679040, 2.0538239, 2.0589440, 2.0677121, 2.0809600, 2.0616641, 2.0210559, 2.0213759, 2.0581441, 2.0412800, 1.9738880, 1.9803520, 1.9858240, 2.0456960, 2.0084801, 1.8898240, 1.9321280, 1.9011520, 1.9315840, 1.8970881, 1.9514240, 1.9048960, 1.9097600, 1.8910400, 1.8849920, 2.0572481, 2.0492799, 1.9900160, 2.0560961, 2.0563519, 2.0343361, 2.0810881, 2.0279679, 1.9941120, 2.0689280, 2.0105281, 2.0907841, 2.0459840, 2.0917759, 2.0506880, 2.0201280, 2.0109439, 2.0533121, 1.8464320, 1.9591680, 1.9964480, 1.6626880, 1.6133120, 1.8604161, 1.8781440, 1.7534080, 1.6552640, 1.6127040, 1.7035201, 1.7785280, 1.5011520, 1.6521280 ],
"timesExecution": [ 9.5354242, 9.5947523, 9.5897598, 9.5755196, 9.5973444, 9.6206083, 9.5784636, 9.5380478, 9.6271677, 9.5366716, 9.5530882, 9.5908155, 9.5389757, 9.5500803, 9.5812483, 9.5601597, 9.5423040, 9.5952644, 9.5630083, 9.5732164, 9.6081924, 9.5557442, 9.5662718, 9.5581436, 9.5572157, 9.6207361, 9.5168962, 9.5405760, 9.6069441, 9.5202236, 9.5050879, 9.6071043, 9.5832005, 9.6416960, 9.5980482, 9.5661440, 9.5644798, 9.5944004, 9.5786238, 9.5676804, 9.5910397, 9.5939522, 9.5629444, 9.5490561, 9.5921602, 9.6305285, 9.5796804, 9.6229763, 9.5853443, 9.5909443, 9.5288000, 9.6632004, 9.5486078, 9.5809917, 9.6099195, 9.5644484, 9.6953602, 9.6124477, 9.6058884, 9.6949120, 9.6110716, 9.5919037, 9.6096640, 9.5933762, 9.5604162, 9.6888638, 9.5376644, 9.5413437, 9.6404476, 9.5399675, 9.5823364, 9.5813122, 9.5335684, 9.5649281, 9.6732483, 9.5664959, 9.5146561, 9.6066875, 9.5515203, 9.5794563, 9.5759363, 9.5559998, 9.5872641, 9.5314884, 9.5368958, 9.5763197, 9.5153284, 9.5186882, 9.5503044, 9.5089922, 9.5258884, 9.6601915, 9.4956484, 9.4990082, 9.5240316, 9.5096321, 9.4923840, 9.5270395, 9.5064316, 9.5370884 ],
"timesTransferFromDevice": [ 0.1562560, 0.1458880, 0.0897600, 0.0996160, 0.1015680, 0.1049920, 0.0961280, 0.0908480, 0.1562240, 0.0814720, 0.1254400, 0.0917760, 0.1257600, 0.1254400, 0.1351040, 0.0931200, 0.0946240, 0.0863040, 0.0938240, 0.1121600, 0.0898240, 0.0845760, 0.1083200, 0.1172800, 0.0831360, 0.0812160, 0.0765440, 0.1605120, 0.1207680, 0.0809280, 0.0749440, 0.1219520, 0.1394880, 0.1154880, 0.2221440, 0.1502400, 0.1182720, 0.1076480, 0.1114560, 0.1198400, 0.1148480, 0.1115520, 0.1142400, 0.1100800, 0.1274240, 0.1272000, 0.1304640, 0.1310080, 0.1810880, 0.1142080, 0.1180160, 0.1190080, 0.1160320, 0.1101440, 0.1107200, 0.1148480, 0.1338880, 0.1102400, 0.1248320, 0.1089920, 0.1096000, 0.1210240, 0.1132160, 0.0869120, 0.0809600, 0.1235200, 0.1595840, 0.0844480, 0.1217920, 0.1160960, 0.1174400, 0.1168000, 0.1187200, 0.1157760, 0.1147840, 0.1201920, 0.1093440, 0.1276160, 0.1113600, 0.1593600, 0.1204480, 0.1212800, 0.1107520, 0.1575040, 0.0817600, 0.0992320, 0.1129920, 0.1138240, 0.1018240, 0.1112320, 0.0734720, 0.1099520, 0.0914880, 0.0688320, 0.0695040, 0.0704320, 0.0650880, 0.1162880, 0.0954240, 0.1000640 ],
"bins": [ 0, 0, 0, 0, 0, 0, 0, 0, 0, 37022, 0, 0, 0, 0, 0, 0, 0, 0, 0, 0, 0, 0, 0, 0, 0, 0, 0, 0, 0, 0, 0, 1749664, 0, 0, 0, 0, 0, 0, 0, 0, 0, 0, 0, 114062, 0, 92662, 0, 0, 0, 0, 0, 0, 0, 0, 0, 0, 0, 0, 0, 0, 0, 0, 0, 0, 23754, 0, 2568, 8132, 0, 0, 0, 0, 0, 0, 0, 47722, 0, 2568, 0, 0, 0, 0, 23754, 0, 5350, 0, 0, 0, 0, 0, 0, 0, 0, 0, 0, 0, 725674, 92662, 231334, 422650, 987396, 32528, 135676, 16050, 702348, 23754, 47508, 419868, 520020, 407242, 693360, 175266, 61418, 518094, 603908, 824542, 584220, 117486, 5350, 10700, 52858, 13696, 0, 0, 0, 0, 0, 0 ]
}
,
"histogram_atomic_private": {
"timesTransferToDevice": [ 1.8572800, 1.7450240, 1.7646080, 1.7675840, 1.6421760, 1.6975040, 1.6027840, 1.4697280, 1.5468160, 1.4471360, 1.4571840, 1.5264000, 1.5337280, 1.5706240, 1.5018240, 1.5301760, 1.6343040, 1.5848640, 1.6404160, 1.6329600, 1.6065600, 1.6537600, 1.6408640, 1.5511680, 1.5489600, 1.5011840, 1.5373760, 1.4792000, 1.4978880, 1.5126400, 1.4861439, 1.5225600, 1.4439040, 1.4886400, 1.4631680, 1.6136640, 1.5491199, 1.5253119, 1.5462080, 1.5775681, 1.5038400, 1.4270080, 1.4149760, 1.4780160, 1.5870080, 1.4920959, 1.3966080, 1.4421440, 1.4945600, 1.6050240, 1.5251200, 1.5007041, 1.5448320, 1.5199040, 1.5168639, 1.4299200, 1.4668480, 1.4811840, 1.4623359, 1.4716800, 1.6046400, 1.4816639, 1.6434880, 1.4277440, 1.6112320, 1.5926080, 1.5075200, 1.6668800, 1.5482880, 1.5490561, 1.5390080, 1.4598080, 1.5145600, 1.4312320, 1.4371840, 1.5343360, 1.4349120, 1.4324160, 1.5133440, 1.5237761, 1.5226880, 1.5596160, 1.5568000, 1.6184320, 1.6814719, 1.4888960, 1.7823679, 1.9391680, 1.9849600, 1.8757120, 1.5476160, 1.6297280, 1.9306560, 1.9170880, 1.8760639, 1.7914240, 1.8827519, 1.7869120, 1.7646080, 1.8907840 ],
"timesExecution": [ 2.0672319, 2.0329599, 2.0469120, 2.0215681, 2.0349760, 2.0551360, 1.9978880, 2.0053120, 2.0241599, 1.9989120, 2.0107839, 2.0290239, 2.0190721, 2.1151681, 2.0974400, 2.0333121, 2.0200961, 2.0920320, 2.0185919, 2.0546241, 2.0706241, 2.0310080, 2.0719681, 2.0242879, 2.0313921, 2.0670719, 2.0112641, 2.0248320, 2.0486400, 2.1051519, 2.0112319, 2.0793281, 2.0686400, 2.0436800, 2.0589440, 2.0472641, 2.0166719, 2.0958719, 2.0275841, 2.0489600, 2.0464320, 2.0664320, 2.0740800, 2.0494399, 2.0301759, 2.0394239, 2.0335679, 2.0230720, 2.1017280, 2.0228479, 2.0076799, 2.0986240, 2.0409601, 2.0485120, 2.0441279, 2.0511360, 2.0882239, 2.0552001, 2.0258560, 2.0456319, 2.0512321, 2.0435519, 2.0339520, 2.0011520, 2.0545280, 2.0752640, 2.0482559, 2.0334401, 2.0290561, 1.9926080, 1.9898560, 2.0231681, 2.0187199, 2.0098879, 2.0482559, 2.0406401, 2.0004799, 2.0927041, 2.0412481, 2.0029440, 2.0290880, 2.0097599, 2.0211201, 2.0398400, 2.0331521, 2.0977919, 2.0610881, 2.0186880, 2.0758080, 2.0082240, 2.0060799, 2.0779841, 2.0337601, 2.0267200, 2.0690880, 2.0180161, 2.0275519, 2.0790401, 2.0691199, 2.0645440 ],
"timesTransferFromDevice": [ 0.0618240, 0.0908160, 0.0638720, 0.0611840, 0.0611520, 0.1210560, 0.0608320, 0.0623360, 0.0551360, 0.0536640, 0.0901440, 0.0551040, 0.0678720, 0.0584320, 0.1311360, 0.1102080, 0.0624640, 0.0719680, 0.0934720, 0.0590400, 0.0638080, 0.0957760, 0.0701440, 0.0600960, 0.0656960, 0.0630720, 0.0598720, 0.0639040, 0.0603200, 0.0600960, 0.0685120, 0.0907840, 0.0646720, 0.0616000, 0.0584960, 0.0594560, 0.0712960, 0.0603200, 0.0614080, 0.0868480, 0.0833280, 0.0831360, 0.0628480, 0.0560960, 0.0611840, 0.0829440, 0.0540480, 0.0545920, 0.0639360, 0.0624960, 0.0591040, 0.0656640, 0.0591360, 0.0583360, 0.0787200, 0.0928320, 0.0631360, 0.0587840, 0.0599040, 0.0838400, 0.0673600, 0.0615680, 0.0584000, 0.0585920, 0.0601280, 0.0565440, 0.0635520, 0.0819520, 0.0568960, 0.0554240, 0.0814080, 0.0554880, 0.0685760, 0.0549760, 0.0808320, 0.0809600, 0.0616320, 0.1419200, 0.0601280, 0.0581760, 0.0565440, 0.0533760, 0.0644480, 0.0650240, 0.1179520, 0.0973760, 0.0841920, 0.1181440, 0.0824000, 0.0585920, 0.0566720, 0.1247360, 0.0798400, 0.0886080, 0.0818240, 0.0776320, 0.0781760, 0.0815360, 0.0844480, 0.1579840 ],