{
"inputLengthInCharacters": 128,
"uniformInput": false,
"useMappingLetter": false,
"measurements": {
"histogram_atomic_global": {
"timesTransferToDevice": [ 0.0478400, 0.0704960, 0.0276480, 0.0281600, 0.0273920, 0.0285440, 0.0270720, 0.0276800, 0.0276800, 0.0281280, 0.0268160, 0.0273920, 0.0490560, 0.0285440, 0.0553600, 0.0290240, 0.0264000, 0.0319680, 0.0280960, 0.0234880, 0.0198720, 0.0195520, 0.0199040, 0.0207680, 0.0198080, 0.0195840, 0.0408960, 0.0197760, 0.0200000, 0.0192640, 0.0207680, 0.0198080, 0.0188800, 0.0196480, 0.0207680, 0.0200640, 0.0272320, 0.0224000, 0.0177280, 0.0186880, 0.0175360, 0.0312640, 0.0172800, 0.0184000, 0.0175040, 0.0184640, 0.0183360, 0.0201600, 0.0184640, 0.0190080, 0.0182720, 0.0185600, 0.0189120, 0.0301760, 0.0183360, 0.0180800, 0.0183360, 0.0175040, 0.0174080, 0.0186240, 0.0179520, 0.0178240, 0.0379840, 0.0184640, 0.0178880, 0.0185280, 0.0172800, 0.0191040, 0.0399040, 0.0182720, 0.0304320, 0.0187200, 0.0187520, 0.0180480, 0.0185920, 0.0206080, 0.0437120, 0.0175360, 0.0185920, 0.0400000, 0.0173440, 0.0184640, 0.0321920, 0.0182720, 0.0179520, 0.0190720, 0.0390400, 0.0177280, 0.0183040, 0.0187840, 0.0182080, 0.0185920, 0.0397440, 0.0187520, 0.0177600, 0.0185600, 0.0183040, 0.0178880, 0.0176640, 0.0513920 ],
"timesExecution": [ 0.1024320, 0.0573760, 0.0785600, 0.0573760, 0.0757440, 0.0575040, 0.0542720, 0.1074880, 0.0551360, 0.0788160, 0.0534720, 0.0552960, 0.0560960, 0.0869440, 0.0757120, 0.0562880, 0.0757760, 0.0563520, 0.0552640, 0.0755200, 0.0399040, 0.0595520, 0.0399680, 0.0398720, 0.0412800, 0.0604160, 0.0591360, 0.0409600, 0.0542720, 0.0399040, 0.0399040, 0.0781440, 0.0391040, 0.0542720, 0.0397440, 0.0409600, 0.0839360, 0.0546560, 0.0501760, 0.0552960, 0.0541120, 0.0542720, 0.0546240, 0.0668800, 0.0542400, 0.0500480, 0.0441280, 0.0550400, 0.0665280, 0.0562880, 0.0498240, 0.0553280, 0.0542720, 0.0553280, 0.0543040, 0.0709760, 0.0728320, 0.0522240, 0.0542720, 0.0544640, 0.0655040, 0.0571200, 0.0500480, 0.0542720, 0.0545280, 0.0491200, 0.0550400, 0.0694080, 0.0543040, 0.0550080, 0.0540800, 0.0551040, 0.0662720, 0.0532480, 0.0738880, 0.0644800, 0.0542720, 0.0494400, 0.0542720, 0.0509760, 0.0559360, 0.0552960, 0.0543040, 0.0366720, 0.0490560, 0.0756160, 0.0502080, 0.0430400, 0.0542720, 0.0491840, 0.0535360, 0.0706880, 0.0539520, 0.0563200, 0.0663680, 0.0368960, 0.0498880, 0.0554240, 0.0572160, 0.0553280 ],
"timesTransferFromDevice": [ 0.0929280, 0.1149440, 0.0621440, 0.0691520, 0.0619520, 0.1160320, 0.0894080, 0.0623680, 0.0612800, 0.0613440, 0.0624640, 0.0622080, 0.0913280, 0.0631040, 0.0619840, 0.0617920, 0.0616000, 0.0621760, 0.0627840, 0.0446080, 0.0438080, 0.0448640, 0.0438720, 0.0437440, 0.0663040, 0.0441600, 0.0434240, 0.0434880, 0.0439360, 0.0537920, 0.0440320, 0.0440320, 0.0446080, 0.0435520, 0.0442560, 0.0434240, 0.0550080, 0.0591680, 0.0391680, 0.0398080, 0.0388160, 0.0393600, 0.0585600, 0.0401600, 0.0387200, 0.0392000, 0.0388480, 0.0397120, 0.0399040, 0.0588160, 0.0394240, 0.0489920, 0.0391680, 0.0392320, 0.0600960, 0.0482560, 0.0393920, 0.0384960, 0.0391040, 0.0396160, 0.0584640, 0.0400000, 0.0393920, 0.0389440, 0.0395200, 0.0394560, 0.0393600, 0.0398720, 0.0593280, 0.0387840, 0.0393600, 0.0392960, 0.0391040, 0.0412160, 0.0391680, 0.0392960, 0.0400000, 0.0391360, 0.0393280, 0.0501120, 0.0401600, 0.0390400, 0.0384640, 0.0396480, 0.0388800, 0.0397440, 0.0473280, 0.0392960, 0.0393920, 0.0393920, 0.0395520, 0.0398400, 0.0648320, 0.0399360, 0.0503680, 0.0389440, 0.0395840, 0.0661120, 0.0392960, 0.0391680 ],
"bins": [ 2, 1, 2, 0, 0, 2, 2, 1, 1, 3, 1, 0, 1, 1, 0, 0, 1, 3, 0, 1, 1, 0, 0, 1, 3, 0, 0, 1, 0, 2, 1, 1, 0, 3, 0, 2, 0, 0, 0, 0, 0, 5, 0, 1, 1, 2, 2, 1, 1, 1, 1, 0, 2, 1, 0, 0, 0, 1, 0, 0, 1, 1, 0, 1, 1, 1, 1, 0, 1, 0, 1, 0, 1, 1, 1, 0, 4, 2, 1, 2, 1, 0, 0, 2, 3, 1, 0, 4, 0, 0, 1, 1, 2, 0, 0, 2, 0, 3, 0, 0, 0, 1, 0, 2, 1, 1, 2, 2, 0, 1, 0, 0, 0, 1, 1, 2, 2, 4, 3, 1, 0, 2, 1, 1, 2, 0, 1, 1 ]
}
,
"histogram_atomic_private": {
"timesTransferToDevice": [ 0.0398400, 0.0584960, 0.0280000, 0.0276480, 0.0335360, 0.0278720, 0.0277440, 0.0280960, 0.0286720, 0.0266560, 0.0280320, 0.0523520, 0.0279040, 0.0271360, 0.0304320, 0.0279680, 0.0566400, 0.0264000, 0.1002560, 0.0186240, 0.0192640, 0.0193600, 0.0393280, 0.0334400, 0.0194240, 0.0200000, 0.0194560, 0.0396160, 0.0198400, 0.0206400, 0.0200320, 0.0191680, 0.0265920, 0.0178240, 0.0194240, 0.0193600, 0.0197440, 0.0177280, 0.0180480, 0.0178560, 0.0314880, 0.0172480, 0.0179840, 0.0177920, 0.0177920, 0.0181760, 0.0376000, 0.0177920, 0.0181120, 0.0176320, 0.0186880, 0.0183040, 0.0311680, 0.0176320, 0.0387200, 0.0172160, 0.0176320, 0.0273920, 0.0186880, 0.0179200, 0.0182720, 0.0174080, 0.0194560, 0.0173440, 0.0176640, 0.0181760, 0.0183040, 0.0351680, 0.0173440, 0.0180480, 0.0175360, 0.0175360, 0.0195520, 0.0178880, 0.0185280, 0.0176640, 0.0184960, 0.0178240, 0.0358400, 0.0170880, 0.0185280, 0.0304960, 0.0180480, 0.0387520, 0.0187840, 0.0170240, 0.0175360, 0.0177600, 0.0181760, 0.0172480, 0.0180800, 0.0177600, 0.0178560, 0.0170560, 0.0177920, 0.0187200, 0.0182400, 0.0174400, 0.0184000, 0.0174080 ],
"timesExecution": [ 0.0852160, 0.0749440, 0.0830080, 0.0757760, 0.0563520, 0.0542720, 0.0768320, 0.0552320, 0.1075200, 0.0816320, 0.0552640, 0.0534720, 0.0553280, 0.0736640, 0.0552640, 0.0757120, 0.0571840, 0.0560000, 0.0607040, 0.0600640, 0.0543040, 0.0645760, 0.0467520, 0.0612480, 0.0470720, 0.0553280, 0.0442560, 0.0592640, 0.0583680, 0.0595840, 0.0580160, 0.0592960, 0.0584320, 0.0593920, 0.0607040, 0.0723840, 0.0390400, 0.0542720, 0.0552640, 0.0604480, 0.0544000, 0.0542400, 0.0521280, 0.0542720, 0.0503360, 0.0543040, 0.0562240, 0.0676160, 0.0552640, 0.0522240, 0.0552960, 0.0548800, 0.0552640, 0.0542720, 0.0503040, 0.1277120, 0.0535040, 0.0542720, 0.0639040, 0.0656320, 0.0543360, 0.0522560, 0.0614080, 0.0549760, 0.0574720, 0.0536000, 0.0493440, 0.0586880, 0.0768000, 0.0533120, 0.0551040, 0.0655040, 0.0544640, 0.0481280, 0.0544320, 0.0542400, 0.0522240, 0.0607040, 0.0494080, 0.0542720, 0.0550400, 0.0552960, 0.0543360, 0.0675840, 0.0781440, 0.0511680, 0.0542720, 0.0542400, 0.0673600, 0.0534080, 0.0502080, 0.0535680, 0.0624320, 0.0554560, 0.1016000, 0.0509760, 0.0542720, 0.0634880, 0.0542720, 0.0542720 ],
"timesTransferFromDevice": [ 0.0787520, 0.0635840, 0.0624960, 0.0609920, 0.1084480, 0.0619200, 0.0621120, 0.0708160, 0.0778880, 0.0630080, 0.0614720, 0.0615360, 0.0610880, 0.0616960, 0.0901120, 0.0617280, 0.0729920, 0.0611840, 0.0433600, 0.0431040, 0.0437760, 0.0428160, 0.0629760, 0.0436160, 0.0437440, 0.0431360, 0.0434560, 0.0638400, 0.0439680, 0.0433920, 0.0433920, 0.0433600, 0.0435520, 0.0752000, 0.0451200, 0.0432320, 0.0476800, 0.0393920, 0.0404800, 0.0397760, 0.0566400, 0.0490880, 0.0393280, 0.0397760, 0.0399680, 0.0394560, 0.0587840, 0.0394560, 0.0401600, 0.0393600, 0.0399680, 0.0393600, 0.0526400, 0.0395520, 0.0398080, 0.0399680, 0.0399360, 0.0392320, 0.0396480, 0.0393920, 0.0584960, 0.0390080, 0.0392000, 0.0393280, 0.0393280, 0.0386560, 0.0397760, 0.0401920, 0.0408640, 0.0679360, 0.0598400, 0.0393280, 0.0390400, 0.0383680, 0.0692800, 0.0595520, 0.0384960, 0.0385920, 0.0390400, 0.0387520, 0.0391360, 0.0383680, 0.0403200, 0.0392000, 0.0395520, 0.0387200, 0.0580160, 0.0382720, 0.0397440, 0.0391040, 0.0393280, 0.0497600, 0.0433600, 0.0395520, 0.0399680, 0.0391360, 0.0392000, 0.0438720, 0.0494080, 0.0390080 ],
"bins": [ 2, 1, 2, 0, 0, 2, 2, 1, 1, 3, 1, 0, 1, 1, 0, 0, 1, 3, 0, 1, 1, 0, 0, 1, 3, 0, 0, 1, 0, 2, 1, 1, 0, 3, 0, 2, 0, 0, 0, 0, 0, 5, 0, 1, 1, 2, 2, 1, 1, 1, 1, 0, 2, 1, 0, 0, 0, 1, 0, 0, 1, 1, 0, 1, 1, 1, 1, 0, 1, 0, 1, 0, 1, 1, 1, 0, 4, 2, 1, 2, 1, 0, 0, 2, 3, 1, 0, 4, 0, 0, 1, 1, 2, 0, 0, 2, 0, 3, 0, 0, 0, 1, 0, 2, 1, 1, 2, 2, 0, 1, 0, 0, 0, 1, 1, 2, 2, 4, 3, 1, 0, 2, 1, 1, 2, 0, 1, 1 ]
}
,