{
"inputLengthInCharacters": 2147483648,
"uniformInput": true,
"useMappingLetter": false,
"measurements": {
"histogram_atomic_global": {
"timesTransferToDevice": [ 312.3706665, 304.3280945, 289.4981995, 287.7707214, 283.0483704, 284.5472717, 284.1042480, 284.3194885, 283.9148560, 284.7751160, 285.1873169, 288.9710083, 285.4972534, 284.2941589, 283.9208679, 284.8730164, 284.0731812, 284.7218933, 284.1895447, 286.2689514, 284.2080688, 284.6679382, 283.9623108, 285.7209473, 288.6955261, 285.0262146, 292.1820374, 288.1336060, 288.0084534, 285.0463867, 285.1015625, 284.7261353, 284.7538452, 284.7963562, 284.1898193, 283.9087830, 284.1655884, 284.7959290, 284.4966431, 285.0820923, 284.6436768, 286.0493164, 288.6784058, 285.9159546, 284.7741394, 284.7939758, 283.9382629, 284.9221497, 284.1561279, 284.8742371, 284.8048401, 284.7281494, 284.1777039, 284.4555969, 284.6917725, 284.8835449, 284.5559082, 288.5098877, 287.9030457, 286.4349365, 289.6973572, 285.6583862, 285.1350708, 284.5736389, 284.2485962, 284.9760132, 283.8088989, 287.0442810, 289.7589111, 284.7174377, 284.2987976, 287.5120544, 288.6338196, 285.1255188, 284.5757141, 285.4329224, 284.8966675, 288.2466431, 283.9802856, 294.9681702, 287.4450989, 286.0059204, 284.4178467, 284.4883728, 284.1546936, 284.7782898, 284.3113403, 285.4761658, 284.8606262, 284.6899719, 283.6772461, 285.0448303, 284.9382324, 285.4708252, 287.3954163, 289.0494080, 283.9756470, 285.3232117, 284.1318665, 284.6704407 ],
"timesExecution": [ 4281.6557617, 4281.6572266, 4281.5649414, 4281.5605469, 4281.5517578, 4281.4907227, 4281.5156250, 4281.6157227, 4281.4848633, 4281.4179688, 4281.5864258, 4281.6074219, 4281.5815430, 4281.5649414, 4281.6298828, 4281.5952148, 4281.5908203, 4281.6923828, 4281.6562500, 4281.6347656, 4281.7275391, 4281.6108398, 4281.5429688, 4281.5668945, 4281.5756836, 4281.5180664, 4281.5229492, 4281.6503906, 4281.5864258, 4281.4843750, 4281.4848633, 4281.5195312, 4281.5883789, 4281.4863281, 4281.6049805, 4281.4423828, 4281.4970703, 4281.5673828, 4281.5698242, 4281.6030273, 4281.5781250, 4281.6181641, 4281.5297852, 4281.6987305, 4281.5019531, 4281.5307617, 4281.6181641, 4281.5942383, 4281.5297852, 4281.5937500, 4281.5278320, 4281.5380859, 4281.5273438, 4281.4541016, 4281.5805664, 4281.6254883, 4281.5649414, 4281.4877930, 4281.5585938, 4281.5854492, 4281.6303711, 4281.5029297, 4281.5488281, 4281.5820312, 4281.5141602, 4281.4697266, 4281.5517578, 4281.4868164, 4281.5537109, 4281.4833984, 4281.5541992, 4281.5825195, 4281.5527344, 4281.5883789, 4281.5688477, 4281.5644531, 4281.5449219, 4281.5971680, 4281.4682617, 4281.4868164, 4281.5307617, 4281.5131836, 4281.4990234, 4281.5102539, 4281.5209961, 4281.5087891, 4281.5478516, 4281.5820312, 4281.5458984, 4281.5209961, 4281.5336914, 4281.5312500, 4281.5346680, 4281.5644531, 4281.6357422, 4281.5610352, 4281.4799805, 4281.6162109, 4281.5341797, 4281.5507812 ],
"timesTransferFromDevice": [ 0.1488960, 0.1403520, 0.1394560, 0.1049280, 0.1452160, 0.1427200, 0.1131520, 0.1410560, 0.1012480, 0.1021440, 0.1062400, 0.1047040, 0.1019520, 0.1036480, 0.1028800, 0.1900160, 0.1002560, 0.1115840, 0.1019520, 0.1034880, 0.1075840, 0.1027520, 0.1126400, 0.1002880, 0.1545600, 0.1038720, 0.1013440, 0.1023680, 0.1027200, 0.1040640, 0.1023680, 0.1019840, 0.1018240, 0.0996160, 0.1005120, 0.0973760, 0.1008000, 0.0992960, 0.1076800, 0.0996480, 0.1148800, 0.1152320, 0.1008960, 0.1053440, 0.1008960, 0.0996800, 0.1100160, 0.1030720, 0.1024960, 0.1002240, 0.1115520, 0.1091840, 0.0995520, 0.0982080, 0.0986240, 0.1022400, 0.1004480, 0.1013440, 0.1067840, 0.1006400, 0.0996800, 0.0998720, 0.0998400, 0.0988160, 0.0996480, 0.0999360, 0.1025600, 0.0981760, 0.1175360, 0.1120640, 0.1028160, 0.1170240, 0.1018240, 0.1014400, 0.1084160, 0.1135680, 0.1010560, 0.1106880, 0.1189120, 0.1047360, 0.1023360, 0.1067200, 0.1036480, 0.1066240, 0.1050560, 0.1063040, 0.1367040, 0.1083200, 0.1043840, 0.1052800, 0.1073920, 0.1092160, 0.1056320, 0.1051200, 0.1545920, 0.1029760, 0.1097600, 0.1024960, 0.1136000, 0.1017280 ],
"bins": [ 0, 0, 0, 0, 0, 0, 0, 0, 0, 0, 0, 0, 0, 0, 0, 0, 0, 0, 0, 0, 0, 0, 0, 0, 0, 0, 0, 0, 0, 0, 0, 0, 0, 0, 0, 0, 0, 0, 0, 0, 0, 0, 0, 0, 0, 0, 0, 0, 0, 0, 0, 0, 0, 0, 0, 0, 0, 0, 0, 0, 0, 0, 0, 0, 0, 0, 0, 0, 0, 0, 0, 0, 0, 0, 0, 0, 0, 0, 0, 0, 0, 0, 0, 0, 0, 0, 0, 0, 0, 0, 0, 0, 0, 0, 0, 0, 2147483648, 0, 0, 0, 0, 0, 0, 0, 0, 0, 0, 0, 0, 0, 0, 0, 0, 0, 0, 0, 0, 0, 0, 0, 0, 0, 0, 0, 0, 0, 0, 0 ]
}
,
"histogram_atomic_private": {
"timesTransferToDevice": [ 285.0151978, 284.8667603, 285.8582458, 285.1165161, 285.4648438, 284.5034790, 285.3930359, 284.8181763, 284.7758789, 285.2761536, 289.3512573, 284.9572754, 285.6196594, 286.0270081, 289.3901978, 285.2430420, 284.7899170, 284.4136658, 285.0017395, 284.0264282, 284.6389771, 286.9391785, 289.1172791, 284.4388733, 285.6945496, 284.8662720, 284.4856873, 284.1938477, 284.8252563, 283.7707520, 285.2153320, 284.5254211, 284.8985596, 284.2202759, 284.4872131, 284.7031250, 285.7424316, 288.8572083, 285.5335999, 284.2148743, 284.2544556, 284.0002747, 284.9555969, 284.5667419, 284.9617615, 284.2729797, 284.7504883, 283.9563599, 284.6284790, 284.2263184, 284.7560120, 284.0834045, 288.0186157, 288.5071716, 284.0909424, 284.3631287, 284.6602783, 284.2465210, 284.4882812, 284.2550049, 284.6985168, 284.2561340, 284.3011780, 284.1197205, 284.5053406, 283.8805237, 284.0039978, 284.2995300, 289.2980042, 285.4574890, 289.6776733, 286.7608032, 285.0936584, 296.1257324, 301.7094727, 298.4290466, 298.4707947, 296.6023865, 297.7702332, 296.7665710, 297.3067932, 300.2013855, 300.9207458, 297.2351990, 297.0995483, 301.7890625, 299.3878479, 297.4385376, 297.4317322, 296.7848816, 297.5199585, 296.7112427, 300.4575806, 300.6269531, 297.4648743, 297.0498352, 297.5991211, 297.7148743, 297.9609070, 296.9246521 ],
"timesExecution": [ 990.4794922, 990.9534302, 992.9747314, 991.6615601, 993.3219604, 992.4898682, 992.3887329, 993.3773804, 991.0613403, 992.2810669, 992.6934814, 991.8345947, 991.9586182, 991.3809814, 993.2239380, 990.4313354, 992.2659912, 990.5373535, 993.5812988, 995.1480103, 992.1246948, 993.2788086, 991.0720825, 992.6339722, 991.8743286, 992.6401978, 990.3823853, 994.3850098, 990.6542969, 992.0150757, 992.3560181, 992.8099365, 990.9393921, 990.6156006, 990.9111938, 990.5720825, 990.8748779, 992.0180054, 990.7633667, 991.0570679, 990.7196045, 992.2777100, 992.0831299, 991.9057617, 990.8967896, 992.1140747, 991.4317017, 993.0029907, 992.7079468, 992.5390015, 991.7777100, 992.0131226, 992.8480835, 991.3561401, 992.3499146, 991.3206177, 992.7935791, 993.0560303, 990.7149658, 992.4877930, 990.5917969, 990.6575928, 992.3033447, 992.2122192, 991.5640869, 990.8338623, 995.1808472, 990.5253296, 991.0966187, 991.7741089, 993.3869629, 993.6165771, 992.9452515, 990.6129761, 990.6936035, 993.1074219, 993.1102295, 992.4941406, 992.4064941, 990.6190796, 992.0522461, 990.5095825, 991.9536133, 990.7378540, 992.3634644, 992.7942505, 992.4794922, 990.6503906, 991.3342285, 994.4912109, 993.2524414, 992.1455078, 991.5494385, 991.8835449, 991.1537476, 992.6564941, 992.4657593, 992.1596680, 991.2265625, 990.4202271 ],