{
"inputLengthInCharacters": 268435456,
"uniformInput": true,
"useMappingLetter": true,
"measurements": {
"histogram_atomic_global": {
"timesTransferToDevice": [ 42.7750092, 40.3071022, 40.5287056, 40.5471687, 40.0620155, 40.5346222, 40.4763184, 39.8995514, 39.7513924, 38.6454391, 38.8282890, 38.9158401, 38.7921295, 37.6926384, 37.4003830, 38.4207687, 38.6150398, 37.8478088, 38.2938232, 38.2941132, 37.9847031, 38.1752968, 38.4598732, 37.9142418, 38.0267525, 37.5812798, 38.8713913, 37.7072334, 37.3497276, 37.6756477, 37.7263374, 37.2199059, 36.9896317, 37.2751694, 36.5855370, 36.9196167, 37.2548485, 37.0916176, 36.7734070, 37.0279694, 36.9900169, 37.4163857, 36.8361588, 36.9694061, 37.0335693, 37.1199036, 36.6365433, 36.9587212, 37.3622093, 36.7642555, 36.8779182, 37.1488304, 36.9916801, 37.9584007, 37.1868782, 36.8788795, 37.2379837, 37.1612816, 36.8104324, 37.2407036, 36.2323532, 36.7775993, 36.9579506, 37.4173775, 36.6042252, 36.9251518, 37.0997124, 37.1321602, 36.8075829, 37.1198387, 37.0985603, 36.9375687, 36.9682579, 37.0397453, 37.2708817, 36.9186897, 36.9273911, 37.1877747, 37.0884819, 36.8185616, 37.0968971, 37.2901764, 36.7602577, 37.2258224, 37.2756462, 36.6924171, 36.9504318, 37.4593277, 36.5235519, 37.0442886, 37.2034569, 37.1348152, 36.8223038, 37.0405426, 36.9510078, 36.8429451, 36.8693428, 37.1284142, 37.1453743, 36.8654404 ],
"timesExecution": [ 536.0640259, 536.0573120, 536.0665894, 536.0357056, 536.1089478, 536.0609741, 536.0444946, 536.0657959, 536.0394897, 536.0367432, 536.0338745, 536.0448608, 536.0010376, 536.0243530, 536.0253296, 536.0240479, 536.0211182, 536.0172729, 536.0263672, 536.0170288, 536.0438843, 536.0414429, 536.0491943, 536.0328369, 536.0222168, 536.0374146, 536.0215454, 536.0197144, 536.0466309, 536.0370483, 536.0319824, 536.0463867, 536.0354614, 536.0618286, 536.0501709, 536.0593872, 536.0308838, 536.0346680, 536.0352173, 536.0476685, 536.0324707, 536.0410767, 536.0332642, 536.0450439, 536.0141602, 536.0479126, 536.0360718, 536.0562134, 536.0350342, 536.0413208, 536.0508423, 536.0422974, 536.0203247, 536.0374146, 536.0249634, 536.0247803, 536.0238037, 536.0566406, 536.0344849, 536.0408325, 536.0366211, 536.0216675, 536.0463257, 536.0363770, 536.0659790, 536.0427246, 536.0458374, 536.0471802, 536.0493164, 536.0348511, 536.0641479, 536.0530396, 536.0930786, 536.0672607, 536.0497437, 536.0717773, 536.0448608, 536.1121216, 536.0727539, 536.0254517, 536.0402832, 536.0276489, 536.0639038, 536.0451050, 536.0414429, 536.0354614, 536.0219116, 536.0482178, 536.0238037, 536.1140137, 536.0291138, 536.0325928, 536.0206299, 536.0538330, 536.0196533, 536.0384521, 536.0644531, 536.0113525, 536.0163574, 536.0369873 ],
"timesTransferFromDevice": [ 0.1654400, 0.1304320, 0.0969280, 0.1282560, 0.0950720, 0.1010240, 0.1347840, 0.1363840, 0.1214400, 0.1019200, 0.1135360, 0.1679680, 0.0999360, 0.0980800, 0.1256000, 0.1162880, 0.1020160, 0.0955200, 0.1276160, 0.0994240, 0.1511680, 0.1502080, 0.1491520, 0.1005760, 0.0967040, 0.0969280, 0.1385280, 0.1148480, 0.1520960, 0.1321600, 0.0965440, 0.1186880, 0.1536320, 0.0968000, 0.0968320, 0.1726400, 0.1436480, 0.1344320, 0.1016640, 0.1022720, 0.1108800, 0.0974080, 0.1184960, 0.0970240, 0.1774080, 0.0960000, 0.0984960, 0.1042880, 0.0962240, 0.0995200, 0.1368960, 0.0998720, 0.1430080, 0.1037760, 0.0992960, 0.0934720, 0.0998400, 0.0999360, 0.0955840, 0.0988800, 0.0986240, 0.1034240, 0.0947840, 0.0982080, 0.0976320, 0.1063680, 0.0978880, 0.1330880, 0.0970240, 0.1312000, 0.0961280, 0.1013760, 0.0990080, 0.1009920, 0.1756800, 0.1418560, 0.0972480, 0.0960000, 0.0956160, 0.1394240, 0.0972160, 0.0943680, 0.0973760, 0.1136000, 0.1119680, 0.0983360, 0.0992960, 0.0965120, 0.0977280, 0.1006400, 0.0924480, 0.1055680, 0.0978240, 0.1008000, 0.0967680, 0.0985920, 0.0970880, 0.1416960, 0.0980160, 0.1165440 ],
"bins": [ 0, 268435456, 0, 0, 0, 0, 0, 0, 0, 0, 0, 0, 0, 0, 0, 0, 0, 0, 0, 0, 0, 0, 0, 0, 0, 0, 0 ]
}
,
"histogram_atomic_private": {
"timesTransferToDevice": [ 38.8087692, 38.7451515, 38.6654091, 38.3839378, 37.8971519, 36.9129906, 37.0516472, 36.7845459, 36.9744339, 36.6373444, 36.7442894, 36.5183678, 36.6687355, 37.0355186, 36.9537926, 36.9995193, 37.1005440, 37.2518082, 37.3110733, 37.4412804, 37.0455666, 36.9781113, 37.0307198, 36.9127998, 37.1358070, 36.9272003, 37.1344643, 37.2347527, 36.8657265, 37.3517761, 37.2536316, 37.2441902, 37.0893135, 36.8947182, 37.0326729, 36.4869423, 37.4660492, 37.7503052, 37.8116798, 37.9430389, 37.9360008, 37.5727043, 37.2518082, 37.9365120, 37.6890564, 37.8649902, 37.6068497, 37.4745598, 37.4116173, 37.4289589, 36.9876785, 37.0512009, 36.8557129, 37.1355858, 36.9579201, 36.8547211, 37.2108154, 36.8402252, 37.6960640, 37.5789757, 36.7416000, 36.7803192, 36.8475533, 36.8776016, 36.7441597, 37.0361938, 36.6465607, 37.6009598, 37.3316498, 37.1810226, 37.0215034, 36.7998734, 37.0627823, 36.7343369, 37.1111031, 36.7355194, 37.2448006, 37.0891533, 36.9575043, 37.2018547, 37.0840302, 37.4317741, 36.8390083, 37.0072327, 37.3139839, 37.2593918, 37.0415344, 37.0229111, 37.1525116, 37.2133751, 36.8302727, 37.0301437, 36.3614388, 37.2824631, 36.8790398, 37.1575356, 36.7894707, 36.9688644, 36.8754578, 36.8815346 ],
"timesExecution": [ 124.8512955, 125.0815964, 125.0753250, 124.8259811, 124.9772186, 124.9834900, 125.0102386, 124.8851166, 125.1214371, 125.0277786, 124.9941406, 124.9333115, 125.0387192, 124.9275513, 125.0546570, 124.9980774, 124.8096619, 125.0389099, 125.0715866, 125.0958099, 124.9808655, 125.0069733, 124.8185883, 125.0323181, 124.8090591, 124.9934387, 125.0190048, 124.8702087, 124.9120331, 124.8692169, 125.0118408, 125.0230408, 125.0393600, 125.0529938, 125.0275803, 124.9999390, 125.1241302, 125.0671997, 125.0647659, 124.9859848, 125.0299835, 125.0839005, 124.8480301, 124.9982758, 125.0128632, 125.0086746, 125.0506210, 124.9682236, 124.8385315, 124.9794235, 125.0868149, 125.0065918, 124.9953918, 125.0804138, 124.9168625, 125.0915833, 124.9922867, 124.9043198, 124.7954254, 125.0228195, 124.7794876, 125.1195831, 124.9798050, 124.9868469, 125.0814438, 124.8901443, 125.0431061, 125.0162277, 124.9320602, 125.0092163, 125.0417938, 125.0952606, 124.8544922, 125.0119705, 124.8923187, 124.9362564, 124.7984314, 125.0195236, 124.7998428, 124.8888626, 124.7959671, 125.0549088, 125.1402893, 125.0445404, 124.7531204, 124.9274216, 125.0389404, 124.8217621, 125.6464005, 124.7859802, 125.0664673, 124.9684830, 125.0901108, 124.9313889, 124.8170853, 124.9467850, 125.0193939, 125.0072937, 124.8919983, 124.9203186 ],
"timesTransferFromDevice": [ 0.1051520, 0.1626240, 0.1386880, 0.0954240, 0.1081920, 0.1069120, 0.1071040, 0.1021760, 0.1062080, 0.1004800, 0.1097600, 0.1068160, 0.1771520, 0.1005440, 0.1008960, 0.1254400, 0.1014400, 0.1274880, 0.1137280, 0.1013440, 0.1050560, 0.0992000, 0.1065280, 0.1061120, 0.1722880, 0.1259840, 0.1064000, 0.1078080, 0.1083840, 0.1224000, 0.1082560, 0.1040000, 0.1140480, 0.1008000, 0.1066880, 0.1014080, 0.0963520, 0.0982400, 0.1073600, 0.1037760, 0.1397440, 0.1043200, 0.1084160, 0.0998720, 0.1045440, 0.1030720, 0.1058560, 0.1017280, 0.1692480, 0.1049280, 0.1075840, 0.1002240, 0.1059520, 0.1041920, 0.1128960, 0.1120320, 0.1005120, 0.0991360, 0.1017280, 0.1056640, 0.1090240, 0.1040640, 0.1023360, 0.1038720, 0.1021120, 0.1223360, 0.1058240, 0.1042240, 0.1028800, 0.1004160, 0.1046400, 0.1264640, 0.1254720, 0.1017920, 0.1024960, 0.1023040, 0.2023040, 0.0998400, 0.1037760, 0.1070080, 0.1036160, 0.1042240, 0.1378880, 0.1084160, 0.1066240, 0.1492800, 0.0923520, 0.1033600, 0.1016000, 0.1014400, 0.1019840, 0.1033920, 0.1055360, 0.0998080, 0.1022720, 0.1418560, 0.1384960, 0.1020480, 0.1041280, 0.1015360 ],
"bins": [ 0, 268435456, 0, 0, 0, 0, 0, 0, 0, 0, 0, 0, 0, 0, 0, 0, 0, 0, 0, 0, 0, 0, 0, 0, 0, 0, 0 ]
}
,