{
"inputLengthInCharacters": 32,
"uniformInput": false,
"useMappingLetter": true,
"measurements": {
"histogram_atomic_global": {
"timesTransferToDevice": [ 0.0450240, 0.0318080, 0.0284160, 0.0309440, 0.0292160, 0.0301760, 0.0618880, 0.0309760, 0.0282880, 0.0363840, 0.0292160, 0.0628160, 0.0284800, 0.0274880, 0.0298240, 0.0287680, 0.0352960, 0.0263680, 0.0227200, 0.0224320, 0.0218240, 0.0227200, 0.0218880, 0.0626560, 0.0276160, 0.0234880, 0.0222720, 0.0222720, 0.0219520, 0.0228160, 0.0224960, 0.0230080, 0.0225600, 0.0227520, 0.0195840, 0.0186560, 0.0253760, 0.0202240, 0.0188800, 0.0190400, 0.0180480, 0.0184000, 0.0183040, 0.0190400, 0.0192960, 0.0186880, 0.0185920, 0.0195200, 0.0183680, 0.0407040, 0.0181440, 0.0188480, 0.0188800, 0.0184640, 0.0394560, 0.0189440, 0.0184640, 0.0201920, 0.0190720, 0.0388800, 0.0185600, 0.0190720, 0.0180160, 0.0276160, 0.0383040, 0.0204160, 0.0186240, 0.0187200, 0.0189120, 0.0413440, 0.0184320, 0.0184640, 0.0184320, 0.0239040, 0.0397120, 0.0222720, 0.0190080, 0.0183680, 0.0185280, 0.0398720, 0.0188800, 0.0191680, 0.0183360, 0.0194560, 0.0182720, 0.0185920, 0.0180800, 0.0187840, 0.0389120, 0.0398720, 0.0469760, 0.0191360, 0.0180800, 0.0188160, 0.0190400, 0.0191040, 0.0403840, 0.0184000, 0.0187840, 0.0189760 ],
"timesExecution": [ 0.0573120, 0.0554240, 0.0778560, 0.1147200, 0.0552640, 0.0751680, 0.0534720, 0.0891840, 0.0529280, 0.0759680, 0.0542720, 0.0565440, 0.1115840, 0.0563520, 0.0543680, 0.0553280, 0.0744000, 0.0685760, 0.0468480, 0.0583360, 0.0429760, 0.0429440, 0.0666880, 0.0429760, 0.0423360, 0.0427840, 0.0573440, 0.0430080, 0.0657280, 0.0587200, 0.0421120, 0.0431040, 0.0420160, 0.0593600, 0.0759680, 0.0543360, 0.0491840, 0.0553600, 0.0747200, 0.0542720, 0.0736000, 0.0542720, 0.0538880, 0.0706560, 0.0543040, 0.0740800, 0.0534080, 0.0364800, 0.0533120, 0.0367680, 0.0686720, 0.0552640, 0.0521600, 0.0501760, 0.0543360, 0.0573440, 0.0532800, 0.0534080, 0.0533440, 0.0367040, 0.0706240, 0.0542720, 0.0541440, 0.0358400, 0.0385920, 0.0758400, 0.0535680, 0.0501760, 0.0533760, 0.0544960, 0.0874240, 0.0542720, 0.0534720, 0.0368960, 0.0498880, 0.0897280, 0.0531200, 0.0491200, 0.0532480, 0.0552960, 0.0758400, 0.0484160, 0.0540800, 0.0532160, 0.0505280, 0.0584320, 0.0532480, 0.0543680, 0.0533760, 0.0553280, 0.0764800, 0.0500480, 0.0542080, 0.0351040, 0.0633280, 0.0573440, 0.0539840, 0.0542400, 0.0482240, 0.0552640 ],
"timesTransferFromDevice": [ 0.0957760, 0.0812800, 0.0634240, 0.0644800, 0.0630400, 0.0646720, 0.0951680, 0.0666240, 0.0629440, 0.0642560, 0.0624000, 0.0962880, 0.0628480, 0.0639360, 0.0653120, 0.0637440, 0.1008960, 0.0492800, 0.0482240, 0.0615040, 0.0481280, 0.0483200, 0.0482560, 0.0783360, 0.0479360, 0.0485760, 0.0481600, 0.0496000, 0.0521920, 0.0483840, 0.0477120, 0.0634880, 0.0474240, 0.0717120, 0.0403840, 0.0409920, 0.0509760, 0.0648640, 0.0410560, 0.0409280, 0.0395200, 0.0408640, 0.0488960, 0.0405760, 0.0582400, 0.0400960, 0.0419840, 0.0448000, 0.0398080, 0.0632640, 0.0400640, 0.0670400, 0.0471680, 0.0410560, 0.0610880, 0.0513280, 0.0408960, 0.0406080, 0.0404160, 0.0600000, 0.0401280, 0.0398720, 0.0403520, 0.0404160, 0.0616640, 0.0412480, 0.0403840, 0.0405440, 0.0399040, 0.0614080, 0.0410240, 0.0408960, 0.0400320, 0.0406720, 0.0613120, 0.0413120, 0.0404800, 0.0401920, 0.0401280, 0.0618240, 0.0406080, 0.0406080, 0.0402240, 0.0408320, 0.0607040, 0.0414080, 0.0399040, 0.0406720, 0.0391680, 0.0622080, 0.0408320, 0.0407040, 0.0403840, 0.0403840, 0.0719360, 0.0413440, 0.0402240, 0.0398080, 0.0394880, 0.0625280 ],
"bins": [ 18, 0, 1, 0, 0, 0, 1, 0, 0, 1, 0, 1, 0, 1, 0, 0, 0, 0, 0, 1, 0, 1, 3, 1, 3, 0, 0 ]
}
,
"histogram_atomic_private": {
"timesTransferToDevice": [ 0.0400000, 0.0298240, 0.0296960, 0.0286080, 0.0298240, 0.0287040, 0.0597440, 0.0280320, 0.0295040, 0.0293120, 0.0293120, 0.0465920, 0.0273280, 0.0278080, 0.0300800, 0.0270720, 0.0280000, 0.0270080, 0.0287040, 0.0553280, 0.0281600, 0.0274240, 0.0273280, 0.0566080, 0.0256960, 0.0188160, 0.0194880, 0.0191680, 0.0391040, 0.0192000, 0.0193280, 0.0189760, 0.0193920, 0.0182720, 0.0205440, 0.0312640, 0.0189120, 0.0185920, 0.0403200, 0.0181760, 0.0192000, 0.0188480, 0.0200960, 0.0188800, 0.0193920, 0.0184000, 0.0192000, 0.0182400, 0.0186880, 0.0184960, 0.0191360, 0.0186880, 0.0191040, 0.0197120, 0.0186880, 0.0181440, 0.0191360, 0.0388480, 0.0198080, 0.0181120, 0.0194560, 0.0184640, 0.0388160, 0.0189120, 0.0199360, 0.0185280, 0.0194560, 0.0189440, 0.0196160, 0.0192960, 0.0193280, 0.0184640, 0.0207680, 0.0182080, 0.0191040, 0.0190400, 0.0186560, 0.0183680, 0.0392640, 0.0194240, 0.0191040, 0.0184640, 0.0201600, 0.0184640, 0.0194240, 0.0192000, 0.0199040, 0.0184000, 0.0187840, 0.0181760, 0.0379520, 0.0186240, 0.0189440, 0.0184000, 0.0190080, 0.0188480, 0.0384320, 0.0200640, 0.0185280, 0.0182720 ],
"timesExecution": [ 0.1014720, 0.0861440, 0.0541760, 0.0535680, 0.0736960, 0.0808640, 0.0543360, 0.0729600, 0.0546240, 0.0522880, 0.0737280, 0.0503040, 0.0775680, 0.0511680, 0.0698880, 0.0501440, 0.0502400, 0.0747200, 0.0768000, 0.0505280, 0.0510080, 0.0699200, 0.0508800, 0.0511360, 0.0612480, 0.0554240, 0.0544960, 0.0542720, 0.0747520, 0.0777920, 0.0542720, 0.0490880, 0.0545280, 0.0554560, 0.0792320, 0.0542720, 0.0552960, 0.0542720, 0.0495040, 0.0777920, 0.0542720, 0.0483520, 0.0779840, 0.0532480, 0.0389120, 0.0705600, 0.0535680, 0.0727680, 0.0489600, 0.0626880, 0.0532800, 0.0542720, 0.0644800, 0.0628800, 0.0594240, 0.0491520, 0.0602240, 0.0545920, 0.0535680, 0.0566080, 0.0550720, 0.0541120, 0.0512000, 0.0737280, 0.0593600, 0.0491520, 0.0621440, 0.0542720, 0.0552640, 0.0704000, 0.0552320, 0.0538560, 0.0501760, 0.0728960, 0.0362240, 0.0529920, 0.0562560, 0.0531520, 0.0359360, 0.0786880, 0.1496960, 0.0532480, 0.0675840, 0.0543360, 0.0552640, 0.0747200, 0.0501120, 0.0562240, 0.0543040, 0.0667200, 0.0550400, 0.0534400, 0.0536640, 0.0655680, 0.0542720, 0.0736640, 0.0521920, 0.0534720, 0.0543680, 0.0903040 ],
"timesTransferFromDevice": [ 0.0747200, 0.0655680, 0.0640640, 0.0622720, 0.0630720, 0.0634240, 0.1152000, 0.0624640, 0.0634880, 0.0621440, 0.0602880, 0.0882880, 0.0603520, 0.0856960, 0.0597760, 0.0586560, 0.0598080, 0.0868480, 0.0608320, 0.0582720, 0.0592960, 0.0589440, 0.0601280, 0.1328320, 0.0418240, 0.0408320, 0.0410880, 0.0404160, 0.0599680, 0.0413120, 0.0415040, 0.0405440, 0.0409920, 0.0691520, 0.0423040, 0.0401600, 0.0416320, 0.0404480, 0.0608960, 0.0416640, 0.0412480, 0.0406080, 0.0533120, 0.0398080, 0.0409920, 0.0404480, 0.0618240, 0.0404800, 0.0400000, 0.0402560, 0.0407360, 0.0634880, 0.0557440, 0.0405120, 0.0406400, 0.0404160, 0.0418560, 0.0594560, 0.0419200, 0.0396480, 0.0411200, 0.0406720, 0.0603200, 0.0406720, 0.0412480, 0.0400320, 0.0410880, 0.0408000, 0.0585920, 0.0661120, 0.0411520, 0.0401280, 0.0412160, 0.0411520, 0.0400000, 0.0398080, 0.0410880, 0.0397120, 0.0603520, 0.0402880, 0.0412160, 0.0402880, 0.0409920, 0.0405760, 0.0616000, 0.0415680, 0.0404800, 0.0398080, 0.0410240, 0.0404160, 0.0576640, 0.0514240, 0.0408000, 0.0494080, 0.0408640, 0.0408320, 0.0594560, 0.0402880, 0.0404160, 0.0396480 ],
"bins": [ 18, 0, 1, 0, 0, 0, 1, 0, 0, 1, 0, 1, 0, 1, 0, 0, 0, 0, 0, 1, 0, 1, 3, 1, 3, 0, 0 ]
}
,