{
"inputLengthInCharacters": 4194304,
"uniformInput": true,
"useMappingLetter": true,
"measurements": {
"histogram_atomic_global": {
"timesTransferToDevice": [ 0.9689280, 0.8228800, 0.9014720, 0.8525120, 0.8646400, 0.8562880, 0.8532160, 0.9575360, 0.8577920, 0.8587840, 0.8751040, 0.8551680, 0.9052480, 0.8357760, 0.8680000, 0.8744000, 0.8464640, 0.9480320, 0.8490880, 0.8297920, 0.8829440, 0.7996800, 0.9707840, 0.8287680, 0.8182080, 0.8552640, 0.8224000, 0.8456000, 0.8613440, 0.9045760, 0.8380800, 0.8648000, 0.8686080, 0.8274560, 0.9868800, 0.8594560, 0.8582400, 0.8522240, 0.8151680, 0.9386880, 0.8033600, 0.8481920, 0.8293120, 0.8681280, 0.9195200, 0.8095360, 0.8229760, 0.8460480, 0.8334400, 0.9978880, 0.8167360, 0.8910720, 0.8743360, 0.8158400, 0.9284800, 0.8069120, 0.8918720, 0.8354560, 0.8265280, 0.9362240, 0.8143360, 0.8519040, 0.8309120, 0.8617920, 0.9376960, 0.8536000, 0.8380160, 0.8716160, 0.8536000, 0.9276160, 0.8042880, 0.8708160, 0.8276800, 0.8264320, 0.9057920, 0.8125120, 0.8600640, 0.8283840, 0.8577280, 0.9435840, 0.8136000, 0.8724800, 0.8224960, 0.8691520, 0.9472640, 0.8081600, 0.8082240, 0.8680640, 0.8420160, 0.9510720, 0.8290240, 0.8076480, 0.8451520, 0.8260160, 0.9584320, 0.8285760, 0.8636480, 0.8144320, 0.8060480, 0.9874240 ],
"timesExecution": [ 8.5136003, 8.5072956, 8.5364475, 8.5119677, 8.5073605, 8.5058880, 8.5278721, 8.5039682, 8.5014400, 8.5056639, 8.5339203, 8.5087996, 8.5131521, 8.5531836, 8.5434561, 8.5424004, 8.5201921, 8.5063362, 8.5331516, 8.6305599, 8.5075521, 8.5424957, 8.5455685, 8.5145283, 8.5693121, 8.5146875, 8.5703678, 8.5399675, 8.5046082, 8.5678720, 8.5329599, 8.5399036, 8.5060158, 8.5414724, 8.5354557, 8.5094719, 8.5513601, 8.5093441, 8.5720320, 8.5087042, 8.5391359, 8.5124159, 8.5699844, 8.5083838, 8.5028477, 8.5044165, 8.5753279, 8.5079355, 8.5485125, 8.5281277, 8.5615997, 8.5193596, 8.5109758, 8.5097599, 8.5348158, 8.5091839, 8.5077438, 8.5130558, 8.5768003, 8.5071363, 8.5555201, 8.5277443, 8.5330563, 8.5164480, 8.5328960, 8.5159359, 8.5679045, 8.5080004, 8.5418882, 8.5009918, 8.5865602, 8.5098877, 8.5074244, 8.5467520, 8.5488958, 8.5450563, 8.5087996, 8.5447683, 8.5318079, 8.5050564, 8.5425282, 8.5060797, 8.5729284, 8.5049915, 8.5112000, 8.5108480, 8.5706558, 8.5039682, 8.5414076, 8.5059204, 8.5263042, 8.5501757, 8.5008640, 8.5431042, 8.5296001, 8.4997120, 8.5071363, 8.5016317, 8.5753279, 8.5072641 ],
"timesTransferFromDevice": [ 0.1443520, 0.1298240, 0.1055360, 0.0965760, 0.0976640, 0.1072000, 0.1140160, 0.0983040, 0.0982400, 0.0991040, 0.0656320, 0.0660800, 0.0687360, 0.0680000, 0.0969920, 0.0646720, 0.0638080, 0.0649920, 0.1039360, 0.0800320, 0.0686720, 0.0678720, 0.1009280, 0.1053120, 0.0669760, 0.1318720, 0.1414720, 0.0657280, 0.1011200, 0.0675520, 0.0991360, 0.0659200, 0.0966080, 0.0638080, 0.0649600, 0.0651840, 0.0665600, 0.0661440, 0.0648960, 0.0646080, 0.0665920, 0.0930560, 0.0658880, 0.0658880, 0.0654400, 0.0640960, 0.0844800, 0.0651200, 0.0970880, 0.0688640, 0.0692480, 0.0730560, 0.0657280, 0.0661760, 0.0664000, 0.1033600, 0.0663040, 0.0649600, 0.0671040, 0.0664000, 0.0648640, 0.0644800, 0.0651520, 0.0766080, 0.0663360, 0.0659840, 0.0649280, 0.0640320, 0.0654720, 0.0659840, 0.0648000, 0.0638720, 0.0629760, 0.0884800, 0.0667200, 0.0644480, 0.1002880, 0.0621120, 0.1018880, 0.0630400, 0.0646400, 0.0647680, 0.0654080, 0.0648640, 0.0622720, 0.0645440, 0.0648640, 0.1039360, 0.0645760, 0.0636480, 0.0644160, 0.0640960, 0.1016960, 0.0659520, 0.0897920, 0.0642560, 0.0611200, 0.0645760, 0.0640640, 0.0640000 ],
"bins": [ 0, 4194304, 0, 0, 0, 0, 0, 0, 0, 0, 0, 0, 0, 0, 0, 0, 0, 0, 0, 0, 0, 0, 0, 0, 0, 0, 0 ]
}
,
"histogram_atomic_private": {
"timesTransferToDevice": [ 0.8694080, 0.9028800, 0.8603840, 0.8491840, 0.8257280, 0.9256320, 0.8665920, 0.8249600, 0.8213760, 0.8257600, 0.9177600, 0.8084160, 0.8071040, 0.8590080, 0.8282240, 0.9608320, 0.8597120, 0.8056320, 0.8813760, 0.9574400, 0.8295680, 0.9842240, 0.8085760, 0.8312640, 0.9311680, 0.8753600, 0.8210560, 0.8065280, 0.8112000, 0.9231360, 0.8309440, 0.8708480, 0.8583040, 0.8048640, 0.8940800, 0.8296960, 0.8260160, 0.8590400, 0.7674880, 0.7692800, 0.7398080, 0.7384000, 0.7413760, 0.8692800, 0.7625600, 0.7627200, 0.7653760, 0.8927040, 0.7502720, 0.7354880, 0.7429440, 0.7382400, 0.8060160, 0.8003200, 0.7893440, 0.7633280, 0.8755520, 0.7710720, 0.7756160, 0.7788480, 0.8432320, 0.7619840, 0.7703360, 0.7680960, 0.7744960, 0.7767680, 0.8241280, 0.7372160, 0.7449600, 0.8740160, 0.7377280, 0.8016640, 0.7797120, 0.8633600, 0.7897280, 0.7734720, 0.7757440, 0.7339200, 0.7431680, 0.8038720, 0.7661760, 0.7639040, 0.8628480, 0.8211840, 0.7672960, 0.7990080, 0.8390080, 0.7342400, 0.7832320, 0.7355200, 0.8122240, 0.8622720, 0.8073920, 0.7617600, 0.7697920, 0.8386560, 0.8020480, 0.7639680, 0.7679040, 0.8090560 ],
"timesExecution": [ 2.0754240, 2.0900159, 2.0727999, 2.0770881, 2.0808320, 2.1069441, 2.1584320, 2.0725760, 2.0699520, 2.0948160, 2.0652161, 2.0721920, 2.1122561, 2.0993600, 2.1059840, 2.0701439, 2.0706241, 2.1185279, 2.0726719, 2.0725760, 2.1489921, 2.0976961, 2.0775039, 2.0653760, 2.0655041, 2.0951040, 2.1130240, 2.0695040, 2.1067200, 2.0923200, 2.1172800, 2.0759039, 2.0721920, 2.0912001, 2.0689600, 2.0713601, 2.1157119, 2.1022079, 2.1109760, 2.1122561, 2.0740800, 2.1143999, 2.0727041, 2.1108160, 2.0730240, 2.1060481, 2.1004801, 2.0685439, 2.0762560, 2.1135359, 2.0654719, 2.0648961, 2.0681281, 2.1006081, 2.0748479, 2.0657279, 2.0688000, 2.0986240, 2.0742400, 2.0874560, 2.1115839, 2.1017921, 2.0776320, 2.0688319, 2.0686400, 2.0965760, 2.0733120, 2.0820160, 2.0715840, 2.0923519, 2.0755520, 2.0733120, 2.1005759, 2.0925760, 2.0707519, 2.0698559, 2.0678720, 2.1149759, 2.1094720, 2.0753281, 2.0748160, 2.0650239, 2.1178560, 2.0767360, 2.0724480, 2.0663040, 2.0869119, 2.0728321, 2.1264639, 2.1546879, 2.1112001, 2.1105599, 2.1009281, 2.0744960, 2.1110721, 2.0736959, 2.1185920, 2.0800960, 2.0699201, 2.1197441 ],
"timesTransferFromDevice": [ 0.1044800, 0.0656640, 0.0664000, 0.0674880, 0.0654720, 0.0662400, 0.1022720, 0.0638080, 0.0644800, 0.0629760, 0.0946240, 0.0660160, 0.0641280, 0.0642240, 0.0629760, 0.0643520, 0.0625600, 0.0641920, 0.0641600, 0.0656960, 0.1263680, 0.0663040, 0.0645760, 0.0649280, 0.0629120, 0.1029760, 0.0969920, 0.0651520, 0.0607040, 0.0644480, 0.0649280, 0.1018880, 0.0625280, 0.0631040, 0.0628160, 0.0642880, 0.0625280, 0.1520640, 0.0625920, 0.0646720, 0.0643200, 0.0640320, 0.0635840, 0.0624960, 0.1017600, 0.0629440, 0.0631680, 0.1010880, 0.0648320, 0.0642240, 0.1354240, 0.0657280, 0.0636160, 0.0643520, 0.1028160, 0.0637440, 0.0620480, 0.0627840, 0.0810240, 0.1024000, 0.0630080, 0.0630720, 0.1022400, 0.1876800, 0.0642880, 0.0631360, 0.1068800, 0.0627840, 0.0619520, 0.0624640, 0.0635520, 0.1035200, 0.0634240, 0.0628480, 0.0639360, 0.0638720, 0.1799360, 0.0636800, 0.0635520, 0.0910400, 0.0632320, 0.0636160, 0.0648640, 0.0653440, 0.0647680, 0.0627520, 0.0636480, 0.0639680, 0.1020800, 0.0646720, 0.0637120, 0.0625920, 0.0628160, 0.0651520, 0.0641920, 0.1067840, 0.1025280, 0.0633280, 0.0632320, 0.0633280 ],
"bins": [ 0, 4194304, 0, 0, 0, 0, 0, 0, 0, 0, 0, 0, 0, 0, 0, 0, 0, 0, 0, 0, 0, 0, 0, 0, 0, 0, 0 ]
}
,