{
"inputLengthInCharacters": 2048,
"uniformInput": false,
"useMappingLetter": true,
"measurements": {
"histogram_atomic_global": {
"timesTransferToDevice": [ 0.0536000, 0.0305900, 0.0309500, 0.0263600, 0.0293310, 0.0288600, 0.0286200, 0.0301800, 0.0332500, 0.0287100, 0.0301500, 0.0308500, 0.0291100, 0.0324700, 0.0299100, 0.0270100, 0.0289910, 0.0321710, 0.0295710, 0.0301800, 0.0296000, 0.0295100, 0.0316100, 0.0312400, 0.0264000, 0.0279000, 0.0314700, 0.0328810, 0.0297910, 0.0321910, 0.0314800, 0.0288700, 0.0295300, 0.0296200, 0.0291800, 0.0311100, 0.0311300, 0.0282000, 0.0306900, 0.0296200, 0.0289300, 0.0317300, 0.0290900, 0.0290710, 0.0293210, 0.0301610, 0.0274000, 0.0314800, 0.0303700, 0.0314700, 0.0303300, 0.0300500, 0.0307200, 0.0285900, 0.0301510, 0.0284410, 0.0269600, 0.0326600, 0.0287500, 0.0313200, 0.0279300, 0.0296200, 0.0299000, 0.0317600, 0.0294910, 0.0287110, 0.0313410, 0.0294300, 0.0303700, 0.0312000, 0.0317400, 0.0288600, 0.0329200, 0.0291700, 0.0313100, 0.0327210, 0.0303600, 0.0295900, 0.0270810, 0.0293310, 0.0333300, 0.0330200, 0.0286700, 0.0275000, 0.0297300, 0.0311100, 0.0306600, 0.0303500, 0.0293710, 0.0290410, 0.0326610, 0.0317600, 0.0243000, 0.0300300, 0.0290700, 0.0291700, 0.0276600, 0.0301100, 0.0302700, 0.0320510 ],
"timesExecution": [ 0.0293600, 0.0319600, 0.0308400, 0.0320700, 0.0304000, 0.0316300, 0.0323600, 0.0319610, 0.0323610, 0.0331010, 0.0316800, 0.0489600, 0.0298000, 0.0327900, 0.0319100, 0.0318400, 0.0310000, 0.0299600, 0.0337000, 0.0316700, 0.0318910, 0.0318810, 0.0316710, 0.0302400, 0.0303600, 0.0300800, 0.0300000, 0.0312000, 0.0318100, 0.0315500, 0.0318000, 0.0334510, 0.0301610, 0.0320500, 0.0333410, 0.0293210, 0.0320010, 0.0318100, 0.0316300, 0.0319700, 0.0318400, 0.0317100, 0.0315100, 0.0335500, 0.0313200, 0.0320000, 0.0317910, 0.0298010, 0.0302400, 0.0314600, 0.0316400, 0.0298000, 0.0319700, 0.0322900, 0.0309200, 0.0320800, 0.0304000, 0.0314710, 0.0305610, 0.0322610, 0.0300000, 0.0320900, 0.0324300, 0.0301200, 0.0299200, 0.0297600, 0.0308000, 0.0318500, 0.0313510, 0.0320010, 0.0292400, 0.0320300, 0.0320400, 0.0296400, 0.0291600, 0.0707300, 0.0314000, 0.0324000, 0.0316800, 0.0328900, 0.0302800, 0.0312310, 0.0322210, 0.0299600, 0.0316800, 0.0303200, 0.0308600, 0.0302800, 0.0322300, 0.0309600, 0.0298800, 0.0319800, 0.0295610, 0.0320510, 0.0321600, 0.0310200, 0.0294800, 0.0326800, 0.0317100, 0.0292400 ],
"timesTransferFromDevice": [ 0.4564640, 0.0190010, 0.0189600, 0.0196800, 0.0207200, 0.0279400, 0.0230700, 0.0197200, 0.0228800, 0.0231500, 0.0209600, 0.0225100, 0.0228710, 0.0260110, 0.0196400, 0.0267000, 0.0229900, 0.0215600, 0.0236400, 0.0259600, 0.0213200, 0.0236300, 0.0218000, 0.0229200, 0.0228310, 0.0232800, 0.0225900, 0.0269800, 0.0238400, 0.0230000, 0.0232900, 0.0214800, 0.0597400, 0.0285300, 0.0233400, 0.0224400, 0.0212000, 0.0211600, 0.0234110, 0.0264010, 0.0237700, 0.0206400, 0.0255100, 0.0228400, 0.0203600, 0.0228800, 0.0213600, 0.0197200, 0.0225200, 0.0211200, 0.0232910, 0.0234900, 0.0239100, 0.0263800, 0.0198400, 0.0207200, 0.0231200, 0.0216800, 0.0218000, 0.0230300, 0.0210810, 0.0228710, 0.0220400, 0.0258000, 0.0212800, 0.0240000, 0.0230800, 0.0211600, 0.0217600, 0.0240500, 0.0197600, 0.0196010, 0.0210010, 0.0212800, 0.0228400, 0.0202810, 0.0232500, 0.0238700, 0.0225900, 0.0196800, 0.0219600, 0.0223600, 0.0209600, 0.0230400, 0.0226410, 0.0227110, 0.0234800, 0.0232900, 0.0233300, 0.0195600, 0.0233900, 0.0198400, 0.0234100, 0.0234900, 0.0228400, 0.0226310, 0.0240800, 0.0205600, 0.0231500, 0.0258800 ],
"bins": [ 1211, 34, 36, 37, 34, 32, 31, 40, 29, 28, 33, 27, 27, 29, 38, 32, 31, 35, 27, 34, 35, 27, 30, 27, 35, 33, 36 ]
}
,
"histogram_atomic_private": {
"timesTransferToDevice": [ 0.0166400, 0.0169200, 0.0166010, 0.0206000, 0.0299100, 0.0284300, 0.0304500, 0.0276900, 0.0299310, 0.0278000, 0.0234800, 0.0293300, 0.0289100, 0.0289100, 0.0293300, 0.0325900, 0.0285000, 0.0333910, 0.0314110, 0.0328800, 0.0291900, 0.0290000, 0.0296200, 0.0293400, 0.0313100, 0.0288300, 0.0311900, 0.0286710, 0.0296210, 0.0272600, 0.0314100, 0.0312500, 0.0276900, 0.0285100, 0.0303500, 0.0330200, 0.0290900, 0.0304100, 0.0306410, 0.0309910, 0.0312100, 0.0330500, 0.0306600, 0.0288400, 0.0326000, 0.0313900, 0.0312700, 0.0328000, 0.0288710, 0.0288210, 0.0323000, 0.0294500, 0.0314000, 0.0303200, 0.0329600, 0.0303200, 0.0310700, 0.0292100, 0.0268700, 0.0285510, 0.0298010, 0.0286300, 0.0286300, 0.0291210, 0.0273510, 0.0272400, 0.0318000, 0.0282300, 0.0329700, 0.0274900, 0.0306600, 0.0312400, 0.0270700, 0.0326310, 0.0286710, 0.0286700, 0.0288500, 0.0334600, 0.0314400, 0.0300700, 0.0318800, 0.0325900, 0.0308800, 0.0292510, 0.0316410, 0.0291710, 0.0308810, 0.0272800, 0.0321900, 0.0299300, 0.0326300, 0.0288700, 0.0272800, 0.0329500, 0.0299510, 0.0265610, 0.0295300, 0.0297100, 0.0318200, 0.0290600 ],
"timesExecution": [ 0.0256010, 0.0254000, 0.0254400, 0.0294810, 0.0295200, 0.0303600, 0.0300300, 0.0300600, 0.0299100, 0.0315900, 0.0302910, 0.0313510, 0.0316000, 0.0319700, 0.0301200, 0.0314800, 0.0311600, 0.0329800, 0.0309600, 0.0312000, 0.0313210, 0.0298010, 0.0306400, 0.0324300, 0.0312700, 0.0314400, 0.0298800, 0.0302400, 0.0295600, 0.0318100, 0.0296010, 0.0317110, 0.0296000, 0.0316400, 0.0300000, 0.0296400, 0.0333000, 0.0299600, 0.0312700, 0.0322700, 0.0321900, 0.0319910, 0.0315110, 0.0316800, 0.0296400, 0.0326100, 0.0302400, 0.0314300, 0.0294400, 0.0295200, 0.0298000, 0.0311210, 0.0317110, 0.0295610, 0.0313100, 0.0323600, 0.0312700, 0.0312200, 0.0317200, 0.0315200, 0.0296000, 0.0296000, 0.0325700, 0.0316900, 0.0308800, 0.0296000, 0.0298010, 0.0319010, 0.0318000, 0.0300000, 0.0321600, 0.0323500, 0.0325200, 0.0314700, 0.0303200, 0.0306600, 0.0297610, 0.0324110, 0.0314310, 0.0320600, 0.0317700, 0.0312800, 0.0304800, 0.0293200, 0.0316100, 0.0314000, 0.0320300, 0.0316100, 0.0315910, 0.0313410, 0.0298400, 0.0294800, 0.0298800, 0.0317800, 0.0316300, 0.0299800, 0.0300400, 0.0298010, 0.0301610, 0.0318700 ],
"timesTransferFromDevice": [ 0.0153200, 0.0156000, 0.0158400, 0.0220900, 0.0251100, 0.0219310, 0.0179600, 0.0239600, 0.0255900, 0.0190400, 0.0192000, 0.0234900, 0.0256800, 0.0200810, 0.0209600, 0.0271100, 0.0203600, 0.0229900, 0.0192000, 0.0236200, 0.0257700, 0.0192400, 0.0194400, 0.0198410, 0.0244910, 0.0197200, 0.0260900, 0.0229200, 0.0242000, 0.0216000, 0.0234500, 0.0234000, 0.0238500, 0.0256210, 0.0206010, 0.0259000, 0.0230900, 0.0197600, 0.0205600, 0.0196400, 0.0207200, 0.0235300, 0.0262600, 0.0207200, 0.0236810, 0.0200410, 0.0200000, 0.0234400, 0.0238300, 0.0227900, 0.0270600, 0.0233200, 0.0232700, 0.0198400, 0.0206800, 0.0197210, 0.0231810, 0.0230400, 0.0254000, 0.0226300, 0.0811110, 0.0192400, 0.0227100, 0.0260100, 0.0204400, 0.0228300, 0.0225500, 0.0204400, 0.0230600, 0.0252810, 0.0267410, 0.0234500, 0.0204400, 0.0231100, 0.0197600, 0.0237000, 0.0204400, 0.0201600, 0.0230500, 0.0227900, 0.0207210, 0.0233500, 0.0256800, 0.0231300, 0.0192800, 0.0193200, 0.0212400, 0.0206800, 0.0226000, 0.0195600, 0.0211200, 0.0230710, 0.0210400, 0.0225700, 0.0197200, 0.0233400, 0.0206400, 0.0196400, 0.0208800, 0.0230000 ],
"bins": [ 1211, 34, 36, 37, 34, 32, 31, 40, 29, 28, 33, 27, 27, 29, 38, 32, 31, 35, 27, 34, 35, 27, 30, 27, 35, 33, 36 ]
}
,