{
"inputLengthInCharacters": 512,
"uniformInput": false,
"useMappingLetter": true,
"measurements": {
"histogram_atomic_global": {
"timesTransferToDevice": [ 0.0483400, 0.0210800, 0.0252800, 0.0222400, 0.0234000, 0.0252200, 0.0263600, 0.0247910, 0.0306600, 0.0253800, 0.0233500, 0.0250400, 0.0272600, 0.0245600, 0.0233600, 0.0239410, 0.0214000, 0.0266400, 0.0264300, 0.0264900, 0.0263600, 0.0273700, 0.0249910, 0.0231100, 0.0254500, 0.0270700, 0.0267400, 0.0240500, 0.0270800, 0.0249910, 0.0244000, 0.0263200, 0.0281600, 0.0233300, 0.0273300, 0.0267900, 0.0249600, 0.0287010, 0.0245510, 0.0232300, 0.0272500, 0.0265100, 0.0250700, 0.0265700, 0.0234000, 0.0233910, 0.0236410, 0.0254000, 0.0270100, 0.0251100, 0.0272000, 0.0245100, 0.0253800, 0.0245810, 0.0265500, 0.0224010, 0.0250400, 0.0248100, 0.0288700, 0.0244900, 0.0244800, 0.0251400, 0.0245110, 0.0306500, 0.0251800, 0.0279200, 0.0265600, 0.0259500, 0.0273600, 0.0269010, 0.0263910, 0.0252200, 0.0300400, 0.0325600, 0.0252400, 0.0263200, 0.0252200, 0.0229100, 0.0271700, 0.0232010, 0.0228700, 0.0241100, 0.0297400, 0.0254100, 0.0228200, 0.0254400, 0.0226710, 0.0230700, 0.0252400, 0.0256000, 0.0251200, 0.0255600, 0.0266710, 0.0253710, 0.0235400, 0.0245900, 0.0244700, 0.0250500, 0.0266810, 0.0250000 ],
"timesExecution": [ 0.0278800, 0.0303200, 0.0301600, 0.0317110, 0.0300400, 0.0303600, 0.0302400, 0.0299600, 0.0315500, 0.0300010, 0.0294010, 0.0492010, 0.0309000, 0.0297600, 0.0299200, 0.0295200, 0.0289200, 0.0315610, 0.0309900, 0.0296400, 0.0313100, 0.0312300, 0.0298000, 0.0292800, 0.0294410, 0.0294800, 0.0295600, 0.0288400, 0.0314400, 0.0297600, 0.0317200, 0.0297210, 0.0297610, 0.0295210, 0.0298800, 0.0294400, 0.0292000, 0.0294000, 0.0315100, 0.0306810, 0.0308010, 0.0299600, 0.0318400, 0.0289200, 0.0380000, 0.0292400, 0.0313500, 0.0317710, 0.0294810, 0.0302800, 0.0316400, 0.0316900, 0.0298000, 0.0297600, 0.0326100, 0.0294800, 0.0295200, 0.0317210, 0.0298400, 0.0297200, 0.0300400, 0.0297200, 0.0295600, 0.0314500, 0.0296810, 0.0309100, 0.0290000, 0.0296000, 0.0309600, 0.0299600, 0.0321100, 0.0295610, 0.0311610, 0.0317600, 0.0298000, 0.0604000, 0.0320300, 0.0314800, 0.0294800, 0.0317700, 0.0292800, 0.0298010, 0.0315600, 0.0298400, 0.0311100, 0.0298000, 0.0317800, 0.0294400, 0.0295210, 0.0296000, 0.0300400, 0.0298400, 0.0313100, 0.0296800, 0.0291610, 0.0298800, 0.0298000, 0.0294400, 0.0311600, 0.0292400 ],
"timesTransferFromDevice": [ 0.4344830, 0.0174400, 0.0182000, 0.0239100, 0.0212410, 0.0209600, 0.0225600, 0.0238300, 0.0234000, 0.0228000, 0.0299500, 0.0225900, 0.0213600, 0.0230410, 0.0229200, 0.0212400, 0.0230100, 0.0196400, 0.0225500, 0.0233010, 0.0228700, 0.0232900, 0.0238000, 0.0206000, 0.0231000, 0.0232000, 0.0229110, 0.0227600, 0.0230000, 0.0265600, 0.0231400, 0.0231300, 0.0555300, 0.0211600, 0.0225100, 0.0209610, 0.0206000, 0.0208800, 0.0234500, 0.0228700, 0.0232900, 0.0231900, 0.0238010, 0.0210000, 0.0228300, 0.0273400, 0.0228400, 0.0263400, 0.0256600, 0.0239700, 0.0234610, 0.0224200, 0.0234500, 0.0285400, 0.0215100, 0.0229600, 0.0228800, 0.0205200, 0.0228400, 0.0238710, 0.0233100, 0.0236300, 0.0206800, 0.0227100, 0.0231100, 0.0263500, 0.0209210, 0.0225600, 0.0229100, 0.0261500, 0.0195200, 0.0228000, 0.0203600, 0.0229600, 0.0273310, 0.0251800, 0.0228410, 0.0295610, 0.0197600, 0.0227900, 0.0205200, 0.0204000, 0.0207600, 0.0206010, 0.0232400, 0.0236000, 0.0213600, 0.0223800, 0.0230800, 0.0231410, 0.0210810, 0.0230800, 0.0234200, 0.0209600, 0.0212800, 0.0222200, 0.0226410, 0.0231400, 0.0205600, 0.0225600 ],
"bins": [ 302, 7, 7, 9, 3, 10, 7, 12, 11, 7, 11, 8, 5, 7, 11, 6, 8, 3, 10, 7, 7, 12, 8, 7, 7, 10, 10 ]
}
,
"histogram_atomic_private": {
"timesTransferToDevice": [ 0.0248100, 0.0221500, 0.0210500, 0.0214000, 0.0338600, 0.0246700, 0.0257710, 0.0266410, 0.0266200, 0.0241200, 0.0218000, 0.0221600, 0.0311900, 0.0284300, 0.0214010, 0.0287900, 0.0251800, 0.0284200, 0.0272700, 0.0264000, 0.0247600, 0.0245210, 0.0251810, 0.0250800, 0.0228000, 0.0271200, 0.0223600, 0.0290400, 0.0229500, 0.0254210, 0.0234000, 0.0242000, 0.0261800, 0.0267200, 0.0232000, 0.0244810, 0.0291310, 0.0216400, 0.0247500, 0.0263900, 0.0244400, 0.0267600, 0.0245210, 0.0228000, 0.0274100, 0.0281300, 0.0271700, 0.0273500, 0.0264300, 0.0301210, 0.0268810, 0.0246900, 0.0233600, 0.0235600, 0.0265200, 0.0263100, 0.0215600, 0.0263510, 0.0294900, 0.0228400, 0.0233200, 0.0263700, 0.0243200, 0.0251800, 0.0225200, 0.0277000, 0.0250410, 0.0326710, 0.0243500, 0.0228800, 0.0249500, 0.0295300, 0.0251800, 0.0254200, 0.0292410, 0.0263910, 0.0247500, 0.0247500, 0.0244300, 0.0295800, 0.0272600, 0.0268000, 0.0249210, 0.0340800, 0.0276200, 0.0235600, 0.0243700, 0.0268700, 0.0230400, 0.0248510, 0.0243210, 0.0266700, 0.0266700, 0.0283100, 0.0234000, 0.0251400, 0.0247310, 0.0281010, 0.0273600, 0.0228800 ],
"timesExecution": [ 0.0336400, 0.0258000, 0.0269200, 0.0272000, 0.0280000, 0.0294800, 0.0279600, 0.0294400, 0.0311910, 0.0315110, 0.0312800, 0.0289200, 0.0295600, 0.0316900, 0.0295200, 0.0294400, 0.0318310, 0.0317210, 0.0317900, 0.0311600, 0.0295600, 0.0308600, 0.0299600, 0.0312010, 0.0292010, 0.0294400, 0.0298400, 0.0288400, 0.0295200, 0.0288400, 0.0294400, 0.0292810, 0.0311100, 0.0298800, 0.0314000, 0.0295200, 0.0294800, 0.0317410, 0.0296010, 0.0295200, 0.0295600, 0.0291600, 0.0310800, 0.0309100, 0.0300810, 0.0294800, 0.0317900, 0.0311500, 0.0310000, 0.0311500, 0.0324700, 0.0292000, 0.0288410, 0.0309600, 0.0308300, 0.0298400, 0.0295600, 0.0319900, 0.0310600, 0.0312210, 0.0295200, 0.0296000, 0.0295210, 0.0287200, 0.0296000, 0.0289200, 0.0314200, 0.0293200, 0.0311600, 0.0297610, 0.0290800, 0.0295200, 0.0316500, 0.0294000, 0.0316000, 0.0311200, 0.0295600, 0.0304010, 0.0316400, 0.0295600, 0.0293200, 0.0296800, 0.0314900, 0.0291200, 0.0295610, 0.0292810, 0.0295200, 0.0288000, 0.0289200, 0.0311400, 0.0290800, 0.0293200, 0.0292810, 0.0292000, 0.0307200, 0.0289200, 0.0292400, 0.0310800, 0.0317400, 0.0290810 ],
"timesTransferFromDevice": [ 0.0173610, 0.0171200, 0.0158400, 0.0224500, 0.0215610, 0.0202800, 0.0256500, 0.0234000, 0.0267300, 0.0226400, 0.0235000, 0.0232010, 0.0225900, 0.0226400, 0.0229500, 0.0241500, 0.0234500, 0.0234000, 0.0229310, 0.0230910, 0.0235300, 0.0229400, 0.0230400, 0.0237900, 0.0311700, 0.0229100, 0.0308710, 0.0254700, 0.0234000, 0.0210000, 0.0232000, 0.0255300, 0.0227700, 0.0218810, 0.0214400, 0.0226800, 0.0228000, 0.0234100, 0.0235700, 0.0209610, 0.0230900, 0.0232700, 0.0228000, 0.0198800, 0.0228700, 0.0252700, 0.0232110, 0.0225610, 0.0234700, 0.0226800, 0.0234200, 0.0226700, 0.0232500, 0.0234500, 0.0225910, 0.0237600, 0.0214800, 0.0230700, 0.0197200, 0.0238100, 0.0883700, 0.0214800, 0.0230700, 0.0232900, 0.0205210, 0.0234100, 0.0243700, 0.0226700, 0.0213600, 0.0229200, 0.0210000, 0.0273010, 0.0232510, 0.0214400, 0.0220000, 0.0259900, 0.0235300, 0.0230400, 0.0225500, 0.0252610, 0.0230900, 0.0213600, 0.0199600, 0.0214400, 0.0261800, 0.0211200, 0.0226800, 0.0243710, 0.0232500, 0.0258600, 0.0212800, 0.0229500, 0.0226400, 0.0241300, 0.0232010, 0.0207600, 0.0225500, 0.0233400, 0.0256500, 0.0206400 ],
"bins": [ 302, 7, 7, 9, 3, 10, 7, 12, 11, 7, 11, 8, 5, 7, 11, 6, 8, 3, 10, 7, 7, 12, 8, 7, 7, 10, 10 ]
}
,