{
"inputLengthInCharacters": 134217728,
"uniformInput": true,
"useMappingLetter": true,
"measurements": {
"histogram_atomic_global": {
"timesTransferToDevice": [ 12.9696531, 12.0055790, 11.9659185, 11.9574366, 11.9605284, 11.9750280, 11.9728384, 11.9706984, 11.9913187, 11.9705887, 11.9966879, 11.9665680, 11.9863787, 11.9576893, 11.9846087, 11.9856386, 11.9900093, 11.9271889, 12.0228291, 12.1164818, 11.9905987, 11.9232788, 11.9784288, 12.0958195, 11.9655790, 11.9374886, 11.9348087, 12.1319094, 11.9740591, 11.9361286, 11.9245787, 11.9554586, 11.9168186, 11.9395294, 12.0774899, 11.9552889, 11.9558992, 11.9298792, 12.1400499, 11.9875793, 11.9475889, 11.9485693, 12.0987186, 11.9831762, 11.9255791, 11.9361391, 12.1257801, 11.9688692, 11.9684095, 11.9761286, 11.9922094, 11.9730291, 11.9687595, 11.9752703, 11.9831200, 11.9961205, 11.9749794, 11.9832802, 11.9685802, 11.9612398, 11.9839602, 11.9632797, 12.0006704, 11.9801197, 11.9749899, 11.9939699, 11.9660101, 11.9933500, 11.9325800, 12.0269604, 11.9815903, 11.9702997, 12.0061502, 11.9385500, 12.1770401, 11.9365301, 11.9347095, 11.9348402, 11.9591599, 11.9500904, 11.9397001, 12.1046495, 11.9899702, 11.9270401, 11.9463396, 12.1215401, 11.9883204, 11.9448099, 12.1106005, 11.9647999, 11.9595404, 11.9486303, 11.9305601, 12.0990295, 12.0021601, 11.9368000, 11.9359303, 12.1214304, 11.9481802, 11.9768801 ],
"timesExecution": [ 55.0964508, 55.0952911, 55.0915031, 55.0841827, 55.0936699, 55.0905991, 55.0963516, 55.0892525, 55.0977135, 55.0943108, 55.0895805, 55.0927124, 55.0942001, 55.0822906, 55.0883446, 55.0883827, 55.0941315, 55.0957451, 54.9584732, 54.8176308, 54.8237724, 54.8181725, 54.8279457, 54.8209534, 54.8229828, 54.8202248, 54.8315506, 54.8314323, 54.8347702, 54.8152657, 54.8249054, 54.8276558, 54.8264122, 54.8240967, 54.8277512, 54.8225250, 54.8264236, 54.8216057, 54.8267136, 54.8167114, 54.8267021, 54.8206367, 54.8224754, 54.8210640, 54.8262634, 54.8259773, 55.1008759, 55.0936356, 55.0963249, 55.0904655, 55.0905037, 55.0862885, 55.0910225, 55.0867424, 55.0996628, 55.0979042, 55.0923157, 55.0913849, 55.1002235, 55.0949554, 55.0940247, 55.0885773, 55.0857430, 55.0873680, 55.0889969, 55.0915565, 55.0934639, 55.0956764, 55.0858650, 55.0843773, 55.0984344, 55.0930252, 55.1027679, 55.0908890, 55.0990143, 55.0862885, 55.0439148, 54.8264771, 54.8234062, 54.8256493, 54.8270264, 54.8216667, 54.8245163, 54.8194351, 54.8266144, 54.8248291, 54.8238678, 54.8224297, 54.8249092, 54.8228264, 54.8206673, 54.8244743, 54.8295479, 54.8210945, 54.8250542, 54.8287468, 54.8284378, 54.8279953, 54.8271141, 54.8264160 ],
"timesTransferFromDevice": [ 0.3520500, 0.0192400, 0.0186400, 0.0263800, 0.0192400, 0.0180800, 0.0189200, 0.0186400, 0.0188000, 0.0188800, 0.0189600, 0.0194800, 0.0186400, 0.0189200, 0.0194800, 0.0190400, 0.0192800, 0.0187600, 0.0194400, 0.0187200, 0.0187600, 0.0191200, 0.0187600, 0.0187200, 0.0191200, 0.0186000, 0.0199600, 0.0186000, 0.0190800, 0.0192800, 0.0195200, 0.0190800, 0.0188400, 0.0194400, 0.0190000, 0.0187200, 0.0185600, 0.0195200, 0.0188000, 0.0195200, 0.0190800, 0.0189200, 0.0187200, 0.0186000, 0.0190400, 0.0188000, 0.0195200, 0.0214000, 0.0197200, 0.0186800, 0.0190000, 0.0187200, 0.0190800, 0.0187600, 0.0194000, 0.0188400, 0.0186000, 0.0189600, 0.0188000, 0.0197600, 0.0194400, 0.0190000, 0.0193200, 0.0188800, 0.0186800, 0.0188000, 0.0189200, 0.0185200, 0.0194800, 0.0190800, 0.0187600, 0.0188000, 0.0195200, 0.0187200, 0.0188800, 0.0190000, 0.0186400, 0.0192000, 0.0187600, 0.0190400, 0.0186800, 0.0186800, 0.0192000, 0.0194400, 0.0192400, 0.0187600, 0.0195200, 0.0190400, 0.0188000, 0.0189200, 0.0190400, 0.0185600, 0.0186800, 0.0193600, 0.0186400, 0.0191600, 0.0187600, 0.0196000, 0.0187600, 0.0188000 ],
"bins": [ 0, 134217728, 0, 0, 0, 0, 0, 0, 0, 0, 0, 0, 0, 0, 0, 0, 0, 0, 0, 0, 0, 0, 0, 0, 0, 0, 0 ]
}
,
"histogram_atomic_private": {
"timesTransferToDevice": [ 11.9588413, 11.8725615, 12.0728798, 11.9071398, 11.8881798, 11.8925800, 11.8940296, 11.8845501, 11.9694700, 11.9784403, 12.0002413, 11.9818602, 12.1730013, 11.8918715, 11.9091206, 12.0037508, 11.9729605, 11.9879704, 11.9912004, 11.9561911, 12.0250196, 11.9950209, 12.1682215, 11.8774300, 11.9231596, 11.9798698, 12.0002699, 11.9792995, 11.9984512, 11.9960003, 11.9847212, 12.0006313, 11.9854612, 11.9866695, 11.9727001, 11.9853697, 11.9982309, 12.0091209, 11.9753599, 12.1720409, 11.9064798, 11.9093704, 11.9963398, 11.9758101, 11.9977102, 11.9781914, 12.0029211, 11.9817200, 11.9943008, 12.0091705, 11.9634399, 12.0019312, 11.9745598, 11.9650803, 12.0205507, 11.9985714, 11.9907198, 11.9908514, 12.0296412, 11.9556503, 11.9900112, 11.9772501, 12.0130796, 11.9761314, 12.0092211, 11.9836903, 12.1962214, 11.8830996, 11.9122000, 11.9509296, 12.0012703, 11.9984598, 11.9881907, 11.9784813, 12.0093298, 11.9892406, 12.0023508, 11.9737301, 11.9997711, 11.9671402, 11.9401798, 12.2434406, 12.0750904, 11.8950195, 11.8915014, 11.9004908, 12.1563311, 12.0567007, 11.8607903, 11.8958302, 12.0020208, 11.9970713, 12.1575699, 12.0887308, 11.8929701, 11.9060106, 12.0985308, 12.0627804, 12.0575914, 11.8884506 ],
"timesExecution": [ 2.9796419, 2.9888821, 2.9870420, 2.9842930, 2.9897830, 2.9921229, 2.9866920, 2.9876730, 2.9898331, 2.9884830, 2.9922121, 2.9893019, 2.9849520, 2.9909320, 2.9922619, 2.9909019, 2.9931829, 2.9890430, 2.9872429, 2.9881020, 2.9848320, 2.9883821, 2.9890330, 2.9837129, 2.9848721, 2.9888630, 2.9868231, 2.9886229, 2.9913421, 2.9877119, 2.9892220, 2.9915020, 2.9910729, 2.9915020, 2.9899931, 2.9885831, 2.9883921, 2.9859021, 2.9827020, 2.9900730, 2.9855130, 2.9894631, 2.9853721, 2.9889729, 2.9843130, 2.9872720, 2.9943330, 2.9933619, 2.9872620, 2.9900229, 2.9897830, 2.9887021, 2.9888930, 2.9841731, 2.9847820, 2.9844720, 2.9894421, 2.9900820, 2.9892230, 2.9909930, 2.9875021, 2.9877729, 2.9907830, 2.9900920, 2.9893620, 2.9888921, 2.9893129, 2.9826829, 2.9891829, 2.9914920, 2.9891429, 2.9844429, 2.9864120, 2.9886220, 2.9825420, 2.9859321, 2.9905331, 2.9853430, 2.9868920, 2.9875829, 2.9884629, 2.9919529, 2.9848630, 2.9873519, 2.9914320, 2.9893930, 2.9892220, 2.9880421, 2.9820631, 2.9844229, 2.9860620, 2.9846630, 2.9882419, 2.9913530, 2.9887631, 2.9868021, 2.9930720, 2.9856629, 2.9813020, 2.9884031 ],
"timesTransferFromDevice": [ 0.0167200, 0.0158400, 0.0169600, 0.0173200, 0.0171200, 0.0166400, 0.0177200, 0.0171600, 0.0168000, 0.0171600, 0.0172000, 0.0167600, 0.0170800, 0.0167600, 0.0163600, 0.0170800, 0.0166400, 0.0172800, 0.0164800, 0.0166800, 0.0172800, 0.0171200, 0.0168000, 0.0173200, 0.0172800, 0.0169600, 0.0172400, 0.0168000, 0.0165200, 0.0173600, 0.0173200, 0.0167200, 0.0168400, 0.0170000, 0.0166800, 0.0171600, 0.0165600, 0.0167200, 0.0168800, 0.0165200, 0.0166400, 0.0168800, 0.0173200, 0.0168800, 0.0171200, 0.0171600, 0.0171200, 0.0167600, 0.0169200, 0.0190400, 0.0167600, 0.0176400, 0.0171600, 0.0166400, 0.0172000, 0.0173200, 0.0171200, 0.0168400, 0.0168400, 0.0170800, 0.0168800, 0.0170800, 0.0168000, 0.0171200, 0.0170000, 0.0171200, 0.0174800, 0.0172000, 0.0170400, 0.0173600, 0.0170000, 0.0166000, 0.0169600, 0.0165600, 0.0177200, 0.0172400, 0.0176800, 0.0167200, 0.0169200, 0.0177200, 0.0168000, 0.0170800, 0.0172400, 0.0167600, 0.0168000, 0.0169600, 0.0172000, 0.0173600, 0.0176400, 0.0170400, 0.0168000, 0.0166400, 0.0169600, 0.0166400, 0.0171600, 0.0169200, 0.0170800, 0.0168800, 0.0170000, 0.0171600 ],
"bins": [ 0, 134217728, 0, 0, 0, 0, 0, 0, 0, 0, 0, 0, 0, 0, 0, 0, 0, 0, 0, 0, 0, 0, 0, 0, 0, 0, 0 ]
}
,