{
"inputLengthInCharacters": 67108864,
"uniformInput": true,
"useMappingLetter": false,
"measurements": {
"histogram_atomic_global": {
"timesTransferToDevice": [ 8.8168116, 6.7872949, 6.7320342, 6.7296138, 6.8073840, 6.7371540, 6.8906841, 6.7544031, 6.8642139, 6.7414241, 6.8663640, 6.7375741, 6.8335142, 6.7244539, 6.9134140, 6.7192130, 6.7159939, 6.7418542, 6.8221941, 6.8450341, 6.7459650, 6.8513641, 6.7176042, 6.8948731, 6.7609348, 6.8702641, 6.7359948, 6.8942938, 6.7316852, 6.8769150, 6.7330151, 6.7308540, 6.8443551, 6.8259149, 6.7406850, 6.7315140, 6.7656450, 6.7356739, 6.8286948, 6.7237439, 6.9132948, 6.7382040, 6.8604751, 6.7465239, 6.8858652, 6.7421942, 6.7372551, 6.7258248, 6.7879748, 6.7164450, 6.7522149, 6.7427139, 6.7359748, 6.8881640, 6.7449551, 6.8658051, 6.7549548, 6.8576140, 6.7300248, 6.8953438, 6.7421851, 6.7316451, 6.7372952, 6.7938948, 6.7199850, 6.7601151, 6.7334752, 6.7359538, 6.8846951, 6.7430649, 6.8629351, 6.7403250, 6.8809948, 6.7435040, 6.8764749, 6.7320738, 6.7353849, 6.7287550, 6.7650652, 6.7252049, 6.7538948, 6.7386651, 6.7397151, 6.9021449, 6.7443552, 6.8740048, 6.9040051, 6.7392550, 6.7387252, 6.8366938, 6.7344451, 6.7399039, 6.7396550, 6.8339648, 6.7297049, 6.7332139, 6.7308850, 6.7294040, 6.7346148, 6.7698250 ],
"timesExecution": [ 27.4351597, 27.4315357, 27.4308567, 27.4311142, 27.6885433, 27.6968327, 27.6983643, 27.6940956, 27.7015247, 27.6996365, 27.6990032, 27.7056351, 27.6964245, 27.6986713, 27.4863834, 27.4311962, 27.4309464, 27.4293251, 27.4256153, 27.6932755, 27.6874352, 27.7024231, 27.6913643, 27.6994362, 27.6978855, 27.7001553, 27.7007847, 27.7005157, 27.7006264, 27.5870686, 27.4322357, 27.4317951, 27.4305668, 27.4295673, 27.6953564, 27.6909161, 27.6928768, 27.6977558, 27.6990757, 27.6979160, 27.7011261, 27.7025967, 27.7022858, 27.7001152, 27.6918354, 27.4317589, 27.4316368, 27.4280777, 27.4273968, 27.7004681, 27.6941071, 27.6966476, 27.7006760, 27.6932087, 27.6993675, 27.7046585, 27.7021160, 27.6995583, 27.6937180, 27.6994686, 27.4295177, 27.4319286, 27.4270554, 27.4284077, 27.6880283, 27.6931171, 27.6877289, 27.6934471, 27.6993561, 27.7035599, 27.7001209, 27.7019787, 27.7009373, 27.7091389, 27.7021675, 27.4306793, 27.4325886, 27.4318810, 27.4282875, 27.6938877, 27.6957283, 27.6960487, 27.6859875, 27.6959000, 27.7014771, 27.7009182, 27.6967983, 27.6977882, 27.6986809, 27.6983471, 27.4310875, 27.4295597, 27.4272003, 27.4295998, 27.4249191, 27.6954594, 27.6959209, 27.6921997, 27.6947193, 27.6970882 ],
"timesTransferFromDevice": [ 0.3916500, 0.0196800, 0.0205200, 0.0196000, 0.0202800, 0.0199200, 0.0205200, 0.0214400, 0.0212000, 0.0206800, 0.0497200, 0.0214400, 0.0213600, 0.0207200, 0.0212000, 0.0206400, 0.0209600, 0.0204800, 0.0206800, 0.0205600, 0.0205600, 0.0204400, 0.0208800, 0.0201600, 0.0209600, 0.0204000, 0.0207600, 0.0207600, 0.0208800, 0.0205600, 0.0218000, 0.0216400, 0.0214800, 0.0205600, 0.0217200, 0.0205200, 0.0213600, 0.0210000, 0.0205600, 0.0209200, 0.0208800, 0.0209600, 0.0206000, 0.0219200, 0.0212800, 0.0210800, 0.0220400, 0.0210400, 0.0214800, 0.0209600, 0.0211600, 0.0202800, 0.0212400, 0.0210000, 0.0212000, 0.0209600, 0.0203200, 0.0209600, 0.0209600, 0.0211200, 0.0211200, 0.0206800, 0.0214400, 0.0213200, 0.0221600, 0.0213200, 0.0208800, 0.0208800, 0.0210400, 0.0221600, 0.0221200, 0.0209200, 0.0218000, 0.0208800, 0.0604300, 0.0202800, 0.0217600, 0.0204400, 0.0224400, 0.0218800, 0.0205200, 0.0212400, 0.0212400, 0.0212400, 0.0210000, 0.0207600, 0.0209200, 0.0204000, 0.0206400, 0.0214800, 0.0209600, 0.0212800, 0.0205600, 0.0213600, 0.0221500, 0.0209600, 0.0222800, 0.0213200, 0.0208400, 0.0207200 ],
"bins": [ 0, 0, 0, 0, 0, 0, 0, 0, 0, 0, 0, 0, 0, 0, 0, 0, 0, 0, 0, 0, 0, 0, 0, 0, 0, 0, 0, 0, 0, 0, 0, 0, 0, 0, 0, 0, 0, 0, 0, 0, 0, 0, 0, 0, 0, 0, 0, 0, 0, 0, 0, 0, 0, 0, 0, 0, 0, 0, 0, 0, 0, 0, 0, 0, 0, 0, 0, 0, 0, 0, 0, 0, 0, 0, 0, 0, 0, 0, 0, 0, 0, 0, 0, 0, 0, 0, 0, 0, 0, 0, 0, 0, 0, 0, 0, 0, 67108864, 0, 0, 0, 0, 0, 0, 0, 0, 0, 0, 0, 0, 0, 0, 0, 0, 0, 0, 0, 0, 0, 0, 0, 0, 0, 0, 0, 0, 0, 0, 0 ]
}
,
"histogram_atomic_private": {
"timesTransferToDevice": [ 6.7962451, 6.7482738, 6.6918249, 6.6953549, 6.7013750, 6.8479252, 6.6936851, 6.7045250, 6.8024750, 6.7287450, 6.6995549, 6.6967649, 6.7862449, 5.9217858, 6.6975541, 6.6920748, 6.8986049, 6.6998949, 6.6956749, 6.7777948, 5.9153061, 6.6931348, 6.6972051, 6.8808651, 6.6972852, 6.6964850, 6.7974949, 6.7217751, 6.7002950, 6.6978149, 6.7957649, 6.7388840, 6.6758251, 6.6825051, 6.7170649, 6.8360252, 6.6952949, 6.7040548, 6.8045850, 6.7229838, 6.7169452, 6.7140450, 6.7601848, 5.8992958, 6.7153149, 6.7078848, 6.8526750, 6.6846242, 6.6996751, 6.7838750, 5.9004350, 6.6826549, 6.6991048, 6.7001648, 5.8895249, 6.6804352, 6.6897349, 6.8696141, 6.6804948, 6.7020450, 6.8091049, 6.7171650, 6.6776948, 6.6858439, 6.7061849, 6.8576450, 6.6897750, 6.6923151, 6.8019052, 6.7151952, 6.6912351, 6.6867638, 6.7330351, 6.8253250, 6.6909652, 6.6776452, 6.6821351, 6.8649650, 6.6893449, 6.6792150, 6.7122049, 6.8485441, 6.6828952, 6.6774850, 6.6849151, 6.8637648, 6.6727452, 6.6858749, 6.6863151, 6.6824150, 6.7293549, 6.6969752, 6.6849651, 6.7741652, 6.7189350, 6.6859741, 6.6812849, 6.6828551, 6.8727441, 6.6777449 ],
"timesExecution": [ 1.4769390, 1.4773990, 1.4802790, 1.4780380, 1.4762191, 1.4802290, 1.4827390, 1.4802480, 1.4773790, 1.4794190, 1.4800680, 1.4787190, 1.4759290, 1.4784189, 1.4799790, 1.4786890, 1.4763690, 1.4778590, 1.4819790, 1.4790380, 1.4767489, 1.4795290, 1.4820679, 1.4796090, 1.4780180, 1.4786990, 1.4828990, 1.4774590, 1.4764590, 1.4784690, 1.4832790, 1.4786590, 1.4754690, 1.4782180, 1.4824990, 1.4792891, 1.4763790, 1.4797490, 1.4820790, 1.4800889, 1.4790590, 1.4787790, 1.4810590, 1.4786580, 1.4764990, 1.4793890, 1.4822590, 1.4797390, 1.4775389, 1.4791090, 1.4863690, 1.4790291, 1.4762690, 1.4781690, 1.4826890, 1.4793690, 1.4768190, 1.4798990, 1.4821790, 1.4779990, 1.4768291, 1.4801490, 1.4820690, 1.4793490, 1.4770890, 1.4796190, 1.4817790, 1.4787890, 1.4761790, 1.4777690, 1.4818290, 1.4799690, 1.4761690, 1.4799780, 1.4797790, 1.4777390, 1.4766290, 1.4787790, 1.4822190, 1.4776690, 1.4781090, 1.4784590, 1.4810590, 1.4795390, 1.4752290, 1.4794890, 1.4813290, 1.4786780, 1.4769390, 1.4802990, 1.4808290, 1.4797781, 1.4752990, 1.4789490, 1.4813390, 1.4792089, 1.4770490, 1.4793890, 1.4825790, 1.4789190 ],
"timesTransferFromDevice": [ 0.0174800, 0.0178800, 0.0176400, 0.0202800, 0.0189200, 0.0196000, 0.0189200, 0.0195200, 0.0210400, 0.0202800, 0.0218100, 0.0203200, 0.0213600, 0.0203200, 0.0190000, 0.0202000, 0.0211200, 0.0190400, 0.0192800, 0.0222000, 0.0212400, 0.0188800, 0.0206000, 0.0192000, 0.0188800, 0.0206400, 0.0201200, 0.0202800, 0.0202400, 0.0199600, 0.0196000, 0.0201600, 0.0206400, 0.0200000, 0.0198000, 0.0191600, 0.0186400, 0.0221600, 0.0181200, 0.0195600, 0.0197200, 0.0202400, 0.0207200, 0.0192400, 0.0237500, 0.0196000, 0.0200000, 0.0202800, 0.0201200, 0.0204400, 0.0203200, 0.0209200, 0.0196000, 0.0193600, 0.0197600, 0.0221200, 0.0209600, 0.0196400, 0.0196000, 0.0205200, 0.0204400, 0.0200000, 0.0196800, 0.0189200, 0.0187600, 0.0193600, 0.0202800, 0.0207600, 0.0192000, 0.0198400, 0.0231700, 0.0222000, 0.0196000, 0.0199600, 0.0200000, 0.0199600, 0.0208800, 0.0194800, 0.0194790, 0.0201200, 0.0198400, 0.0196400, 0.0188400, 0.0204000, 0.0194400, 0.0194800, 0.0196400, 0.0208000, 0.0204000, 0.0209200, 0.0208000, 0.0197200, 0.0231500, 0.0210000, 0.0196000, 0.0200400, 0.0212000, 0.0222000, 0.0204400, 0.0205600 ],
"bins": [ 0, 0, 0, 0, 0, 0, 0, 0, 0, 0, 0, 0, 0, 0, 0, 0, 0, 0, 0, 0, 0, 0, 0, 0, 0, 0, 0, 0, 0, 0, 0, 0, 0, 0, 0, 0, 0, 0, 0, 0, 0, 0, 0, 0, 0, 0, 0, 0, 0, 0, 0, 0, 0, 0, 0, 0, 0, 0, 0, 0, 0, 0, 0, 0, 0, 0, 0, 0, 0, 0, 0, 0, 0, 0, 0, 0, 0, 0, 0, 0, 0, 0, 0, 0, 0, 0, 0, 0, 0, 0, 0, 0, 0, 0, 0, 0, 67108864, 0, 0, 0, 0, 0, 0, 0, 0, 0, 0, 0, 0, 0, 0, 0, 0, 0, 0, 0, 0, 0, 0, 0, 0, 0, 0, 0, 0, 0, 0, 0 ]
}
,