{
"inputLengthInCharacters": 128,
"uniformInput": false,
"useMappingLetter": true,
"measurements": {
"histogram_atomic_global": {
"timesTransferToDevice": [ 0.0476800, 0.0226300, 0.0269200, 0.0256810, 0.0239900, 0.0257100, 0.0265500, 0.0252200, 0.0270900, 0.0238500, 0.0264010, 0.0323210, 0.0262310, 0.0271900, 0.0263900, 0.0253600, 0.0272800, 0.0294400, 0.0255400, 0.0243610, 0.0272800, 0.0247200, 0.0256100, 0.0268400, 0.0234000, 0.0268800, 0.0250600, 0.0248310, 0.0251300, 0.0250900, 0.0233800, 0.0269600, 0.0272900, 0.0264800, 0.0272500, 0.0247500, 0.0252100, 0.0263210, 0.0244800, 0.0239200, 0.0229600, 0.0266500, 0.0273600, 0.0272900, 0.0245900, 0.0295810, 0.0288510, 0.0234900, 0.0265400, 0.0249000, 0.0252500, 0.0260500, 0.0234900, 0.0246710, 0.0249700, 0.0232800, 0.0247600, 0.0263900, 0.0238500, 0.0252900, 0.0272400, 0.0251310, 0.0271100, 0.0233600, 0.0273200, 0.0249600, 0.0291900, 0.0242700, 0.0242400, 0.0244610, 0.0227900, 0.0251500, 0.0255800, 0.0242000, 0.0230700, 0.0241400, 0.0258100, 0.0232800, 0.0229210, 0.0232000, 0.0231900, 0.0243100, 0.0247500, 0.0239700, 0.0241600, 0.0307110, 0.0246210, 0.0243500, 0.0249700, 0.0277800, 0.0270000, 0.0265700, 0.0295100, 0.0231610, 0.0236100, 0.0244000, 0.0285000, 0.0247500, 0.0263900, 0.0268000 ],
"timesExecution": [ 0.0286000, 0.0323900, 0.0298400, 0.0324000, 0.0321200, 0.0301610, 0.0322510, 0.0323500, 0.0315500, 0.0321600, 0.0316000, 0.0457800, 0.0297600, 0.0311610, 0.0312410, 0.0310600, 0.0294800, 0.0324200, 0.0313100, 0.0308700, 0.0310800, 0.0317710, 0.0313210, 0.0317000, 0.0307400, 0.0312800, 0.0315200, 0.0310400, 0.0294800, 0.0311410, 0.0311510, 0.0310600, 0.0319300, 0.0322900, 0.0312700, 0.0312400, 0.0314000, 0.0312600, 0.0313200, 0.0316110, 0.0316900, 0.0297600, 0.0316000, 0.0317600, 0.0291600, 0.0322200, 0.0311100, 0.0310510, 0.0290810, 0.0316000, 0.0294800, 0.0313300, 0.0310700, 0.0313600, 0.0310700, 0.0291610, 0.0314810, 0.0310700, 0.0314900, 0.0290800, 0.0311100, 0.0293200, 0.0316900, 0.0313210, 0.0294410, 0.0312300, 0.0309900, 0.0310800, 0.0313200, 0.0294000, 0.0295600, 0.0308810, 0.0315100, 0.0306500, 0.0317700, 0.0582400, 0.0313200, 0.0315900, 0.0317600, 0.0311600, 0.0308610, 0.0314500, 0.0322000, 0.0313900, 0.0294800, 0.0315300, 0.0313600, 0.0312310, 0.0307110, 0.0319000, 0.0317600, 0.0313200, 0.0315200, 0.0321600, 0.0317300, 0.0292010, 0.0291610, 0.0313200, 0.0293200, 0.0315300 ],
"timesTransferFromDevice": [ 0.4594140, 0.0186800, 0.0189600, 0.0242100, 0.0214200, 0.0238300, 0.0192400, 0.0193610, 0.0232710, 0.0205200, 0.0209600, 0.0214400, 0.0233100, 0.0210400, 0.0205600, 0.0211200, 0.0227610, 0.0212800, 0.0210000, 0.0230400, 0.0231600, 0.0212400, 0.0200400, 0.0234800, 0.0236910, 0.0197200, 0.0229600, 0.0232000, 0.0210000, 0.0260200, 0.0206800, 0.0227010, 0.0527710, 0.0228810, 0.0267910, 0.0210800, 0.0228800, 0.0214800, 0.0210800, 0.0239200, 0.0202800, 0.0201610, 0.0272610, 0.0229700, 0.0233300, 0.0231200, 0.0272800, 0.0214000, 0.0233600, 0.0215200, 0.0241410, 0.0230200, 0.0227600, 0.0231200, 0.0237000, 0.0232300, 0.0210400, 0.0234800, 0.0240310, 0.0218800, 0.0227800, 0.0207600, 0.0228900, 0.0240800, 0.0238500, 0.0225100, 0.0220410, 0.0205200, 0.0229200, 0.0204400, 0.0237000, 0.0228300, 0.0229200, 0.0248710, 0.0209200, 0.0214410, 0.0239400, 0.0231100, 0.0234000, 0.0234000, 0.0214000, 0.0227800, 0.0203210, 0.0224900, 0.0234000, 0.0210800, 0.0216800, 0.0232400, 0.0198800, 0.0235900, 0.0229210, 0.0223010, 0.0209200, 0.0198800, 0.0235600, 0.0202800, 0.0228300, 0.0210000, 0.0230010, 0.0231200 ],
"bins": [ 71, 1, 4, 1, 0, 1, 1, 1, 2, 2, 2, 3, 2, 4, 3, 1, 2, 1, 1, 1, 4, 5, 5, 3, 5, 0, 2 ]
}
,
"histogram_atomic_private": {
"timesTransferToDevice": [ 0.0180810, 0.0241900, 0.0202000, 0.0195200, 0.0241600, 0.0213200, 0.0241100, 0.0211600, 0.0254810, 0.0238700, 0.0255800, 0.0254400, 0.0247300, 0.0241000, 0.0257810, 0.0251910, 0.0224400, 0.0236800, 0.0272800, 0.0252700, 0.0277700, 0.0229510, 0.0273510, 0.0240500, 0.0263500, 0.0232100, 0.0272800, 0.0263500, 0.0293600, 0.0214810, 0.0247600, 0.0260900, 0.0228800, 0.0268000, 0.0229000, 0.0274200, 0.0234010, 0.0237210, 0.0237600, 0.0235900, 0.0252900, 0.0293200, 0.0230500, 0.0253300, 0.0255310, 0.0269200, 0.0246000, 0.0274500, 0.0238600, 0.0235500, 0.0242500, 0.0259610, 0.0248410, 0.0230400, 0.0247100, 0.0228800, 0.0240000, 0.0243500, 0.0236900, 0.0272610, 0.0276210, 0.0233600, 0.0236810, 0.0273100, 0.0239000, 0.0245200, 0.0274100, 0.0235700, 0.0249200, 0.0231200, 0.0233210, 0.0231100, 0.0263500, 0.0293600, 0.0228800, 0.0234700, 0.0245000, 0.0239300, 0.0234110, 0.0270000, 0.0259700, 0.0236900, 0.0263300, 0.0246100, 0.0239000, 0.0247200, 0.0273210, 0.0235500, 0.0244900, 0.0260900, 0.0239600, 0.0243500, 0.0227200, 0.0229110, 0.0209600, 0.0248200, 0.0269700, 0.0252500, 0.0239100, 0.0227200 ],
"timesExecution": [ 0.0256400, 0.0289010, 0.0270800, 0.0289600, 0.0289100, 0.0291510, 0.0290600, 0.0295200, 0.0279200, 0.0300310, 0.0298710, 0.0309500, 0.0316100, 0.0293600, 0.0311100, 0.0313200, 0.0314000, 0.0289610, 0.0315300, 0.0308300, 0.0289200, 0.0293600, 0.0288400, 0.0294810, 0.0296010, 0.0313600, 0.0313700, 0.0293200, 0.0312800, 0.0312000, 0.0292800, 0.0314410, 0.0292410, 0.0295600, 0.0289200, 0.0312700, 0.0311600, 0.0310600, 0.0316010, 0.0296810, 0.0296400, 0.0294400, 0.0310700, 0.0313600, 0.0316800, 0.0316800, 0.0311510, 0.0310710, 0.0296800, 0.0318400, 0.0288800, 0.0312800, 0.0309600, 0.0310210, 0.0314110, 0.0312500, 0.0308300, 0.0301300, 0.0307100, 0.0309900, 0.0310800, 0.0315200, 0.0310000, 0.0306800, 0.0313610, 0.0315410, 0.0311100, 0.0318500, 0.0295200, 0.0291600, 0.0313500, 0.0291600, 0.0305310, 0.0308610, 0.0311600, 0.0314000, 0.0309400, 0.0292000, 0.0293200, 0.0294400, 0.0310710, 0.0312800, 0.0316500, 0.0312900, 0.0306600, 0.0294000, 0.0313200, 0.0314000, 0.0308210, 0.0312000, 0.0313100, 0.0313600, 0.0316400, 0.0310700, 0.0294800, 0.0310810, 0.0313510, 0.0313100, 0.0292000, 0.0310000 ],
"timesTransferFromDevice": [ 0.0164000, 0.0163200, 0.0166800, 0.0184400, 0.0181600, 0.0178000, 0.0187210, 0.0194400, 0.0225500, 0.0227200, 0.0223000, 0.0264610, 0.0214010, 0.0257400, 0.0260400, 0.0230400, 0.0212400, 0.0227900, 0.0227900, 0.0214010, 0.0215600, 0.0262900, 0.0256500, 0.0230000, 0.0213900, 0.0256800, 0.0227910, 0.0214000, 0.0235700, 0.0237300, 0.0232200, 0.0228600, 0.0227800, 0.0263610, 0.0237010, 0.0232000, 0.0225000, 0.0233100, 0.0261300, 0.0228200, 0.0212400, 0.0232310, 0.0210000, 0.0218400, 0.0194000, 0.0243700, 0.0233600, 0.0215200, 0.0231910, 0.0230810, 0.0234200, 0.0227900, 0.0236700, 0.0229500, 0.0246200, 0.0256700, 0.0235910, 0.0226300, 0.0229100, 0.0258400, 0.0769200, 0.0209600, 0.0208400, 0.0234800, 0.0214000, 0.0268300, 0.0239300, 0.0241010, 0.0212000, 0.0228700, 0.0229600, 0.0259700, 0.0231300, 0.0239100, 0.0210800, 0.0264210, 0.0212800, 0.0233500, 0.0211200, 0.0210000, 0.0234000, 0.0199600, 0.0235310, 0.0214000, 0.0242500, 0.0214400, 0.0215600, 0.0229000, 0.0219200, 0.0213600, 0.0232110, 0.0214800, 0.0229100, 0.0216000, 0.0262000, 0.0212400, 0.0208000, 0.0256810, 0.0233510, 0.0217200 ],
"bins": [ 71, 1, 4, 1, 0, 1, 1, 1, 2, 2, 2, 3, 2, 4, 3, 1, 2, 1, 1, 1, 4, 5, 5, 3, 5, 0, 2 ]
}
,