{
"inputLengthInCharacters": 16,
"uniformInput": true,
"useMappingLetter": false,
"measurements": {
"histogram_atomic_global": {
"timesTransferToDevice": [ 0.0530900, 0.0230500, 0.0260410, 0.0200800, 0.0242310, 0.0273300, 0.0243000, 0.0291310, 0.0249700, 0.0238600, 0.0262610, 0.0254100, 0.0249100, 0.0297700, 0.0266410, 0.0273900, 0.0250900, 0.0273210, 0.0279700, 0.0271400, 0.0240710, 0.0246700, 0.0242600, 0.0247710, 0.0263900, 0.0241410, 0.0246400, 0.0268500, 0.0238210, 0.0248400, 0.0268500, 0.0251210, 0.0267100, 0.0266200, 0.0261600, 0.0252810, 0.0250800, 0.0266800, 0.0244210, 0.0261400, 0.0273600, 0.0237810, 0.0248000, 0.0263000, 0.0245110, 0.0238600, 0.0267100, 0.0264310, 0.0247300, 0.0293010, 0.0305810, 0.0247500, 0.0248500, 0.0233810, 0.0264200, 0.0238210, 0.0253800, 0.0249300, 0.0257610, 0.0238500, 0.0251000, 0.0268110, 0.0248700, 0.0264310, 0.0252100, 0.0269700, 0.0239910, 0.0292300, 0.0264300, 0.0251810, 0.0268300, 0.0232000, 0.0265510, 0.0268200, 0.0247700, 0.0246010, 0.0268010, 0.0273300, 0.0264800, 0.0247110, 0.0256100, 0.0243800, 0.0241810, 0.0267200, 0.0255000, 0.0265110, 0.0243900, 0.0250800, 0.0247010, 0.0261700, 0.0281900, 0.0253410, 0.0248800, 0.0248310, 0.0299310, 0.0295300, 0.0237710, 0.0247600, 0.0291900, 0.0253610 ],
"timesExecution": [ 0.0274810, 0.0281510, 0.0376700, 0.0278110, 0.0276500, 0.0274400, 0.0271610, 0.0278000, 0.0286500, 0.0272010, 0.0273600, 0.0526700, 0.0272300, 0.0278010, 0.0271200, 0.0273900, 0.0278910, 0.0273500, 0.0270200, 0.0254310, 0.0265500, 0.0273600, 0.0267910, 0.0276900, 0.0271310, 0.0272800, 0.0249800, 0.0269510, 0.0274800, 0.0267910, 0.0274310, 0.0270800, 0.0267610, 0.0272700, 0.0276510, 0.0272000, 0.0267500, 0.0269910, 0.0292900, 0.0274100, 0.0272910, 0.0268300, 0.0270310, 0.0271910, 0.0273300, 0.0271700, 0.0264110, 0.0268200, 0.0271510, 0.0273200, 0.0271600, 0.0271110, 0.0274900, 0.0269500, 0.0268710, 0.0270000, 0.0267500, 0.0272710, 0.0272500, 0.0276510, 0.0267910, 0.0272000, 0.0267010, 0.0276000, 0.0277800, 0.0275010, 0.0272400, 0.0251200, 0.0269910, 0.0277800, 0.0269900, 0.0268310, 0.0272400, 0.0268800, 0.0268310, 0.0627910, 0.0272400, 0.0280200, 0.0276210, 0.0277800, 0.0270000, 0.0253210, 0.0276000, 0.0268400, 0.0273210, 0.0271300, 0.0266210, 0.0272410, 0.0268700, 0.0270010, 0.0273410, 0.0270700, 0.0275710, 0.0273200, 0.0268300, 0.0272410, 0.0265900, 0.0269600, 0.0269610, 0.0268800 ],
"timesTransferFromDevice": [ 0.4606060, 0.0183200, 0.0215610, 0.0210400, 0.0242700, 0.0202010, 0.0276800, 0.0233000, 0.0238310, 0.0216400, 0.0238210, 0.0235910, 0.0223600, 0.0275300, 0.0236400, 0.0234400, 0.0231400, 0.0230910, 0.0238500, 0.0230800, 0.0258010, 0.0231200, 0.0219600, 0.0207610, 0.0228700, 0.0226700, 0.0226300, 0.0262700, 0.0237110, 0.0223200, 0.0209600, 0.0235010, 0.0600410, 0.0228310, 0.0243700, 0.0228000, 0.0236000, 0.0263400, 0.0222810, 0.0237200, 0.0238300, 0.0236410, 0.0263000, 0.0259500, 0.0221610, 0.0231500, 0.0217200, 0.0231210, 0.0225800, 0.0237300, 0.0244810, 0.0212800, 0.0234000, 0.0200810, 0.0223600, 0.0266610, 0.0231500, 0.0234000, 0.0232710, 0.0221200, 0.0231700, 0.0232810, 0.0229200, 0.0227100, 0.0228110, 0.0232000, 0.0243600, 0.0228010, 0.0228800, 0.0231510, 0.0263010, 0.0206000, 0.0239210, 0.0232700, 0.0221200, 0.0232000, 0.0273910, 0.0230010, 0.0225100, 0.0265310, 0.0268510, 0.0253500, 0.0239610, 0.0227800, 0.0233700, 0.0232510, 0.0267400, 0.0229600, 0.0254510, 0.0206800, 0.0224800, 0.0229210, 0.0218400, 0.0223200, 0.0232810, 0.0222000, 0.0220000, 0.0232700, 0.0238000, 0.0233510 ],
"bins": [ 0, 0, 0, 0, 0, 0, 0, 0, 0, 0, 0, 0, 0, 0, 0, 0, 0, 0, 0, 0, 0, 0, 0, 0, 0, 0, 0, 0, 0, 0, 0, 0, 0, 0, 0, 0, 0, 0, 0, 0, 0, 0, 0, 0, 0, 0, 0, 0, 0, 0, 0, 0, 0, 0, 0, 0, 0, 0, 0, 0, 0, 0, 0, 0, 0, 0, 0, 0, 0, 0, 0, 0, 0, 0, 0, 0, 0, 0, 0, 0, 0, 0, 0, 0, 0, 0, 0, 0, 0, 0, 0, 0, 0, 0, 0, 0, 16, 0, 0, 0, 0, 0, 0, 0, 0, 0, 0, 0, 0, 0, 0, 0, 0, 0, 0, 0, 0, 0, 0, 0, 0, 0, 0, 0, 0, 0, 0, 0 ]
}
,
"histogram_atomic_private": {
"timesTransferToDevice": [ 0.0225110, 0.0215700, 0.0206000, 0.0177600, 0.0243700, 0.0235400, 0.0234710, 0.0230400, 0.0228510, 0.0261900, 0.0249210, 0.0248900, 0.0291400, 0.0250110, 0.0267600, 0.0250700, 0.0240210, 0.0265200, 0.0252300, 0.0271800, 0.0278110, 0.0247200, 0.0293600, 0.0272910, 0.0245100, 0.0243610, 0.0289800, 0.0261400, 0.0251510, 0.0287810, 0.0266700, 0.0254010, 0.0244200, 0.0242100, 0.0262710, 0.0248100, 0.0274000, 0.0287310, 0.0273300, 0.0306700, 0.0240310, 0.0289000, 0.0243600, 0.0248910, 0.0243500, 0.0272100, 0.0293610, 0.0263900, 0.0265510, 0.0272810, 0.0272000, 0.0253610, 0.0237500, 0.0286700, 0.0245510, 0.0247600, 0.0248310, 0.0276400, 0.0250000, 0.0265910, 0.0244800, 0.0247300, 0.0240510, 0.0252100, 0.0239300, 0.0237710, 0.0246000, 0.0268110, 0.0247500, 0.0235700, 0.0292810, 0.0245400, 0.0262700, 0.0265210, 0.0246400, 0.0237200, 0.0265510, 0.0247900, 0.0241400, 0.0268010, 0.0263900, 0.0269810, 0.0261400, 0.0239100, 0.0273310, 0.0247610, 0.0274200, 0.0266000, 0.0250010, 0.0243500, 0.0242800, 0.0263400, 0.0272900, 0.0273710, 0.0248000, 0.0285400, 0.0277810, 0.0244500, 0.0281310, 0.0239910 ],
"timesExecution": [ 0.0234300, 0.0243810, 0.0248000, 0.0254900, 0.0252900, 0.0252000, 0.0258800, 0.0254610, 0.0259100, 0.0282310, 0.0278100, 0.0278000, 0.0275210, 0.0270300, 0.0269600, 0.0273410, 0.0272700, 0.0272110, 0.0604710, 0.0267910, 0.0272100, 0.0298010, 0.0270300, 0.0269100, 0.0273710, 0.0279000, 0.0272000, 0.0270810, 0.0269900, 0.0268400, 0.0268410, 0.0273600, 0.0270200, 0.0269510, 0.0265900, 0.0268300, 0.0275710, 0.0268300, 0.0287700, 0.0275310, 0.0264500, 0.0277300, 0.0251410, 0.0273700, 0.0267510, 0.0273700, 0.0273700, 0.0269110, 0.0276500, 0.0274500, 0.0269510, 0.0270200, 0.0274500, 0.0265910, 0.0275400, 0.0269110, 0.0269100, 0.0276200, 0.0281810, 0.0279400, 0.0268700, 0.0274510, 0.0273200, 0.0269800, 0.0268710, 0.0274000, 0.0273710, 0.0271600, 0.0267800, 0.0271810, 0.0272400, 0.0268300, 0.0280310, 0.0279500, 0.0272700, 0.0272810, 0.0271900, 0.0274910, 0.0269100, 0.0276800, 0.0267010, 0.0274400, 0.0268700, 0.0272410, 0.0268700, 0.0271600, 0.0267510, 0.0271500, 0.0273600, 0.0279410, 0.0269600, 0.0254800, 0.0251610, 0.0273100, 0.0268610, 0.0269110, 0.0274400, 0.0255510, 0.0269500, 0.0276100 ],
"timesTransferFromDevice": [ 0.0166010, 0.0170000, 0.0181200, 0.0217800, 0.0210000, 0.0259900, 0.0225310, 0.0219100, 0.0222410, 0.0226600, 0.0234000, 0.0231300, 0.0230800, 0.0228710, 0.0238500, 0.0229800, 0.0209610, 0.0227200, 0.0231800, 0.0237100, 0.0230310, 0.0232700, 0.0227100, 0.0231210, 0.0235400, 0.0220800, 0.0262910, 0.0266200, 0.0233200, 0.0218010, 0.0250700, 0.0227100, 0.0230210, 0.0254700, 0.0235900, 0.0229500, 0.0228700, 0.0266910, 0.0272600, 0.0224800, 0.0257210, 0.0225710, 0.0227200, 0.0237910, 0.0199200, 0.0237500, 0.0221610, 0.0232200, 0.0203600, 0.0194410, 0.0239000, 0.0218810, 0.0211200, 0.0231500, 0.0235210, 0.0229000, 0.0216800, 0.0227610, 0.0206400, 0.0236310, 0.0965010, 0.0234800, 0.0266510, 0.0219600, 0.0218400, 0.0228210, 0.0236600, 0.0234000, 0.0221210, 0.0234100, 0.0232100, 0.0233200, 0.0234400, 0.0235210, 0.0235100, 0.0229600, 0.0226710, 0.0237700, 0.0238000, 0.0256010, 0.0200800, 0.0245300, 0.0233910, 0.0229900, 0.0258800, 0.0235110, 0.0235700, 0.0229600, 0.0229610, 0.0259300, 0.0230800, 0.0226510, 0.0194400, 0.0228810, 0.0232000, 0.0227400, 0.0236010, 0.0226300, 0.0230400, 0.0231910 ],
"bins": [ 0, 0, 0, 0, 0, 0, 0, 0, 0, 0, 0, 0, 0, 0, 0, 0, 0, 0, 0, 0, 0, 0, 0, 0, 0, 0, 0, 0, 0, 0, 0, 0, 0, 0, 0, 0, 0, 0, 0, 0, 0, 0, 0, 0, 0, 0, 0, 0, 0, 0, 0, 0, 0, 0, 0, 0, 0, 0, 0, 0, 0, 0, 0, 0, 0, 0, 0, 0, 0, 0, 0, 0, 0, 0, 0, 0, 0, 0, 0, 0, 0, 0, 0, 0, 0, 0, 0, 0, 0, 0, 0, 0, 0, 0, 0, 0, 16, 0, 0, 0, 0, 0, 0, 0, 0, 0, 0, 0, 0, 0, 0, 0, 0, 0, 0, 0, 0, 0, 0, 0, 0, 0, 0, 0, 0, 0, 0, 0 ]
}
,