{
"inputLengthInCharacters": 536870912,
"uniformInput": true,
"useMappingLetter": false,
"measurements": {
"histogram_atomic_global": {
"timesTransferToDevice": [ 37.4563789, 35.4247322, 37.6380577, 35.5011292, 35.3785019, 35.5689507, 35.2505989, 35.3121986, 35.6286087, 36.2495728, 35.0779495, 35.5275497, 36.1224403, 37.2261429, 35.8616486, 35.5208282, 35.3607597, 35.4900818, 37.6973495, 35.9454308, 35.4074097, 35.6759415, 35.5965691, 36.0232201, 35.9546089, 35.3919754, 35.6209030, 35.3124275, 35.4384499, 35.3537598, 35.8546066, 35.8999596, 35.4790382, 35.4354897, 35.4445877, 37.6684341, 36.0114212, 35.3816261, 35.6545448, 35.5137787, 37.0917778, 36.4613914, 35.7173615, 35.8494186, 35.3352013, 35.5558014, 36.1864395, 36.8966942, 35.4712677, 35.4656296, 35.5037003, 36.4111710, 35.0468559, 35.3821869, 36.2750931, 35.5667801, 35.7394066, 36.9688301, 35.4420090, 35.4967194, 37.2822762, 36.0498009, 35.4255600, 35.9507103, 35.6079063, 36.8672638, 36.0230408, 35.2116165, 35.4272003, 36.0388718, 35.6271400, 35.7980881, 37.0700760, 35.9117126, 35.4815063, 35.3486404, 35.9790726, 35.7405586, 35.6982193, 36.8965378, 37.0644455, 35.9968529, 35.3860207, 35.8082809, 35.5959930, 37.0591431, 35.9787102, 35.5367393, 35.4334412, 35.6038475, 37.0520058, 35.9276619, 35.6332321, 36.9959259, 35.9117203, 36.9088707, 35.5221405, 35.4447784, 35.5477905, 36.3657455 ],
"timesExecution": [ 224.2133331, 224.3103180, 224.1656189, 224.2113495, 224.1500702, 224.3199005, 224.1335754, 224.5777740, 223.9467468, 224.3012085, 224.2144470, 224.2640991, 224.1613770, 223.9467316, 224.1054535, 224.3752899, 224.2112885, 224.2330627, 223.8750153, 224.3358154, 224.1874084, 224.2864532, 224.2062836, 224.2417297, 224.1379700, 224.2983093, 224.2884979, 224.3692932, 224.1927338, 224.3760529, 223.9055176, 224.3017731, 224.1493225, 224.3474121, 224.1798096, 223.9642029, 224.2006073, 224.3589172, 224.2219391, 224.3559418, 223.9590912, 224.2492218, 224.1525269, 224.2722626, 224.4334106, 224.3286896, 224.1937714, 224.3148499, 224.1846008, 224.6084900, 224.1990051, 224.2372437, 224.1776428, 224.2715302, 224.2073822, 224.2935638, 224.3290863, 224.3421021, 224.1852417, 224.3398743, 223.9078522, 224.3098297, 224.2431335, 224.3260651, 224.2129822, 223.9711304, 224.1532898, 224.2870178, 224.1741486, 224.3064117, 224.2382202, 224.4742584, 224.1899414, 224.3098297, 224.0662994, 224.2703857, 224.3989410, 224.3577423, 224.1640625, 224.6388702, 224.0735016, 224.2742615, 224.2102966, 224.3977814, 224.4077454, 224.1605835, 224.1695404, 224.3015900, 224.1212158, 224.6483307, 224.3257751, 224.3424225, 224.1996613, 224.3108673, 224.1917725, 224.3363037, 224.1250610, 224.6508636, 224.1782990, 224.3073730 ],
"timesTransferFromDevice": [ 0.3695110, 0.0207200, 0.0180400, 0.0662000, 0.0174000, 0.0177200, 0.0176000, 0.0175600, 0.0172800, 0.0184800, 0.0187600, 0.0184800, 0.0187600, 0.0256400, 0.0183200, 0.0184400, 0.0189200, 0.0184800, 0.0172400, 0.0177600, 0.0188800, 0.0175600, 0.0186400, 0.0178000, 0.0177600, 0.0614400, 0.0170400, 0.0189600, 0.0186400, 0.0175200, 0.0185600, 0.0177200, 0.0186000, 0.0184800, 0.0174400, 0.0218000, 0.0188800, 0.0176800, 0.0176400, 0.0185200, 0.0172400, 0.0174800, 0.0211200, 0.0174800, 0.0175200, 0.0177200, 0.0186000, 0.0175600, 0.0182400, 0.0184800, 0.0172000, 0.0184000, 0.0184000, 0.0178000, 0.0178000, 0.0173200, 0.0184800, 0.0178800, 0.0177200, 0.0176800, 0.0174800, 0.0177200, 0.0176000, 0.0179200, 0.0175200, 0.0210000, 0.0179200, 0.0177600, 0.0175200, 0.0173200, 0.0176400, 0.0182400, 0.0179200, 0.0178800, 0.0184800, 0.0178400, 0.0176000, 0.0178000, 0.0173600, 0.0186400, 0.0177200, 0.0172400, 0.0184800, 0.0176000, 0.0179200, 0.0177600, 0.0184800, 0.0184000, 0.0174800, 0.0182400, 0.0185200, 0.0178000, 0.0186800, 0.0176400, 0.0174800, 0.0174000, 0.0172800, 0.0183600, 0.0174800, 0.0176800 ],
"bins": [ 0, 0, 0, 0, 0, 0, 0, 0, 0, 0, 0, 0, 0, 0, 0, 0, 0, 0, 0, 0, 0, 0, 0, 0, 0, 0, 0, 0, 0, 0, 0, 0, 0, 0, 0, 0, 0, 0, 0, 0, 0, 0, 0, 0, 0, 0, 0, 0, 0, 0, 0, 0, 0, 0, 0, 0, 0, 0, 0, 0, 0, 0, 0, 0, 0, 0, 0, 0, 0, 0, 0, 0, 0, 0, 0, 0, 0, 0, 0, 0, 0, 0, 0, 0, 0, 0, 0, 0, 0, 0, 0, 0, 0, 0, 0, 0, 536870912, 0, 0, 0, 0, 0, 0, 0, 0, 0, 0, 0, 0, 0, 0, 0, 0, 0, 0, 0, 0, 0, 0, 0, 0, 0, 0, 0, 0, 0, 0, 0 ]
}
,
"histogram_atomic_private": {
"timesTransferToDevice": [ 36.1348305, 35.4346008, 35.6553535, 35.5971680, 35.6673584, 35.3620415, 36.7409630, 35.7422409, 37.1167946, 36.9404640, 36.8803139, 37.0098648, 35.9184723, 35.7447662, 36.8302422, 37.2665977, 37.1900635, 35.6389694, 35.5993004, 35.9426727, 35.8543701, 35.9636230, 35.3931694, 35.7067108, 37.0098152, 35.4854202, 36.2136726, 35.4149590, 35.4405785, 37.2496643, 36.9694366, 35.8301811, 35.9481201, 36.8472023, 35.2035217, 35.1408958, 35.6275215, 36.1865311, 36.3341904, 36.3753929, 35.6201286, 35.3141212, 35.6523590, 37.2001266, 35.6120338, 35.1934814, 35.8417702, 37.0995827, 36.9040031, 36.8670311, 35.7915802, 36.8530846, 35.8568001, 37.3445435, 35.6465607, 35.6302414, 36.0495834, 35.6648216, 35.9123993, 35.3046188, 35.8851814, 36.1145058, 35.5766411, 35.5186996, 37.0695343, 35.5269012, 37.0090141, 36.5835533, 36.8417053, 36.8521538, 36.8540039, 36.8686752, 35.8532600, 36.9747429, 35.8631935, 35.3580666, 35.3093262, 35.9893799, 36.2745705, 35.4233589, 35.7654419, 35.5619202, 35.5792007, 36.2211838, 37.0752449, 35.3989677, 35.5807686, 35.7206497, 37.1757164, 36.9689255, 36.8642769, 36.8785858, 36.9082451, 36.8913155, 36.9869576, 36.8916245, 36.9653549, 36.9724960, 35.8082123, 37.0339622 ],
"timesExecution": [ 12.7597256, 13.1050081, 13.1498079, 13.1886482, 13.1620083, 13.1468878, 13.1349277, 13.1395693, 13.1099672, 13.1216869, 13.1557693, 13.1776476, 13.1178885, 12.8350458, 12.8800068, 12.8699675, 12.8722067, 12.8656874, 12.8514061, 12.6749258, 12.4980450, 12.7976074, 13.1579676, 13.2559690, 13.1717682, 13.1644878, 13.1333284, 13.1412878, 13.1376076, 13.1518879, 13.1328878, 13.1970882, 13.1274481, 13.1357279, 12.8343668, 12.9520473, 12.6705275, 12.5057650, 12.8229666, 12.8419657, 13.0846081, 13.0876074, 13.0856075, 13.2240477, 13.1457281, 13.1098070, 13.1256084, 13.1410484, 13.1100473, 13.1255684, 13.1642876, 13.2148476, 12.8762875, 12.8807268, 12.9619284, 12.9182873, 12.8807669, 12.4640055, 12.7412462, 13.1473684, 13.0960484, 13.1276884, 13.2114477, 13.1305285, 13.1118879, 13.1338482, 13.1568480, 13.1464882, 13.1142082, 13.1526079, 13.1638479, 13.1588879, 13.1256084, 13.1060867, 13.0996084, 12.9433270, 12.8956871, 12.6877661, 12.5742064, 12.7923660, 12.9444084, 13.2054882, 13.1792479, 13.1181278, 13.1515684, 13.1452885, 13.1333675, 13.1384077, 13.0947266, 13.1000471, 13.1764479, 13.1330080, 13.1306076, 13.1112881, 13.1225281, 13.1857281, 13.1106482, 13.1086483, 13.1601677, 13.1521683 ],
"timesTransferFromDevice": [ 0.0174000, 0.0173200, 0.0176800, 0.0171600, 0.0172400, 0.0180400, 0.0176400, 0.0172800, 0.0176810, 0.0174800, 0.0174800, 0.0177200, 0.0172000, 0.0185610, 0.0183600, 0.0190800, 0.0176400, 0.0173200, 0.0172400, 0.0184000, 0.0182800, 0.0175600, 0.0183200, 0.0175600, 0.0171200, 0.0182000, 0.0184000, 0.0184800, 0.0174000, 0.0177600, 0.0174800, 0.0176800, 0.0184800, 0.0182400, 0.0175600, 0.0174000, 0.0179200, 0.0183200, 0.0172400, 0.0187200, 0.0172800, 0.0173210, 0.0172400, 0.0171200, 0.0184810, 0.0175600, 0.0182800, 0.0181200, 0.0172000, 0.0174000, 0.0184400, 0.0172800, 0.0184400, 0.0174400, 0.0172800, 0.0184800, 0.0188000, 0.0174800, 0.0186000, 0.0175600, 0.0188000, 0.0172800, 0.0176800, 0.0173200, 0.0174000, 0.0175600, 0.0175600, 0.0182800, 0.0182010, 0.0184400, 0.0182000, 0.0184000, 0.0176000, 0.0195600, 0.0183200, 0.0174800, 0.0172000, 0.0178000, 0.0180800, 0.0172400, 0.0172000, 0.0185200, 0.0176000, 0.0182000, 0.0205200, 0.0173200, 0.0185600, 0.0175600, 0.0184410, 0.0175600, 0.0184400, 0.0171200, 0.0175200, 0.0186400, 0.0171600, 0.0172800, 0.0174800, 0.0185200, 0.0175200, 0.0173600 ],