{
"inputLengthInCharacters": 64,
"uniformInput": true,
"useMappingLetter": false,
"measurements": {
"histogram_atomic_global": {
"timesTransferToDevice": [ 0.0465200, 0.0216400, 0.0245610, 0.0238400, 0.0266200, 0.0269200, 0.0239900, 0.0301600, 0.0224410, 0.0267800, 0.0248700, 0.0267500, 0.0269900, 0.0232800, 0.0259500, 0.0244810, 0.0245700, 0.0266300, 0.0290200, 0.0265800, 0.0250900, 0.0245110, 0.0250910, 0.0264000, 0.0251300, 0.0264600, 0.0240500, 0.0292000, 0.0244310, 0.0275700, 0.0245600, 0.0240700, 0.0248800, 0.0237900, 0.0275700, 0.0244410, 0.0230000, 0.0268400, 0.0303400, 0.0248400, 0.0274800, 0.0236510, 0.0268300, 0.0262200, 0.0236400, 0.0269400, 0.0268100, 0.0247710, 0.0272200, 0.0238100, 0.0256500, 0.0267200, 0.0293300, 0.0269700, 0.0298610, 0.0273210, 0.0268900, 0.0246300, 0.0221100, 0.0249600, 0.0265900, 0.0245310, 0.0243500, 0.0224000, 0.0260900, 0.0244200, 0.0228700, 0.0244710, 0.0248800, 0.0233600, 0.0267900, 0.0251900, 0.0267110, 0.0269610, 0.0245800, 0.0234000, 0.0247000, 0.0247500, 0.0247900, 0.0255100, 0.0270910, 0.0272800, 0.0287700, 0.0294500, 0.0288300, 0.0250300, 0.0246200, 0.0263910, 0.0295000, 0.0240700, 0.0266700, 0.0232000, 0.0293900, 0.0272610, 0.0264610, 0.0244100, 0.0273300, 0.0248100, 0.0244000, 0.0248010 ],
"timesExecution": [ 0.0238800, 0.0256800, 0.0252800, 0.0278110, 0.0274310, 0.0280100, 0.0273200, 0.0277800, 0.0276800, 0.0281800, 0.0273610, 0.0460710, 0.0276500, 0.0275900, 0.0261300, 0.0257200, 0.0277600, 0.0279210, 0.0274200, 0.0275700, 0.0252000, 0.0272800, 0.0271900, 0.0272010, 0.0256000, 0.0272000, 0.0265400, 0.0276900, 0.0270400, 0.0284200, 0.0274110, 0.0274800, 0.0273700, 0.0252800, 0.0271700, 0.0252400, 0.0250800, 0.0276510, 0.0275800, 0.0268200, 0.0267800, 0.0270200, 0.0274400, 0.0278510, 0.0273600, 0.0272400, 0.0251200, 0.0271600, 0.0273800, 0.0272010, 0.0250400, 0.0269500, 0.0267800, 0.0287100, 0.0272800, 0.0252800, 0.0270410, 0.0276810, 0.0269900, 0.0267100, 0.0252000, 0.0252000, 0.0265010, 0.0273700, 0.0267100, 0.0272000, 0.0256400, 0.0256800, 0.0252010, 0.0279000, 0.0251200, 0.0255200, 0.0275600, 0.0269900, 0.0252810, 0.0545710, 0.0279400, 0.0272000, 0.0272200, 0.0252400, 0.0269600, 0.0274800, 0.0271910, 0.0253600, 0.0272300, 0.0283900, 0.0273200, 0.0273100, 0.0265500, 0.0253200, 0.0282000, 0.0268700, 0.0272000, 0.0268800, 0.0273600, 0.0254810, 0.0277300, 0.0266700, 0.0269500, 0.0252000 ],
"timesTransferFromDevice": [ 0.4625340, 0.0185200, 0.0173200, 0.0232000, 0.0279100, 0.0232000, 0.0199210, 0.0210400, 0.0190400, 0.0263000, 0.0212400, 0.0192400, 0.0228300, 0.0204010, 0.0192800, 0.0208800, 0.0232700, 0.0198400, 0.0212400, 0.0207210, 0.0202400, 0.0228300, 0.0206800, 0.0236400, 0.0258400, 0.0226810, 0.0227400, 0.0229200, 0.0234900, 0.0198800, 0.0208800, 0.0261610, 0.0508610, 0.0210010, 0.0210400, 0.0229600, 0.0199600, 0.0234700, 0.0234800, 0.0196000, 0.0266900, 0.0229100, 0.0210800, 0.0230800, 0.0226700, 0.0198810, 0.0212800, 0.0209600, 0.0234200, 0.0264800, 0.0232000, 0.0231610, 0.0265700, 0.0235600, 0.0245300, 0.0260900, 0.0237800, 0.0235300, 0.0273610, 0.0210800, 0.0233600, 0.0203200, 0.0229100, 0.0201600, 0.0241710, 0.0229100, 0.0232000, 0.0211000, 0.0231200, 0.0229600, 0.0196410, 0.0227100, 0.0198800, 0.0236800, 0.0215600, 0.0238500, 0.0205200, 0.0269210, 0.0192800, 0.0257500, 0.0234400, 0.0228300, 0.0230000, 0.0232000, 0.0226410, 0.0233600, 0.0208000, 0.0232500, 0.0208800, 0.0230000, 0.0235900, 0.0234410, 0.0231500, 0.0234300, 0.0194000, 0.0195200, 0.0210000, 0.0204810, 0.0228200, 0.0199200 ],
"bins": [ 0, 0, 0, 0, 0, 0, 0, 0, 0, 0, 0, 0, 0, 0, 0, 0, 0, 0, 0, 0, 0, 0, 0, 0, 0, 0, 0, 0, 0, 0, 0, 0, 0, 0, 0, 0, 0, 0, 0, 0, 0, 0, 0, 0, 0, 0, 0, 0, 0, 0, 0, 0, 0, 0, 0, 0, 0, 0, 0, 0, 0, 0, 0, 0, 0, 0, 0, 0, 0, 0, 0, 0, 0, 0, 0, 0, 0, 0, 0, 0, 0, 0, 0, 0, 0, 0, 0, 0, 0, 0, 0, 0, 0, 0, 0, 0, 64, 0, 0, 0, 0, 0, 0, 0, 0, 0, 0, 0, 0, 0, 0, 0, 0, 0, 0, 0, 0, 0, 0, 0, 0, 0, 0, 0, 0, 0, 0, 0 ]
}
,
"histogram_atomic_private": {
"timesTransferToDevice": [ 0.0173210, 0.0189600, 0.0194400, 0.0207610, 0.0234100, 0.0229000, 0.0270200, 0.0250000, 0.0227210, 0.0256800, 0.0233100, 0.0235500, 0.0242100, 0.0247510, 0.0232800, 0.0244600, 0.0224400, 0.0245900, 0.0242700, 0.0234010, 0.0262200, 0.0249500, 0.0226000, 0.0240300, 0.0235600, 0.0273610, 0.0243400, 0.0254400, 0.0276700, 0.0239000, 0.0268000, 0.0258100, 0.0277910, 0.0298100, 0.0265800, 0.0292600, 0.0253900, 0.0251300, 0.0260710, 0.0263500, 0.0234000, 0.0229100, 0.0263500, 0.0232400, 0.0293210, 0.0262410, 0.0269600, 0.0235300, 0.0266400, 0.0274500, 0.0228000, 0.0279210, 0.0238010, 0.0247900, 0.0260500, 0.0241600, 0.0259000, 0.0244910, 0.0263000, 0.0235600, 0.0286700, 0.0254710, 0.0239500, 0.0307200, 0.0245500, 0.0262700, 0.0262000, 0.0271210, 0.0272400, 0.0263400, 0.0287400, 0.0258500, 0.0234800, 0.0298410, 0.0287410, 0.0298900, 0.0274900, 0.0230800, 0.0269100, 0.0256700, 0.0257610, 0.0248000, 0.0257200, 0.0245500, 0.0282800, 0.0252900, 0.0244310, 0.0248900, 0.0261700, 0.0285300, 0.0226400, 0.0294400, 0.0287210, 0.0273500, 0.0231200, 0.0295200, 0.0254900, 0.0294600, 0.0248800, 0.0268410 ],
"timesExecution": [ 0.0229200, 0.0220810, 0.0237600, 0.0255700, 0.0248410, 0.0252800, 0.0251100, 0.0251600, 0.0247800, 0.0270810, 0.0262000, 0.0259100, 0.0270600, 0.0273600, 0.0269910, 0.0253210, 0.0274800, 0.0281800, 0.0253600, 0.0272800, 0.0278010, 0.0253210, 0.0251210, 0.0268300, 0.0277800, 0.0252400, 0.0253200, 0.0276110, 0.0270400, 0.0254400, 0.0253200, 0.0252000, 0.0271700, 0.0277300, 0.0273110, 0.0251600, 0.0269600, 0.0249200, 0.0274000, 0.0269200, 0.0273110, 0.0268000, 0.0257200, 0.0268700, 0.0249600, 0.0271200, 0.0266710, 0.0268710, 0.0267400, 0.0283500, 0.0270000, 0.0281100, 0.0274900, 0.0274010, 0.0272400, 0.0273200, 0.0253200, 0.0250000, 0.0252000, 0.0271110, 0.0267800, 0.0276900, 0.0251610, 0.0277210, 0.0253200, 0.0285500, 0.0273300, 0.0251600, 0.0254010, 0.0274010, 0.0275800, 0.0253600, 0.0281300, 0.0270600, 0.0274100, 0.0258000, 0.0272310, 0.0269200, 0.0275700, 0.0253200, 0.0252000, 0.0278110, 0.0254000, 0.0272400, 0.0269600, 0.0268700, 0.0274100, 0.0274800, 0.0271910, 0.0254800, 0.0253600, 0.0270000, 0.0267500, 0.0271900, 0.0271710, 0.0267400, 0.0270800, 0.0278500, 0.0254000, 0.0268700 ],
"timesTransferFromDevice": [ 0.0220200, 0.0172800, 0.0162800, 0.0247000, 0.0246600, 0.0184800, 0.0220800, 0.0194800, 0.0183200, 0.0254000, 0.0199200, 0.0203200, 0.0213900, 0.0234400, 0.0225600, 0.0209600, 0.0228710, 0.0263700, 0.0193200, 0.0255500, 0.0209600, 0.0524800, 0.0233500, 0.0225110, 0.0205200, 0.0227200, 0.0230500, 0.0229600, 0.0228300, 0.0210410, 0.0255600, 0.0234000, 0.0225500, 0.0213200, 0.0193200, 0.0205610, 0.0254300, 0.0251500, 0.0240300, 0.0225100, 0.0272700, 0.0235200, 0.0194410, 0.0224700, 0.0252000, 0.0238100, 0.0211200, 0.0202800, 0.0250610, 0.0258910, 0.0214400, 0.0256400, 0.0202800, 0.0229200, 0.0236300, 0.0202810, 0.0231100, 0.0228400, 0.0232300, 0.0227500, 0.0906200, 0.0224600, 0.0207200, 0.0230400, 0.0234410, 0.0231200, 0.0203200, 0.0190400, 0.0234200, 0.0229100, 0.0273310, 0.0231210, 0.0214400, 0.0260600, 0.0213200, 0.0196000, 0.0234900, 0.0202810, 0.0206400, 0.0217600, 0.0213600, 0.0209600, 0.0232800, 0.0227910, 0.0195200, 0.0235700, 0.0234300, 0.0210800, 0.0193600, 0.0203210, 0.0234300, 0.0228400, 0.0227100, 0.0264200, 0.0235600, 0.0233400, 0.0227310, 0.0213600, 0.0201600, 0.0227100 ],
"bins": [ 0, 0, 0, 0, 0, 0, 0, 0, 0, 0, 0, 0, 0, 0, 0, 0, 0, 0, 0, 0, 0, 0, 0, 0, 0, 0, 0, 0, 0, 0, 0, 0, 0, 0, 0, 0, 0, 0, 0, 0, 0, 0, 0, 0, 0, 0, 0, 0, 0, 0, 0, 0, 0, 0, 0, 0, 0, 0, 0, 0, 0, 0, 0, 0, 0, 0, 0, 0, 0, 0, 0, 0, 0, 0, 0, 0, 0, 0, 0, 0, 0, 0, 0, 0, 0, 0, 0, 0, 0, 0, 0, 0, 0, 0, 0, 0, 64, 0, 0, 0, 0, 0, 0, 0, 0, 0, 0, 0, 0, 0, 0, 0, 0, 0, 0, 0, 0, 0, 0, 0, 0, 0, 0, 0, 0, 0, 0, 0 ]
}
,