{
"inputLengthInCharacters": 1024,
"uniformInput": true,
"useMappingLetter": false,
"measurements": {
"histogram_atomic_global": {
"timesTransferToDevice": [ 0.0483600, 0.0220810, 0.0259000, 0.0277700, 0.0271400, 0.0273800, 0.0243900, 0.0262710, 0.0303910, 0.0269600, 0.0282600, 0.0252600, 0.0277900, 0.0275100, 0.0264300, 0.0268800, 0.0268500, 0.0268510, 0.0268710, 0.0253300, 0.0264100, 0.0238100, 0.0246700, 0.0271100, 0.0251300, 0.0276610, 0.0268400, 0.0262600, 0.0263500, 0.0249900, 0.0269700, 0.0275800, 0.0269210, 0.0269400, 0.0268900, 0.0267110, 0.0321310, 0.0258300, 0.0249000, 0.0263000, 0.0280300, 0.0268800, 0.0311500, 0.0257910, 0.0264010, 0.0267800, 0.0269600, 0.0272100, 0.0272100, 0.0274500, 0.0270600, 0.0261210, 0.0245700, 0.0303300, 0.0307100, 0.0267200, 0.0268500, 0.0271700, 0.0265900, 0.0246410, 0.0269400, 0.0273400, 0.0263400, 0.0271900, 0.0287900, 0.0275100, 0.0248300, 0.0246310, 0.0272600, 0.0269600, 0.0278100, 0.0264400, 0.0273300, 0.0265900, 0.0245510, 0.0272510, 0.0253410, 0.0267610, 0.0254700, 0.0267700, 0.0272100, 0.0265500, 0.0252800, 0.0265500, 0.0291210, 0.0270910, 0.0282600, 0.0251600, 0.0264500, 0.0270100, 0.0278200, 0.0269300, 0.0261810, 0.0262000, 0.0294100, 0.0276600, 0.0272800, 0.0261500, 0.0270800, 0.0267700 ],
"timesExecution": [ 0.0265600, 0.0269200, 0.0260400, 0.0283310, 0.0288400, 0.0284300, 0.0284200, 0.0287900, 0.0278500, 0.0273600, 0.0275610, 0.0513310, 0.0278110, 0.0277900, 0.0287300, 0.0274400, 0.0282100, 0.0285000, 0.0289500, 0.0276410, 0.0276210, 0.0278400, 0.0282000, 0.0257200, 0.0287700, 0.0285400, 0.0278500, 0.0257610, 0.0284810, 0.0258000, 0.0273100, 0.0258800, 0.0288700, 0.0277600, 0.0285000, 0.0282500, 0.0279700, 0.0278510, 0.0281710, 0.0279200, 0.0279300, 0.0280100, 0.0273100, 0.0278000, 0.0300400, 0.0272310, 0.0271910, 0.0276500, 0.0274400, 0.0278200, 0.0273000, 0.0287700, 0.0281000, 0.0276500, 0.0274410, 0.0271900, 0.0282100, 0.0277300, 0.0280100, 0.0279700, 0.0281800, 0.0278210, 0.0276010, 0.0278600, 0.0256400, 0.0272300, 0.0271500, 0.0272800, 0.0274000, 0.0305910, 0.0278900, 0.0282800, 0.0273100, 0.0259200, 0.0272800, 0.0623000, 0.0276900, 0.0275200, 0.0281100, 0.0269110, 0.0265200, 0.0281000, 0.0278200, 0.0275000, 0.0278500, 0.0258800, 0.0278010, 0.0258410, 0.0272400, 0.0272700, 0.0272300, 0.0283900, 0.0272300, 0.0269900, 0.0279310, 0.0277710, 0.0283000, 0.0282600, 0.0274700, 0.0275700 ],
"timesTransferFromDevice": [ 0.4264130, 0.0192800, 0.0180800, 0.0208000, 0.0237710, 0.0206010, 0.0234400, 0.0284400, 0.0210800, 0.0230700, 0.0228000, 0.0238900, 0.0237600, 0.0238800, 0.0260710, 0.0260100, 0.0218800, 0.0208800, 0.0233300, 0.0236400, 0.0234800, 0.0234000, 0.0239410, 0.0233600, 0.0258500, 0.0238100, 0.0238000, 0.0236400, 0.0235700, 0.0228010, 0.0259310, 0.0237300, 0.0584810, 0.0233700, 0.0243200, 0.0230300, 0.0242000, 0.0257200, 0.0272000, 0.0234700, 0.0256710, 0.0230400, 0.0236400, 0.0202400, 0.0239100, 0.0231200, 0.0262400, 0.0211200, 0.0223610, 0.0233600, 0.0235000, 0.0236900, 0.0280900, 0.0235400, 0.0220800, 0.0228700, 0.0203210, 0.0232900, 0.0216400, 0.0212400, 0.0236100, 0.0228700, 0.0270700, 0.0240600, 0.0229210, 0.0231600, 0.0240000, 0.0233700, 0.0239400, 0.0235600, 0.0224400, 0.0233210, 0.0238810, 0.0230800, 0.0230800, 0.0236100, 0.0231900, 0.0282200, 0.0235700, 0.0270100, 0.0238000, 0.0262710, 0.0235900, 0.0227500, 0.0231200, 0.0193600, 0.0259700, 0.0228300, 0.0220410, 0.0239110, 0.0237300, 0.0228700, 0.0228400, 0.0234300, 0.0218400, 0.0238500, 0.0237800, 0.0220010, 0.0255600, 0.0227500 ],
"bins": [ 0, 0, 0, 0, 0, 0, 0, 0, 0, 0, 0, 0, 0, 0, 0, 0, 0, 0, 0, 0, 0, 0, 0, 0, 0, 0, 0, 0, 0, 0, 0, 0, 0, 0, 0, 0, 0, 0, 0, 0, 0, 0, 0, 0, 0, 0, 0, 0, 0, 0, 0, 0, 0, 0, 0, 0, 0, 0, 0, 0, 0, 0, 0, 0, 0, 0, 0, 0, 0, 0, 0, 0, 0, 0, 0, 0, 0, 0, 0, 0, 0, 0, 0, 0, 0, 0, 0, 0, 0, 0, 0, 0, 0, 0, 0, 0, 1024, 0, 0, 0, 0, 0, 0, 0, 0, 0, 0, 0, 0, 0, 0, 0, 0, 0, 0, 0, 0, 0, 0, 0, 0, 0, 0, 0, 0, 0, 0, 0 ]
}
,
"histogram_atomic_private": {
"timesTransferToDevice": [ 0.0173600, 0.0185610, 0.0219800, 0.0208700, 0.0251200, 0.0292110, 0.0256100, 0.0256500, 0.0259700, 0.0266300, 0.0241800, 0.0292910, 0.0275210, 0.0275400, 0.0293800, 0.0266400, 0.0260100, 0.0270900, 0.0288000, 0.0265600, 0.0258310, 0.0268400, 0.0254200, 0.0301100, 0.0253800, 0.0263500, 0.0271400, 0.0249010, 0.0265100, 0.0264300, 0.0249900, 0.0268000, 0.0272700, 0.0295400, 0.0277510, 0.0263800, 0.0268800, 0.0273300, 0.0268100, 0.0276600, 0.0266800, 0.0256000, 0.0273310, 0.0268600, 0.0302600, 0.0290600, 0.0274200, 0.0244100, 0.0268800, 0.0273510, 0.0302410, 0.0269700, 0.0274600, 0.0269700, 0.0265500, 0.0273800, 0.0273500, 0.0270610, 0.0248810, 0.0265400, 0.0269700, 0.0272110, 0.0264310, 0.0255300, 0.0301000, 0.0276700, 0.0274600, 0.0266500, 0.0278300, 0.0274610, 0.0252900, 0.0271700, 0.0269600, 0.0269600, 0.0304300, 0.0268900, 0.0274300, 0.0257810, 0.0267500, 0.0265900, 0.0271700, 0.0246600, 0.0273400, 0.0252000, 0.0275110, 0.0272410, 0.0274600, 0.0268900, 0.0268200, 0.0269200, 0.0275400, 0.0247200, 0.0266810, 0.0269700, 0.0267400, 0.0267200, 0.0267200, 0.0257800, 0.0283200, 0.0272310 ],
"timesExecution": [ 0.0257400, 0.0235200, 0.0229610, 0.0261300, 0.0263700, 0.0271400, 0.0253200, 0.0274710, 0.0267900, 0.0264400, 0.0277300, 0.0278100, 0.0277900, 0.0272500, 0.0275710, 0.0272310, 0.0258400, 0.0272700, 0.0277700, 0.0269200, 0.0278800, 0.0278100, 0.0275310, 0.0276900, 0.0273100, 0.0268400, 0.0272400, 0.0274800, 0.0258000, 0.0278610, 0.0277400, 0.0273100, 0.0255600, 0.0284800, 0.0259600, 0.0272300, 0.0288610, 0.0278010, 0.0271100, 0.0280700, 0.0254000, 0.0277300, 0.0276500, 0.0256000, 0.0276710, 0.0274810, 0.0276000, 0.0285200, 0.0270700, 0.0258800, 0.0272700, 0.0273600, 0.0253210, 0.0281110, 0.0283500, 0.0291400, 0.0278100, 0.0274400, 0.0275500, 0.0300800, 0.0272410, 0.0279200, 0.0256000, 0.0278210, 0.0255210, 0.0283600, 0.0256800, 0.0283000, 0.0270700, 0.0253200, 0.0253600, 0.0286710, 0.0278500, 0.0287400, 0.0282900, 0.0272000, 0.0277700, 0.0273100, 0.0276100, 0.0273910, 0.0272810, 0.0273500, 0.0255200, 0.0273200, 0.0270800, 0.0275800, 0.0254800, 0.0281510, 0.0278100, 0.0275700, 0.0274900, 0.0278200, 0.0254800, 0.0273900, 0.0255210, 0.0274500, 0.0276500, 0.0273200, 0.0253200, 0.0272700 ],
"timesTransferFromDevice": [ 0.0174400, 0.0170400, 0.0170000, 0.0179210, 0.0196400, 0.0222600, 0.0233000, 0.0227600, 0.0209600, 0.0227210, 0.0223600, 0.0257400, 0.0235600, 0.0239300, 0.0228000, 0.0240500, 0.0258810, 0.0265610, 0.0236800, 0.0198800, 0.0213200, 0.0240400, 0.0240100, 0.0210400, 0.0239010, 0.0235700, 0.0231200, 0.0235400, 0.0249600, 0.0235300, 0.0233200, 0.0227810, 0.0267900, 0.0239200, 0.0230800, 0.0265500, 0.0238500, 0.0258000, 0.0223600, 0.0237310, 0.0216400, 0.0223200, 0.0226400, 0.0211600, 0.0242400, 0.0238900, 0.0237200, 0.0237210, 0.0244900, 0.0258100, 0.0235400, 0.0236400, 0.0234900, 0.0232000, 0.0238510, 0.0235610, 0.0228400, 0.0263700, 0.0228300, 0.0239100, 0.0882000, 0.0237700, 0.0234700, 0.0228700, 0.0200400, 0.0228800, 0.0241010, 0.0234300, 0.0243500, 0.0244200, 0.0231200, 0.0205200, 0.0236000, 0.0266210, 0.0236410, 0.0244700, 0.0256200, 0.0235300, 0.0230300, 0.0234300, 0.0260900, 0.0229610, 0.0235710, 0.0219200, 0.0199600, 0.0240700, 0.0216400, 0.0236900, 0.0218800, 0.0231910, 0.0241600, 0.0231500, 0.0236000, 0.0224000, 0.0229200, 0.0238100, 0.0231110, 0.0215200, 0.0244600, 0.0236300 ],
"bins": [ 0, 0, 0, 0, 0, 0, 0, 0, 0, 0, 0, 0, 0, 0, 0, 0, 0, 0, 0, 0, 0, 0, 0, 0, 0, 0, 0, 0, 0, 0, 0, 0, 0, 0, 0, 0, 0, 0, 0, 0, 0, 0, 0, 0, 0, 0, 0, 0, 0, 0, 0, 0, 0, 0, 0, 0, 0, 0, 0, 0, 0, 0, 0, 0, 0, 0, 0, 0, 0, 0, 0, 0, 0, 0, 0, 0, 0, 0, 0, 0, 0, 0, 0, 0, 0, 0, 0, 0, 0, 0, 0, 0, 0, 0, 0, 0, 1024, 0, 0, 0, 0, 0, 0, 0, 0, 0, 0, 0, 0, 0, 0, 0, 0, 0, 0, 0, 0, 0, 0, 0, 0, 0, 0, 0, 0, 0, 0, 0 ]
}
,