{
"inputLengthInCharacters": 65536,
"uniformInput": true,
"useMappingLetter": false,
"measurements": {
"histogram_atomic_global": {
"timesTransferToDevice": [ 0.4454870, 0.0250500, 0.0234400, 0.0220400, 0.0258000, 0.0260490, 0.0264600, 0.0239990, 0.0231600, 0.0259500, 0.0234800, 0.0571100, 0.0264700, 0.0241500, 0.0317790, 0.0268200, 0.0240400, 0.0231600, 0.0297200, 0.0259200, 0.0244000, 0.0256400, 0.0248000, 0.0236000, 0.0240400, 0.0269790, 0.0258100, 0.0247600, 0.0242400, 0.0258600, 0.0237600, 0.0234400, 0.0279700, 0.0279200, 0.0266090, 0.0263400, 0.0306700, 0.0236800, 0.0259400, 0.0237600, 0.0273900, 0.0265500, 0.0232000, 0.0231600, 0.0259500, 0.0232800, 0.0232800, 0.0238000, 0.0270800, 0.0307100, 0.0258000, 0.0304900, 0.0234390, 0.0232000, 0.0235200, 0.0237200, 0.0233600, 0.0240000, 0.0232000, 0.0239600, 0.0272600, 0.0262600, 0.0260900, 0.0280090, 0.0302900, 0.0288300, 0.0233200, 0.0240400, 0.0266300, 0.0311600, 0.0242400, 0.0256300, 0.0258500, 0.0237200, 0.0260900, 0.0729700, 0.0268400, 0.0230000, 0.0236800, 0.0229600, 0.0269300, 0.0270490, 0.0230400, 0.0232400, 0.0232400, 0.0262000, 0.0232000, 0.0266200, 0.0247200, 0.0298000, 0.0261700, 0.0229200, 0.0262890, 0.0256000, 0.0240800, 0.0246000, 0.0234400, 0.0262000, 0.0261600, 0.0242800 ],
"timesExecution": [ 0.0574400, 0.0603490, 0.0591900, 0.0595790, 0.0582000, 0.0562400, 0.0598200, 0.0591800, 0.0596200, 0.0584900, 0.0584000, 0.0587300, 0.0586890, 0.0584400, 0.0585300, 0.0580700, 0.0585200, 0.0581500, 0.0579900, 0.0587190, 0.0578800, 0.0587290, 0.0579100, 0.0588200, 0.0585500, 0.0584800, 0.0588000, 0.0579100, 0.0586390, 0.0584900, 0.0569190, 0.0587100, 0.0621900, 0.0590800, 0.0585100, 0.0586000, 0.0589800, 0.0562790, 0.0583200, 0.0583190, 0.0586900, 0.0577100, 0.0581100, 0.0607500, 0.0589600, 0.0580000, 0.0607990, 0.0581100, 0.0561590, 0.0594300, 0.0578600, 0.0560800, 0.0564400, 0.0580700, 0.0563600, 0.0570400, 0.0564800, 0.0586890, 0.0566400, 0.0586890, 0.0593800, 0.0592790, 0.0583600, 0.0557600, 0.0564400, 0.0564000, 0.0596300, 0.0585200, 0.0583590, 0.0563600, 0.0583190, 0.0563200, 0.0593900, 0.0576700, 0.0586400, 0.0603890, 0.0566800, 0.0560390, 0.0561600, 0.0580400, 0.0585100, 0.0583500, 0.0590800, 0.0580400, 0.0556000, 0.0579400, 0.0564790, 0.0566000, 0.0583090, 0.0580800, 0.0574800, 0.0581200, 0.0578400, 0.0577400, 0.0572400, 0.0585900, 0.0567200, 0.0580290, 0.0566000, 0.0560790 ],
"timesTransferFromDevice": [ 0.4593180, 0.0190000, 0.0185200, 0.0234500, 0.0234400, 0.0198400, 0.0234000, 0.0242000, 0.0202390, 0.0285300, 0.0225100, 0.0197600, 0.0226400, 0.0227500, 0.0209600, 0.0230790, 0.0252800, 0.0233400, 0.0229600, 0.0232800, 0.0205200, 0.0237600, 0.0235700, 0.0236600, 0.0233300, 0.0232000, 0.0273990, 0.0237200, 0.0235300, 0.0234400, 0.0208400, 0.0226400, 0.0238500, 0.0230800, 0.0243300, 0.0234090, 0.0253700, 0.0228700, 0.0212000, 0.0273600, 0.0210800, 0.0239300, 0.0245400, 0.0251000, 0.0243190, 0.0233700, 0.0243400, 0.0208000, 0.0267100, 0.0199600, 0.0264400, 0.0210800, 0.0234200, 0.0230200, 0.0228300, 0.0230890, 0.0226800, 0.0226700, 0.0210400, 0.0280100, 0.0235200, 0.0240400, 0.0238500, 0.0220000, 0.0215600, 0.0268200, 0.0214400, 0.0227500, 0.0256900, 0.0228000, 0.0197600, 0.0211600, 0.0231800, 0.0233900, 0.0227200, 0.0243500, 0.0233200, 0.0229000, 0.0227900, 0.0198400, 0.0212800, 0.0210400, 0.0216400, 0.0234800, 0.0231290, 0.0234500, 0.0230800, 0.0227500, 0.0262700, 0.0210800, 0.0230500, 0.0245100, 0.0231700, 0.0273690, 0.0229700, 0.0201600, 0.0266700, 0.0229600, 0.0234500, 0.0272800 ],
"bins": [ 0, 0, 0, 0, 0, 0, 0, 0, 0, 0, 0, 0, 0, 0, 0, 0, 0, 0, 0, 0, 0, 0, 0, 0, 0, 0, 0, 0, 0, 0, 0, 0, 0, 0, 0, 0, 0, 0, 0, 0, 0, 0, 0, 0, 0, 0, 0, 0, 0, 0, 0, 0, 0, 0, 0, 0, 0, 0, 0, 0, 0, 0, 0, 0, 0, 0, 0, 0, 0, 0, 0, 0, 0, 0, 0, 0, 0, 0, 0, 0, 0, 0, 0, 0, 0, 0, 0, 0, 0, 0, 0, 0, 0, 0, 0, 0, 65536, 0, 0, 0, 0, 0, 0, 0, 0, 0, 0, 0, 0, 0, 0, 0, 0, 0, 0, 0, 0, 0, 0, 0, 0, 0, 0, 0, 0, 0, 0, 0 ]
}
,
"histogram_atomic_private": {
"timesTransferToDevice": [ 0.0237300, 0.0207200, 0.0208000, 0.0204400, 0.0239100, 0.0244300, 0.0224400, 0.0290900, 0.0235600, 0.0274290, 0.0237600, 0.0234400, 0.0236800, 0.0252200, 0.0243200, 0.0240800, 0.0268400, 0.0258000, 0.0238000, 0.0259500, 0.0265600, 0.0222800, 0.0267700, 0.0234000, 0.0232800, 0.0265990, 0.0248000, 0.0263500, 0.0270100, 0.0273500, 0.0230400, 0.0255600, 0.0237600, 0.0236800, 0.0261400, 0.0254000, 0.0265100, 0.0269400, 0.0229600, 0.0241200, 0.0238000, 0.0255590, 0.0260500, 0.0259400, 0.0277600, 0.0277800, 0.0230400, 0.0271900, 0.0270500, 0.0255500, 0.0261590, 0.0239600, 0.0248400, 0.0256800, 0.0269400, 0.0263400, 0.0253400, 0.0251500, 0.0243200, 0.0243600, 0.0236800, 0.0273200, 0.0259700, 0.0236400, 0.0229200, 0.0272900, 0.0237200, 0.0248000, 0.0262500, 0.0231200, 0.0273100, 0.0272100, 0.0229590, 0.0235200, 0.0238000, 0.0268700, 0.0240000, 0.0257600, 0.0239200, 0.0263600, 0.0268800, 0.0268090, 0.0234400, 0.0240000, 0.0268500, 0.0281200, 0.0249200, 0.0236400, 0.0234400, 0.0247600, 0.0241990, 0.0247200, 0.0236000, 0.0269500, 0.0271000, 0.0262300, 0.0231600, 0.0227200, 0.0236800, 0.0268090 ],
"timesExecution": [ 0.0256400, 0.0256400, 0.0260800, 0.0279500, 0.0267190, 0.0293400, 0.0287200, 0.0290000, 0.0303400, 0.0293100, 0.0324700, 0.0277590, 0.0280400, 0.0299200, 0.0299200, 0.0296300, 0.0303600, 0.0298000, 0.0297900, 0.0303700, 0.0310190, 0.0276800, 0.0303300, 0.0278800, 0.0299900, 0.0302000, 0.0282400, 0.0277590, 0.0285200, 0.0300000, 0.0283200, 0.0278800, 0.0305700, 0.0295100, 0.0319800, 0.0299900, 0.0287590, 0.0283600, 0.0306000, 0.0282400, 0.0282000, 0.0278800, 0.0280000, 0.0278000, 0.0302000, 0.0301590, 0.0307200, 0.0285600, 0.0295900, 0.0277600, 0.0298400, 0.0299600, 0.0302900, 0.0299600, 0.0304890, 0.0281200, 0.0301700, 0.0304200, 0.0302800, 0.0296000, 0.0781400, 0.0280400, 0.0301600, 0.0302100, 0.0280800, 0.0278400, 0.0304400, 0.0278400, 0.0302500, 0.0301200, 0.0310400, 0.0284400, 0.0280000, 0.0301200, 0.0304690, 0.0277600, 0.0278400, 0.0305700, 0.0286400, 0.0277600, 0.0302400, 0.0282400, 0.0301300, 0.0281990, 0.0299700, 0.0282390, 0.0282400, 0.0299900, 0.0281200, 0.0301700, 0.0282400, 0.0301000, 0.0297890, 0.0298300, 0.0299300, 0.0296900, 0.0297600, 0.0298500, 0.0297900, 0.0282800 ],
"timesTransferFromDevice": [ 0.0163600, 0.0170390, 0.0167600, 0.0255600, 0.0192000, 0.0201600, 0.0254390, 0.0251000, 0.0234900, 0.0243500, 0.0226600, 0.0201600, 0.0210400, 0.0260190, 0.0208800, 0.0273600, 0.0191600, 0.0246800, 0.0234100, 0.0234000, 0.0238100, 0.0266600, 0.0211190, 0.0235400, 0.0230900, 0.0238900, 0.0198800, 0.0239000, 0.0230400, 0.0228800, 0.0225200, 0.0238600, 0.0214000, 0.0228900, 0.0209600, 0.0226700, 0.0232900, 0.0258900, 0.0227090, 0.0266200, 0.0237600, 0.0235200, 0.0262100, 0.0207200, 0.0234500, 0.0229500, 0.0228700, 0.0234090, 0.0233100, 0.0231300, 0.0239300, 0.0239700, 0.0209600, 0.0240900, 0.0231700, 0.0273200, 0.0267890, 0.0263700, 0.0236900, 0.0218000, 0.0231290, 0.0239500, 0.0274400, 0.0229500, 0.0227900, 0.0207600, 0.0232300, 0.0210400, 0.0240200, 0.0211600, 0.0205600, 0.0229600, 0.0229100, 0.0231700, 0.0262900, 0.0233900, 0.0234600, 0.0213200, 0.0234000, 0.0230900, 0.0230400, 0.0241000, 0.0235000, 0.0241000, 0.0234000, 0.0217200, 0.0234600, 0.0209990, 0.0231600, 0.0217600, 0.0228000, 0.0239000, 0.0267000, 0.0259800, 0.0231100, 0.0232900, 0.0225800, 0.0230700, 0.0234700, 0.0200400 ],
"bins": [ 0, 0, 0, 0, 0, 0, 0, 0, 0, 0, 0, 0, 0, 0, 0, 0, 0, 0, 0, 0, 0, 0, 0, 0, 0, 0, 0, 0, 0, 0, 0, 0, 0, 0, 0, 0, 0, 0, 0, 0, 0, 0, 0, 0, 0, 0, 0, 0, 0, 0, 0, 0, 0, 0, 0, 0, 0, 0, 0, 0, 0, 0, 0, 0, 0, 0, 0, 0, 0, 0, 0, 0, 0, 0, 0, 0, 0, 0, 0, 0, 0, 0, 0, 0, 0, 0, 0, 0, 0, 0, 0, 0, 0, 0, 0, 0, 65536, 0, 0, 0, 0, 0, 0, 0, 0, 0, 0, 0, 0, 0, 0, 0, 0, 0, 0, 0, 0, 0, 0, 0, 0, 0, 0, 0, 0, 0, 0, 0 ]
}
,