{
"inputLengthInCharacters": 16,
"uniformInput": false,
"useMappingLetter": true,
"measurements": {
"histogram_atomic_global": {
"timesTransferToDevice": [ 0.0466000, 0.0225100, 0.0251200, 0.0211600, 0.0257000, 0.0268010, 0.0253310, 0.0266300, 0.0279300, 0.0318100, 0.0268100, 0.0259700, 0.0275300, 0.0239700, 0.0258910, 0.0263500, 0.0253500, 0.0272000, 0.0273200, 0.0256400, 0.0263010, 0.0271600, 0.0249500, 0.0228300, 0.0259600, 0.0244000, 0.0271310, 0.0276210, 0.0235200, 0.0241600, 0.0242000, 0.0250700, 0.0265010, 0.0247210, 0.0268610, 0.0292600, 0.0251200, 0.0268700, 0.0268300, 0.0231200, 0.0303110, 0.0232300, 0.0239200, 0.0212800, 0.0245900, 0.0235210, 0.0236800, 0.0252400, 0.0237000, 0.0240500, 0.0244200, 0.0256810, 0.0280200, 0.0262500, 0.0295200, 0.0297600, 0.0273200, 0.0290100, 0.0237510, 0.0290910, 0.0244700, 0.0245000, 0.0273100, 0.0264100, 0.0248600, 0.0244000, 0.0256110, 0.0253800, 0.0275200, 0.0264300, 0.0249000, 0.0239100, 0.0278210, 0.0257200, 0.0268700, 0.0247600, 0.0246300, 0.0244200, 0.0300200, 0.0275000, 0.0234310, 0.0296810, 0.0239300, 0.0264600, 0.0233600, 0.0236000, 0.0254000, 0.0267110, 0.0264600, 0.0276100, 0.0271200, 0.0252700, 0.0283200, 0.0245110, 0.0233900, 0.0268300, 0.0294600, 0.0272500, 0.0296200, 0.0265300 ],
"timesExecution": [ 0.0292400, 0.0326710, 0.0285200, 0.0316000, 0.0322000, 0.0314700, 0.0296000, 0.0297610, 0.0305210, 0.0317500, 0.0317600, 0.0468900, 0.0298000, 0.0315700, 0.0311900, 0.0309500, 0.0306210, 0.0298100, 0.0311100, 0.0311800, 0.0290000, 0.0312000, 0.0292010, 0.0292000, 0.0306700, 0.0292800, 0.0312300, 0.0291600, 0.0299610, 0.0316100, 0.0288400, 0.0291600, 0.0290800, 0.0311500, 0.0291200, 0.0310910, 0.0289210, 0.0290800, 0.0309400, 0.0305400, 0.0311500, 0.0292410, 0.0292800, 0.0314000, 0.0292400, 0.0311500, 0.0303700, 0.0310410, 0.0310400, 0.0318500, 0.0309100, 0.0312300, 0.0291600, 0.0310810, 0.0294010, 0.0310700, 0.0290400, 0.0309200, 0.0309500, 0.0306700, 0.0318900, 0.0291210, 0.0307000, 0.0310300, 0.0307800, 0.0294400, 0.0314700, 0.0305510, 0.0290010, 0.0312300, 0.0306600, 0.0291200, 0.0305800, 0.0312400, 0.0307110, 0.0562310, 0.0350410, 0.0316400, 0.0318900, 0.0307400, 0.0308600, 0.0300400, 0.0306210, 0.0298000, 0.0307100, 0.0317400, 0.0305800, 0.0311000, 0.0290010, 0.0295210, 0.0294800, 0.0289200, 0.0307800, 0.0315200, 0.0309000, 0.0309010, 0.0309900, 0.0313200, 0.0318100, 0.0310000 ],
"timesTransferFromDevice": [ 0.4045730, 0.0189600, 0.0171200, 0.0230310, 0.0211600, 0.0238400, 0.0234800, 0.0210400, 0.0232800, 0.0229500, 0.0233110, 0.0233010, 0.0269100, 0.0244500, 0.0233000, 0.0206400, 0.0192400, 0.0240710, 0.0231910, 0.0200800, 0.0213200, 0.0266300, 0.0194800, 0.0235000, 0.0241110, 0.0229200, 0.0195200, 0.0223000, 0.0198400, 0.0233900, 0.0233510, 0.0204000, 0.0603000, 0.0213200, 0.0237000, 0.0229100, 0.0229900, 0.0192810, 0.0240800, 0.0190400, 0.0225800, 0.0227900, 0.0240300, 0.0231510, 0.0208400, 0.0233500, 0.0230800, 0.0229400, 0.0209200, 0.0232210, 0.0235800, 0.0212000, 0.0239800, 0.0236400, 0.0231100, 0.0233910, 0.0237110, 0.0238000, 0.0227100, 0.0258100, 0.0243900, 0.0254700, 0.0240500, 0.0266010, 0.0227100, 0.0215200, 0.0238600, 0.0198000, 0.0222600, 0.0210010, 0.0224600, 0.0225800, 0.0204000, 0.0240100, 0.0230700, 0.0228200, 0.0231500, 0.0200410, 0.0230000, 0.0232400, 0.0240400, 0.0235700, 0.0238200, 0.0238700, 0.0235210, 0.0226300, 0.0213600, 0.0209200, 0.0205600, 0.0196400, 0.0230310, 0.0234400, 0.0238700, 0.0224200, 0.0213600, 0.0206800, 0.0235600, 0.0227110, 0.0272900, 0.0227400 ],
"bins": [ 8, 0, 0, 0, 0, 0, 0, 0, 0, 1, 0, 0, 0, 1, 0, 0, 0, 0, 0, 0, 0, 1, 1, 1, 3, 0, 0 ]
}
,
"histogram_atomic_private": {
"timesTransferToDevice": [ 0.0230400, 0.0191600, 0.0202800, 0.0227900, 0.0258600, 0.0255610, 0.0224200, 0.0239100, 0.0276400, 0.0259900, 0.0230910, 0.0248600, 0.0251600, 0.0271500, 0.0266600, 0.0267600, 0.0256910, 0.0294010, 0.0271100, 0.0227900, 0.0274000, 0.0250000, 0.0272900, 0.0273610, 0.0268700, 0.0250000, 0.0290400, 0.0247500, 0.0259800, 0.0265010, 0.0271210, 0.0252000, 0.0239800, 0.0250900, 0.0272900, 0.0273800, 0.0247900, 0.0251710, 0.0272400, 0.0309700, 0.0250100, 0.0273300, 0.0255200, 0.0253800, 0.0254910, 0.0263100, 0.0264600, 0.0286800, 0.0273700, 0.0252800, 0.0225210, 0.0266200, 0.0277500, 0.0258400, 0.0265900, 0.0238800, 0.0259110, 0.0268700, 0.0246800, 0.0245900, 0.0245900, 0.0252400, 0.0239000, 0.0265000, 0.0269900, 0.0249510, 0.0257000, 0.0229500, 0.0250700, 0.0234700, 0.0214400, 0.0270110, 0.0261910, 0.0232700, 0.0269800, 0.0261400, 0.0232500, 0.0234600, 0.0265010, 0.0248400, 0.0274600, 0.0274600, 0.0248200, 0.0246300, 0.0275610, 0.0257710, 0.0251600, 0.0269100, 0.0233600, 0.0242500, 0.0268200, 0.0280710, 0.0256000, 0.0233100, 0.0274900, 0.0265500, 0.0275000, 0.0245110, 0.0265400, 0.0272900 ],
"timesExecution": [ 0.0257600, 0.0270800, 0.0268400, 0.0295500, 0.0298800, 0.0281300, 0.0287510, 0.0302400, 0.0298300, 0.0301900, 0.0294000, 0.0316300, 0.0293210, 0.0311900, 0.0294000, 0.0294800, 0.0312700, 0.0310800, 0.0291210, 0.0309900, 0.0313700, 0.0315000, 0.0313100, 0.0290400, 0.0290800, 0.0316910, 0.0312200, 0.0316800, 0.0294800, 0.0294800, 0.0317200, 0.0312900, 0.0305810, 0.0298800, 0.0312400, 0.0312400, 0.0310700, 0.0315200, 0.0312600, 0.0306110, 0.0312300, 0.0301600, 0.0292000, 0.0293600, 0.0294800, 0.0311810, 0.0317310, 0.0321800, 0.0311600, 0.0291600, 0.0291600, 0.0311900, 0.0306310, 0.0291600, 0.0295200, 0.0293200, 0.0314000, 0.0308600, 0.0310810, 0.0309600, 0.0306600, 0.0311910, 0.0307900, 0.0290400, 0.0292000, 0.0289200, 0.0314800, 0.0317610, 0.0321300, 0.0291600, 0.0292000, 0.0316100, 0.0320100, 0.0308310, 0.0308310, 0.0290000, 0.0310300, 0.0288000, 0.0296400, 0.0307500, 0.0290410, 0.0309500, 0.0293600, 0.0308700, 0.0292400, 0.0293600, 0.0291200, 0.0305810, 0.0295600, 0.0311800, 0.0292400, 0.0287600, 0.0299200, 0.0293210, 0.0294000, 0.0306200, 0.0296300, 0.0316000, 0.0293200, 0.0311610 ],
"timesTransferFromDevice": [ 0.0167200, 0.0224600, 0.0165600, 0.0191600, 0.0219500, 0.0218500, 0.0223000, 0.0208800, 0.0225910, 0.0228700, 0.0231900, 0.0227900, 0.0209200, 0.0227010, 0.0273010, 0.0234800, 0.0253000, 0.0232000, 0.0229000, 0.0232300, 0.0245310, 0.0204400, 0.0213200, 0.0229200, 0.0229900, 0.0254600, 0.0230400, 0.0225910, 0.0230000, 0.0232300, 0.0303400, 0.0240300, 0.0236500, 0.0231500, 0.0236710, 0.0238900, 0.0226000, 0.0238500, 0.0227400, 0.0228700, 0.0202000, 0.0260110, 0.0231300, 0.0238000, 0.0226700, 0.0210000, 0.0229500, 0.0224700, 0.0215610, 0.0229200, 0.0229900, 0.0204800, 0.0238900, 0.0231910, 0.0264910, 0.0214400, 0.0267700, 0.0227200, 0.0239700, 0.0231100, 0.0773910, 0.0227400, 0.0238110, 0.0233100, 0.0233200, 0.0236300, 0.0233900, 0.0218400, 0.0244000, 0.0241110, 0.0199600, 0.0263700, 0.0237600, 0.0230800, 0.0231100, 0.0236200, 0.0229410, 0.0234000, 0.0226200, 0.0210400, 0.0233900, 0.0230100, 0.0228310, 0.0230800, 0.0235500, 0.0217200, 0.0228700, 0.0233100, 0.0275900, 0.0227410, 0.0224200, 0.0232700, 0.0260400, 0.0232000, 0.0212000, 0.0224610, 0.0238700, 0.0209200, 0.0232700, 0.0242100 ],
"bins": [ 8, 0, 0, 0, 0, 0, 0, 0, 0, 1, 0, 0, 0, 1, 0, 0, 0, 0, 0, 0, 0, 1, 1, 1, 3, 0, 0 ]
}
,