{
"inputLengthInCharacters": 8,
"uniformInput": true,
"useMappingLetter": false,
"measurements": {
"histogram_atomic_global": {
"timesTransferToDevice": [ 0.0486300, 0.0227600, 0.0250800, 0.0239200, 0.0249700, 0.0263210, 0.0238300, 0.0315700, 0.0244300, 0.0227600, 0.0251600, 0.0227610, 0.0264800, 0.0259200, 0.0260100, 0.0252400, 0.0252500, 0.0282310, 0.0266300, 0.0266600, 0.0258500, 0.0241400, 0.0252810, 0.0302000, 0.0240700, 0.0251600, 0.0291600, 0.0243000, 0.0267010, 0.0236500, 0.0246200, 0.0288400, 0.0276300, 0.0254800, 0.0247910, 0.0241400, 0.0251700, 0.0253500, 0.0288900, 0.0245000, 0.0236610, 0.0230400, 0.0248400, 0.0252400, 0.0244200, 0.0261800, 0.0267200, 0.0246800, 0.0237900, 0.0298800, 0.0252700, 0.0213210, 0.0270200, 0.0246400, 0.0272400, 0.0271200, 0.0263510, 0.0214400, 0.0244700, 0.0247600, 0.0233900, 0.0265810, 0.0252310, 0.0246300, 0.0308600, 0.0209200, 0.0273800, 0.0272410, 0.0257400, 0.0247200, 0.0263100, 0.0231100, 0.0272100, 0.0266710, 0.0267900, 0.0265000, 0.0240700, 0.0273500, 0.0242700, 0.0260100, 0.0266110, 0.0321300, 0.0307700, 0.0272900, 0.0244300, 0.0273900, 0.0242110, 0.0265000, 0.0229100, 0.0253500, 0.0288400, 0.0265410, 0.0237100, 0.0282000, 0.0287600, 0.0234300, 0.0247500, 0.0235510, 0.0254500, 0.0253100 ],
"timesExecution": [ 0.0274000, 0.0262000, 0.0256410, 0.0278000, 0.0284100, 0.0257200, 0.0278100, 0.0274310, 0.0273900, 0.0282400, 0.0279200, 0.0444100, 0.0276100, 0.0269810, 0.0273900, 0.0275900, 0.0271900, 0.0274700, 0.0256410, 0.0268700, 0.0267000, 0.0278100, 0.0265900, 0.0277800, 0.0272810, 0.0267900, 0.0267800, 0.0274500, 0.0269500, 0.0250010, 0.0268400, 0.0269200, 0.0254400, 0.0277800, 0.0274800, 0.0273600, 0.0267110, 0.0267400, 0.0278100, 0.0274000, 0.0276900, 0.0276400, 0.0269910, 0.0275900, 0.0273900, 0.0272800, 0.0282200, 0.0277610, 0.0249200, 0.0250400, 0.0277600, 0.0249600, 0.0252810, 0.0278500, 0.0265500, 0.0276900, 0.0267400, 0.0266600, 0.0276810, 0.0284000, 0.0272300, 0.0275200, 0.0274900, 0.0271310, 0.0267100, 0.0267100, 0.0277700, 0.0274100, 0.0272400, 0.0278010, 0.0273100, 0.0274900, 0.0266300, 0.0274400, 0.0253610, 0.0607010, 0.0268010, 0.0270800, 0.0267100, 0.0280100, 0.0277300, 0.0267010, 0.0268410, 0.0244800, 0.0271900, 0.0272800, 0.0264900, 0.0266710, 0.0272800, 0.0275200, 0.0267800, 0.0274400, 0.0256010, 0.0278310, 0.0271900, 0.0267500, 0.0250800, 0.0267500, 0.0265410, 0.0271200 ],
"timesTransferFromDevice": [ 0.4315330, 0.0188000, 0.0184400, 0.0224010, 0.0200000, 0.0228400, 0.0234300, 0.0223800, 0.0225410, 0.0230800, 0.0225400, 0.0226700, 0.0196400, 0.0226300, 0.0230410, 0.0228200, 0.0227500, 0.0209600, 0.0228200, 0.0194400, 0.0227900, 0.0206000, 0.0230500, 0.0233200, 0.0229100, 0.0232410, 0.0234100, 0.0258300, 0.0227300, 0.0231600, 0.0208000, 0.0230210, 0.0556410, 0.0229100, 0.0228400, 0.0227900, 0.0268200, 0.0234110, 0.0204400, 0.0256700, 0.0258300, 0.0225900, 0.0231200, 0.0224210, 0.0230800, 0.0205600, 0.0206000, 0.0261600, 0.0227510, 0.0229200, 0.0228800, 0.0225500, 0.0229500, 0.0226700, 0.0233610, 0.0213200, 0.0230000, 0.0234300, 0.0234500, 0.0219210, 0.0224300, 0.0231500, 0.0226600, 0.0230300, 0.0266500, 0.0233610, 0.0234400, 0.0231100, 0.0234300, 0.0213600, 0.0236810, 0.0226300, 0.0227100, 0.0215100, 0.0233100, 0.0234500, 0.0234000, 0.0241310, 0.0229500, 0.0234400, 0.0211200, 0.0227500, 0.0209200, 0.0230010, 0.0261600, 0.0228300, 0.0234300, 0.0221200, 0.0196410, 0.0234400, 0.0228600, 0.0227900, 0.0270000, 0.0233000, 0.0252210, 0.0230700, 0.0263300, 0.0228300, 0.0231100, 0.0252200 ],
"bins": [ 0, 0, 0, 0, 0, 0, 0, 0, 0, 0, 0, 0, 0, 0, 0, 0, 0, 0, 0, 0, 0, 0, 0, 0, 0, 0, 0, 0, 0, 0, 0, 0, 0, 0, 0, 0, 0, 0, 0, 0, 0, 0, 0, 0, 0, 0, 0, 0, 0, 0, 0, 0, 0, 0, 0, 0, 0, 0, 0, 0, 0, 0, 0, 0, 0, 0, 0, 0, 0, 0, 0, 0, 0, 0, 0, 0, 0, 0, 0, 0, 0, 0, 0, 0, 0, 0, 0, 0, 0, 0, 0, 0, 0, 0, 0, 0, 8, 0, 0, 0, 0, 0, 0, 0, 0, 0, 0, 0, 0, 0, 0, 0, 0, 0, 0, 0, 0, 0, 0, 0, 0, 0, 0, 0, 0, 0, 0, 0 ]
}
,
"histogram_atomic_private": {
"timesTransferToDevice": [ 0.0177600, 0.0168400, 0.0199600, 0.0203200, 0.0218400, 0.0243800, 0.0221900, 0.0256700, 0.0246010, 0.0239200, 0.0247900, 0.0243900, 0.0227900, 0.0268710, 0.0293000, 0.0250000, 0.0266000, 0.0255800, 0.0259900, 0.0231900, 0.0249900, 0.0242200, 0.0244300, 0.0250700, 0.0247610, 0.0240100, 0.0276400, 0.0237500, 0.0227900, 0.0295210, 0.0247600, 0.0252300, 0.0283100, 0.0234000, 0.0268210, 0.0234000, 0.0232700, 0.0262700, 0.0216400, 0.0253610, 0.0246700, 0.0241500, 0.0252400, 0.0252700, 0.0273100, 0.0228810, 0.0258200, 0.0240000, 0.0238700, 0.0259700, 0.0291710, 0.0259200, 0.0262100, 0.0267800, 0.0242300, 0.0267200, 0.0245510, 0.0286700, 0.0242600, 0.0265800, 0.0234500, 0.0272300, 0.0249600, 0.0234310, 0.0253700, 0.0266600, 0.0269200, 0.0266000, 0.0246400, 0.0265410, 0.0233500, 0.0272600, 0.0267400, 0.0233400, 0.0253100, 0.0233110, 0.0273200, 0.0267700, 0.0229800, 0.0244800, 0.0262200, 0.0225910, 0.0273100, 0.0244400, 0.0283900, 0.0264500, 0.0231100, 0.0254100, 0.0244700, 0.0265200, 0.0246300, 0.0232400, 0.0227910, 0.0290200, 0.0263800, 0.0245900, 0.0234200, 0.0234200, 0.0270310, 0.0267100 ],
"timesExecution": [ 0.0210800, 0.0210810, 0.0216000, 0.0252000, 0.0247810, 0.0254000, 0.0264500, 0.0263600, 0.0261200, 0.0264410, 0.0267400, 0.0268800, 0.0276300, 0.0268800, 0.0254000, 0.0251210, 0.0274000, 0.0270700, 0.0277200, 0.0268300, 0.0272810, 0.0268600, 0.0250000, 0.0277700, 0.0272300, 0.0270810, 0.0268600, 0.0251600, 0.0278200, 0.0272300, 0.0274010, 0.0274000, 0.0272200, 0.0274900, 0.0271100, 0.0269100, 0.0254410, 0.0270300, 0.0278000, 0.0273200, 0.0269000, 0.0253610, 0.0278100, 0.0274700, 0.0282400, 0.0272800, 0.0269110, 0.0267900, 0.0277700, 0.0275900, 0.0269800, 0.0278010, 0.0272700, 0.0270300, 0.0270600, 0.0272000, 0.0252000, 0.0269910, 0.0274700, 0.0277700, 0.0268700, 0.0252000, 0.0267500, 0.0272400, 0.0277810, 0.0276010, 0.0278900, 0.0273900, 0.0271500, 0.0269900, 0.0251610, 0.0280510, 0.0271600, 0.0268200, 0.0275300, 0.0292500, 0.0252000, 0.0263410, 0.0269500, 0.0251200, 0.0272700, 0.0268400, 0.0270310, 0.0265900, 0.0277300, 0.0251600, 0.0266900, 0.0277700, 0.0269510, 0.0267400, 0.0276100, 0.0273500, 0.0276500, 0.0269000, 0.0278510, 0.0269100, 0.0268300, 0.0273600, 0.0269900, 0.0276310 ],
"timesTransferFromDevice": [ 0.0156800, 0.0154000, 0.0170800, 0.0211200, 0.0226100, 0.0210000, 0.0216300, 0.0250300, 0.0261200, 0.0220300, 0.0254100, 0.0235110, 0.0237500, 0.0234100, 0.0223300, 0.0263700, 0.0257210, 0.0196800, 0.0220400, 0.0199600, 0.0233100, 0.0254310, 0.0229600, 0.0262400, 0.0205200, 0.0231200, 0.0228700, 0.0213600, 0.0210400, 0.0232000, 0.0258000, 0.0216000, 0.0235410, 0.0210400, 0.0212800, 0.0234800, 0.0213200, 0.0228810, 0.0196000, 0.0234900, 0.0224200, 0.0234500, 0.0230810, 0.0259600, 0.0216800, 0.0204400, 0.0207200, 0.0204810, 0.0223900, 0.0256000, 0.0230700, 0.0229800, 0.0261200, 0.0237610, 0.0232700, 0.0210000, 0.0208400, 0.0195600, 0.0199200, 0.0230300, 0.0851210, 0.0237310, 0.0228800, 0.0194000, 0.0232800, 0.0274300, 0.0202010, 0.0255100, 0.0209600, 0.0228900, 0.0523000, 0.0203600, 0.0230300, 0.0229110, 0.0234400, 0.0273600, 0.0246800, 0.0240000, 0.0194810, 0.0236800, 0.0237600, 0.0238000, 0.0224700, 0.0232000, 0.0202810, 0.0227900, 0.0193600, 0.0227900, 0.0268500, 0.0229200, 0.0232100, 0.0263500, 0.0235100, 0.0229900, 0.0227900, 0.0252310, 0.0208800, 0.0234500, 0.0228600, 0.0256300 ],
"bins": [ 0, 0, 0, 0, 0, 0, 0, 0, 0, 0, 0, 0, 0, 0, 0, 0, 0, 0, 0, 0, 0, 0, 0, 0, 0, 0, 0, 0, 0, 0, 0, 0, 0, 0, 0, 0, 0, 0, 0, 0, 0, 0, 0, 0, 0, 0, 0, 0, 0, 0, 0, 0, 0, 0, 0, 0, 0, 0, 0, 0, 0, 0, 0, 0, 0, 0, 0, 0, 0, 0, 0, 0, 0, 0, 0, 0, 0, 0, 0, 0, 0, 0, 0, 0, 0, 0, 0, 0, 0, 0, 0, 0, 0, 0, 0, 0, 8, 0, 0, 0, 0, 0, 0, 0, 0, 0, 0, 0, 0, 0, 0, 0, 0, 0, 0, 0, 0, 0, 0, 0, 0, 0, 0, 0, 0, 0, 0, 0 ]
}
,