{
"inputLengthInCharacters": 1073741824,
"uniformInput": false,
"useMappingLetter": true,
"measurements": {
"histogram_atomic_global": {
"timesTransferToDevice": [ 63.7020760, 64.1290665, 63.6655579, 63.7965126, 63.7531853, 63.6212578, 63.6666565, 62.2267151, 61.9445572, 63.5998383, 63.8356094, 61.7265968, 63.4635887, 63.4832153, 62.1868248, 63.7995605, 63.3560486, 62.4471207, 63.9466591, 63.5988083, 62.3122177, 61.9873695, 63.4854507, 62.1031494, 63.4680061, 62.8158569, 63.7292480, 63.6220894, 61.8958969, 63.7943382, 62.3389282, 64.1652985, 62.0965157, 62.0742073, 61.9947166, 62.4641876, 61.9768677, 61.9080544, 63.5786896, 63.3326263, 62.1648293, 63.6169090, 61.9028091, 61.9810867, 62.1050682, 63.9783783, 63.5680008, 62.5625496, 61.9680176, 61.7911835, 61.1116447, 61.8857040, 61.8777046, 62.2534866, 62.2205772, 62.1979065, 61.7738152, 61.9649544, 62.1033440, 63.9226074, 62.0430069, 63.6069870, 62.1088867, 61.9217491, 63.1741486, 61.9141159, 61.9047546, 63.4193497, 63.9002266, 63.5538979, 63.6457481, 61.8529358, 61.9397430, 63.7659874, 63.8063889, 62.1370354, 65.5069809, 63.8050194, 61.8980560, 62.1396484, 62.1776466, 61.6843834, 61.8299446, 63.6828499, 63.3326797, 63.6104813, 62.2715683, 61.8954964, 64.1315002, 62.3545609, 62.0527458, 63.6452675, 63.5002174, 64.2288513, 63.4282494, 63.7308006, 63.3381767, 62.6371574, 63.3985596, 63.7218895 ],
"timesExecution": [ 293.3606873, 294.0361328, 293.7932129, 294.2634277, 293.7857666, 293.8701477, 293.7362671, 293.8161926, 294.1058960, 293.7250061, 293.8284912, 294.0263062, 293.5603333, 294.0814514, 293.7713928, 293.9039612, 293.9938049, 293.5349731, 294.1701355, 293.6283875, 293.8050537, 294.1405945, 293.8361816, 294.1396790, 293.8812256, 293.7666016, 294.0428467, 293.6856384, 293.9927368, 293.8154297, 293.8200378, 293.9437256, 293.9498901, 294.1659851, 293.8290100, 293.9572449, 294.0965576, 293.7911072, 293.9303284, 294.1364441, 293.7684937, 294.1155701, 293.7586670, 293.7868652, 294.1822510, 293.7860107, 294.1323242, 293.8244019, 293.9526672, 294.1147156, 293.8224182, 293.6372986, 294.1749268, 293.8315125, 294.0675964, 294.1740112, 293.8543396, 293.8123169, 294.2068481, 293.8194275, 293.8333435, 293.9040833, 293.6033630, 294.1109009, 293.8076782, 293.8113403, 294.1452332, 294.0509949, 294.1290283, 293.8298340, 293.7039490, 294.0284119, 293.8037720, 294.0653687, 293.8715515, 293.8130493, 293.7618103, 293.8886719, 294.0403748, 293.6799316, 293.9077454, 294.0131531, 293.7869873, 293.7818604, 293.9576721, 293.9059753, 294.2679749, 293.8595581, 293.9404907, 293.9176636, 293.5753479, 294.0515747, 293.7729797, 294.0920410, 293.6620483, 293.7706299, 294.0594482, 293.5341797, 294.1382446, 294.0066528 ],
"timesTransferFromDevice": [ 0.4031000, 0.0192000, 0.0195600, 0.0202800, 0.0192000, 0.0196000, 0.0195200, 0.0194400, 0.0195600, 0.0193600, 0.0194000, 0.0191600, 0.0188800, 0.0194800, 0.0190400, 0.0196000, 0.0194400, 0.0192000, 0.0193200, 0.0194000, 0.0195200, 0.0195200, 0.0685200, 0.0195600, 0.0194000, 0.0197200, 0.0194800, 0.0200400, 0.0194000, 0.0193600, 0.0192800, 0.0195200, 0.0193600, 0.0198400, 0.0192400, 0.0200400, 0.0195200, 0.0198800, 0.0192000, 0.0192800, 0.0190400, 0.0190400, 0.0194800, 0.0194000, 0.0192800, 0.0196000, 0.0198800, 0.0198800, 0.0200000, 0.0192000, 0.0191200, 0.0192400, 0.0194000, 0.0192000, 0.0193600, 0.0191200, 0.0194800, 0.0194000, 0.0196800, 0.0183200, 0.0194800, 0.0190400, 0.0191600, 0.0191600, 0.0193600, 0.0194000, 0.0192400, 0.0194000, 0.0192800, 0.0194800, 0.0191600, 0.0195200, 0.0202400, 0.0192800, 0.0195600, 0.0192800, 0.0195200, 0.0194400, 0.0195600, 0.0192000, 0.0192800, 0.0198800, 0.0194000, 0.0197200, 0.0193200, 0.0193200, 0.0201600, 0.0192800, 0.0196400, 0.0190400, 0.0204400, 0.0196400, 0.0193600, 0.0194800, 0.0196800, 0.0242000, 0.0192400, 0.0197600, 0.0198000, 0.0194400 ],
"bins": [ 637515449, 16780647, 16775927, 16778290, 16782853, 16779951, 16777176, 16782510, 16780864, 16775357, 16779336, 16783202, 16773629, 16770740, 16780028, 16774645, 16781274, 16781407, 16776954, 16775644, 16776262, 16778498, 16775801, 16775257, 16774991, 16775809, 16779323 ]
}
,
"histogram_atomic_private": {
"timesTransferToDevice": [ 63.9962082, 62.9202690, 63.7889862, 62.2470970, 62.2235298, 63.7999687, 60.3076172, 61.5126877, 62.8890152, 61.8200760, 61.7291946, 62.0445366, 63.5057793, 62.4079895, 61.8121681, 61.4269676, 63.7897873, 63.3312149, 63.7010880, 61.9958687, 62.1497765, 62.2844887, 62.0916061, 62.9538574, 63.6719894, 63.7557487, 62.2332153, 63.5803986, 61.9237289, 61.6758347, 61.9348869, 63.5717201, 63.4712868, 62.0856094, 63.8311615, 62.1451492, 63.8396072, 63.1839218, 63.5067787, 62.5096893, 61.7703056, 62.2833366, 63.3357773, 62.3888550, 63.7128601, 62.1043663, 63.7896805, 62.2145081, 60.1788368, 61.7060814, 63.6290207, 62.3257790, 63.7422600, 63.5508118, 62.0420074, 63.8764000, 64.0483246, 63.7768631, 63.3867836, 63.2311935, 63.8131104, 65.4201126, 61.7523193, 62.0495529, 62.0135117, 63.2406654, 63.1049423, 62.4669533, 62.3158722, 63.7421265, 63.6510239, 63.2353439, 61.4188919, 62.3905754, 63.4309349, 63.5325470, 61.6687546, 62.0861435, 63.3503609, 63.7773399, 63.7193069, 63.1597214, 61.9956360, 62.0454178, 63.1507683, 62.0912476, 63.6751671, 61.6024475, 62.3625183, 63.2377129, 62.1889076, 63.6575508, 63.5955811, 62.4394073, 62.0210876, 63.4961319, 62.2409134, 63.6173859, 62.3354607, 63.6758423 ],
"timesExecution": [ 17.0204849, 17.1847935, 17.2582035, 17.3430042, 17.2665043, 17.1192341, 17.2719536, 17.3216648, 17.3024235, 17.1090641, 17.2072239, 17.3749943, 17.3035049, 17.3595448, 17.1218643, 17.3757935, 17.2848835, 17.3610535, 17.2971039, 17.0800648, 17.2906437, 17.3922043, 17.2822037, 17.1112843, 16.9765320, 17.3449440, 17.2902031, 17.3826237, 17.0177917, 17.2010536, 17.2642345, 17.3557644, 17.3109131, 17.0885849, 17.2265434, 17.3641548, 17.3111439, 17.3817139, 17.2818642, 17.0743237, 17.2551441, 17.3578739, 17.2826748, 17.1024437, 16.9951038, 17.3568249, 17.3067131, 17.3876247, 17.0155449, 17.3493042, 17.2658749, 17.3709431, 17.2769146, 17.1045437, 17.0905037, 17.3480644, 17.3213558, 17.3844032, 17.2994556, 17.0902042, 17.0109959, 17.0725555, 17.2778168, 17.3855953, 17.2880249, 17.0784760, 17.0019169, 17.3510857, 17.2481251, 17.3928757, 17.0231647, 17.3035965, 17.2903862, 17.3957253, 17.3224258, 17.0870266, 16.9638767, 17.3947353, 17.2745152, 17.3743553, 16.9924355, 17.0818958, 17.2610683, 17.3455276, 17.2614765, 17.0800362, 17.2241154, 17.3466282, 17.2978554, 17.3496284, 17.0325489, 17.2025166, 17.2404289, 17.3546753, 17.2944889, 17.0943565, 17.0589275, 17.3603077, 17.2840481, 17.3787079 ],
"timesTransferFromDevice": [ 0.0189600, 0.0181200, 0.0177200, 0.0182400, 0.0174800, 0.0180400, 0.0177600, 0.0186000, 0.0177600, 0.0184800, 0.0175600, 0.0179600, 0.0183600, 0.0176000, 0.0190400, 0.0181600, 0.0181600, 0.0184800, 0.0178400, 0.0184000, 0.0177200, 0.0180400, 0.0178400, 0.0182800, 0.0187600, 0.0181200, 0.0164400, 0.0176800, 0.0179600, 0.0176000, 0.0184000, 0.0176800, 0.0180400, 0.0192000, 0.0190000, 0.0180000, 0.0176000, 0.0175200, 0.0177200, 0.0192000, 0.0174800, 0.0180400, 0.0187600, 0.0185600, 0.0188000, 0.0174800, 0.0179600, 0.0183200, 0.0185200, 0.0180400, 0.0181200, 0.0180410, 0.0179600, 0.0186400, 0.0179200, 0.0182800, 0.0180400, 0.0178000, 0.0178800, 0.0181600, 0.0197200, 0.0190400, 0.0181200, 0.0176400, 0.0173600, 0.0192400, 0.0188000, 0.0186000, 0.0178400, 0.0195200, 0.0182400, 0.0195200, 0.0176800, 0.0180000, 0.0174800, 0.0182800, 0.0179600, 0.0182400, 0.0176800, 0.0172000, 0.0176400, 0.0197200, 0.0188800, 0.0183600, 0.0183600, 0.0188400, 0.0194400, 0.0186800, 0.0175600, 0.0187200, 0.0190000, 0.0181600, 0.0191200, 0.0177600, 0.0180400, 0.0184800, 0.0184000, 0.0187600, 0.0185200, 0.0181600 ],