{
"inputLengthInCharacters": 4194304,
"measurements": {
"histogram_one_thread_per_character": {
"timesTransferToDevice": [ 1.0106241, 0.8580160, 0.8235520, 0.7914240, 0.7750720, 0.8928320, 0.8846080, 0.7458560, 0.7388160, 0.7661120, 0.7635520, 0.7778880, 0.7670720, 0.7663680, 0.7836800, 0.7938560, 0.7760000, 0.7888960, 0.7843520, 0.7499840, 0.7808960, 0.7758720, 0.8563840, 0.8479360, 0.7490560, 0.7510720, 0.7614080, 0.7746560, 0.7973760, 0.7463680, 0.7491520, 0.8227840, 0.7958400, 0.7715200, 0.7757120, 0.7435520, 0.8028480, 0.7684800, 0.8918400, 0.8348160, 0.7480960, 0.7786880, 0.7726400, 0.7982720, 0.7468480, 0.7664000, 0.7788800, 0.8159360, 0.7762240, 0.7538560, 0.7534720, 0.7546880, 0.8121280, 0.9204480, 0.8221440, 0.8514880, 0.8535680, 0.7622080, 0.7864320, 0.7473920, 0.7427520, 0.7722240, 0.7675840, 0.8175680, 0.7772480, 0.8750080, 0.7565440, 0.8805760, 0.9696320, 0.7601280, 0.7763200, 0.7867200, 0.7659200, 0.7676800, 0.7501120, 0.7469440, 0.7471360, 0.7670720, 0.7652480, 0.7656640, 0.7649280, 0.7660800, 0.7496320, 0.7504000, 0.9002880, 0.8840000, 0.7469760, 0.7440640, 0.7678080, 0.7935680, 0.7598400, 0.7695360, 0.7643840, 0.7888640, 0.7387840, 0.7399360, 0.7658240, 0.7689920, 0.7873280, 0.7688320 ],
"timesExecution": [ 3.2422400, 3.2552960, 3.2754240, 3.2013440, 3.2025280, 3.2283840, 3.2057600, 3.1909120, 3.2150080, 3.1843200, 3.1845760, 3.2543361, 3.1914239, 3.1991041, 3.2618239, 3.2138240, 3.2262080, 3.2566719, 3.2267840, 3.2017601, 3.2286079, 3.2015359, 3.2067521, 3.2066240, 3.2206719, 3.2360001, 3.1977601, 3.2047999, 3.2524159, 3.2146561, 3.2112639, 3.2392001, 3.2118080, 3.2164800, 3.2456000, 3.2230721, 3.2146239, 3.2440641, 3.2176640, 3.2980161, 3.2419839, 3.2123520, 3.2119679, 3.2766399, 3.2331200, 3.2350719, 3.2200320, 3.2208641, 3.2698240, 3.2007999, 3.2122879, 3.2437761, 3.2019200, 3.2343040, 3.3034880, 3.2410240, 3.2156479, 3.2274561, 3.2315519, 3.2195840, 3.2416639, 3.2209280, 3.2113919, 3.2615359, 3.2783680, 3.2608321, 3.2016320, 3.2020161, 3.3401599, 3.1874559, 3.1936960, 3.2598720, 3.1948800, 3.2040961, 3.2277441, 3.2183681, 3.1870079, 3.2324481, 3.1945601, 3.1824961, 3.2202239, 3.1791360, 3.2045441, 3.3303680, 3.1838720, 3.2394240, 3.1990719, 3.1963520, 3.2222719, 3.1882560, 3.1815679, 3.2172480, 3.1911039, 3.2077119, 3.2032320, 3.1915200, 3.2018559, 3.2252800, 3.2118399, 3.1993279 ],
"timesTransferFromDevice": [ 0.1538880, 0.1089600, 0.0749120, 0.1113600, 0.0726080, 0.0727360, 0.0702400, 0.0692480, 0.0695040, 0.0685440, 0.1072640, 0.0706880, 0.1058240, 0.0694400, 0.1086400, 0.0743040, 0.0780800, 0.1169280, 0.0800960, 0.0751360, 0.0714240, 0.1109120, 0.0733120, 0.1396160, 0.1027200, 0.0922240, 0.1047680, 0.0719360, 0.1293120, 0.0751680, 0.1070080, 0.0728640, 0.1148480, 0.0783360, 0.1072640, 0.0709120, 0.1024960, 0.0733120, 0.1287680, 0.0752000, 0.0769600, 0.1200640, 0.0763840, 0.0805120, 0.1098560, 0.0726400, 0.1176640, 0.0760960, 0.1215040, 0.0740160, 0.1022400, 0.0908160, 0.1061440, 0.0914560, 0.1204480, 0.1177600, 0.0702080, 0.1065920, 0.0752640, 0.1132160, 0.0703360, 0.1088000, 0.0677440, 0.1129920, 0.1263680, 0.0829440, 0.0741760, 0.1092800, 0.1164160, 0.0748800, 0.1060480, 0.0759680, 0.1083520, 0.0790400, 0.1045120, 0.0702400, 0.1012480, 0.0697600, 0.1005760, 0.0688640, 0.0992960, 0.0707520, 0.0988480, 0.0671360, 0.0726400, 0.0773760, 0.1016320, 0.0689280, 0.0680000, 0.0697600, 0.1026880, 0.0684160, 0.1026880, 0.0740480, 0.1008320, 0.0706240, 0.1036480, 0.0678400, 0.1109440, 0.0723200 ]
}
,
"histogram_atomic_private": {
"timesTransferToDevice": [ 0.8384000, 0.7858560, 0.7779520, 0.8379840, 0.7553920, 0.8511040, 0.7843840, 0.7792960, 0.7823040, 0.6928640, 0.7226880, 0.8121920, 0.6451840, 0.7678400, 0.8378240, 0.6997440, 0.8915840, 0.7671360, 0.6250560, 0.7636480, 0.8095360, 0.6851200, 0.7661440, 0.8502720, 0.7443840, 0.7748480, 0.8107200, 0.8961280, 0.7896000, 0.6169920, 0.7455680, 0.7435840, 0.6657920, 0.7481280, 0.8019840, 0.6985600, 0.8528960, 0.8212480, 0.8704960, 0.6174720, 0.7473920, 0.7753280, 0.6636160, 0.8008640, 0.7941760, 0.7513600, 0.6393600, 0.8466560, 0.7535040, 0.7729920, 0.7906880, 0.8074880, 0.8016320, 0.6777600, 0.7553920, 0.7926720, 0.6395520, 0.7847360, 0.9173120, 0.7663360, 0.7619840, 0.7645440, 0.9217600, 0.6456960, 0.7465920, 0.7611200, 0.8198080, 0.6441920, 0.7788480, 0.8225600, 0.6374400, 0.8448640, 0.7611520, 0.6042560, 0.7936960, 0.7822400, 0.6126080, 0.7851200, 0.7649600, 0.6133440, 0.8567680, 0.8203200, 0.6367040, 0.7679680, 0.7650560, 0.6528000, 0.7750080, 0.8177600, 0.6237120, 0.8308800, 0.6269440, 0.7581760, 0.7524160, 0.5821760, 0.7626880, 0.7677760, 0.6963200, 0.7616000, 0.8635200, 0.6050240 ],
"timesExecution": [ 0.8506880, 0.8248960, 0.8326720, 0.8629440, 0.8222080, 0.8476800, 0.8206720, 0.8404160, 0.8365760, 0.8133440, 0.8383040, 0.8698880, 0.8325120, 0.8342720, 0.8429440, 0.8334400, 0.8345280, 0.8417280, 0.8214080, 0.8373440, 0.8568640, 0.8248960, 0.8357440, 0.8979520, 0.8234240, 0.8920320, 0.8472000, 0.8600640, 0.8566080, 0.8345920, 0.8262720, 0.8727040, 0.8540800, 0.8409600, 0.8690240, 0.8360000, 0.8522560, 0.8709120, 0.8358720, 0.8340480, 0.8666880, 0.8292160, 0.8401280, 0.8966080, 0.8726080, 0.8672320, 0.8323840, 0.8552000, 0.8523520, 0.8561920, 0.8338560, 0.8742720, 0.8354880, 0.8398400, 0.8720000, 0.8302720, 0.8157760, 0.8682560, 0.8454080, 0.8225600, 0.8784320, 0.8560960, 0.8272320, 0.8773760, 0.8420480, 0.8734080, 0.8363200, 0.8371200, 0.8670080, 0.8449920, 0.8311040, 0.8529600, 0.8143680, 0.8218880, 0.8351360, 0.8463040, 0.8304640, 0.8743680, 0.8228800, 0.8275200, 0.8667520, 0.8303680, 0.8206400, 0.8692160, 0.8246080, 0.8615040, 0.8488320, 0.8358720, 0.8592640, 0.8145600, 0.8470080, 0.8801600, 0.8198080, 0.8734720, 0.8650560, 0.8189760, 0.8436480, 0.8692800, 0.8209600, 0.8269120 ],
"timesTransferFromDevice": [ 0.1380160, 0.1045760, 0.0770880, 0.1008000, 0.0652800, 0.1053440, 0.0732800, 0.1074560, 0.0791040, 0.0865600, 0.1005760, 0.0896960, 0.0673600, 0.0660480, 0.0594880, 0.0678400, 0.0685760, 0.0542720, 0.0680960, 0.0650560, 0.0847680, 0.0543680, 0.0819520, 0.0693440, 0.0910080, 0.0730560, 0.1060160, 0.0704640, 0.0916800, 0.0691840, 0.0568320, 0.0583040, 0.0697600, 0.0678720, 0.0659200, 0.1084160, 0.0713920, 0.1008960, 0.0620800, 0.1043200, 0.0674560, 0.1159360, 0.0690560, 0.0747200, 0.0716160, 0.1083840, 0.0729920, 0.0705600, 0.0613760, 0.1137280, 0.0742400, 0.1085440, 0.0679360, 0.1207040, 0.0714240, 0.0891520, 0.0524160, 0.1293120, 0.0723200, 0.0593600, 0.0726080, 0.0695680, 0.0901760, 0.0877440, 0.1066240, 0.0699200, 0.0919360, 0.0702720, 0.1546240, 0.0602560, 0.0704320, 0.0661120, 0.0699200, 0.0662400, 0.0543360, 0.0563840, 0.0696640, 0.0665920, 0.0568960, 0.0972800, 0.0757120, 0.0597440, 0.0524480, 0.0691520, 0.0564160, 0.0702080, 0.0776640, 0.0547840, 0.0776640, 0.0533120, 0.1056640, 0.0677120, 0.0575360, 0.0668160, 0.0711680, 0.0781760, 0.0689280, 0.0676160, 0.0576320, 0.0670080 ]
}
,