{
"inputLengthInCharacters": 67108864,
"measurements": {
"histogram_one_thread_per_character": {
"timesTransferToDevice": [ 11.6168318, 11.5112638, 11.5723200, 11.3246403, 11.1934080, 11.2187843, 11.0335684, 10.9802561, 10.7972164, 10.6796160, 10.7188482, 10.5929918, 10.5832958, 10.5855684, 10.6511679, 10.6459837, 10.5088959, 10.6951361, 10.6197443, 10.6456957, 10.5935678, 10.5815678, 10.6511679, 10.7268162, 10.6604795, 10.7994881, 10.7362556, 10.6590719, 10.4543362, 10.4120960, 10.4439039, 10.5642557, 10.5833282, 10.6356163, 10.8437119, 10.8285122, 10.7879677, 10.7702398, 10.6828804, 10.6543036, 10.5991364, 10.6264324, 10.5660801, 10.6328316, 10.6621761, 10.5914879, 10.5026884, 10.6504955, 10.4264641, 10.4380159, 10.4815683, 10.5195837, 10.5292797, 10.5388803, 10.5904322, 10.6533117, 10.5909119, 10.5927038, 10.7228804, 10.6330242, 10.6952000, 10.6500797, 10.5613756, 10.4275198, 10.2889605, 10.3792000, 10.4652157, 10.4360638, 10.4998722, 10.3898563, 10.5845118, 10.4992962, 10.5432644, 10.5712004, 10.5474558, 10.7134724, 10.7100477, 10.5860157, 10.5355196, 10.4973440, 10.3115520, 10.3910084, 10.3095360, 10.4910402, 10.4837761, 10.5295677, 10.5740156, 10.5790081, 10.5765438, 10.4518404, 10.4914560, 10.6356802, 10.3268156, 10.3274240, 10.2170877, 10.3299522, 10.3738556, 10.3779840, 10.4181757, 10.4715519 ],
"timesExecution": [ 49.0057297, 48.9904976, 49.0291519, 48.9841270, 48.9784966, 48.9869423, 48.9647675, 48.9862404, 48.9653130, 48.9855690, 48.9815025, 48.9681282, 48.9798088, 48.9779205, 48.9688301, 48.9664955, 48.9829445, 48.9992943, 48.9670067, 48.9767036, 48.9888306, 48.9928970, 48.9724159, 48.9557114, 48.9766388, 48.9743996, 48.9817276, 49.0065613, 48.9834557, 49.0572166, 48.9797134, 48.9754257, 48.9797745, 48.9816017, 48.9760017, 48.9623680, 48.9671059, 49.0223045, 48.9601593, 48.9832954, 48.9905586, 48.9714546, 48.9779510, 49.0081291, 48.9823990, 48.9689598, 48.9939537, 48.9569588, 48.9695053, 48.9730568, 48.9745293, 48.9696655, 48.9665909, 48.9791679, 48.9654732, 48.9767990, 48.9903679, 49.0774078, 48.9837112, 48.9581108, 48.9931831, 48.9782715, 48.9510078, 49.0066872, 48.9823036, 48.9690247, 48.9664001, 48.9781113, 48.9585915, 48.9648972, 48.9695053, 48.9741440, 48.9921608, 48.9744644, 48.9656639, 48.9902382, 48.9509430, 49.0112000, 48.9960327, 48.9728012, 48.9848328, 48.9541130, 49.0003853, 48.9886093, 48.9760628, 48.9766083, 48.9909744, 48.9852486, 48.9801292, 49.0862083, 48.9780159, 48.9593277, 48.9747505, 48.9698257, 48.9679031, 48.9657936, 48.9704971, 48.9963188, 48.9778862, 48.9632301 ],
"timesTransferFromDevice": [ 0.1810880, 0.1542080, 0.1055360, 0.1046080, 0.1015680, 0.1018880, 0.1136640, 0.1133760, 0.1066240, 0.1018880, 0.1020800, 0.1149760, 0.1022720, 0.1367360, 0.0955200, 0.1125120, 0.0963520, 0.0966080, 0.1138880, 0.0948480, 0.0886720, 0.1309120, 0.1140480, 0.0936640, 0.0905600, 0.0928640, 0.1058880, 0.1108800, 0.0941760, 0.1346240, 0.1293120, 0.1353920, 0.1040000, 0.0961280, 0.1350720, 0.1329280, 0.0906880, 0.0949440, 0.1239360, 0.0939840, 0.0869440, 0.0929920, 0.1298560, 0.0905920, 0.1366400, 0.1406400, 0.0938240, 0.0952000, 0.1439040, 0.0911680, 0.0943040, 0.0925440, 0.0969920, 0.0922880, 0.0936320, 0.0955200, 0.0860480, 0.0931520, 0.0923200, 0.1327360, 0.1097280, 0.0960000, 0.1192000, 0.0970880, 0.0965760, 0.1411200, 0.0965760, 0.0972480, 0.1279680, 0.0910080, 0.0919040, 0.1651200, 0.0929600, 0.0920000, 0.1156480, 0.1336640, 0.0908800, 0.1052800, 0.1361280, 0.0943680, 0.1227200, 0.0946880, 0.0960640, 0.0920640, 0.0916800, 0.0960320, 0.1234880, 0.0924480, 0.1294720, 0.1186880, 0.0910720, 0.1315840, 0.1228800, 0.1302720, 0.0883840, 0.0933120, 0.1267840, 0.0953920, 0.1029440, 0.0953920 ]
}
,
"histogram_atomic_private": {
"timesTransferToDevice": [ 10.6400003, 10.6585598, 10.4247360, 10.3369284, 10.4087038, 10.6332798, 10.1853123, 10.2266560, 10.3856964, 10.4043522, 10.0672960, 10.1527357, 10.0672636, 10.0433922, 9.9331198, 10.0074244, 10.1587200, 10.0694723, 10.0862722, 10.0916157, 10.1497278, 10.4729280, 10.2012482, 9.7592964, 10.1199684, 10.1310081, 9.9735355, 10.0099201, 10.0615044, 9.9358721, 10.2442560, 10.1111040, 10.0265284, 9.8569918, 10.1847363, 9.9864960, 9.9913597, 9.9277763, 10.0199680, 10.3850241, 10.0565443, 9.9933119, 9.8814077, 10.0621443, 9.9464636, 9.9183683, 9.7991676, 9.9519997, 9.9132156, 10.0648003, 9.9209604, 9.9117756, 10.2072325, 10.0391684, 10.3259840, 10.0043840, 10.1444483, 9.1862402, 9.9430399, 9.6515198, 9.9590082, 9.8143997, 10.0283203, 9.7970238, 10.0951681, 9.8049278, 9.9378557, 9.8781757, 10.0324478, 10.1352644, 9.9928637, 10.2458878, 9.8000002, 10.0045757, 9.8640318, 10.1679039, 10.2543364, 9.8948479, 10.0790081, 9.9042883, 10.3834562, 10.0334721, 10.1167040, 9.8596802, 10.1407042, 10.2326403, 9.7879038, 10.0765123, 9.8683844, 10.1245756, 9.9838724, 10.1579838, 9.9600000, 10.0719995, 10.0926723, 9.8797760, 10.1548157, 9.9388800, 10.1039362, 9.9470396 ],
"timesExecution": [ 11.9561281, 11.9341764, 11.8949757, 11.9388161, 11.9202881, 11.9201918, 11.9391680, 11.9241600, 11.9177599, 11.9468164, 11.9336958, 11.9155197, 11.9245119, 11.9077120, 11.9223680, 11.9325762, 11.9201603, 11.9106884, 11.9317122, 11.9462719, 11.9389763, 11.9286404, 11.9068480, 11.9557123, 11.9328642, 11.9223356, 11.9250240, 11.9390402, 11.9251204, 11.9096003, 11.9386559, 11.9250565, 11.9188156, 11.9510403, 11.9183044, 11.9070396, 11.9436159, 11.9640636, 11.9106884, 11.9549122, 11.9489603, 11.9454079, 11.9357119, 11.9459839, 11.9372158, 11.9287996, 11.9344645, 11.9162560, 11.9355516, 11.9227524, 11.9118080, 11.9403524, 11.9261436, 11.9063044, 11.9337921, 11.9467516, 11.9435520, 11.9832640, 11.9246082, 11.9179516, 11.9763517, 11.9286718, 11.9279041, 11.9459524, 11.9424639, 11.9361601, 11.9390402, 11.9466562, 11.9144001, 11.9388800, 11.9342079, 11.9256964, 11.9596157, 11.9139843, 11.9189758, 11.9226561, 11.9594240, 11.9672956, 11.9316797, 11.9385595, 11.9644480, 11.9204798, 11.9287043, 11.9363842, 11.9247999, 11.9999037, 11.9266243, 11.9258881, 11.9290876, 11.9349442, 11.9434242, 11.9386244, 11.9300804, 11.9229755, 11.9489279, 11.9918718, 11.9323835, 11.9415684, 11.9292803, 11.9251518 ],
"timesTransferFromDevice": [ 0.0922560, 0.0915520, 0.1360000, 0.0896640, 0.0911360, 0.1232000, 0.0914240, 0.1221120, 0.1489920, 0.0888000, 0.0935040, 0.1323520, 0.0942080, 0.0944320, 0.1339520, 0.0962240, 0.0923200, 0.0845760, 0.1335680, 0.0919040, 0.0939200, 0.1361600, 0.0905280, 0.0920000, 0.0982080, 0.0954560, 0.1258880, 0.0990080, 0.1347520, 0.0918400, 0.1508800, 0.0932800, 0.0993280, 0.1304960, 0.0936640, 0.0943040, 0.0948800, 0.0931520, 0.0962880, 0.0919680, 0.0930560, 0.0906560, 0.0925120, 0.0902400, 0.0944320, 0.1271360, 0.0944000, 0.1357760, 0.1302720, 0.1182080, 0.1412800, 0.0926720, 0.0920320, 0.0889280, 0.0929280, 0.0920000, 0.1020480, 0.0970240, 0.0987200, 0.0967360, 0.0949440, 0.1325120, 0.0987840, 0.0914240, 0.1021440, 0.0957440, 0.0954560, 0.0913920, 0.1308800, 0.0952960, 0.2504960, 0.0944320, 0.1362240, 0.0904960, 0.0940800, 0.0927360, 0.1307520, 0.1326400, 0.0953280, 0.1558400, 0.0960000, 0.0935680, 0.0966400, 0.0930880, 0.0953920, 0.5969920, 0.0953600, 0.1047360, 0.0928320, 0.1293120, 0.0930880, 0.1333760, 0.0972160, 0.0898240, 0.0919040, 0.6054400, 0.0945920, 0.0900480, 0.0951680, 0.0929280 ]
}
,