{
"inputLengthInCharacters": 32768,
"measurements": {
"histogram_one_thread_per_character": {
"timesTransferToDevice": [ 0.1884160, 0.1593280, 0.1570560, 0.1576000, 0.1558720, 0.1574720, 0.1609600, 0.2123840, 0.1854400, 0.1592960, 0.1566400, 0.1574400, 0.1553920, 0.1711680, 0.1598400, 0.1719040, 0.1268160, 0.1333760, 0.0289920, 0.0269120, 0.0272640, 0.0275840, 0.0266880, 0.0278720, 0.0258880, 0.0270400, 0.0268160, 0.0280640, 0.0265920, 0.0264960, 0.0269120, 0.0277760, 0.0266240, 0.0277440, 0.0272000, 0.0275520, 0.0264320, 0.0267840, 0.0271360, 0.0266880, 0.0269760, 0.0266880, 0.0272320, 0.0266240, 0.0265600, 0.0382720, 0.0263360, 0.0273920, 0.0264320, 0.0266560, 0.0272640, 0.0266560, 0.0261440, 0.0281280, 0.0261760, 0.0272000, 0.0266560, 0.0273920, 0.0442560, 0.0273280, 0.0272320, 0.0268800, 0.0285440, 0.0272320, 0.0272000, 0.0379840, 0.0352960, 0.0385920, 0.0344000, 0.0357120, 0.0337280, 0.0372800, 0.0344320, 0.0277760, 0.0263040, 0.0279360, 0.0263040, 0.0263040, 0.0268160, 0.0633920, 0.0633600, 0.0341120, 0.0355200, 0.0345280, 0.0335360, 0.0352000, 0.0352320, 0.0341440, 0.0292800, 0.0281920, 0.0465920, 0.0455040, 0.0448640, 0.0279360, 0.0265920, 0.0267840, 0.0267840, 0.0273600, 0.0264000, 0.0265600 ],
"timesExecution": [ 0.1360960, 0.1115840, 0.1178880, 0.0985280, 0.1270400, 0.1197760, 0.0993280, 0.1442240, 0.1127040, 0.0984960, 0.1268160, 0.0965120, 0.0959040, 0.1198080, 0.0993280, 0.1167360, 0.1403520, 0.0849600, 0.1088960, 0.0952320, 0.0932160, 0.0952320, 0.0921600, 0.0921600, 0.0747200, 0.0992320, 0.0952000, 0.0768320, 0.0994240, 0.0770240, 0.1011200, 0.0945920, 0.0938880, 0.0915200, 0.0942400, 0.0964800, 0.0930560, 0.0942400, 0.0962880, 0.0938560, 0.0922880, 0.0933120, 0.0920640, 0.0919360, 0.0917760, 0.0727360, 0.1002560, 0.0941760, 0.0929920, 0.0747520, 0.0973120, 0.1167680, 0.1073920, 0.0983360, 0.0932160, 0.0925120, 0.0911040, 0.0919040, 0.0956160, 0.0942400, 0.0757120, 0.0924480, 0.0941760, 0.0921920, 0.1054080, 0.1064960, 0.1013760, 0.0972480, 0.0972800, 0.0962560, 0.0981120, 0.1236480, 0.1311680, 0.0941440, 0.1189120, 0.0935040, 0.0972160, 0.0928640, 0.1052480, 0.0982400, 0.0941760, 0.1146240, 0.1221120, 0.0973760, 0.1237120, 0.0979840, 0.0963200, 0.0972800, 0.1197120, 0.0952320, 0.1055680, 0.1064960, 0.1075200, 0.0972480, 0.0924480, 0.0910720, 0.0910400, 0.0924800, 0.0950720, 0.0961280 ],
"timesTransferFromDevice": [ 0.0959040, 0.0814080, 0.1027840, 0.0746880, 0.0602240, 0.0616000, 0.0607040, 0.0615680, 0.0948800, 0.0609600, 0.0600960, 0.0617920, 0.0597120, 0.0595840, 0.0615040, 0.0503360, 0.0455040, 0.0565120, 0.0423680, 0.0393600, 0.0387200, 0.0391360, 0.0394240, 0.0393920, 0.0392960, 0.0505920, 0.0396480, 0.0393280, 0.0392640, 0.0393280, 0.0387200, 0.0386240, 0.0386560, 0.0392000, 0.0583360, 0.0389440, 0.0526400, 0.0556160, 0.0393600, 0.0387840, 0.0392960, 0.0390720, 0.0383360, 0.0389120, 0.0387840, 0.0394880, 0.0394560, 0.0515520, 0.0387520, 0.0392000, 0.0388800, 0.0508160, 0.0580160, 0.0388480, 0.0384000, 0.0490240, 0.0389440, 0.0378880, 0.0390080, 0.0389760, 0.0390400, 0.0391680, 0.0391680, 0.0391680, 0.0594560, 0.0605120, 0.0592640, 0.0661120, 0.0588800, 0.0605760, 0.0589440, 0.0611200, 0.0488320, 0.0506240, 0.0804800, 0.0401920, 0.0392640, 0.0390400, 0.0593920, 0.0759040, 0.0616320, 0.0607680, 0.0604160, 0.0600000, 0.0606720, 0.0609280, 0.0595840, 0.0641280, 0.0389440, 0.0390400, 0.0395840, 0.0455680, 0.0389440, 0.0390720, 0.0521600, 0.0390400, 0.0388800, 0.0568640, 0.0572800, 0.0550720 ]
}
,
"histogram_atomic_private": {
"timesTransferToDevice": [ 0.0430400, 0.0347200, 0.0358400, 0.0344960, 0.0368960, 0.0338880, 0.0344960, 0.0365120, 0.0705920, 0.0338560, 0.1043520, 0.0354880, 0.0348800, 0.0334400, 0.0448640, 0.0358080, 0.0356160, 0.0329920, 0.0348160, 0.0345280, 0.0343040, 0.0728960, 0.0363520, 0.0994880, 0.0265920, 0.0261760, 0.0273280, 0.0264320, 0.0275200, 0.0347200, 0.0264960, 0.0266880, 0.0273600, 0.0271680, 0.0268480, 0.0265920, 0.0268800, 0.0271040, 0.0272320, 0.0261760, 0.0265280, 0.0423680, 0.0434880, 0.0424960, 0.0327680, 0.0274560, 0.0271680, 0.0263040, 0.0271680, 0.0264640, 0.0266880, 0.0268480, 0.0277760, 0.0256960, 0.0277760, 0.0263040, 0.0272320, 0.0271040, 0.0273600, 0.0272320, 0.0270080, 0.0262080, 0.0265920, 0.0257920, 0.0372160, 0.0268800, 0.0273920, 0.0441920, 0.0418560, 0.0427520, 0.0272640, 0.0256640, 0.0289920, 0.0271040, 0.0267520, 0.0263680, 0.0272640, 0.0290880, 0.0271680, 0.0269120, 0.0266560, 0.0277440, 0.0271360, 0.0256960, 0.0279360, 0.0265920, 0.0265920, 0.0261440, 0.0279680, 0.0260160, 0.0272960, 0.0265600, 0.0275840, 0.0421760, 0.0435520, 0.0426880, 0.0275200, 0.0260800, 0.0269760, 0.0267520 ],
"timesExecution": [ 0.0809600, 0.0826240, 0.1238400, 0.0782080, 0.0800320, 0.0787520, 0.0787840, 0.0928960, 0.0811520, 0.0780800, 0.0798080, 0.0802560, 0.0792000, 0.0777600, 0.0788160, 0.0787200, 0.0800000, 0.0832320, 0.0792640, 0.0788160, 0.0798720, 0.0788160, 0.0829120, 0.0645440, 0.0562240, 0.0512960, 0.0549440, 0.0522560, 0.0521920, 0.0512640, 0.0512640, 0.0519040, 0.0532480, 0.0520320, 0.0706880, 0.0665920, 0.0512000, 0.0522240, 0.0616960, 0.0573120, 0.0512000, 0.0859840, 0.0520000, 0.0531840, 0.0513920, 0.0520640, 0.0522560, 0.0502080, 0.0512000, 0.0529600, 0.0512320, 0.0512320, 0.0530560, 0.0521600, 0.0512640, 0.0525120, 0.0522880, 0.0521920, 0.0723520, 0.0678080, 0.0945600, 0.0686400, 0.0513920, 0.0514240, 0.0520640, 0.0508480, 0.0525440, 0.0521280, 0.0645760, 0.0512320, 0.0514560, 0.0512320, 0.0526080, 0.0512000, 0.0513920, 0.0511680, 0.0520960, 0.0521600, 0.0522560, 0.0515200, 0.0513280, 0.0512000, 0.0522240, 0.0685760, 0.0687360, 0.0526080, 0.0674880, 0.0513920, 0.0512000, 0.0512000, 0.0511680, 0.0514880, 0.0521280, 0.0515200, 0.0513600, 0.0519040, 0.0522240, 0.0525120, 0.0860160, 0.0512320 ],
"timesTransferFromDevice": [ 0.0648000, 0.0592000, 0.0629440, 0.0596800, 0.0600640, 0.0593280, 0.0604480, 0.0592960, 0.0853440, 0.0877120, 0.0604480, 0.0590400, 0.0616320, 0.0595200, 0.0590720, 0.0607680, 0.0849920, 0.0869120, 0.0594560, 0.0592640, 0.0727680, 0.0591040, 0.0597440, 0.0397440, 0.0388800, 0.0612160, 0.0570240, 0.0542080, 0.0403520, 0.0385920, 0.0384320, 0.0383360, 0.0387200, 0.0524480, 0.0391040, 0.0386880, 0.0385920, 0.0386880, 0.0389760, 0.0400000, 0.0388480, 0.0378880, 0.0383040, 0.0382720, 0.0383360, 0.0395200, 0.0391040, 0.0384640, 0.0387200, 0.0550720, 0.0542400, 0.0557760, 0.0541440, 0.0386240, 0.0383360, 0.0386880, 0.0387520, 0.0390400, 0.0389760, 0.0385920, 0.0388800, 0.0384640, 0.0383040, 0.0393920, 0.0387840, 0.0384640, 0.0382720, 0.0381440, 0.0400320, 0.0661120, 0.0384640, 0.0384960, 0.0382400, 0.0388160, 0.0592960, 0.0583040, 0.0549760, 0.0386560, 0.0461440, 0.0387520, 0.0393920, 0.0383040, 0.0390080, 0.0468160, 0.0384320, 0.0382080, 0.0400000, 0.0377600, 0.0438720, 0.0382720, 0.0383360, 0.0504960, 0.0390720, 0.0391040, 0.0387840, 0.0382720, 0.0391040, 0.0385920, 0.0633600, 0.0388480 ]
}
,