{
"inputLengthInCharacters": 16777216,
"measurements": {
"histogram_one_thread_per_character": {
"timesTransferToDevice": [ 3.5210559, 3.2083521, 3.1492801, 3.2170241, 3.1047680, 3.0930879, 2.9153919, 2.9523840, 3.0473599, 3.0187840, 2.9307520, 3.0205760, 2.9718721, 3.0147200, 2.9846721, 3.0887361, 2.9608321, 2.8496001, 2.9475520, 3.0381441, 3.0772481, 2.9870081, 3.0177600, 2.9974079, 3.1304319, 2.9975040, 3.0186241, 2.9107201, 2.8980479, 2.9819839, 3.0030079, 2.9387519, 2.9504640, 3.0587521, 2.9780159, 2.9986560, 2.9753280, 3.0200000, 3.0086081, 2.9860480, 3.0349760, 3.0333440, 2.9617920, 2.9589760, 2.8672960, 2.9403520, 2.8918719, 2.9225600, 2.9569919, 2.9445119, 2.9250240, 3.0196481, 3.0373759, 3.0381119, 3.0225921, 2.9699841, 3.0521920, 2.9545600, 3.0685439, 3.0041921, 2.9742081, 2.9416959, 3.0735681, 2.9881599, 2.9353600, 2.8814721, 2.9212480, 2.8874559, 2.8646719, 3.0228159, 2.9783361, 3.0215361, 2.9954240, 3.0605760, 2.9774401, 3.0410559, 2.9760959, 3.0252161, 3.0431359, 3.0105600, 3.0059841, 3.0337920, 2.9747200, 2.9750400, 2.9711361, 2.8871360, 2.9116480, 2.8643520, 2.9262719, 2.8276801, 2.9982080, 2.9741120, 3.0570879, 2.9664321, 2.9902079, 2.9805119, 2.9837120, 3.0293119, 3.0290239, 3.0246401 ],
"timesExecution": [ 12.3798723, 12.3440638, 12.4269762, 12.3930559, 12.4173756, 12.4121599, 12.3181438, 12.3516159, 12.3593597, 12.3682880, 12.3622723, 12.3674240, 12.3656635, 12.3551044, 12.3893757, 12.3752956, 12.4217596, 12.3960638, 12.3264322, 12.3979197, 12.3906240, 12.3830719, 12.3544636, 12.3836803, 12.3172483, 12.3649282, 12.3672962, 12.3895998, 12.4245758, 12.3781118, 12.3868484, 12.5831041, 12.5896320, 12.5750399, 12.5969601, 12.5866880, 12.5499840, 12.5975676, 12.5789118, 12.5655680, 12.6458559, 12.5858879, 12.6120644, 12.6405125, 12.5863037, 12.5738239, 12.5778561, 12.5685120, 12.5905275, 12.6174402, 12.5690241, 12.5920000, 12.5643196, 12.5923843, 12.5821123, 12.5765438, 12.5987196, 12.6058884, 12.6028795, 12.6159363, 12.6000643, 12.5623999, 12.5988798, 12.6249599, 12.6188803, 12.6154242, 12.5606718, 12.5986242, 12.5787516, 12.5975361, 12.5811844, 12.5935364, 12.5845118, 12.5967684, 12.5639677, 12.5838079, 12.6192961, 12.6607361, 12.6128960, 12.5725756, 12.6334400, 12.5891838, 12.5808315, 12.6062403, 12.5831680, 12.5679045, 12.5844164, 12.5776320, 12.6065598, 12.5785284, 12.5994244, 12.6213121, 12.5974083, 12.5840321, 12.5721283, 12.6050558, 12.5828161, 12.6394882, 12.6029119, 12.6151361 ],
"timesTransferFromDevice": [ 0.1690560, 0.1571840, 0.0969600, 0.0920320, 0.0928000, 0.0877440, 0.0818880, 0.0901120, 0.0880000, 0.0892800, 0.0768000, 0.0905600, 0.0878720, 0.0904000, 0.1232960, 0.0920000, 0.0834880, 0.0810880, 0.1186240, 0.0924160, 0.0900160, 0.0938240, 0.0779840, 0.0856000, 0.0896960, 0.0866880, 0.0838400, 0.0826560, 0.0849600, 0.0860160, 0.0992960, 0.1136320, 0.0786240, 0.0775040, 0.0797440, 0.0790080, 0.0775040, 0.0744320, 0.0791360, 0.0770880, 0.0809920, 0.0814400, 0.0775040, 0.0828480, 0.0801920, 0.0801920, 0.2430720, 0.0797760, 0.0788160, 0.0841280, 0.0807040, 0.0816960, 0.0794560, 0.0806720, 0.0815680, 0.0825920, 0.0794240, 0.0752640, 0.0826560, 0.0866240, 0.0741120, 0.0739840, 0.0851520, 0.0822720, 0.0797120, 0.0840000, 0.0771840, 0.2303040, 0.0882880, 0.0811520, 0.0852480, 0.0799360, 0.0834880, 0.0917760, 0.0801280, 0.0793920, 0.0885120, 0.0850560, 0.0875520, 0.0839680, 0.1118400, 0.0811840, 0.0762240, 0.0771200, 0.1159680, 0.0921920, 0.0961920, 0.0770880, 0.0845120, 0.0851200, 0.0831680, 0.0898880, 0.0967680, 0.0841600, 0.0788480, 0.0817600, 0.0732480, 0.0745920, 0.0873920, 0.0840640 ]
}
,
"histogram_atomic_private": {
"timesTransferToDevice": [ 2.9060481, 2.9379520, 2.9141760, 3.1839361, 2.4120319, 2.3663681, 2.4057600, 2.3541441, 2.3944640, 2.3596160, 2.3592000, 2.3128641, 2.3868160, 2.2819200, 2.4329600, 2.3205121, 2.3414080, 2.7572801, 2.8810239, 2.8575039, 2.7753279, 2.9779840, 2.6431360, 2.8831680, 2.8933120, 2.8273599, 3.0091200, 2.8473921, 2.9122241, 2.8229761, 3.0081601, 2.8651841, 2.8867841, 2.8724160, 3.0626559, 2.7376001, 2.8968000, 2.8215361, 2.8268800, 3.0150080, 2.8600321, 2.9031999, 2.9137280, 2.8852799, 2.8795199, 3.1025920, 3.0076480, 3.0112960, 2.8854721, 2.8744321, 3.0140800, 2.9231679, 2.8830719, 2.9134719, 3.0511360, 2.9124801, 2.8523200, 2.8653440, 2.9070721, 2.8287041, 2.9943681, 2.8403201, 2.8816321, 2.8474560, 2.9110720, 2.9119680, 2.9845440, 2.9480319, 2.9324479, 2.8266239, 2.9368320, 2.8898880, 3.1699200, 2.9047999, 2.9698241, 2.8306241, 2.8350079, 2.9084160, 2.8922560, 3.0045121, 2.9562559, 2.9706881, 2.8354881, 2.8755200, 2.9453759, 2.9520640, 3.0698881, 3.0072000, 2.7752960, 2.8467841, 2.8392961, 2.8629761, 2.9985280, 2.9923840, 3.0271680, 2.8766720, 2.8744321, 2.8789439, 3.1369600, 2.8782721 ],
"timesExecution": [ 3.3407681, 3.3106880, 3.3137920, 3.3776960, 3.3406401, 3.3160319, 3.3089919, 3.3032320, 3.3049920, 3.2999361, 3.3136640, 3.3051519, 3.2879040, 3.3308480, 3.2979200, 3.3301439, 3.3220479, 3.3315201, 3.3271999, 3.3047359, 3.3399041, 3.3055680, 3.2962241, 3.3680961, 3.3327360, 3.3209281, 3.3140481, 3.3274879, 3.3224959, 3.4502721, 3.3062401, 3.3114240, 3.3053761, 3.2975681, 3.3485119, 3.3239999, 3.3166721, 3.3496320, 3.2918720, 3.4163840, 3.3472641, 3.3228159, 3.3330560, 3.3805759, 3.3166399, 3.3096640, 3.3288960, 3.3358080, 3.3046401, 3.3065920, 3.3559361, 3.3202879, 3.3285761, 3.3198400, 3.3350401, 3.3120961, 3.3060479, 3.3626881, 3.2973759, 3.3203840, 3.3529279, 3.2888319, 3.3012159, 3.3501761, 3.2878721, 3.3267200, 3.3013120, 3.3430719, 3.3025279, 3.3073599, 3.3326721, 3.3072641, 3.3049600, 3.3296001, 3.3051839, 3.3055999, 3.3062401, 3.3546879, 3.3359361, 3.3114240, 3.3529279, 3.3315840, 3.3038399, 3.3533120, 3.3545599, 3.3381441, 3.3330240, 3.3104961, 3.3290241, 3.3157761, 3.3108160, 3.3234241, 3.3205760, 3.3411520, 3.3168640, 3.4455040, 3.3160000, 3.3071361, 3.2986240, 3.3243840 ],
"timesTransferFromDevice": [ 0.0843520, 0.0785280, 0.0799040, 0.0742400, 0.0783680, 0.0995520, 0.1036480, 0.0951040, 0.0669760, 0.0683520, 0.0685440, 0.0643840, 0.0584640, 0.0614400, 0.0722880, 0.1009920, 0.1254080, 0.1175360, 0.1018880, 0.0774720, 0.1127040, 0.1757760, 0.0808640, 0.0803840, 0.1152320, 0.0788800, 0.1339520, 0.0791360, 0.0842240, 0.0748160, 0.0867520, 0.0781760, 0.0869120, 0.1245120, 0.1266240, 0.1170560, 0.0892160, 0.1051200, 0.0747840, 0.1113280, 0.0876800, 0.1226560, 0.0847040, 0.0807360, 0.0777600, 0.0792960, 0.0900800, 0.0637760, 0.0825600, 0.0763840, 0.0936000, 0.0781120, 0.0861120, 0.0850560, 0.0859200, 0.1226880, 0.1170240, 0.0830720, 0.1810560, 0.0829120, 0.0806080, 0.0808960, 0.0801920, 0.1236800, 0.1225280, 0.0850560, 0.0759680, 0.0845760, 0.0858560, 0.0799680, 0.1194240, 0.1944000, 0.0791360, 0.1184000, 0.0847360, 0.0753920, 0.0831680, 0.0854080, 0.0801600, 0.0866880, 0.0853440, 0.0800640, 0.0778240, 0.0771840, 0.0839680, 0.0777280, 0.0757120, 0.1133440, 0.0730240, 0.1216960, 0.1067200, 0.0862720, 0.0785600, 0.0840640, 0.0838720, 0.0763520, 0.0789440, 0.1200960, 0.0786560, 0.0729280 ]
}
,