{
"inputLengthInCharacters": 134217728,
"uniformInput": true,
"useMappingLetter": false,
"measurements": {
"histogram_atomic_global": {
"timesTransferToDevice": [ 15.8139563, 13.3433409, 13.3458710, 13.3162413, 13.2850409, 13.3197908, 13.3127422, 13.4916706, 13.3016109, 14.8804111, 13.3147306, 13.4946308, 13.2974014, 13.2842207, 13.3023014, 13.3309317, 13.3215122, 13.3115406, 13.3478022, 13.3187313, 13.3799210, 13.2689610, 13.3080711, 13.3514509, 13.5035315, 13.3100615, 13.2934713, 13.3030310, 13.3217707, 13.2918224, 13.3632107, 13.2808609, 13.3123407, 13.2989511, 12.1814413, 13.2803707, 13.3103609, 13.4541407, 13.3241425, 13.2750912, 13.3442020, 13.3313723, 13.2804518, 13.3715620, 13.3461866, 13.2894907, 13.3089314, 13.5173817, 13.3065825, 13.3441525, 13.3486624, 13.2877922, 13.3413916, 13.3057022, 13.4410019, 13.2704020, 13.2829418, 13.2704325, 13.3725719, 13.2768316, 13.2971716, 13.3663616, 13.2748919, 13.3031015, 12.1860123, 13.3129816, 12.1397924, 13.3319721, 12.1730223, 13.3564920, 13.3263321, 13.3030319, 13.3433819, 13.5054121, 13.3772116, 13.3612719, 13.3094816, 13.3108416, 13.3330021, 13.4512520, 13.3266821, 13.3081923, 13.3525620, 13.3040819, 13.3120222, 13.3351116, 13.4401722, 13.3146219, 13.3168421, 12.1461020, 13.3698120, 13.2864723, 13.3397818, 13.3610916, 13.3028717, 13.2904425, 13.3588619, 13.3528118, 13.3836823, 13.3042822 ],
"timesExecution": [ 55.0929108, 55.0932961, 55.0913544, 55.0926247, 54.8212776, 54.8243217, 54.8235168, 55.0909958, 55.0935936, 55.0909615, 55.0921555, 55.0940552, 54.8217163, 54.8243446, 54.8227081, 54.8253899, 55.0882645, 55.0879898, 55.0928345, 55.0947571, 55.0946770, 55.0988579, 55.0942955, 54.8252754, 54.8215218, 54.8235970, 55.0911598, 55.0884476, 55.0903091, 55.0935974, 55.0910378, 55.0909767, 55.0945473, 54.8268661, 54.8275566, 54.8271484, 54.8285484, 55.0895348, 55.0895157, 55.0986671, 55.0843468, 55.0908813, 55.0856667, 55.0975838, 54.8245354, 54.8255196, 55.0828400, 55.0854874, 55.0886154, 55.0912399, 55.0882607, 55.0976486, 55.0875893, 54.8913536, 54.8228951, 54.8237076, 55.0938683, 55.0959587, 55.0893898, 55.0934868, 55.0977211, 55.0937462, 55.0961685, 54.8625526, 54.8280487, 54.8288002, 54.8235664, 54.8294067, 54.8283691, 55.0953484, 55.0911217, 55.0962715, 55.0861893, 55.0951996, 55.0848808, 55.0898819, 54.8227882, 54.8248062, 55.0843010, 55.0954399, 55.0923920, 55.0920792, 55.0847511, 55.0981407, 55.0907402, 54.8746796, 54.8257904, 54.8184738, 55.0897408, 55.0918732, 55.0924492, 55.0942078, 55.0910797, 55.0953903, 55.0905991, 55.0869217, 54.8214302, 54.8237114, 54.8185921, 55.1012383 ],
"timesTransferFromDevice": [ 0.3515300, 0.0197200, 0.0188400, 0.0188000, 0.0192400, 0.0191600, 0.0187200, 0.0190000, 0.0189600, 0.0187200, 0.0187200, 0.0191200, 0.0198400, 0.0186000, 0.0190400, 0.0189200, 0.0186400, 0.0200400, 0.0194800, 0.0193200, 0.0186400, 0.0194400, 0.0185200, 0.0186000, 0.0189600, 0.0187200, 0.0193600, 0.0192800, 0.0189600, 0.0190400, 0.0188800, 0.0194800, 0.0197600, 0.0186400, 0.0185600, 0.0194800, 0.0192000, 0.0186800, 0.0190400, 0.0195200, 0.0191600, 0.0187600, 0.0192800, 0.0189200, 0.0190000, 0.0192400, 0.0187600, 0.0189200, 0.0186000, 0.0193600, 0.0190000, 0.0187600, 0.0195600, 0.0188000, 0.0194800, 0.0187600, 0.0188000, 0.0192000, 0.0194400, 0.0194400, 0.0194800, 0.0193600, 0.0194800, 0.0195200, 0.0191600, 0.0189200, 0.0188800, 0.0186400, 0.0195200, 0.0194800, 0.0191200, 0.0189600, 0.0194400, 0.0192800, 0.0193600, 0.0188800, 0.0187600, 0.0188400, 0.0186400, 0.0187600, 0.0186800, 0.0189200, 0.0188800, 0.0190000, 0.0189600, 0.0186400, 0.0194800, 0.0190400, 0.0195200, 0.0193600, 0.0187600, 0.0190800, 0.0188400, 0.0189200, 0.0194000, 0.0192000, 0.0188000, 0.0190400, 0.0195200, 0.0186000 ],
"bins": [ 0, 0, 0, 0, 0, 0, 0, 0, 0, 0, 0, 0, 0, 0, 0, 0, 0, 0, 0, 0, 0, 0, 0, 0, 0, 0, 0, 0, 0, 0, 0, 0, 0, 0, 0, 0, 0, 0, 0, 0, 0, 0, 0, 0, 0, 0, 0, 0, 0, 0, 0, 0, 0, 0, 0, 0, 0, 0, 0, 0, 0, 0, 0, 0, 0, 0, 0, 0, 0, 0, 0, 0, 0, 0, 0, 0, 0, 0, 0, 0, 0, 0, 0, 0, 0, 0, 0, 0, 0, 0, 0, 0, 0, 0, 0, 0, 134217728, 0, 0, 0, 0, 0, 0, 0, 0, 0, 0, 0, 0, 0, 0, 0, 0, 0, 0, 0, 0, 0, 0, 0, 0, 0, 0, 0, 0, 0, 0, 0 ]
}
,
"histogram_atomic_private": {
"timesTransferToDevice": [ 13.3689327, 13.2514133, 13.3892822, 12.1531534, 13.3593426, 13.3027220, 13.2783518, 12.0781927, 12.1238832, 13.3436728, 13.3561821, 13.3271532, 13.3880234, 13.3788023, 13.2851725, 12.1411629, 13.3641434, 13.3624334, 13.2605324, 12.1082125, 13.4206734, 13.3979826, 13.2425823, 12.1212034, 12.1305332, 13.4420328, 13.2763319, 12.2306328, 13.4411135, 13.3631325, 13.2767019, 13.4547033, 13.3397722, 13.2417030, 13.3034620, 13.3456726, 13.3010931, 13.2605829, 12.0986423, 12.0831928, 13.3501635, 13.3443022, 13.4168520, 13.3206530, 13.4089031, 13.3123331, 13.4171124, 13.3570232, 13.3073721, 13.4386930, 13.3867216, 13.2756729, 13.4786034, 13.3265419, 13.2765017, 13.6860828, 13.2752323, 13.2765131, 12.1023521, 13.3794432, 13.2947321, 13.2552433, 12.1381721, 12.1362228, 13.3313332, 13.2945919, 13.2805719, 13.4403334, 13.3563318, 13.4517727, 13.3060417, 13.3606834, 13.2770433, 12.0722628, 13.4088116, 13.3894930, 13.2789631, 13.4540434, 13.4366522, 13.3644934, 13.2884216, 13.4199829, 13.2583523, 13.4464025, 13.3885717, 12.2860126, 13.4020224, 13.3867626, 13.2511730, 13.2671633, 13.4525118, 13.3007526, 13.2651329, 12.1158133, 13.3546219, 13.2966728, 13.2928228, 13.4839334, 13.3402319, 13.3113928 ],
"timesExecution": [ 2.9336801, 2.9456010, 2.9476199, 2.9441900, 2.9402311, 2.9457009, 2.9471600, 2.9507000, 2.9379399, 2.9455409, 2.9472899, 2.9470601, 2.9364610, 2.9445510, 2.9472599, 2.9454701, 2.9369800, 2.9473910, 2.9474199, 2.9442210, 2.9365699, 2.9445910, 2.9455900, 2.9455700, 2.9374599, 2.9438910, 2.9453599, 2.9468801, 2.9375410, 2.9497809, 2.9481399, 2.9468009, 2.9424911, 2.9454210, 2.9473000, 2.9515800, 2.9386110, 2.9449799, 2.9488201, 2.9461501, 2.9363611, 2.9427409, 2.9475501, 2.9451001, 2.9350610, 2.9461701, 2.9474299, 2.9468911, 2.9369910, 2.9451399, 2.9481399, 2.9451499, 2.9384711, 2.9447510, 2.9468801, 2.9445310, 2.9349611, 2.9457099, 2.9469299, 2.9462509, 2.9354510, 2.9462600, 2.9481001, 2.9510901, 2.9390211, 2.9468811, 2.9518600, 2.9440610, 2.9385509, 2.9507699, 2.9464800, 2.9470410, 2.9386201, 2.9432600, 2.9443400, 2.9432609, 2.9380500, 2.9441011, 2.9484799, 2.9451411, 2.9373009, 2.9461811, 2.9482701, 2.9433410, 2.9385910, 2.9448299, 2.9455700, 2.9452310, 2.9374001, 2.9445109, 2.9484999, 2.9445410, 2.9379399, 2.9454210, 2.9480700, 2.9438109, 2.9362900, 2.9466610, 2.9477301, 2.9455409 ],
"timesTransferFromDevice": [ 0.0182800, 0.0171200, 0.0168000, 0.0171200, 0.0164800, 0.0169600, 0.0170000, 0.0175600, 0.0170800, 0.0181600, 0.0174000, 0.0178400, 0.0169600, 0.0165600, 0.0168400, 0.0171600, 0.0174000, 0.0168800, 0.0167200, 0.0173600, 0.0174000, 0.0173200, 0.0173200, 0.0172800, 0.0174000, 0.0172400, 0.0179200, 0.0170000, 0.0173200, 0.0173200, 0.0165200, 0.0156800, 0.0173600, 0.0172800, 0.0169600, 0.0167600, 0.0166000, 0.0178800, 0.0178800, 0.0170000, 0.0160400, 0.0171600, 0.0171600, 0.0173600, 0.0167600, 0.0170400, 0.0170400, 0.0172400, 0.0174800, 0.0165200, 0.0182800, 0.0173200, 0.0170400, 0.0171200, 0.0167200, 0.0173200, 0.0171600, 0.0166800, 0.0168000, 0.0176000, 0.0177600, 0.0174000, 0.0168800, 0.0171600, 0.0172000, 0.0167600, 0.0166000, 0.0159200, 0.0168400, 0.0167200, 0.0171200, 0.0176800, 0.0168000, 0.0173600, 0.0154400, 0.0168000, 0.0166800, 0.0168400, 0.0168400, 0.0163200, 0.0168000, 0.0176800, 0.0178800, 0.0174800, 0.0174400, 0.0170000, 0.0160400, 0.0174800, 0.0172400, 0.0170800, 0.0171600, 0.0168000, 0.0174000, 0.0169600, 0.0168000, 0.0174400, 0.0173600, 0.0171600, 0.0169200, 0.0173600 ],