{
"inputLengthInCharacters": 524288,
"uniformInput": false,
"useMappingLetter": false,
"measurements": {
"histogram_atomic_global": {
"timesTransferToDevice": [ 0.4800970, 0.0527900, 0.0532600, 0.0546500, 0.0564700, 0.0563300, 0.0545900, 0.0526300, 0.0523600, 0.0502490, 0.0529700, 0.0809100, 0.0499900, 0.0492600, 0.0507900, 0.0485490, 0.0532200, 0.0491000, 0.0487600, 0.0487100, 0.0525800, 0.0486800, 0.0526090, 0.0492000, 0.0490800, 0.0491200, 0.0492700, 0.0492100, 0.0529000, 0.0493190, 0.0486700, 0.0492290, 0.0493100, 0.0502400, 0.0497900, 0.0486900, 0.0488700, 0.0483800, 0.0486690, 0.0497400, 0.0528400, 0.0486800, 0.0500000, 0.0486000, 0.0488800, 0.0482590, 0.0514000, 0.0488200, 0.0481000, 0.0488200, 0.0485400, 0.0488600, 0.0491600, 0.0493300, 0.0482590, 0.0486600, 0.0491200, 0.0483400, 0.0490700, 0.0485100, 0.0487900, 0.0486790, 0.0490300, 0.0487500, 0.0486800, 0.0486700, 0.0495700, 0.0493600, 0.0488190, 0.0489100, 0.0485490, 0.0487100, 0.0487100, 0.0489200, 0.0485700, 0.0868690, 0.0493700, 0.0496690, 0.0493600, 0.0499900, 0.0491300, 0.0488000, 0.0495700, 0.0497800, 0.0491390, 0.0487400, 0.0483300, 0.0492800, 0.0487500, 0.0490700, 0.0485800, 0.0482690, 0.0491000, 0.0484800, 0.0491800, 0.0488800, 0.0487800, 0.0490500, 0.0492500, 0.0488800 ],
"timesExecution": [ 0.0665600, 0.0683600, 0.0655200, 0.0682300, 0.0670800, 0.0675590, 0.0669500, 0.0670390, 0.0678000, 0.2108500, 0.0669100, 0.0651990, 0.0675500, 0.0668090, 0.0670700, 0.0670000, 0.0674000, 0.0669100, 0.0670990, 0.0672800, 0.0668790, 0.0671900, 0.0670800, 0.0667600, 0.0671100, 0.0673990, 0.0667100, 0.0667890, 0.0677000, 0.0670800, 0.0671700, 0.0669200, 0.0636000, 0.0681900, 0.0677290, 0.0668400, 0.0675290, 0.0706900, 0.0672300, 0.0670400, 0.0672300, 0.0669590, 0.0668000, 0.0671190, 0.0667900, 0.0672700, 0.0669900, 0.0671500, 0.0669190, 0.0678100, 0.0668690, 0.0667200, 0.0668300, 0.0671700, 0.0670300, 0.0674500, 0.0671200, 0.0669990, 0.0671600, 0.0675290, 0.0671600, 0.0674500, 0.0670500, 0.0669200, 0.0668690, 0.0676900, 0.0676290, 0.0672200, 0.0670800, 0.0669100, 0.0668500, 0.0672800, 0.0651600, 0.0650390, 0.0668800, 0.0669500, 0.0672800, 0.0670800, 0.0671200, 0.0666000, 0.0669190, 0.0671100, 0.0672100, 0.0674900, 0.0669100, 0.0668800, 0.0672100, 0.0667890, 0.0654000, 0.0669490, 0.0673500, 0.0667600, 0.0676000, 0.0650400, 0.0672100, 0.0658400, 0.0676990, 0.0667900, 0.0667600, 0.0667600 ],
"timesTransferFromDevice": [ 0.3866880, 0.0183200, 0.0184000, 0.0211600, 0.0202000, 0.0200400, 0.0207200, 0.0206000, 0.0200000, 0.0198000, 0.0198800, 0.0196800, 0.0195200, 0.0229900, 0.0196800, 0.0234000, 0.0194790, 0.0198000, 0.0198400, 0.0196800, 0.0205600, 0.0196000, 0.0207200, 0.0209600, 0.0198800, 0.0199600, 0.0206800, 0.0198800, 0.0198800, 0.0197600, 0.0197200, 0.0207200, 0.0198790, 0.0206400, 0.0193600, 0.0206400, 0.0198000, 0.0220400, 0.0196400, 0.0198390, 0.0202800, 0.0205200, 0.0195200, 0.0196400, 0.0213200, 0.0200800, 0.0194800, 0.0204400, 0.0198400, 0.0204000, 0.0194000, 0.0234600, 0.0195200, 0.0195200, 0.0198800, 0.0196390, 0.0202800, 0.0209600, 0.0213600, 0.0201200, 0.0208400, 0.0200800, 0.0212800, 0.0228700, 0.0200800, 0.0197600, 0.0201600, 0.0197200, 0.0198800, 0.0203200, 0.0194800, 0.0199990, 0.0201200, 0.0198000, 0.0198800, 0.0196400, 0.0215200, 0.0202400, 0.0201200, 0.0203200, 0.0206000, 0.0197200, 0.0198000, 0.0202000, 0.0204000, 0.0196790, 0.0204400, 0.0196800, 0.0202800, 0.0202400, 0.0198000, 0.0209600, 0.0219200, 0.0198400, 0.0198800, 0.0196000, 0.0234400, 0.0204400, 0.0197600, 0.0196000 ],
"bins": [ 4041, 4072, 4062, 4049, 3998, 4126, 4087, 4028, 4088, 4089, 4183, 4042, 4194, 3995, 3984, 3995, 4196, 4123, 4159, 4101, 4084, 4129, 4094, 4118, 4067, 4087, 4043, 4006, 4076, 3998, 4084, 4169, 4145, 4205, 4045, 4023, 4218, 4128, 4092, 4062, 4115, 4078, 4107, 4132, 3997, 3989, 4145, 4108, 4142, 4072, 4121, 4092, 4167, 4107, 4033, 4211, 4227, 4097, 4046, 4164, 4040, 4072, 4107, 4176, 4206, 4066, 4068, 4035, 4095, 4077, 4036, 4010, 4093, 4083, 4101, 4068, 4145, 4082, 4038, 4078, 4141, 4047, 4205, 4172, 4118, 4204, 4219, 4045, 3968, 4171, 4183, 4176, 4097, 4172, 4042, 4112, 4089, 4038, 3884, 4135, 4070, 4091, 4087, 4049, 4148, 4168, 4210, 4119, 4102, 4078, 4151, 4033, 4120, 3966, 4154, 4107, 4088, 4071, 4004, 4122, 4071, 4118, 4071, 4143, 4114, 4090, 4131, 4083 ]
}
,
"histogram_atomic_private": {
"timesTransferToDevice": [ 0.0455300, 0.0466790, 0.0457800, 0.0450600, 0.0479800, 0.0472000, 0.0475400, 0.0470900, 0.0489990, 0.0483900, 0.0482090, 0.0486200, 0.0489100, 0.0492100, 0.0494200, 0.0485100, 0.0486600, 0.0486590, 0.0484300, 0.0479700, 0.0485000, 0.0488600, 0.0484900, 0.0485500, 0.0487200, 0.0487800, 0.0479790, 0.0490200, 0.0486300, 0.0484200, 0.0495100, 0.0482700, 0.0494500, 0.0492290, 0.0483500, 0.0487400, 0.0483500, 0.0489700, 0.0482700, 0.0499000, 0.0491200, 0.0492700, 0.0487690, 0.0489400, 0.0490700, 0.0488500, 0.0493800, 0.0507400, 0.0482700, 0.0491600, 0.0496600, 0.0494190, 0.0496800, 0.0491400, 0.0494600, 0.0489400, 0.0482700, 0.0494300, 0.0486690, 0.0486300, 0.0482290, 0.0486400, 0.0526790, 0.0488100, 0.0486400, 0.0481500, 0.0493000, 0.0486700, 0.0480600, 0.0481190, 0.0485100, 0.0490700, 0.0484800, 0.0483500, 0.0481800, 0.0478600, 0.0484290, 0.0488000, 0.0499890, 0.0483900, 0.0483900, 0.0486000, 0.0498400, 0.0488800, 0.0491900, 0.0493090, 0.0485000, 0.0487390, 0.0491600, 0.0489500, 0.0485100, 0.0486800, 0.0493200, 0.0489200, 0.0492490, 0.0490400, 0.0493000, 0.0488800, 0.0491100, 0.0483000 ],
"timesExecution": [ 0.0305800, 0.0292500, 0.0295700, 0.0303590, 0.0299200, 0.0299600, 0.0299900, 0.0303100, 0.0316400, 0.0319100, 0.0295600, 0.0313600, 0.0311890, 0.0318400, 0.0293600, 0.0397900, 0.0317600, 0.0296300, 0.0311200, 0.0307500, 0.0299600, 0.0312290, 0.0313200, 0.0314400, 0.0315300, 0.0308700, 0.0312900, 0.0310200, 0.0311590, 0.0307900, 0.0319300, 0.0307900, 0.0310400, 0.0312800, 0.0307200, 0.0312400, 0.0312700, 0.0318290, 0.0316400, 0.0309200, 0.0315200, 0.0305100, 0.0306700, 0.0312400, 0.0316890, 0.0307200, 0.0316900, 0.0306800, 0.0306700, 0.0308700, 0.0307600, 0.0314400, 0.0294400, 0.0309890, 0.0309600, 0.0314100, 0.0312800, 0.0310900, 0.0320400, 0.0292400, 0.0694400, 0.0313700, 0.0315700, 0.0296400, 0.0310390, 0.0313900, 0.0295200, 0.0306600, 0.0293600, 0.0310100, 0.0307900, 0.0307890, 0.0296800, 0.0308400, 0.0305600, 0.0309100, 0.0313500, 0.0310400, 0.0312400, 0.0296400, 0.0313190, 0.0309500, 0.0305600, 0.0306800, 0.0311900, 0.0306300, 0.0319000, 0.0301600, 0.0311200, 0.0293990, 0.0310600, 0.0290800, 0.0314800, 0.0314000, 0.0316000, 0.0308400, 0.0322900, 0.0309900, 0.0312390, 0.0306700 ],
"timesTransferFromDevice": [ 0.0171600, 0.0168800, 0.0174800, 0.0194000, 0.0207200, 0.0188790, 0.0193200, 0.0200800, 0.0234200, 0.0197600, 0.0194000, 0.0204000, 0.0196800, 0.0201600, 0.0203190, 0.0199200, 0.0197200, 0.0198000, 0.0196800, 0.0206800, 0.0192400, 0.0198800, 0.0198800, 0.0200400, 0.0205600, 0.0200400, 0.0198000, 0.0198000, 0.0196800, 0.0194800, 0.0199190, 0.0199200, 0.0194000, 0.0196000, 0.0196400, 0.0201600, 0.0193600, 0.0198400, 0.0205600, 0.0195990, 0.0206000, 0.0197600, 0.0202400, 0.0202400, 0.0205600, 0.0196400, 0.0193200, 0.0197600, 0.0205600, 0.0205600, 0.0192000, 0.0193600, 0.0199200, 0.0191200, 0.0194800, 0.0198800, 0.0204400, 0.0206400, 0.0196400, 0.0212000, 0.0198000, 0.0198400, 0.0201200, 0.0197200, 0.0196800, 0.0207200, 0.0202390, 0.0196000, 0.0195200, 0.0195200, 0.0197600, 0.0199600, 0.0215200, 0.0191590, 0.0203600, 0.0193600, 0.0200400, 0.0202400, 0.0194800, 0.0194800, 0.0207600, 0.0214400, 0.0202790, 0.0198400, 0.0195200, 0.0193600, 0.0196400, 0.0193600, 0.0203200, 0.0201600, 0.0195200, 0.0198790, 0.0192000, 0.0202400, 0.0192800, 0.0215200, 0.0201600, 0.0198000, 0.0196800, 0.0200400 ],