{
"inputLengthInCharacters": 512,
"uniformInput": true,
"useMappingLetter": false,
"measurements": {
"histogram_atomic_global": {
"timesTransferToDevice": [ 0.0456000, 0.0223210, 0.0242800, 0.0250800, 0.0238100, 0.0249700, 0.0267500, 0.0252210, 0.0242000, 0.0242000, 0.0259100, 0.0261400, 0.0262000, 0.0259700, 0.0270210, 0.0271700, 0.0303800, 0.0268100, 0.0267100, 0.0265600, 0.0267710, 0.0295300, 0.0277100, 0.0266800, 0.0252600, 0.0266800, 0.0246210, 0.0256700, 0.0275900, 0.0268200, 0.0264300, 0.0274600, 0.0246010, 0.0237500, 0.0230410, 0.0253000, 0.0312200, 0.0265800, 0.0292600, 0.0252100, 0.0250110, 0.0273810, 0.0253300, 0.0296900, 0.0245000, 0.0252900, 0.0266800, 0.0252810, 0.0261300, 0.0247200, 0.0275700, 0.0291600, 0.0240400, 0.0239110, 0.0249200, 0.0267300, 0.0271700, 0.0267400, 0.0273800, 0.0249510, 0.0267100, 0.0249200, 0.0267100, 0.0266200, 0.0260010, 0.0267610, 0.0267500, 0.0247900, 0.0242200, 0.0240600, 0.0298110, 0.0265910, 0.0256600, 0.0263900, 0.0268000, 0.0249500, 0.0240800, 0.0236900, 0.0252510, 0.0240200, 0.0280800, 0.0291900, 0.0246400, 0.0238900, 0.0252510, 0.0249300, 0.0251200, 0.0244400, 0.0240700, 0.0254910, 0.0280110, 0.0249700, 0.0272500, 0.0277200, 0.0253300, 0.0270210, 0.0252900, 0.0234200, 0.0242600, 0.0249300 ],
"timesExecution": [ 0.0244000, 0.0260000, 0.0275100, 0.0281710, 0.0275900, 0.0284200, 0.0273600, 0.0260000, 0.0274010, 0.0278000, 0.0276400, 0.0464600, 0.0257200, 0.0269200, 0.0272300, 0.0259610, 0.0277710, 0.0276400, 0.0272800, 0.0271200, 0.0269000, 0.0275800, 0.0271910, 0.0272400, 0.0275300, 0.0276400, 0.0278100, 0.0256400, 0.0277210, 0.0270700, 0.0278500, 0.0272800, 0.0254000, 0.0274400, 0.0254800, 0.0278510, 0.0278910, 0.0271100, 0.0271200, 0.0274800, 0.0273900, 0.0277000, 0.0259210, 0.0277210, 0.0270800, 0.0257600, 0.0272700, 0.0271500, 0.0277710, 0.0277910, 0.0271100, 0.0277200, 0.0273100, 0.0286800, 0.0277010, 0.0273510, 0.0273400, 0.0256400, 0.0274000, 0.0273600, 0.0272310, 0.0274310, 0.0276400, 0.0254400, 0.0271200, 0.0273500, 0.0271410, 0.0256400, 0.0277100, 0.0281800, 0.0277300, 0.0272700, 0.0257610, 0.0275500, 0.0269100, 0.0592500, 0.0253200, 0.0268600, 0.0278500, 0.0256410, 0.0274300, 0.0271500, 0.0268300, 0.0258800, 0.0253600, 0.0279610, 0.0275600, 0.0266600, 0.0252800, 0.0276000, 0.0275100, 0.0254810, 0.0253200, 0.0273100, 0.0279200, 0.0256800, 0.0269900, 0.0270710, 0.0274000, 0.0254000 ],
"timesTransferFromDevice": [ 0.4556330, 0.0191200, 0.0192400, 0.0238200, 0.0233210, 0.0208400, 0.0238300, 0.0216800, 0.0231000, 0.0277200, 0.0230810, 0.0266810, 0.0237200, 0.0222400, 0.0234300, 0.0253100, 0.0230700, 0.0222010, 0.0232900, 0.0227600, 0.0239800, 0.0236000, 0.0234200, 0.0212400, 0.0234810, 0.0239000, 0.0215200, 0.0233600, 0.0217600, 0.0237700, 0.0229510, 0.0230100, 0.0611200, 0.0218800, 0.0254200, 0.0222000, 0.0273900, 0.0226000, 0.0234410, 0.0268600, 0.0234700, 0.0232400, 0.0240400, 0.0215200, 0.0232010, 0.0234500, 0.0230000, 0.0228000, 0.0244800, 0.0233500, 0.0229610, 0.0268600, 0.0223600, 0.0229600, 0.0233200, 0.0220800, 0.0215610, 0.0225100, 0.0224400, 0.0234600, 0.0234700, 0.0208800, 0.0212810, 0.0217200, 0.0232700, 0.0231400, 0.0234400, 0.0218400, 0.0234810, 0.0227500, 0.0210000, 0.0211200, 0.0224700, 0.0236900, 0.0248510, 0.0234410, 0.0234300, 0.0218000, 0.0227500, 0.0226800, 0.0232400, 0.0215210, 0.0227000, 0.0269900, 0.0217600, 0.0229900, 0.0216000, 0.0209200, 0.0226300, 0.0258100, 0.0224000, 0.0213600, 0.0239500, 0.0215610, 0.0234400, 0.0230300, 0.0238100, 0.0213200, 0.0234310, 0.0234800 ],
"bins": [ 0, 0, 0, 0, 0, 0, 0, 0, 0, 0, 0, 0, 0, 0, 0, 0, 0, 0, 0, 0, 0, 0, 0, 0, 0, 0, 0, 0, 0, 0, 0, 0, 0, 0, 0, 0, 0, 0, 0, 0, 0, 0, 0, 0, 0, 0, 0, 0, 0, 0, 0, 0, 0, 0, 0, 0, 0, 0, 0, 0, 0, 0, 0, 0, 0, 0, 0, 0, 0, 0, 0, 0, 0, 0, 0, 0, 0, 0, 0, 0, 0, 0, 0, 0, 0, 0, 0, 0, 0, 0, 0, 0, 0, 0, 0, 0, 512, 0, 0, 0, 0, 0, 0, 0, 0, 0, 0, 0, 0, 0, 0, 0, 0, 0, 0, 0, 0, 0, 0, 0, 0, 0, 0, 0, 0, 0, 0, 0 ]
}
,
"histogram_atomic_private": {
"timesTransferToDevice": [ 0.0171200, 0.0183600, 0.0201000, 0.0256910, 0.0234200, 0.0229600, 0.0233400, 0.0255600, 0.0230300, 0.0227700, 0.0254100, 0.0260400, 0.0270410, 0.0263400, 0.0271000, 0.0270600, 0.0240300, 0.0251300, 0.0260210, 0.0263700, 0.0262900, 0.0251800, 0.0274500, 0.0234600, 0.0268210, 0.0254100, 0.0254100, 0.0276800, 0.0264700, 0.0238400, 0.0234910, 0.0241000, 0.0250600, 0.0239600, 0.0299000, 0.0264010, 0.0300100, 0.0267600, 0.0233800, 0.0245900, 0.0263200, 0.0258110, 0.0249300, 0.0240700, 0.0275500, 0.0264000, 0.0265000, 0.0267210, 0.0234000, 0.0265000, 0.0255800, 0.0244700, 0.0244500, 0.0238510, 0.0251000, 0.0248100, 0.0257700, 0.0271800, 0.0293710, 0.0273110, 0.0264700, 0.0267310, 0.0242600, 0.0306800, 0.0237000, 0.0251800, 0.0264900, 0.0263210, 0.0251410, 0.0261200, 0.0264800, 0.0244300, 0.0272500, 0.0291710, 0.0254200, 0.0266200, 0.0243400, 0.0257800, 0.0244500, 0.0230800, 0.0266010, 0.0243100, 0.0274600, 0.0243900, 0.0231400, 0.0275910, 0.0266310, 0.0224400, 0.0252800, 0.0264300, 0.0275300, 0.0245510, 0.0254300, 0.0251400, 0.0255400, 0.0242400, 0.0267300, 0.0267310, 0.0251800, 0.0269800 ],
"timesExecution": [ 0.0248700, 0.0234000, 0.0233200, 0.0256100, 0.0252610, 0.0249900, 0.0271600, 0.0262300, 0.0265200, 0.0263210, 0.0258300, 0.0264000, 0.0264100, 0.0271700, 0.0252410, 0.0270000, 0.0280200, 0.0283200, 0.0274800, 0.0266700, 0.0255610, 0.0271200, 0.0276300, 0.0276900, 0.0272800, 0.0274900, 0.0270710, 0.0272800, 0.0254400, 0.0256800, 0.0253200, 0.0252810, 0.0279100, 0.0279500, 0.0254800, 0.0271500, 0.0262800, 0.0254410, 0.0253200, 0.0273300, 0.0269100, 0.0254800, 0.0252810, 0.0268700, 0.0254000, 0.0273200, 0.0269400, 0.0254000, 0.0254010, 0.0281010, 0.0272800, 0.0268800, 0.0269200, 0.0274900, 0.0271610, 0.0270700, 0.0252400, 0.0274100, 0.0280200, 0.0289000, 0.0256810, 0.0270700, 0.0274800, 0.0270310, 0.0256400, 0.0297900, 0.0275200, 0.0271200, 0.0269600, 0.0273610, 0.0253600, 0.0271200, 0.0254800, 0.0272000, 0.0277200, 0.0274710, 0.0253600, 0.0270300, 0.0270300, 0.0271600, 0.0253600, 0.0279110, 0.0271200, 0.0256400, 0.0253600, 0.0276600, 0.0272000, 0.0271610, 0.0271100, 0.0271600, 0.0272400, 0.0274800, 0.0256800, 0.0254010, 0.0252800, 0.0273200, 0.0270700, 0.0287900, 0.0277300, 0.0281610 ],
"timesTransferFromDevice": [ 0.0170400, 0.0173200, 0.0178400, 0.0196000, 0.0220500, 0.0218710, 0.0245200, 0.0225500, 0.0232100, 0.0218000, 0.0230110, 0.0218300, 0.0191600, 0.0234500, 0.0233200, 0.0227500, 0.0236000, 0.0227900, 0.0219200, 0.0266800, 0.0214000, 0.0254010, 0.0245210, 0.0224000, 0.0230800, 0.0255100, 0.0215200, 0.0217200, 0.0239610, 0.0231300, 0.0245500, 0.0210800, 0.0233600, 0.0232510, 0.0216800, 0.0218000, 0.0219200, 0.0235700, 0.0217210, 0.0212000, 0.0228800, 0.0227300, 0.0229600, 0.0257700, 0.0222410, 0.0273900, 0.0234200, 0.0236100, 0.0232900, 0.0227100, 0.0275710, 0.0228300, 0.0214000, 0.0238000, 0.0243200, 0.0239300, 0.0242310, 0.0222600, 0.0236900, 0.0224600, 0.0809200, 0.0262700, 0.0233300, 0.0209600, 0.0222400, 0.0239710, 0.0234800, 0.0261200, 0.0232200, 0.0234800, 0.0249900, 0.0256410, 0.0232700, 0.0214000, 0.0233800, 0.0257300, 0.0239800, 0.0265510, 0.0230000, 0.0225100, 0.0230000, 0.0237400, 0.0220800, 0.0222000, 0.0216000, 0.0222400, 0.0238800, 0.0213200, 0.0269100, 0.0228810, 0.0216400, 0.0203600, 0.0259100, 0.0213600, 0.0258010, 0.0237600, 0.0212000, 0.0236200, 0.0248300, 0.0230900 ],
"bins": [ 0, 0, 0, 0, 0, 0, 0, 0, 0, 0, 0, 0, 0, 0, 0, 0, 0, 0, 0, 0, 0, 0, 0, 0, 0, 0, 0, 0, 0, 0, 0, 0, 0, 0, 0, 0, 0, 0, 0, 0, 0, 0, 0, 0, 0, 0, 0, 0, 0, 0, 0, 0, 0, 0, 0, 0, 0, 0, 0, 0, 0, 0, 0, 0, 0, 0, 0, 0, 0, 0, 0, 0, 0, 0, 0, 0, 0, 0, 0, 0, 0, 0, 0, 0, 0, 0, 0, 0, 0, 0, 0, 0, 0, 0, 0, 0, 512, 0, 0, 0, 0, 0, 0, 0, 0, 0, 0, 0, 0, 0, 0, 0, 0, 0, 0, 0, 0, 0, 0, 0, 0, 0, 0, 0, 0, 0, 0, 0 ]
}
,