{
"inputLengthInCharacters": 32768,
"uniformInput": false,
"useMappingLetter": false,
"measurements": {
"histogram_atomic_global": {
"timesTransferToDevice": [ 0.4486270, 0.0220400, 0.0195590, 0.0205600, 0.0257300, 0.0224400, 0.0231200, 0.0236100, 0.0219200, 0.0226400, 0.0230800, 0.0562990, 0.0228800, 0.0258290, 0.0221600, 0.0219200, 0.0246000, 0.0220000, 0.0220800, 0.0220000, 0.0212800, 0.0250000, 0.0250090, 0.0215200, 0.0244300, 0.0214400, 0.0219200, 0.0222400, 0.0208800, 0.0216800, 0.0217600, 0.0216790, 0.0224000, 0.0252300, 0.0228800, 0.0216400, 0.0225600, 0.0225600, 0.0255700, 0.0220000, 0.0291000, 0.0215200, 0.0208400, 0.0216800, 0.0218400, 0.0232400, 0.0212800, 0.0213200, 0.0215600, 0.0221990, 0.0245500, 0.0212000, 0.0218000, 0.0218800, 0.0241200, 0.0227600, 0.0214800, 0.0214000, 0.0213990, 0.0242800, 0.0214400, 0.0224400, 0.0246800, 0.0226800, 0.0220800, 0.0212390, 0.0230800, 0.0224400, 0.0215600, 0.0218400, 0.0227600, 0.0527600, 0.0241600, 0.0215600, 0.0212800, 0.0873000, 0.0224400, 0.0223600, 0.0221200, 0.0229600, 0.0219590, 0.0214800, 0.0228000, 0.0278200, 0.0220800, 0.0224000, 0.0213600, 0.0250700, 0.0214000, 0.0218390, 0.0285800, 0.0306900, 0.0215200, 0.0220000, 0.0280700, 0.0214400, 0.0234000, 0.0216400, 0.0241590, 0.0212800 ],
"timesExecution": [ 0.0297000, 0.0298700, 0.0266400, 0.0294100, 0.0293590, 0.0269600, 0.0286400, 0.0287600, 0.0288400, 0.0293300, 0.0294100, 0.0289900, 0.0272800, 0.0267200, 0.0284300, 0.0287190, 0.0270800, 0.0288400, 0.0287200, 0.0268400, 0.0290800, 0.0287100, 0.0264000, 0.0288800, 0.0268390, 0.0292500, 0.0286800, 0.0292200, 0.0294500, 0.0268000, 0.0268000, 0.0292000, 0.0492000, 0.0286000, 0.0288000, 0.0271190, 0.0272000, 0.0286100, 0.0285800, 0.0286800, 0.0273600, 0.0270000, 0.0267600, 0.0269600, 0.0284790, 0.0269600, 0.0287200, 0.0294200, 0.0272000, 0.0292900, 0.0286500, 0.0283890, 0.0285500, 0.0290000, 0.0287100, 0.0268000, 0.0268400, 0.0290000, 0.0296600, 0.0286400, 0.0289490, 0.0267600, 0.0268400, 0.0268000, 0.0268400, 0.0283900, 0.0269600, 0.0268000, 0.0299400, 0.0285690, 0.0285200, 0.0290490, 0.0289900, 0.0268400, 0.0287100, 0.0268790, 0.0269600, 0.0267200, 0.0287200, 0.0270800, 0.0268400, 0.0267600, 0.0288090, 0.0288500, 0.0270000, 0.0285100, 0.0284800, 0.0286800, 0.0291600, 0.0287200, 0.0269200, 0.0267190, 0.0288000, 0.0267600, 0.0269600, 0.0285200, 0.0286300, 0.0285400, 0.0294500, 0.0287600 ],
"timesTransferFromDevice": [ 0.3950480, 0.0185600, 0.0197600, 0.0209600, 0.0287100, 0.0239000, 0.0212000, 0.0228000, 0.0217600, 0.0238300, 0.0231300, 0.0228800, 0.0208400, 0.0223600, 0.0266000, 0.0229600, 0.0228000, 0.0264200, 0.0244900, 0.0213200, 0.0236000, 0.0230000, 0.0196800, 0.0234400, 0.0274300, 0.0231100, 0.0234100, 0.0241100, 0.0210400, 0.0232500, 0.0227800, 0.0222700, 0.0234100, 0.0236000, 0.0239600, 0.0214000, 0.0231700, 0.0234690, 0.0265200, 0.0231400, 0.0228800, 0.0196400, 0.0203200, 0.0250400, 0.0198400, 0.0212000, 0.0250790, 0.0211200, 0.0202800, 0.0259700, 0.0233300, 0.0231700, 0.0256500, 0.0228400, 0.0201200, 0.0256800, 0.0234000, 0.0234400, 0.0211600, 0.0210800, 0.0230700, 0.0237200, 0.0264690, 0.0228900, 0.0250000, 0.0243300, 0.0232300, 0.0259800, 0.0241200, 0.0234100, 0.0265900, 0.0212800, 0.0201600, 0.0234690, 0.0235700, 0.0211200, 0.0234900, 0.0230690, 0.0232500, 0.0192800, 0.0271700, 0.0205200, 0.0236000, 0.0211200, 0.0223890, 0.0265500, 0.0222000, 0.0203600, 0.0234000, 0.0209600, 0.0210400, 0.0194800, 0.0267200, 0.0234800, 0.0233900, 0.0196400, 0.0224300, 0.0227300, 0.0221200, 0.0193600 ],
"bins": [ 275, 268, 252, 250, 214, 278, 254, 239, 275, 243, 256, 236, 267, 247, 281, 242, 246, 263, 267, 263, 228, 263, 274, 235, 244, 255, 233, 244, 249, 258, 287, 261, 290, 264, 236, 241, 299, 252, 249, 236, 261, 238, 257, 274, 241, 249, 243, 245, 281, 261, 255, 272, 255, 252, 270, 264, 254, 265, 251, 267, 223, 251, 256, 272, 249, 250, 256, 252, 246, 264, 262, 236, 263, 265, 239, 272, 253, 252, 222, 266, 241, 255, 249, 262, 251, 243, 264, 237, 249, 271, 265, 276, 255, 288, 269, 281, 258, 278, 240, 292, 240, 250, 252, 258, 263, 242, 269, 272, 253, 250, 270, 234, 245, 238, 261, 258, 240, 267, 248, 231, 278, 266, 255, 270, 256, 272, 237, 251 ]
}
,
"histogram_atomic_private": {
"timesTransferToDevice": [ 0.0188000, 0.0190800, 0.0185200, 0.0183600, 0.0193600, 0.0205200, 0.0199200, 0.0205600, 0.0202000, 0.0194000, 0.0226400, 0.0208800, 0.0237500, 0.0250690, 0.0237200, 0.0239100, 0.0212400, 0.0212400, 0.0242800, 0.0221200, 0.0215200, 0.0214800, 0.0245090, 0.0251400, 0.0210800, 0.0210400, 0.0220800, 0.0243200, 0.0218000, 0.0218400, 0.0244300, 0.0214390, 0.0252800, 0.0212800, 0.0245500, 0.0251100, 0.0246800, 0.0214400, 0.0243900, 0.0218000, 0.0218800, 0.0236400, 0.0219200, 0.0211200, 0.0217200, 0.0281800, 0.0266800, 0.0216000, 0.0213600, 0.0245800, 0.0230000, 0.0220000, 0.0234400, 0.0220800, 0.0217600, 0.0218000, 0.0212390, 0.0216000, 0.0215200, 0.0215600, 0.0243100, 0.0293400, 0.0244700, 0.0216400, 0.0249600, 0.0232400, 0.0254000, 0.0228400, 0.0212400, 0.0218790, 0.0218800, 0.0228000, 0.0250300, 0.0212400, 0.0214800, 0.0216400, 0.0229200, 0.0212800, 0.0226000, 0.0215600, 0.0210800, 0.0248300, 0.0211200, 0.0213600, 0.0222800, 0.0216000, 0.0214000, 0.0212400, 0.0224400, 0.0221200, 0.0212800, 0.0214400, 0.0218000, 0.0219200, 0.0234390, 0.0216800, 0.0243100, 0.0218400, 0.0247000, 0.0233600 ],
"timesExecution": [ 0.0239190, 0.0231600, 0.0244800, 0.0268390, 0.0265900, 0.0264000, 0.0263500, 0.0247200, 0.0245590, 0.0246000, 0.0273600, 0.0277200, 0.0271600, 0.0292400, 0.0266400, 0.0283200, 0.0289900, 0.0268390, 0.0277900, 0.0264400, 0.0288300, 0.0284800, 0.0280700, 0.0266800, 0.0286890, 0.0265200, 0.0263600, 0.0262800, 0.0268800, 0.0285600, 0.0272800, 0.0290500, 0.0266400, 0.0263990, 0.0270000, 0.0284400, 0.0268800, 0.0269200, 0.0295100, 0.0267600, 0.0281600, 0.0262800, 0.0278690, 0.0267600, 0.0264400, 0.0290600, 0.0289700, 0.0267200, 0.0263200, 0.0284400, 0.0267600, 0.0266800, 0.0283200, 0.0268400, 0.0267200, 0.0283200, 0.0297500, 0.0266800, 0.0268390, 0.0263600, 0.0715290, 0.0288400, 0.0286790, 0.0284700, 0.0284300, 0.0266800, 0.0263200, 0.0278700, 0.0287200, 0.0280700, 0.0286000, 0.0287290, 0.0286800, 0.0264800, 0.0287200, 0.0293300, 0.0269600, 0.0281400, 0.0291000, 0.0286300, 0.0284690, 0.0268400, 0.0285200, 0.0265200, 0.0286800, 0.0265600, 0.0287200, 0.0270000, 0.0282800, 0.0283490, 0.0283900, 0.0259600, 0.0266800, 0.0266000, 0.0270800, 0.0268000, 0.0281390, 0.0267200, 0.0281500, 0.0268700 ],
"timesTransferFromDevice": [ 0.0167600, 0.0164000, 0.0167200, 0.0220500, 0.0204700, 0.0218890, 0.0212600, 0.0214300, 0.0259000, 0.0220000, 0.0224390, 0.0198000, 0.0204400, 0.0234900, 0.0263700, 0.0235300, 0.0234500, 0.0262500, 0.0244800, 0.0231190, 0.0237700, 0.0209600, 0.0233300, 0.0243500, 0.0240800, 0.0236200, 0.0234500, 0.0226800, 0.0262900, 0.0232100, 0.0230800, 0.0201600, 0.0258000, 0.0232000, 0.0222600, 0.0237700, 0.0234000, 0.0215200, 0.0236800, 0.0235000, 0.0241100, 0.0228000, 0.0235200, 0.0242100, 0.0239290, 0.0233600, 0.0227900, 0.0226000, 0.0215600, 0.0234000, 0.0226800, 0.0255200, 0.0262200, 0.0227890, 0.0268300, 0.0210400, 0.0268500, 0.0231700, 0.0234500, 0.0228800, 0.0237300, 0.0235500, 0.0225500, 0.0231600, 0.0234100, 0.0236600, 0.0213590, 0.0234500, 0.0208400, 0.0232500, 0.0235200, 0.0240300, 0.0233700, 0.0206390, 0.0233200, 0.0233600, 0.0233800, 0.0206400, 0.0240300, 0.0244300, 0.0259300, 0.0234400, 0.0236790, 0.0230500, 0.0207590, 0.0194000, 0.0234100, 0.0212800, 0.0247200, 0.0230800, 0.0216000, 0.0227490, 0.0202800, 0.0227200, 0.0239800, 0.0230000, 0.0231000, 0.0196400, 0.0207200, 0.0225600 ],