{
"inputLengthInCharacters": 134217728,
"uniformInput": false,
"useMappingLetter": true,
"measurements": {
"histogram_atomic_global": {
"timesTransferToDevice": [ 14.5337276, 12.0996542, 12.0354652, 12.0652647, 12.0435057, 12.0568352, 12.0279951, 12.2151747, 12.0420647, 12.0448151, 12.0604057, 12.0283546, 12.0297546, 12.0631361, 12.0206060, 12.0249462, 12.0394564, 12.0244846, 12.0273552, 12.0378256, 12.0236158, 12.0365362, 12.0163364, 12.0062656, 12.1849070, 12.0769663, 12.0507164, 12.0363855, 12.0574856, 12.0439863, 12.0478058, 12.2573757, 12.0554266, 12.0891361, 12.0528870, 12.1275158, 12.1459274, 12.0370855, 12.0505457, 12.0433960, 12.0480366, 12.0734558, 12.2059059, 12.0443163, 12.0513363, 12.0561256, 12.0104656, 12.0268364, 12.0472755, 12.0410662, 12.0963869, 12.0509663, 12.0597067, 12.0833559, 12.0450459, 12.0506763, 12.0725174, 12.0529957, 12.1922369, 12.0267258, 12.0645466, 12.0410557, 12.0330572, 12.0408058, 12.0491171, 12.0312262, 12.0378370, 12.0408163, 12.0610867, 12.0491962, 12.0369873, 12.0420055, 12.0410566, 12.0528564, 12.0896673, 12.0602760, 12.1943474, 12.0685558, 12.0853262, 12.0571175, 12.0402870, 12.0472260, 12.0471172, 12.2172070, 12.0227070, 12.0657358, 12.0462370, 12.0386658, 12.0274973, 12.0400658, 12.0254469, 12.0148258, 12.0221071, 12.0505762, 12.0353966, 12.0281963, 12.0292168, 13.5837069, 12.0859966, 12.0208473 ],
"timesExecution": [ 35.9909439, 35.9996147, 36.0008087, 35.9922485, 35.9956360, 35.9955292, 35.7261238, 35.7275162, 35.9995880, 35.9912796, 35.9966888, 35.9954758, 35.9954262, 35.9952812, 36.0036392, 35.7313995, 35.7348175, 35.9986801, 35.9973679, 35.9954414, 35.9938393, 35.9977989, 35.9925995, 35.7290077, 35.7314796, 35.9914322, 35.9917183, 35.9896088, 35.9995270, 35.9923401, 35.9982262, 35.7234192, 35.7306671, 35.9996071, 35.9992409, 35.9965096, 35.9938011, 35.9921417, 35.9960785, 35.9964333, 35.7292404, 35.7338791, 36.0014000, 35.9930077, 35.9973679, 35.9984093, 35.9990807, 35.9951210, 35.7311287, 35.7318802, 36.0041618, 35.9989815, 35.9979515, 35.9935722, 35.9972801, 35.9908867, 35.9962387, 35.7278709, 35.7295609, 36.0012131, 36.0013390, 35.9902802, 35.9931068, 35.9966888, 35.9966812, 35.7272110, 35.7317200, 35.9960098, 35.9992409, 35.9978409, 35.9915619, 35.9959717, 35.9957619, 35.7335320, 35.7356873, 36.0022125, 35.9995537, 35.9937325, 35.9981613, 35.9933586, 35.9915009, 35.9890518, 35.7304802, 35.7304001, 36.0004082, 35.9910583, 35.9936790, 35.9972382, 35.9970016, 35.9982414, 35.7347107, 35.7332993, 36.0000000, 35.9967537, 35.9991913, 35.9914017, 35.9976082, 36.0027924, 36.0014381, 35.7309685 ],
"timesTransferFromDevice": [ 0.3518100, 0.0188800, 0.0191200, 0.0185600, 0.0186400, 0.0188400, 0.0188800, 0.0186000, 0.0183600, 0.0188000, 0.0183200, 0.0189200, 0.0185200, 0.0192800, 0.0185600, 0.0185200, 0.0188800, 0.0184800, 0.0187200, 0.0185200, 0.0184800, 0.0186000, 0.0188000, 0.0196400, 0.0185600, 0.0186000, 0.0190400, 0.0186400, 0.0189600, 0.0184800, 0.0184800, 0.0184800, 0.0192000, 0.0189200, 0.0190800, 0.0185200, 0.0186800, 0.0189600, 0.0190000, 0.0183200, 0.0183200, 0.0184800, 0.0190000, 0.0186800, 0.0194800, 0.0172800, 0.0185600, 0.0185200, 0.0190800, 0.0199200, 0.0190400, 0.0185200, 0.0189200, 0.0189200, 0.0193200, 0.0191600, 0.0184800, 0.0184800, 0.0194800, 0.0186400, 0.0187600, 0.0185600, 0.0186400, 0.0190000, 0.0195200, 0.0186400, 0.0192000, 0.0189200, 0.0192800, 0.0183600, 0.0190000, 0.0188400, 0.0186000, 0.0184800, 0.0185200, 0.0185600, 0.0186400, 0.0182800, 0.0187200, 0.0186000, 0.0188000, 0.0192000, 0.0190000, 0.0173600, 0.0190800, 0.0185600, 0.0186000, 0.0185600, 0.0183600, 0.0184000, 0.0186000, 0.0185600, 0.0186400, 0.0193600, 0.0187600, 0.0185200, 0.0188800, 0.0189200, 0.0185200, 0.0189600 ],
"bins": [ 79688213, 2098012, 2093788, 2098921, 2097848, 2098597, 2096381, 2100257, 2098856, 2096493, 2097396, 2097403, 2095532, 2098047, 2095187, 2098478, 2100957, 2097301, 2096643, 2095627, 2097844, 2097921, 2094326, 2094812, 2098440, 2097857, 2096591 ]
}
,
"histogram_atomic_private": {
"timesTransferToDevice": [ 12.1465473, 12.1283274, 12.1352673, 12.0987768, 12.1255369, 12.1003370, 12.1272469, 12.1166172, 12.1254873, 12.1447668, 12.0975771, 12.1381769, 12.0984573, 12.1234674, 12.1175070, 12.1115770, 12.3007469, 11.9783773, 12.0779467, 12.1315575, 12.1049967, 12.1356773, 12.0973072, 12.1113272, 12.0915060, 12.1373873, 12.1270571, 12.1168766, 12.1326866, 12.1381874, 12.0843773, 12.1416178, 12.0782967, 12.1747980, 12.1026573, 12.1127567, 12.3096571, 12.0307570, 12.0193968, 12.1190767, 12.1072168, 12.1375771, 12.0919971, 12.1529169, 12.1032171, 12.1497774, 12.0851974, 12.1185770, 12.1108570, 12.1657467, 12.0812473, 12.1243172, 12.1151667, 12.1177769, 12.1381474, 12.1254168, 12.1183567, 12.1404066, 12.0503569, 12.1574469, 12.1095066, 12.1403971, 12.0942869, 12.1238966, 12.1097269, 12.1317768, 12.1081371, 12.1294270, 12.1277370, 12.1243973, 12.1290970, 12.1268768, 12.1065283, 12.1056366, 12.1284266, 12.1223469, 12.1368370, 12.0898581, 12.1263266, 12.1142569, 12.1234369, 12.1277971, 12.1197472, 12.1117573, 12.1438370, 12.0755472, 12.1275473, 12.1362572, 12.1307774, 12.0728674, 12.1671267, 12.1048374, 12.1270571, 12.1453571, 12.0927467, 12.0995874, 12.1527872, 12.0941782, 12.1161671, 12.1209373 ],
"timesExecution": [ 1.8558410, 1.8524810, 1.8593410, 1.8557410, 1.8569109, 1.8577110, 1.8566210, 1.8556610, 1.8572210, 1.8567110, 1.8523110, 1.8598911, 1.8552420, 1.8564610, 1.8559010, 1.8561310, 1.8602910, 1.8555710, 1.8556310, 1.8543010, 1.8556610, 1.8557709, 1.8561010, 1.8557709, 1.8640710, 1.8581409, 1.8561410, 1.8549711, 1.8523110, 1.8567410, 1.8534510, 1.8528210, 1.8516910, 1.8539610, 1.8564110, 1.8537010, 1.8618110, 1.8551710, 1.8543510, 1.8583010, 1.8569109, 1.8576210, 1.8566610, 1.8541811, 1.8576610, 1.8542610, 1.8549410, 1.8552210, 1.8551511, 1.8559710, 1.8555410, 1.8559411, 1.8560910, 1.8552210, 1.8535410, 1.8580910, 1.8573810, 1.8550720, 1.8559010, 1.8582810, 1.8555310, 1.8568610, 1.8572310, 1.8563510, 1.8555911, 1.8541909, 1.8529810, 1.8536921, 1.8593510, 1.8558710, 1.8558511, 1.8572410, 1.8564110, 1.8563910, 1.8567710, 1.8533410, 1.8547010, 1.8547111, 1.8553810, 1.8538510, 1.8560210, 1.8569109, 1.8573010, 1.8562520, 1.8543810, 1.8543710, 1.8510710, 1.8559320, 1.8561110, 1.8542210, 1.8526310, 1.8536520, 1.8555310, 1.8596610, 1.8581910, 1.8554610, 1.8552910, 1.8572410, 1.8597510, 1.8560910 ],
"timesTransferFromDevice": [ 0.0168800, 0.0167200, 0.0171610, 0.0175600, 0.0165600, 0.0164400, 0.0166000, 0.0168000, 0.0173200, 0.0170400, 0.0169600, 0.0167600, 0.0168800, 0.0174000, 0.0167200, 0.0168400, 0.0174800, 0.0168800, 0.0168800, 0.0168800, 0.0166000, 0.0214800, 0.0215000, 0.0176000, 0.0168400, 0.0166800, 0.0168800, 0.0169600, 0.0168800, 0.0170000, 0.0172400, 0.0166400, 0.0167200, 0.0169200, 0.0176800, 0.0178800, 0.0175200, 0.0174800, 0.0170000, 0.0176000, 0.0172000, 0.0166800, 0.0168400, 0.0168000, 0.0166800, 0.0170000, 0.0169200, 0.0166400, 0.0167200, 0.0169600, 0.0176800, 0.0172400, 0.0176800, 0.0168800, 0.0170400, 0.0166000, 0.0166400, 0.0167200, 0.0176400, 0.0171200, 0.0263700, 0.0179200, 0.0176800, 0.0170000, 0.0173200, 0.0175200, 0.0167200, 0.0170800, 0.0172000, 0.0168400, 0.0168000, 0.0166800, 0.0174400, 0.0172000, 0.0177600, 0.0174800, 0.0174800, 0.0172400, 0.0168800, 0.0175600, 0.0169600, 0.0172400, 0.0171200, 0.0174800, 0.0170000, 0.0166400, 0.0167600, 0.0167600, 0.0174400, 0.0169600, 0.0173200, 0.0170000, 0.0168800, 0.0171600, 0.0170000, 0.0169200, 0.0176400, 0.0166400, 0.0167600, 0.0172000 ],
"bins": [ 79688213, 2098012, 2093788, 2098921, 2097848, 2098597, 2096381, 2100257, 2098856, 2096493, 2097396, 2097403, 2095532, 2098047, 2095187, 2098478, 2100957, 2097301, 2096643, 2095627, 2097844, 2097921, 2094326, 2094812, 2098440, 2097857, 2096591 ]
}
,