{
"inputLengthInCharacters": 16777216,
"uniformInput": true,
"useMappingLetter": true,
"measurements": {
"histogram_atomic_global": {
"timesTransferToDevice": [ 2.9139130, 2.6018651, 2.4946549, 2.5083661, 2.5445349, 2.5159650, 2.6091051, 2.5800650, 2.5168650, 2.5034151, 2.5070550, 2.5315650, 2.5511451, 2.5186851, 2.5020161, 2.6809950, 2.5447950, 2.5219250, 2.6405950, 2.5656550, 2.5174451, 2.5120261, 2.4963450, 2.5181949, 2.5648861, 2.5121751, 2.5045149, 2.6725149, 2.5569961, 2.6831751, 2.5202849, 2.5232251, 2.5133150, 2.5107350, 2.5137861, 2.5154359, 2.5466650, 2.5341451, 2.4889250, 2.8640740, 2.6457450, 2.5271161, 2.4976759, 2.5240860, 2.7001851, 2.5085361, 2.6555960, 2.5595961, 2.5175750, 2.6385260, 2.5526950, 2.5102749, 2.5121160, 2.5109050, 2.4996860, 2.5904150, 2.5105560, 2.5022950, 2.8601151, 2.6162150, 2.5267560, 2.5099559, 2.6867950, 2.5649960, 2.5192349, 2.6552751, 2.5356159, 2.6801960, 2.5097649, 2.5493360, 2.5091159, 2.5388360, 2.5128050, 2.5196660, 2.5199060, 2.5569849, 2.6861150, 2.5093660, 2.5099759, 2.5264449, 2.6290760, 2.5769150, 2.5145950, 2.5054760, 2.5176361, 2.5143759, 2.5631850, 2.5214751, 2.4964261, 2.8778751, 2.8148551, 2.5070660, 2.5019150, 2.5044560, 2.5589459, 2.5191059, 2.6482360, 2.5517659, 2.5128360, 2.8183651 ],
"timesExecution": [ 7.3078671, 7.3178658, 6.8799071, 7.1479859, 6.8783669, 7.1477170, 7.1525660, 7.1469159, 7.1497760, 6.8798761, 7.1526861, 6.8776970, 7.1480861, 7.1463571, 7.1486859, 7.1504359, 6.8787971, 7.1469960, 7.1494761, 7.1458869, 7.1505470, 6.8805170, 7.1465259, 6.8775272, 7.1488361, 7.1510968, 7.1543360, 7.1487970, 6.8797770, 7.1523371, 7.1421671, 7.1443772, 7.1566272, 6.8817372, 7.1473970, 6.8774371, 7.1537571, 7.1466870, 7.1469669, 7.1468868, 6.8798571, 7.1481872, 6.8775668, 7.1440468, 7.1517472, 7.1493258, 7.1552868, 6.8768568, 7.1483178, 7.1434970, 7.1430979, 7.1502471, 6.8794880, 7.1478372, 6.8770981, 7.1560769, 7.1514068, 7.1477971, 7.1485372, 6.8781672, 7.1484871, 7.1454868, 7.1454482, 7.1501470, 6.8797979, 7.1451378, 6.8766479, 7.1445670, 7.1471581, 7.1485381, 7.1507168, 6.8782978, 7.1460872, 7.1440172, 7.1462069, 7.1422682, 6.8818479, 7.1499972, 6.8777881, 7.1471272, 7.1504970, 7.1433978, 7.1483979, 6.8789678, 7.1482868, 6.8766980, 7.1490779, 7.1456280, 7.1468868, 7.1498079, 6.8777289, 7.1461282, 7.1455178, 7.1542072, 7.1457181, 6.8794580, 7.1491671, 6.8772488, 7.1447682, 7.1501470 ],
"timesTransferFromDevice": [ 0.3521090, 0.0190400, 0.0190000, 0.0202800, 0.0204800, 0.0196800, 0.0204400, 0.0203200, 0.0198800, 0.0229600, 0.0209600, 0.0204790, 0.0202400, 0.0198800, 0.0202400, 0.0200800, 0.0216400, 0.0198400, 0.0211200, 0.0202800, 0.0202000, 0.0204800, 0.0208800, 0.0200800, 0.0203600, 0.0200400, 0.0202400, 0.0207600, 0.0204800, 0.0200800, 0.0202000, 0.0209200, 0.0202800, 0.0200800, 0.0199200, 0.0202400, 0.0201600, 0.0205200, 0.0201600, 0.0200400, 0.0207600, 0.0208400, 0.0206000, 0.0199200, 0.0201600, 0.0205200, 0.0210000, 0.0207600, 0.0273400, 0.0202000, 0.0204000, 0.0198400, 0.0204800, 0.0198400, 0.0206000, 0.0210000, 0.0201200, 0.0202400, 0.0202800, 0.0199600, 0.0199600, 0.0200400, 0.0209200, 0.0207200, 0.0203600, 0.0202800, 0.0199200, 0.0201600, 0.0199990, 0.0216000, 0.0194800, 0.0210400, 0.0210000, 0.0205200, 0.0200800, 0.0206800, 0.0206800, 0.0204800, 0.0212400, 0.0212000, 0.0201600, 0.0211200, 0.0208800, 0.0203600, 0.0202000, 0.0200800, 0.0206400, 0.0199600, 0.0202800, 0.0203600, 0.0203200, 0.0204400, 0.0198800, 0.0205600, 0.0199600, 0.0200800, 0.0204800, 0.0198800, 0.0210800, 0.0200400 ],
"bins": [ 0, 16777216, 0, 0, 0, 0, 0, 0, 0, 0, 0, 0, 0, 0, 0, 0, 0, 0, 0, 0, 0, 0, 0, 0, 0, 0, 0 ]
}
,
"histogram_atomic_private": {
"timesTransferToDevice": [ 2.5246360, 1.6440870, 1.6464270, 1.6455270, 1.6287270, 1.6287169, 1.6345370, 1.7134570, 1.6463280, 1.6518170, 1.6512769, 1.6496780, 1.6480870, 1.6298870, 1.6312680, 1.6326270, 1.6466470, 1.6441470, 1.6493270, 1.6517870, 1.6489170, 1.6486470, 1.6327471, 1.6460470, 1.7079170, 1.6465970, 1.6572469, 1.6511370, 1.6516670, 1.6406770, 1.6299070, 1.6317670, 1.7212070, 1.6488870, 1.6448170, 1.6451870, 1.6453069, 1.6389070, 1.6304480, 1.6356970, 1.6350770, 1.6502270, 1.6485370, 1.6443980, 1.6533970, 1.6491570, 1.6439170, 1.6418470, 1.6356970, 1.7219670, 1.6484070, 1.6422070, 1.6499270, 1.6484280, 1.6400170, 1.6377780, 1.6335070, 1.6407570, 1.6474370, 1.6592870, 1.6455280, 1.6533370, 1.6411279, 1.6463970, 1.6297370, 1.6259770, 1.6291870, 1.6465380, 1.6450380, 1.6460670, 1.6435670, 1.6415370, 1.6497771, 1.6291180, 1.6376070, 1.6325070, 1.6454170, 1.6461869, 1.6518281, 1.6467170, 1.6445570, 1.6430970, 1.6351870, 1.6322680, 1.6275470, 1.6509470, 1.6477870, 1.6438270, 1.6419981, 1.6456970, 1.6544170, 1.6354970, 1.6374770, 1.7089380, 1.6577870, 1.6439070, 1.6431270, 1.6498070, 1.6469580, 1.6425070 ],
"timesExecution": [ 0.4077190, 0.4107700, 0.4073990, 0.4100490, 0.4094500, 0.4100490, 0.4106000, 0.4100200, 0.4115400, 0.4098790, 0.4110890, 0.4082890, 0.4098490, 0.4109400, 0.4088090, 0.4109690, 0.4108200, 0.4094890, 0.4101290, 0.4100200, 0.4118490, 0.4107290, 0.4102300, 0.4094890, 0.4095490, 0.4115800, 0.4107390, 0.4106890, 0.4084100, 0.4107690, 0.4101690, 0.4110600, 0.4104690, 0.4147690, 0.4099400, 0.4111590, 0.4107790, 0.4099800, 0.4113900, 0.4098290, 0.4111300, 0.4094190, 0.4095790, 0.4094190, 0.4110190, 0.4119700, 0.4100890, 0.4108600, 0.4100490, 0.4099390, 0.4103400, 0.4096390, 0.4092600, 0.4120890, 0.4088690, 0.4108090, 0.4100990, 0.4086500, 0.4097590, 0.4124200, 0.4097090, 0.4101790, 0.4093400, 0.4099290, 0.4094200, 0.4088790, 0.4111300, 0.4107390, 0.4101700, 0.4097490, 0.4102900, 0.4096990, 0.4108290, 0.4119890, 0.4102990, 0.4101000, 0.4111390, 0.4103790, 0.4109790, 0.4097690, 0.4107900, 0.4077390, 0.4091390, 0.4108090, 0.4106990, 0.4099300, 0.4108090, 0.4104290, 0.4099390, 0.4113490, 0.4107800, 0.4102290, 0.4108200, 0.4091990, 0.4100590, 0.4089000, 0.4094890, 0.4102190, 0.4110200, 0.4116890 ],
"timesTransferFromDevice": [ 0.0186000, 0.0191200, 0.0187200, 0.0235300, 0.0201600, 0.0237300, 0.0204000, 0.0233300, 0.0219200, 0.0231200, 0.0201200, 0.0202800, 0.0233100, 0.0240690, 0.0241800, 0.0237400, 0.0205200, 0.0240700, 0.0243500, 0.0232900, 0.0236100, 0.0242600, 0.0204800, 0.0228000, 0.0231100, 0.0243700, 0.0237200, 0.0234800, 0.0220800, 0.0235400, 0.0241800, 0.0237300, 0.0243100, 0.0248800, 0.0243600, 0.0239000, 0.0263100, 0.0244400, 0.0236300, 0.0201600, 0.0242400, 0.0247600, 0.0236600, 0.0240300, 0.0234900, 0.0235400, 0.0233800, 0.0208400, 0.0234800, 0.0228000, 0.0238000, 0.0236200, 0.0204400, 0.0231300, 0.0205600, 0.0235800, 0.0237000, 0.0241500, 0.0243300, 0.0237690, 0.0235600, 0.0243700, 0.0234000, 0.0215600, 0.0207200, 0.0230700, 0.0246100, 0.0232900, 0.0235700, 0.0234200, 0.0235500, 0.0236900, 0.0241600, 0.0236600, 0.0218400, 0.0236600, 0.0245000, 0.0215600, 0.0240100, 0.0229500, 0.0230700, 0.0201600, 0.0240000, 0.0237800, 0.0285200, 0.0279500, 0.0240100, 0.0286400, 0.0242000, 0.0242700, 0.0244300, 0.0198000, 0.0237800, 0.0240800, 0.0236200, 0.0231300, 0.0243000, 0.0212400, 0.0249800, 0.0243200 ],
"bins": [ 0, 16777216, 0, 0, 0, 0, 0, 0, 0, 0, 0, 0, 0, 0, 0, 0, 0, 0, 0, 0, 0, 0, 0, 0, 0, 0, 0 ]
}
,