{
"inputLengthInCharacters": 128,
"uniformInput": true,
"useMappingLetter": true,
"measurements": {
"histogram_atomic_global": {
"timesTransferToDevice": [ 0.0479300, 0.0223500, 0.0245200, 0.0210810, 0.0269010, 0.0267900, 0.0244300, 0.0236700, 0.0260400, 0.0232300, 0.0234900, 0.0230400, 0.0252810, 0.0248510, 0.0241600, 0.0239400, 0.0239100, 0.0269000, 0.0233500, 0.0263100, 0.0246700, 0.0263910, 0.0232010, 0.0273500, 0.0266700, 0.0235300, 0.0234100, 0.0233500, 0.0229100, 0.0240610, 0.0231110, 0.0267600, 0.0272900, 0.0272600, 0.0224800, 0.0269000, 0.0265500, 0.0244700, 0.0263900, 0.0226410, 0.0274610, 0.0274400, 0.0232300, 0.0265900, 0.0237700, 0.0228600, 0.0237300, 0.0223610, 0.0270010, 0.0292200, 0.0238700, 0.0283000, 0.0263100, 0.0271800, 0.0226000, 0.0227200, 0.0272810, 0.0243500, 0.0265200, 0.0291300, 0.0268900, 0.0268000, 0.0233700, 0.0246300, 0.0242610, 0.0254410, 0.0236300, 0.0242300, 0.0246300, 0.0245900, 0.0261800, 0.0223600, 0.0252910, 0.0260700, 0.0278300, 0.0234400, 0.0235600, 0.0252600, 0.0252500, 0.0220400, 0.0245100, 0.0251710, 0.0270500, 0.0248000, 0.0251200, 0.0271100, 0.0224600, 0.0250510, 0.0250010, 0.0241500, 0.0248100, 0.0220800, 0.0261200, 0.0256600, 0.0235600, 0.0246110, 0.0233810, 0.0262100, 0.0292400, 0.0229200 ],
"timesExecution": [ 0.0312800, 0.0323900, 0.0298000, 0.0316400, 0.0298400, 0.0320500, 0.0323610, 0.0324110, 0.0318500, 0.0317900, 0.0304000, 0.0440300, 0.0317600, 0.0310000, 0.0311200, 0.0310810, 0.0297600, 0.0294000, 0.0316600, 0.0315100, 0.0308700, 0.0318900, 0.0310700, 0.0317710, 0.0318110, 0.0313910, 0.0307100, 0.0311100, 0.0309200, 0.0314900, 0.0308300, 0.0310300, 0.0311610, 0.0315300, 0.0308710, 0.0312110, 0.0291200, 0.0311600, 0.0310300, 0.0311200, 0.0307800, 0.0316400, 0.0292410, 0.0317210, 0.0290000, 0.0313200, 0.0310900, 0.0293600, 0.0317000, 0.0311200, 0.0311510, 0.0305010, 0.0295500, 0.0315600, 0.0291600, 0.0316900, 0.0318500, 0.0309800, 0.0321710, 0.0290410, 0.0310300, 0.0307400, 0.0308200, 0.0312800, 0.0291200, 0.0318100, 0.0313610, 0.0313210, 0.0310800, 0.0292000, 0.0315200, 0.0307800, 0.0312300, 0.0292000, 0.0313610, 0.0553310, 0.0307810, 0.0316000, 0.0318100, 0.0312000, 0.0311200, 0.0291200, 0.0311900, 0.0312710, 0.0290800, 0.0290800, 0.0306700, 0.0308000, 0.0307500, 0.0315200, 0.0310810, 0.0292410, 0.0315200, 0.0298900, 0.0290800, 0.0310400, 0.0309800, 0.0307510, 0.0307810, 0.0332600 ],
"timesTransferFromDevice": [ 0.4674240, 0.0187610, 0.0184800, 0.0291400, 0.0234500, 0.0228300, 0.0250700, 0.0208400, 0.0211600, 0.0230010, 0.0239200, 0.0226400, 0.0207600, 0.0228400, 0.0229200, 0.0235900, 0.0194800, 0.0229510, 0.0228400, 0.0267100, 0.0256800, 0.0260800, 0.0202400, 0.0226300, 0.0263000, 0.0262500, 0.0224410, 0.0249510, 0.0227400, 0.0225000, 0.0258100, 0.0194000, 0.0555700, 0.0259700, 0.0202400, 0.0236500, 0.0234210, 0.0225610, 0.0202800, 0.0259200, 0.0202000, 0.0210800, 0.0254500, 0.0234100, 0.0194400, 0.0255210, 0.0233700, 0.0230900, 0.0237600, 0.0202000, 0.0231300, 0.0230400, 0.0256810, 0.0238910, 0.0262200, 0.0190400, 0.0212400, 0.0208000, 0.0228400, 0.0235000, 0.0262100, 0.0233210, 0.0204800, 0.0214800, 0.0230000, 0.0226200, 0.0255600, 0.0234300, 0.0204400, 0.0252010, 0.0214800, 0.0233100, 0.0200400, 0.0228400, 0.0233300, 0.0234700, 0.0232500, 0.0228510, 0.0209610, 0.0265000, 0.0200000, 0.0230500, 0.0210800, 0.0196800, 0.0204000, 0.0196410, 0.0228800, 0.0230300, 0.0262800, 0.0209600, 0.0227900, 0.0247900, 0.0252710, 0.0212410, 0.0210000, 0.0233000, 0.0227600, 0.0230300, 0.0204000, 0.0225500 ],
"bins": [ 0, 128, 0, 0, 0, 0, 0, 0, 0, 0, 0, 0, 0, 0, 0, 0, 0, 0, 0, 0, 0, 0, 0, 0, 0, 0, 0 ]
}
,
"histogram_atomic_private": {
"timesTransferToDevice": [ 0.0211410, 0.0208800, 0.0215100, 0.0186010, 0.0203200, 0.0252200, 0.0236700, 0.0238300, 0.0252810, 0.0283300, 0.0263000, 0.0206400, 0.0271000, 0.0235500, 0.0235200, 0.0269210, 0.0243500, 0.0226000, 0.0281100, 0.0265900, 0.0251200, 0.0249000, 0.0237200, 0.0246910, 0.0239600, 0.0249100, 0.0210400, 0.0257300, 0.0266600, 0.0233900, 0.0261210, 0.0294410, 0.0251600, 0.0269200, 0.0231000, 0.0273400, 0.0269900, 0.0243800, 0.0235910, 0.0273110, 0.0262600, 0.0242700, 0.0242600, 0.0249900, 0.0251300, 0.0244800, 0.0212010, 0.0244310, 0.0232700, 0.0249600, 0.0273000, 0.0243100, 0.0250400, 0.0261900, 0.0222410, 0.0293510, 0.0249800, 0.0273400, 0.0244300, 0.0252400, 0.0275000, 0.0273200, 0.0241900, 0.0253200, 0.0250100, 0.0269600, 0.0254010, 0.0227200, 0.0240800, 0.0262400, 0.0241600, 0.0226400, 0.0248300, 0.0255000, 0.0264010, 0.0240910, 0.0242700, 0.0273300, 0.0234100, 0.0299700, 0.0253500, 0.0267500, 0.0234100, 0.0218810, 0.0227800, 0.0223900, 0.0245500, 0.0240300, 0.0255100, 0.0210000, 0.0250400, 0.0266010, 0.0261700, 0.0250300, 0.0226800, 0.0227200, 0.0248800, 0.0268300, 0.0244310, 0.0231210 ],
"timesExecution": [ 0.0264400, 0.0267200, 0.0264800, 0.0287900, 0.0288300, 0.0275610, 0.0294300, 0.0278800, 0.0294300, 0.0300900, 0.0312110, 0.0313810, 0.0312100, 0.0293200, 0.0293200, 0.0307100, 0.0314100, 0.0314010, 0.0311910, 0.0317200, 0.0292400, 0.0309900, 0.0313200, 0.0311500, 0.0310700, 0.0311710, 0.0315710, 0.0312600, 0.0292000, 0.0312100, 0.0316400, 0.0292800, 0.0297200, 0.0315310, 0.0319610, 0.0292800, 0.0324200, 0.0312100, 0.0316100, 0.0295200, 0.0312000, 0.0313110, 0.0318400, 0.0317200, 0.0309900, 0.0317200, 0.0320900, 0.0316400, 0.0310710, 0.0297610, 0.0312700, 0.0307900, 0.0311500, 0.0334200, 0.0317100, 0.0316500, 0.0314510, 0.0317610, 0.0318400, 0.0318400, 0.0292800, 0.0321410, 0.0307500, 0.0310800, 0.0307100, 0.0307100, 0.0298000, 0.0316100, 0.0313210, 0.0315610, 0.0315700, 0.0294400, 0.0313900, 0.0314800, 0.0311600, 0.0310000, 0.0313610, 0.0315610, 0.0314800, 0.0316000, 0.0310200, 0.0315700, 0.0317300, 0.0316800, 0.0316400, 0.0292810, 0.0311610, 0.0313700, 0.0309200, 0.0314400, 0.0310700, 0.0317700, 0.0311500, 0.0296410, 0.0309510, 0.0314500, 0.0313500, 0.0299200, 0.0313300, 0.0306700 ],
"timesTransferFromDevice": [ 0.0163600, 0.0167600, 0.0169200, 0.0209100, 0.0190400, 0.0184800, 0.0199610, 0.0222400, 0.0195600, 0.0204400, 0.0260100, 0.0226800, 0.0229500, 0.0192410, 0.0190400, 0.0205600, 0.0229200, 0.0227200, 0.0234000, 0.0231700, 0.0256010, 0.0256100, 0.0229900, 0.0238600, 0.0255600, 0.0284000, 0.0231700, 0.0208400, 0.0209210, 0.0209200, 0.0208400, 0.0204000, 0.0210800, 0.0232500, 0.0230700, 0.0233110, 0.0230010, 0.0230800, 0.0228900, 0.0244400, 0.0210000, 0.0209600, 0.0198400, 0.0233710, 0.0233700, 0.0232000, 0.0232000, 0.0239600, 0.0192800, 0.0203200, 0.0234200, 0.0208410, 0.0234000, 0.0223900, 0.0230900, 0.0220200, 0.0264900, 0.0257500, 0.0208800, 0.0264010, 0.0806110, 0.0206400, 0.0229300, 0.0226710, 0.0193600, 0.0227500, 0.0226700, 0.0262600, 0.0259800, 0.0199600, 0.0235700, 0.0244810, 0.0194000, 0.0210400, 0.0257200, 0.0246800, 0.0201600, 0.0227100, 0.0232800, 0.0252300, 0.0215210, 0.0231500, 0.0227100, 0.0238500, 0.0194400, 0.0192800, 0.0202400, 0.0232510, 0.0281410, 0.0198800, 0.0192800, 0.0227400, 0.0230400, 0.0233700, 0.0202400, 0.0227210, 0.0194400, 0.0262500, 0.0231200, 0.0231900 ],
"bins": [ 0, 128, 0, 0, 0, 0, 0, 0, 0, 0, 0, 0, 0, 0, 0, 0, 0, 0, 0, 0, 0, 0, 0, 0, 0, 0, 0 ]
}
,