{
"inputLengthInCharacters": 16384,
"uniformInput": false,
"useMappingLetter": true,
"measurements": {
"histogram_atomic_global": {
"timesTransferToDevice": [ 0.4741330, 0.0215600, 0.0203210, 0.0200000, 0.0246300, 0.0212400, 0.0217200, 0.0211200, 0.0209210, 0.0226400, 0.0240400, 0.0549310, 0.0210000, 0.0206400, 0.0239100, 0.0211200, 0.0211600, 0.0247700, 0.0214810, 0.0226010, 0.0241200, 0.0208800, 0.0208800, 0.0246700, 0.0206000, 0.0210000, 0.0240700, 0.0205210, 0.0209600, 0.0215200, 0.0214800, 0.0206400, 0.0211200, 0.0214000, 0.0211600, 0.0216800, 0.0211200, 0.0208800, 0.0211200, 0.0250200, 0.0240000, 0.0213600, 0.0220410, 0.0210810, 0.0210000, 0.0209600, 0.0205200, 0.0221600, 0.0237900, 0.0240700, 0.0240400, 0.0208410, 0.0225200, 0.0211200, 0.0224400, 0.0236200, 0.0210800, 0.0214400, 0.0214410, 0.0220800, 0.0203600, 0.0219600, 0.0200800, 0.0223600, 0.0217200, 0.0266500, 0.0234310, 0.0210800, 0.0207600, 0.0206800, 0.0217600, 0.0208800, 0.0242400, 0.0244810, 0.0244900, 0.0621510, 0.0206410, 0.0206800, 0.0243100, 0.0204800, 0.0213600, 0.0215600, 0.0209200, 0.0217210, 0.0209200, 0.0218800, 0.0297900, 0.0206800, 0.0202400, 0.0226400, 0.0217600, 0.0214010, 0.0212800, 0.0212800, 0.0252300, 0.0206400, 0.0220000, 0.0209600, 0.0226810, 0.0204000 ],
"timesExecution": [ 0.0367800, 0.0359500, 0.0351100, 0.0361010, 0.0360910, 0.0352900, 0.0356500, 0.0354200, 0.0352500, 0.0350800, 0.0356200, 0.0350300, 0.0347500, 0.0347110, 0.0352410, 0.0348800, 0.0356600, 0.0346800, 0.0348000, 0.0352100, 0.0352910, 0.0356910, 0.0356510, 0.0352100, 0.0349600, 0.0355800, 0.0351800, 0.0349600, 0.0340400, 0.0329610, 0.0348010, 0.0362700, 0.0463500, 0.0359000, 0.0352100, 0.0350000, 0.0349610, 0.0350410, 0.0350600, 0.0351300, 0.0353600, 0.0356100, 0.0348100, 0.0356200, 0.0356700, 0.0354610, 0.0345000, 0.0349100, 0.0355800, 0.0330000, 0.0348800, 0.0351700, 0.0355800, 0.0353810, 0.0332010, 0.0352500, 0.0345200, 0.0357100, 0.0353300, 0.0354200, 0.0356010, 0.0347510, 0.0357000, 0.0331600, 0.0360700, 0.0350900, 0.0329600, 0.0351200, 0.0351710, 0.0357400, 0.0351600, 0.0331200, 0.0355300, 0.0357400, 0.0350900, 0.0356600, 0.0347500, 0.0353410, 0.0345910, 0.0355800, 0.0349700, 0.0352500, 0.0351600, 0.0350800, 0.0333600, 0.0351610, 0.0352010, 0.0353400, 0.0333200, 0.0348400, 0.0357000, 0.0354100, 0.0348300, 0.0348710, 0.0356610, 0.0351800, 0.0346400, 0.0349600, 0.0350500, 0.0349700 ],
"timesTransferFromDevice": [ 0.4153130, 0.0188400, 0.0174000, 0.0199600, 0.0208000, 0.0237710, 0.0231910, 0.0215200, 0.0236600, 0.0283700, 0.0227200, 0.0245100, 0.0226700, 0.0244500, 0.0237000, 0.0229310, 0.0227900, 0.0228700, 0.0253400, 0.0212800, 0.0205600, 0.0239200, 0.0233300, 0.0231600, 0.0230410, 0.0270400, 0.0233900, 0.0232900, 0.0235000, 0.0244500, 0.0200000, 0.0204010, 0.0234810, 0.0231200, 0.0211600, 0.0195200, 0.0218400, 0.0202800, 0.0260310, 0.0228810, 0.0230400, 0.0233600, 0.0229500, 0.0234000, 0.0234700, 0.0232800, 0.0260500, 0.0196810, 0.0276710, 0.0235300, 0.0230900, 0.0234100, 0.0232900, 0.0234000, 0.0206800, 0.0227910, 0.0228000, 0.0260900, 0.0227300, 0.0199200, 0.0234300, 0.0214800, 0.0233710, 0.0253710, 0.0248800, 0.0232800, 0.0236900, 0.0196000, 0.0208800, 0.0230800, 0.0208010, 0.0232900, 0.0227700, 0.0229600, 0.0234000, 0.0236900, 0.0234600, 0.0232900, 0.0237000, 0.0227600, 0.0246210, 0.0238410, 0.0196000, 0.0228000, 0.0232400, 0.0246900, 0.0210400, 0.0212400, 0.0255610, 0.0200400, 0.0254500, 0.0228100, 0.0229600, 0.0208400, 0.0218000, 0.0214810, 0.0236510, 0.0215200, 0.0226200, 0.0234100 ],
"bins": [ 9786, 253, 253, 249, 282, 236, 259, 236, 254, 259, 235, 246, 288, 253, 255, 235, 236, 240, 263, 268, 259, 256, 259, 240, 235, 274, 275 ]
}
,
"histogram_atomic_private": {
"timesTransferToDevice": [ 0.0173600, 0.0177600, 0.0184000, 0.0185600, 0.0196400, 0.0192000, 0.0195200, 0.0191210, 0.0199200, 0.0199200, 0.0203200, 0.0238200, 0.0212410, 0.0222810, 0.0213600, 0.0214400, 0.0245000, 0.0206800, 0.0218400, 0.0209210, 0.0228800, 0.0234400, 0.0228400, 0.0205600, 0.0208000, 0.0203610, 0.0209600, 0.0208000, 0.0207200, 0.0212400, 0.0226400, 0.0203210, 0.0203600, 0.0212000, 0.0220000, 0.0232800, 0.0216000, 0.0240910, 0.0203600, 0.0207600, 0.0208000, 0.0228400, 0.0208000, 0.0204400, 0.0205610, 0.0237900, 0.0207200, 0.0204000, 0.0212000, 0.0205200, 0.0226400, 0.0207210, 0.0208400, 0.0221200, 0.0209200, 0.0237300, 0.0215200, 0.0206410, 0.0216400, 0.0204800, 0.0215600, 0.0218400, 0.0224000, 0.0214400, 0.0207200, 0.0239810, 0.0211600, 0.0209600, 0.0223600, 0.0213600, 0.0212000, 0.0275110, 0.0268410, 0.0247900, 0.0204000, 0.0212400, 0.0215200, 0.0208800, 0.0214400, 0.0208010, 0.0204400, 0.0208000, 0.0217600, 0.0212000, 0.0210800, 0.0215600, 0.0205200, 0.0210000, 0.0238700, 0.0204400, 0.0237800, 0.0226000, 0.0292710, 0.0208810, 0.0204800, 0.0207200, 0.0206000, 0.0204400, 0.0219600, 0.0208410 ],
"timesExecution": [ 0.0329510, 0.0316500, 0.0306700, 0.0300800, 0.0302710, 0.0307900, 0.0299200, 0.0314600, 0.0315510, 0.0314400, 0.0315200, 0.0324400, 0.0335900, 0.0324500, 0.0361610, 0.0303610, 0.0326800, 0.0321500, 0.0310000, 0.0327700, 0.0329210, 0.0332510, 0.0330800, 0.0347400, 0.0324800, 0.0309200, 0.0319510, 0.0305610, 0.0334600, 0.0334800, 0.0331700, 0.0330000, 0.0322600, 0.0327310, 0.0307200, 0.0324000, 0.0345500, 0.0336900, 0.0318300, 0.0331810, 0.0330910, 0.0326400, 0.0327200, 0.0335800, 0.0326300, 0.0307600, 0.0324810, 0.0322900, 0.0328400, 0.0336200, 0.0308400, 0.0322800, 0.0330110, 0.0326410, 0.0306400, 0.0336400, 0.0327700, 0.0327700, 0.0305210, 0.0331710, 0.0722310, 0.0312410, 0.0308000, 0.0328500, 0.0326000, 0.0327200, 0.0331610, 0.0319810, 0.0324700, 0.0312800, 0.0330200, 0.0332700, 0.0325200, 0.0306800, 0.0305210, 0.0306400, 0.0326500, 0.0318700, 0.0330100, 0.0324400, 0.0332910, 0.0327810, 0.0326000, 0.0333000, 0.0326800, 0.0312400, 0.0327600, 0.0327210, 0.0328600, 0.0330500, 0.0328800, 0.0326000, 0.0311200, 0.0331700, 0.0325510, 0.0325210, 0.0333600, 0.0332800, 0.0326400, 0.0323600 ],
"timesTransferFromDevice": [ 0.0164400, 0.0170010, 0.0168400, 0.0190000, 0.0217000, 0.0207710, 0.0189200, 0.0260900, 0.0220800, 0.0185600, 0.0230510, 0.0266000, 0.0220000, 0.0234900, 0.0226400, 0.0215200, 0.0206810, 0.0216000, 0.0202400, 0.0234700, 0.0209200, 0.0232000, 0.0225610, 0.0227900, 0.0210000, 0.0233700, 0.0235000, 0.0224000, 0.0234310, 0.0261010, 0.0197200, 0.0228300, 0.0208400, 0.0223100, 0.0200400, 0.0231810, 0.0195600, 0.0229600, 0.0230700, 0.0270400, 0.0215200, 0.0227110, 0.0265510, 0.0238200, 0.0230000, 0.0231400, 0.0230000, 0.0225900, 0.0229910, 0.0234000, 0.0229600, 0.0228000, 0.0217200, 0.0232100, 0.0229710, 0.0211210, 0.0224600, 0.0198800, 0.0212800, 0.0236900, 0.0242400, 0.0233700, 0.0234110, 0.0208800, 0.0192000, 0.0243000, 0.0258300, 0.0228300, 0.0227100, 0.0233210, 0.0227600, 0.0228700, 0.0231200, 0.0268700, 0.0200800, 0.0237400, 0.0238610, 0.0234600, 0.0227600, 0.0231500, 0.0228400, 0.0234100, 0.0203210, 0.0232010, 0.0227500, 0.0212000, 0.0210400, 0.0234400, 0.0262100, 0.0234010, 0.0226010, 0.0209200, 0.0236200, 0.0229300, 0.0212000, 0.0229900, 0.0244610, 0.0237010, 0.0231700, 0.0217600 ],
"bins": [ 9786, 253, 253, 249, 282, 236, 259, 236, 254, 259, 235, 246, 288, 253, 255, 235, 236, 240, 263, 268, 259, 256, 259, 240, 235, 274, 275 ]
}
,