{
"fileName": "./input_data/test.txt",
"inputLengthInCharacters": 10532866,
"uniformInput": false,
"useMappingLetter": true,
"measurements": {
"histogram_one_thread_per_character": {
"timesTransferToDevice": [ 2.4187839, 2.0847039, 2.4121599, 2.0770240, 2.3527679, 2.1321280, 2.2533121, 2.2757120, 2.2308159, 2.1561279, 2.1100161, 2.1464319, 2.0583360, 2.0796161, 1.8750720, 2.1772799, 1.9865921, 1.9962240, 2.0489280, 1.9452159, 2.1044159, 1.9567680, 2.0658879, 2.1106880, 1.9396480, 2.1430399, 1.8634239, 2.1500161, 1.9496000, 1.9456640, 2.0897920, 2.0265279, 2.0483520, 2.0436800, 1.9360640, 2.0839040, 1.8565440, 2.3131521, 1.9682240, 2.1060481, 1.8932480, 1.9926080, 2.0827520, 2.0177281, 2.0304959, 2.0277121, 1.9565120, 2.0659201, 1.9154561, 2.1494081, 2.0684161, 2.0026240, 2.0770559, 1.8721280, 2.0566721, 2.0247359, 2.0166399, 2.1001921, 2.0683839, 2.1391680, 1.8621440, 1.9572800, 2.0193920, 1.9694400, 2.0261440, 2.0798080, 1.8588160, 2.0625279, 1.8476160, 1.9456960, 2.0165119, 2.0011201, 2.0374401, 1.9256001, 2.1502399, 2.1315200, 1.8655360, 2.1553280, 1.9429760, 1.8662400, 2.2713921, 2.1347520, 2.1428800, 1.9737920, 2.0706241, 2.0661120, 1.9497600, 2.0567040, 1.8969280, 1.8514880, 2.0715520, 1.8788160, 2.0158081, 1.8772480, 1.9205440, 2.0555201, 1.9277440, 2.0903680, 1.9001920, 1.8739200 ],
"timesExecution": [ 11.3296318, 11.3036804, 11.3751364, 11.3670397, 11.3301439, 11.3613443, 11.3669758, 11.3240318, 11.3916483, 11.3036480, 11.4616318, 11.3278399, 11.3464317, 11.3113604, 11.3789120, 11.3054075, 11.3129921, 11.4600639, 11.4101763, 11.3069439, 11.3424959, 11.3674240, 11.3508158, 11.3219204, 11.3348799, 11.3236485, 11.3777924, 11.2932158, 11.3606081, 11.3195524, 11.3584642, 11.3225918, 11.3582716, 11.3260479, 11.3982401, 11.3121920, 11.3375044, 11.3145599, 11.3879356, 11.2965755, 11.3400640, 11.2923203, 11.3535357, 11.2807035, 11.3810558, 11.2936964, 11.3541117, 11.3022718, 11.3585281, 11.3207998, 11.3600636, 11.3056955, 11.2984324, 11.3094721, 11.3455038, 11.3558083, 11.3489923, 11.3019838, 11.3855677, 11.3175039, 11.3259840, 11.3161602, 11.3501444, 11.3019199, 11.2948484, 11.3070078, 11.3684797, 11.2896643, 11.3046398, 11.4076481, 11.3950396, 11.2967682, 11.3178883, 11.4048643, 11.3483524, 11.2986565, 11.2839041, 11.2865915, 11.3352318, 11.3234243, 11.2912960, 11.2873602, 11.3888636, 11.3361921, 11.3389444, 11.3324156, 11.3355837, 11.3086720, 11.3031998, 11.3115196, 11.3411198, 11.2890558, 11.2848320, 11.2914562, 11.3435516, 11.3155203, 11.2934399, 11.3095999, 11.3265600, 11.3167038 ],
"timesTransferFromDevice": [ 0.1372800, 0.0998080, 0.0905600, 0.1276160, 0.0851200, 0.1282560, 0.1495360, 0.0899520, 0.1454400, 0.0954240, 0.1289920, 0.0899520, 0.1282560, 0.1006400, 0.1161600, 0.0882560, 0.1279680, 0.1007040, 0.1483840, 0.0918400, 0.1232960, 0.0916160, 0.1495680, 0.0889600, 0.1387200, 0.0858240, 0.1121280, 0.1516800, 0.0911040, 0.0869440, 0.1197440, 0.0870720, 0.1529600, 0.0875840, 0.1215360, 0.1269760, 0.1146240, 0.0833600, 0.0995840, 0.1697920, 0.1104960, 0.0848000, 0.0717440, 0.0881600, 0.1213120, 0.0836160, 0.0896320, 0.0842560, 0.1496640, 0.0879680, 0.0919680, 0.0877120, 0.0818240, 0.0858560, 0.0850240, 0.1229440, 0.1242560, 0.0912000, 0.1110400, 0.0913280, 0.1206400, 0.0877440, 0.0844160, 0.0984320, 0.1248640, 0.0824640, 0.1490560, 0.0893120, 0.0857920, 0.0836480, 0.1043200, 0.0840000, 0.1000000, 0.0569280, 0.0901440, 0.0875200, 0.0861760, 0.1215680, 0.0832960, 0.0850880, 0.0871360, 0.0836480, 0.0864000, 0.0913920, 0.0926080, 0.0907840, 0.0844800, 0.0857600, 0.0851520, 0.1192640, 0.1541760, 0.1167040, 0.0801280, 0.1293760, 0.0843520, 0.1271040, 0.0900480, 0.2168000, 0.0834240, 0.1309760 ],
"bins": [ 1993410, 749428, 92662, 233902, 430782, 987396, 32528, 135676, 16050, 702348, 23754, 47508, 467590, 520020, 409810, 693360, 175266, 61418, 518094, 627662, 824542, 589570, 117486, 5350, 10700, 52858, 13696 ]
}
,
"histogram_atomic_private": {
"timesTransferToDevice": [ 2.0295999, 1.9080319, 1.9450560, 2.0447040, 2.0553279, 1.9888320, 2.2960000, 2.0296960, 1.9482880, 1.9293760, 1.9504000, 1.9273601, 1.9049280, 1.9334080, 2.0129919, 2.0701439, 2.0446081, 1.8958720, 1.9907200, 1.7884800, 1.8283840, 1.7990400, 1.8893120, 1.7836480, 1.7876800, 1.7956480, 1.7912320, 1.9254080, 1.8651839, 1.9211839, 1.9657919, 2.1024001, 2.0596800, 1.9784960, 2.0492480, 2.0071361, 1.8758080, 1.8821760, 1.8859520, 1.9152640, 1.9451840, 1.9965440, 2.0316479, 1.9696640, 2.1637440, 2.0334079, 1.8787200, 1.9767040, 1.8931520, 1.9467200, 1.8940160, 1.8860480, 1.9699200, 1.8468159, 2.0311041, 1.9236480, 2.0721920, 2.1030080, 2.0543361, 1.8384640, 1.9340800, 1.8793920, 1.9445760, 1.8993920, 1.8485440, 2.0250559, 1.8689280, 2.0057919, 2.0565121, 1.9150720, 2.1466880, 1.8997760, 1.8994560, 1.9049600, 1.9213440, 1.8947840, 1.9378560, 1.8503360, 1.9852160, 1.9874240, 2.0487680, 1.8700800, 1.8351361, 2.2722559, 1.9117440, 1.8980160, 1.8501440, 1.8878080, 1.9405760, 1.8855040, 1.9089280, 1.9232000, 2.0532479, 1.9681600, 1.9236480, 2.0294399, 2.0662401, 2.0085440, 1.8956800, 1.8870080 ],
"timesExecution": [ 2.0749440, 2.1264319, 2.0790081, 2.0843201, 2.0981121, 2.1616960, 2.0871999, 2.1888640, 2.1249599, 2.1891201, 2.1253440, 2.1719999, 2.1235199, 2.2899520, 2.1217279, 2.1465919, 2.0817280, 2.1278400, 2.2180800, 2.0973439, 2.1752961, 2.1419201, 2.1707840, 2.1043839, 2.1312001, 2.1364160, 2.0869119, 2.0894079, 2.1098239, 2.1526401, 2.0837440, 2.1383040, 2.1325760, 2.1328001, 2.1632640, 2.1397760, 2.0942719, 2.1683841, 2.1228800, 2.0872960, 2.2496960, 2.1202559, 2.1475840, 2.1041279, 2.1402240, 2.1407681, 2.0831361, 2.0769279, 2.1287680, 2.1264639, 2.0832000, 2.0940161, 2.0784321, 2.2597439, 2.1402559, 2.0747521, 2.0987201, 2.1132481, 2.1101439, 2.0875840, 2.1136639, 2.1554561, 2.1014400, 2.0935040, 2.0914240, 2.2018559, 2.0718400, 2.0853760, 2.1058879, 2.1293440, 2.1167040, 2.1131520, 2.1032641, 2.1657281, 2.1033919, 2.1089921, 2.0921600, 2.0736320, 2.2776320, 2.0942400, 2.1243520, 2.0726080, 2.0917759, 2.1254399, 2.0934720, 2.0873921, 2.1009920, 2.1495039, 2.1301119, 2.1329279, 2.1013441, 2.2425599, 2.1686080, 2.1055360, 2.1009281, 2.1198399, 2.2070401, 2.1199999, 2.1008320, 2.1613441 ],
"timesTransferFromDevice": [ 0.0912640, 0.0946240, 0.0836160, 0.0824640, 0.0810240, 0.0932480, 0.0878080, 0.1053760, 0.0901440, 0.0823680, 0.1364800, 0.0827840, 0.1079680, 0.0863040, 0.0901440, 0.1601280, 0.1025920, 0.0912640, 0.0864000, 0.0838400, 0.0825920, 0.0797440, 0.0870080, 0.0876480, 0.0870080, 0.0773120, 0.1182400, 0.0864000, 0.0881280, 0.0844800, 0.0843840, 0.0873920, 0.0846080, 0.0824640, 0.0971520, 0.1215360, 0.0845120, 0.1287040, 0.0883840, 0.0836800, 0.0879680, 0.1097280, 0.0882880, 0.0854080, 0.1238080, 0.0849280, 0.1368000, 0.0895360, 0.0898240, 0.0875200, 0.0834880, 0.1214720, 0.0848320, 0.0854400, 0.1708800, 0.0813440, 0.1354560, 0.1163840, 0.1043520, 0.1221440, 0.0852800, 0.0849600, 0.1190720, 0.0822720, 0.0821440, 0.0842560, 0.0893440, 0.1310400, 0.0875840, 0.0816640, 0.2101760, 0.0923200, 0.1072000, 0.0826560, 0.0925440, 0.1193280, 0.0871040, 0.0815680, 0.0853440, 0.0849280, 0.1608960, 0.0810880, 0.0803840, 0.2289600, 0.1184320, 0.1160640, 0.0976320, 0.1224640, 0.0865920, 0.1501760, 0.0833280, 0.1362560, 0.0898560, 0.0839040, 0.1185280, 0.0877440, 0.1283200, 0.0897600, 0.0861440, 0.1172480 ],
"bins": [ 1993410, 749428, 92662, 233902, 430782, 987396, 32528, 135676, 16050, 702348, 23754, 47508, 467590, 520020, 409810, 693360, 175266, 61418, 518094, 627662, 824542, 589570, 117486, 5350, 10700, 52858, 13696 ]
}
,