{
"fileName": "./input_data/test.txt",
"inputLengthInCharacters": 10532866,
"uniformInput": false,
"useMappingLetter": false,
"measurements": {
"histogram_one_thread_per_character": {
"timesTransferToDevice": [ 2.1112001, 2.1380479, 2.2525761, 2.5692799, 2.1760001, 2.1183040, 2.1443520, 2.3966081, 2.3003521, 2.2596481, 2.2121921, 2.4154241, 2.2371840, 2.3153601, 2.0566721, 2.0048959, 2.0337601, 2.1448641, 2.1071680, 2.0455680, 2.1387200, 2.0260479, 1.9809600, 2.0672641, 2.1028161, 2.0176320, 1.9856000, 2.0263679, 2.1984320, 2.0100801, 2.0519040, 2.2717760, 2.2036481, 2.0891840, 2.0016000, 1.8881921, 2.0096321, 1.8367680, 1.9792640, 1.9351680, 1.8705920, 1.9589760, 1.8633920, 1.9222400, 1.9053119, 1.8866240, 1.9669120, 1.9833601, 2.0201600, 2.0797441, 1.9937600, 2.1015041, 1.9737279, 2.1213441, 2.1300161, 2.0187521, 2.0584641, 2.0308800, 2.0686400, 2.0920639, 1.9864000, 2.0649281, 2.0328319, 2.0753281, 2.1041920, 2.0160961, 1.8712640, 1.8975360, 1.8919680, 1.9813120, 1.5799040, 2.1808319, 1.8832000, 1.8153600, 2.0814719, 2.2375679, 1.8546880, 2.1091199, 1.9849600, 2.0172801, 1.9977601, 2.0285439, 2.0606079, 1.9888000, 2.0536959, 2.0772159, 1.9583360, 2.1056321, 1.9813120, 2.0536320, 2.1383359, 1.6121280, 1.5105280, 1.8324480, 1.8125120, 1.6889280, 2.0612800, 1.5926720, 1.7247040, 1.5002880 ],
"timesExecution": [ 9.5471039, 9.5481596, 9.7153921, 9.5985603, 9.5416956, 9.6188803, 9.5887041, 9.5380163, 9.6017599, 9.6174402, 9.5565758, 9.5695362, 9.5271044, 9.5835838, 9.5678720, 9.5883837, 9.5612478, 9.5655680, 9.5675840, 9.5396156, 9.5490875, 9.6072636, 9.5598717, 9.5334396, 9.5315523, 9.6211843, 9.5354557, 9.5607357, 9.5915203, 9.5735998, 9.5216637, 9.6190395, 9.5281601, 9.5260477, 9.5915842, 9.5263681, 9.6499844, 9.6078396, 9.5337276, 9.6117125, 9.5614405, 9.5202236, 9.5783997, 9.5212479, 9.5865278, 9.5936642, 9.5669117, 9.5483522, 9.5546236, 9.5826244, 9.5269756, 9.5753603, 9.5319357, 9.5725117, 9.6039677, 9.5333443, 9.5784321, 9.5552320, 9.5531521, 9.5379200, 9.5677118, 9.5539522, 9.6344957, 9.5516796, 9.5903683, 9.5647678, 9.5621119, 9.6574717, 9.6047363, 9.5058556, 9.5230722, 9.5771837, 9.5484161, 9.5444479, 9.5757761, 9.5389118, 9.5522242, 9.5712004, 9.5382080, 9.5345278, 9.6040316, 9.5320320, 9.5900164, 9.5357761, 9.5323524, 9.5936642, 9.5481596, 9.5349760, 9.5849924, 9.5447998, 9.5640001, 9.5199356, 9.5324163, 9.6354876, 9.5986557, 9.5268164, 9.5292158, 9.5398397, 9.4984636, 9.4872961 ],
"timesTransferFromDevice": [ 0.1228480, 0.0914240, 0.0988160, 0.0892160, 0.0825600, 0.1140800, 0.1258240, 0.0909440, 0.0885120, 0.1345600, 0.0914240, 0.0931520, 0.0878400, 0.1260480, 0.0878080, 0.0877760, 0.0965440, 0.0907520, 0.1306240, 0.0999040, 0.0894080, 0.0886720, 0.1170560, 0.1131200, 0.0884800, 0.0857920, 0.0896640, 0.1003840, 0.0886080, 0.1263360, 0.0850880, 0.1132800, 0.0863680, 0.0864320, 0.0915520, 0.1268160, 0.1283520, 0.1259520, 0.0863040, 0.0864640, 0.0839040, 0.0836160, 0.1122880, 0.0839680, 0.2350400, 0.0906240, 0.0883520, 0.1230400, 0.1149120, 0.0918720, 0.0860800, 0.0861120, 0.1295360, 0.0849920, 0.0901440, 0.0909760, 0.1182080, 0.0882880, 0.1269440, 0.0867840, 0.1204800, 0.0859520, 0.0866880, 0.1095040, 0.1156160, 0.0954880, 0.1511680, 0.0852480, 0.1199680, 0.0721600, 0.1274880, 0.1252800, 0.0913280, 0.1744320, 0.0926080, 0.0981120, 0.1193600, 0.1121600, 0.1223040, 0.0990400, 0.1198720, 0.0869120, 0.0873280, 0.1308480, 0.1268160, 0.0865920, 0.1255040, 0.0915840, 0.1345920, 0.0999360, 0.0964800, 0.0678080, 0.1124800, 0.2014080, 0.0763200, 0.1057600, 0.0749440, 0.1300160, 0.0629440, 0.0703040 ],
"bins": [ 0, 0, 0, 0, 0, 0, 0, 0, 0, 37022, 0, 0, 0, 0, 0, 0, 0, 0, 0, 0, 0, 0, 0, 0, 0, 0, 0, 0, 0, 0, 0, 1749664, 0, 0, 0, 0, 0, 0, 0, 0, 0, 0, 0, 114062, 0, 92662, 0, 0, 0, 0, 0, 0, 0, 0, 0, 0, 0, 0, 0, 0, 0, 0, 0, 0, 23754, 0, 2568, 8132, 0, 0, 0, 0, 0, 0, 0, 47722, 0, 2568, 0, 0, 0, 0, 23754, 0, 5350, 0, 0, 0, 0, 0, 0, 0, 0, 0, 0, 0, 725674, 92662, 231334, 422650, 987396, 32528, 135676, 16050, 702348, 23754, 47508, 419868, 520020, 407242, 693360, 175266, 61418, 518094, 603908, 824542, 584220, 117486, 5350, 10700, 52858, 13696, 0, 0, 0, 0, 0, 0 ]
}
,
"histogram_atomic_private": {
"timesTransferToDevice": [ 2.0037119, 1.6852480, 1.6555200, 1.8295040, 1.8301440, 1.5869120, 1.5893440, 1.7090240, 1.6095361, 1.7832320, 1.5726720, 1.6281600, 1.6119040, 1.6764801, 1.6632640, 1.5693440, 1.5744640, 1.4705280, 1.4971520, 1.7602561, 1.6505920, 1.5391040, 1.5163521, 1.4959680, 1.4632961, 1.4792960, 1.5056000, 1.4651520, 1.4997120, 1.5971839, 1.4429120, 1.9198400, 1.5382720, 1.6607360, 1.6402880, 1.5870080, 1.5443200, 1.6991680, 1.5280640, 1.6531520, 1.5813760, 1.5635840, 1.5897920, 1.5317121, 1.6712000, 1.4720640, 1.4597120, 1.4968320, 1.4212160, 1.6071680, 1.7713920, 1.4500160, 1.4888000, 1.4281600, 1.5001920, 1.4647360, 1.5146880, 1.6264000, 1.5304960, 1.5912640, 1.5770561, 1.5126081, 1.5653440, 1.4129601, 1.6418560, 1.4488320, 1.4936320, 1.4874560, 1.4080319, 1.4658560, 1.4639040, 1.5256000, 1.5335360, 1.6066560, 1.5893120, 1.5929600, 1.5785600, 1.5112000, 1.6689920, 1.4546241, 1.4550080, 1.6965120, 1.6215039, 1.4585921, 1.4641280, 1.4480640, 1.4291520, 1.4776959, 1.5143360, 1.4194560, 1.6086080, 1.6982400, 1.8265600, 1.6783360, 1.5583040, 1.6985919, 1.6381440, 1.6018560, 1.5204800, 1.5863360 ],
"timesExecution": [ 2.0447040, 2.0465281, 2.0667200, 2.0614080, 2.0246401, 2.0523520, 2.0154879, 2.0232000, 2.0962560, 2.0094719, 2.0000319, 2.0505600, 2.0901761, 2.0343680, 2.0917439, 2.0341120, 2.0343680, 2.1028481, 2.0217919, 2.0414400, 2.1036799, 2.0401280, 2.0563200, 2.0656321, 2.0485120, 2.0571520, 2.0355840, 2.0346880, 2.0693440, 2.0585599, 2.1332481, 2.0521920, 2.0104320, 2.0815680, 2.0584641, 2.0394881, 2.0214400, 2.0590401, 2.0714560, 2.0485439, 2.0915840, 2.0259521, 2.0578561, 2.0208960, 2.0335360, 2.1801281, 2.0251520, 2.0143361, 2.0600319, 2.0192640, 2.0400641, 2.0477440, 2.0082879, 2.0706880, 2.0602880, 2.0516479, 2.0079360, 2.0320320, 2.0460160, 2.0220799, 2.0312641, 2.0237761, 2.1315520, 2.0023680, 2.0170879, 2.0693760, 2.0117440, 2.0312960, 2.0329599, 2.0008321, 2.0570879, 2.0534720, 2.0413439, 2.0460160, 2.0976641, 2.0443521, 2.0499520, 2.0827200, 2.0365760, 2.0399680, 2.0582719, 2.0375040, 2.0639040, 2.0793600, 2.0334079, 2.1069119, 2.0249281, 2.0348799, 2.1160319, 2.0176640, 2.0677760, 2.0662079, 2.0476160, 2.0462720, 2.0668800, 2.0608959, 2.0678079, 2.0862720, 2.0790401, 2.0238400 ],
"timesTransferFromDevice": [ 0.0764480, 0.0723840, 0.0712320, 0.0703360, 0.0780480, 0.0816000, 0.0692480, 0.0945600, 0.0929920, 0.0730560, 0.0882560, 0.0651840, 0.0985920, 0.0665280, 0.0667520, 0.1016640, 0.0669760, 0.0677760, 0.0952640, 0.0628480, 0.0627200, 0.0959680, 0.0674240, 0.0892480, 0.0650560, 0.0647360, 0.0684480, 0.0703360, 0.0658880, 0.0708480, 0.1605120, 0.0696320, 0.0644480, 0.0909120, 0.0678400, 0.0663040, 0.0703040, 0.0822720, 0.0923840, 0.0690240, 0.0663680, 0.0916160, 0.0642240, 0.0802880, 0.0685760, 0.0840640, 0.0644480, 0.0588800, 0.0801280, 0.0592320, 0.0709120, 0.0601280, 0.0672320, 0.0853440, 0.0871680, 0.0592960, 0.0580160, 0.0572160, 0.0867200, 0.0588480, 0.0785600, 0.0575040, 0.0611520, 0.0573120, 0.0578880, 0.0582080, 0.0622720, 0.0573760, 0.0839040, 0.0564480, 0.0698560, 0.0605440, 0.0922880, 0.0609600, 0.0626880, 0.0607360, 0.0655040, 0.0924480, 0.0581760, 0.0811520, 0.0582080, 0.0843520, 0.0600000, 0.0680960, 0.0588480, 0.0917120, 0.0650560, 0.0631040, 0.1003520, 0.0583040, 0.0633920, 0.0641920, 0.0842880, 0.0880640, 0.0649920, 0.0844800, 0.0857600, 0.0670080, 0.0763840, 0.0904640 ],