{
"inputLengthInCharacters": 4194304,
"uniformInput": false,
"useMappingLetter": false,
"measurements": {
"histogram_one_thread_per_character": {
"timesTransferToDevice": [ 1.6763630, 0.3280630, 0.3049020, 0.3000530, 0.3032030, 0.3096720, 0.3106530, 0.3048130, 0.3062120, 0.3095030, 0.3050730, 0.3364730, 0.3063420, 0.3078130, 0.3022030, 0.3026820, 0.3030130, 0.3032920, 0.3008820, 0.3037230, 0.3032920, 0.3044120, 0.3023730, 0.3007920, 0.3049730, 0.3290230, 0.3037520, 0.3054620, 0.3066430, 0.3020620, 0.3039520, 0.3033830, 0.3029820, 0.3056530, 0.3044930, 0.3015920, 0.3034130, 0.3042020, 0.3026720, 0.3042030, 0.3127720, 0.3238020, 0.3017430, 0.3036230, 0.3022920, 0.3030730, 0.3040530, 0.3014520, 0.3029630, 0.3039420, 0.3041720, 0.3028630, 0.3046320, 0.3031320, 0.3029930, 0.3026020, 0.3039630, 0.3030630, 0.3036820, 0.3066530, 0.3009920, 0.3043920, 0.3068430, 0.3044520, 0.3048820, 0.3048430, 0.3138020, 0.3041820, 0.3048730, 0.3137320, 0.3041620, 0.3139530, 0.3033420, 0.3045620, 0.3033830, 0.3431730, 0.3046520, 0.3040430, 0.3069130, 0.3035520, 0.3031730, 0.3077920, 0.3044120, 0.3049630, 0.3038420, 0.3192320, 0.3044930, 0.3062420, 0.3132220, 0.3036020, 0.3020530, 0.3033520, 0.3045830, 0.3033320, 0.3032030, 0.3050320, 0.3134930, 0.3083330, 0.3035920, 0.3035330 ],
"timesExecution": [ 0.6368750, 0.3225620, 0.3229230, 0.3257730, 0.3258120, 0.3244930, 0.3255730, 0.3285620, 0.3257330, 0.3254130, 0.3250820, 0.3257720, 0.3251330, 0.3255730, 0.3253120, 0.3233630, 0.3234830, 0.3250020, 0.3255930, 0.3256930, 0.3236430, 0.3257530, 0.3252430, 0.3259430, 0.3254830, 0.3255630, 0.3254820, 0.3253230, 0.3253130, 0.3235620, 0.3236030, 0.3250720, 0.3251630, 0.3251530, 0.3254420, 0.3258030, 0.3252030, 0.3251120, 0.3253230, 0.3250030, 0.3253620, 0.3254130, 0.3256430, 0.3253220, 0.3253230, 0.3337730, 0.3256020, 0.3251930, 0.3254630, 0.3240420, 0.3254830, 0.3257430, 0.3252030, 0.3252830, 0.3250420, 0.3254130, 0.3236830, 0.3249520, 0.3255330, 0.3234830, 0.3256420, 0.3255730, 0.3238030, 0.3249230, 0.3240430, 0.3241220, 0.3256530, 0.3254130, 0.3245320, 0.3257720, 0.3249230, 0.3208330, 0.3253230, 0.3238430, 0.3251620, 0.3262220, 0.3235630, 0.3256830, 0.3239620, 0.3249930, 0.3236830, 0.3251220, 0.3256630, 0.3241230, 0.3235620, 0.3249930, 0.3252430, 0.3234820, 0.3235220, 0.3235230, 0.3242020, 0.3256930, 0.3259620, 0.3252930, 0.3255130, 0.3213230, 0.3252730, 0.3255720, 0.3254330, 0.3254820 ],
"timesTransferFromDevice": [ 0.4537540, 0.0194410, 0.0193600, 0.0210800, 0.0201210, 0.0201200, 0.0204000, 0.0232400, 0.0202800, 0.0208800, 0.0208000, 0.0206410, 0.0206000, 0.0218000, 0.0208410, 0.0200400, 0.0199600, 0.0210400, 0.0220000, 0.0207600, 0.0239500, 0.0210400, 0.0204400, 0.0205600, 0.0208000, 0.0203200, 0.0204410, 0.0215200, 0.0221600, 0.0200400, 0.0204000, 0.0207200, 0.0200800, 0.0206000, 0.0204810, 0.0213200, 0.0206000, 0.0202810, 0.0208000, 0.0212800, 0.0209210, 0.0199600, 0.0204800, 0.0210410, 0.0209600, 0.0207200, 0.0204810, 0.0204800, 0.0209200, 0.0208010, 0.0207600, 0.0200400, 0.0210400, 0.0201600, 0.0206000, 0.0206000, 0.0212800, 0.0209610, 0.0207200, 0.0201600, 0.0206000, 0.0203600, 0.0207600, 0.0203600, 0.0208400, 0.0200400, 0.0206400, 0.0210400, 0.0211600, 0.0207600, 0.0206400, 0.0212800, 0.0222000, 0.0209200, 0.0206800, 0.0211200, 0.0205600, 0.0203600, 0.0206410, 0.0207200, 0.0215200, 0.0210010, 0.0209200, 0.0207200, 0.0215600, 0.0219200, 0.0214800, 0.0210010, 0.0207600, 0.0203200, 0.0207610, 0.0208400, 0.0209200, 0.0205200, 0.0211200, 0.0209600, 0.0213600, 0.0202010, 0.0207600, 0.0204810 ],
"bins": [ 32594, 32817, 32785, 32801, 32990, 32632, 32619, 32761, 32806, 32732, 32625, 32605, 32802, 32651, 32582, 32678, 33153, 33046, 32755, 32586, 32850, 33030, 32583, 32607, 32970, 32794, 32819, 32465, 32807, 32837, 32517, 32517, 33121, 33014, 32739, 32787, 32574, 32654, 32775, 32528, 32577, 32966, 32864, 32860, 32634, 32836, 33028, 32562, 32889, 32711, 33022, 32682, 33128, 32518, 32643, 32551, 32725, 32433, 32660, 32771, 32502, 32879, 32565, 33006, 32782, 32496, 32561, 33131, 32975, 32803, 32387, 32919, 32390, 32872, 32628, 32839, 32912, 32396, 32952, 32829, 32823, 32998, 32866, 32888, 32934, 33048, 33166, 32879, 32867, 33185, 32493, 32749, 32940, 32925, 32665, 32934, 32617, 32504, 32688, 32688, 32673, 32512, 32878, 32588, 32851, 32953, 32871, 32656, 32676, 32865, 32949, 32704, 32700, 32868, 32746, 32887, 32665, 32697, 32508, 33061, 32951, 32917, 32824, 32616, 32745, 32678, 32847, 32669 ]
}
,
"histogram_atomic_private": {
"timesTransferToDevice": [ 1.3646410, 0.3163530, 0.3280420, 0.3153730, 0.3022520, 0.3051830, 0.6244050, 0.3105120, 0.3042430, 0.3304720, 0.3041030, 0.3029520, 0.3030030, 0.3040520, 0.3141530, 0.3043620, 0.3061730, 0.3052420, 0.3063520, 0.3057030, 0.3091620, 0.3106630, 0.3070820, 0.3071230, 0.3040320, 0.3041330, 0.3113320, 0.3015630, 0.3255420, 0.3061430, 0.3027520, 0.3046030, 0.3026630, 0.3066920, 0.3038930, 0.3035420, 0.3025630, 0.3027620, 0.3039430, 0.3025020, 0.3112820, 0.3036930, 0.3127020, 0.3047030, 0.3036620, 0.3055130, 0.3037920, 0.3240130, 0.3031420, 0.3022630, 0.3036620, 0.3032620, 0.3040030, 0.3034220, 0.3179130, 0.3080820, 0.3119430, 0.3036820, 0.3032430, 0.3042320, 0.3034730, 0.3378620, 0.3041530, 0.3051320, 0.3044130, 0.3033620, 0.3052520, 0.3035230, 0.3107020, 0.3042030, 0.3061220, 0.3044230, 0.3038820, 0.3090520, 0.3047420, 0.3054830, 0.3037520, 0.3038930, 0.3037920, 0.3031120, 0.3104830, 0.3039920, 0.3051130, 0.3038720, 0.3037130, 0.3044920, 0.3028930, 0.3305420, 0.3046830, 0.3029920, 0.3036330, 0.3031230, 0.3052420, 0.3041030, 0.3335620, 0.3054330, 0.3043020, 0.3023430, 0.3044220, 0.3032830 ],
"timesExecution": [ 0.0641410, 0.0614800, 0.0655110, 0.0664900, 0.0665710, 0.0655800, 0.0644310, 0.0650410, 0.0648900, 0.0653700, 0.0648510, 0.0655410, 0.0646900, 0.0653110, 0.0654200, 0.0653510, 0.0651800, 0.0663110, 0.0656500, 0.0644210, 0.0653410, 0.0652610, 0.0655010, 0.0657800, 0.0648910, 0.0653600, 0.0656610, 0.0648900, 0.0645510, 0.0658200, 0.0653710, 0.0653500, 0.0651910, 0.0658010, 0.0654200, 0.0649010, 0.0652700, 0.0660210, 0.0651300, 0.0648410, 0.0646500, 0.0643610, 0.0655710, 0.0652200, 0.0650910, 0.0652500, 0.0649610, 0.0639200, 0.0649010, 0.0647700, 0.0655810, 0.0657700, 0.0655010, 0.0654510, 0.0649600, 0.0655910, 0.0645500, 0.0631210, 0.0653700, 0.0642110, 0.0790800, 0.0649510, 0.0651800, 0.0643610, 0.0652500, 0.0658710, 0.0655800, 0.0650310, 0.0648100, 0.0654100, 0.0652310, 0.0656800, 0.0647600, 0.0660310, 0.0654900, 0.0646100, 0.0640110, 0.0662000, 0.0651210, 0.0653500, 0.0642410, 0.0648610, 0.0652500, 0.0645410, 0.0737100, 0.0644110, 0.0656500, 0.0657210, 0.0651400, 0.0654010, 0.0645500, 0.0675410, 0.0642910, 0.0661400, 0.0652300, 0.0648500, 0.0629610, 0.0653400, 0.0656310, 0.0641700 ],
"timesTransferFromDevice": [ 0.0184000, 0.0193210, 0.0191600, 0.0231200, 0.0201600, 0.0206800, 0.0202800, 0.0207200, 0.0203600, 0.0215600, 0.0206800, 0.0205600, 0.0209210, 0.0210800, 0.0209610, 0.0203200, 0.0215600, 0.0203200, 0.0205600, 0.0207200, 0.0209600, 0.0207600, 0.0206000, 0.0210000, 0.0211600, 0.0211610, 0.0208400, 0.0210800, 0.0218000, 0.0205210, 0.0202000, 0.0204400, 0.0215200, 0.0204000, 0.0204000, 0.0211200, 0.0206810, 0.0205600, 0.0210400, 0.0202400, 0.0204800, 0.0205600, 0.0204400, 0.0215600, 0.0211200, 0.0210410, 0.0207600, 0.0206010, 0.0205600, 0.0210000, 0.0202400, 0.0211200, 0.0206400, 0.0212000, 0.0202400, 0.0204400, 0.0200410, 0.0203600, 0.0221210, 0.0205600, 0.0207200, 0.0209200, 0.0203610, 0.0207600, 0.0210400, 0.0207600, 0.0203200, 0.0209600, 0.0206800, 0.0203200, 0.0204400, 0.0200810, 0.0214000, 0.0210000, 0.0202400, 0.0204400, 0.0214000, 0.0212010, 0.0202400, 0.0204000, 0.0201600, 0.0201600, 0.0207610, 0.0216000, 0.0223710, 0.0211600, 0.0206010, 0.0209200, 0.0205610, 0.0202000, 0.0203600, 0.0210800, 0.0217600, 0.0211210, 0.0206000, 0.0200800, 0.0206800, 0.0206410, 0.0215200, 0.0211200 ],