{
"inputLengthInCharacters": 16,
"uniformInput": false,
"useMappingLetter": false,
"measurements": {
"histogram_one_thread_per_character": {
"timesTransferToDevice": [ 0.0523800, 0.0226900, 0.0249200, 0.0210000, 0.0244500, 0.0249200, 0.0243800, 0.0269410, 0.0269810, 0.0265600, 0.0243700, 0.0235000, 0.0245200, 0.0262100, 0.0277800, 0.0234000, 0.0223600, 0.0229100, 0.0233700, 0.0260710, 0.0237710, 0.0225600, 0.0218400, 0.0231600, 0.0265300, 0.0233000, 0.0234000, 0.0237200, 0.0254110, 0.0257910, 0.0232400, 0.0227500, 0.0266100, 0.0242300, 0.0230000, 0.0258100, 0.0286100, 0.0232400, 0.0275900, 0.0256100, 0.0238210, 0.0233310, 0.0258800, 0.0234100, 0.0248400, 0.0248100, 0.0293100, 0.0252000, 0.0253700, 0.0253010, 0.0239300, 0.0255500, 0.0247500, 0.0253300, 0.0274900, 0.0262000, 0.0259700, 0.0230000, 0.0252110, 0.0245210, 0.0267800, 0.0245600, 0.0238900, 0.0215600, 0.0248300, 0.0232000, 0.0245600, 0.0235710, 0.0233700, 0.0242200, 0.0232500, 0.0214000, 0.0225500, 0.0221600, 0.0280000, 0.0232510, 0.0236000, 0.0230510, 0.0269410, 0.0235800, 0.0251100, 0.0245900, 0.0273800, 0.0278700, 0.0256100, 0.0245100, 0.0267310, 0.0241410, 0.0248800, 0.0258000, 0.0274200, 0.0248800, 0.0259400, 0.0238600, 0.0240800, 0.0237310, 0.0218810, 0.0221200, 0.0302000, 0.0243700 ],
"timesExecution": [ 0.0252800, 0.0286500, 0.0275610, 0.0275100, 0.0282600, 0.0281400, 0.0278800, 0.0278500, 0.0277200, 0.0279300, 0.0295210, 0.0461610, 0.0269510, 0.0256010, 0.0278110, 0.0282900, 0.0277200, 0.0271200, 0.0271600, 0.0272400, 0.0279400, 0.0267200, 0.0268910, 0.0270510, 0.0278700, 0.0270400, 0.0274900, 0.0277400, 0.0253600, 0.0273200, 0.0270800, 0.0273210, 0.0272810, 0.0277210, 0.0277610, 0.0277600, 0.0270100, 0.0277000, 0.0278200, 0.0272100, 0.0272900, 0.0269600, 0.0274910, 0.0269110, 0.0268800, 0.0276900, 0.0267000, 0.0270100, 0.0268400, 0.0269700, 0.0277700, 0.0279110, 0.0279410, 0.0277800, 0.0274200, 0.0273200, 0.0272500, 0.0270400, 0.0268000, 0.0268800, 0.0268500, 0.0271810, 0.0277710, 0.0273000, 0.0252000, 0.0279400, 0.0253200, 0.0274600, 0.0273800, 0.0277710, 0.0256410, 0.0272200, 0.0277400, 0.0275000, 0.0273400, 0.0581900, 0.0276400, 0.0268700, 0.0268500, 0.0278310, 0.0275810, 0.0279000, 0.0271700, 0.0273800, 0.0252000, 0.0271900, 0.0271200, 0.0270400, 0.0279200, 0.0287510, 0.0252010, 0.0276300, 0.0253200, 0.0268400, 0.0269600, 0.0270000, 0.0272900, 0.0252810, 0.0281810, 0.0272110 ],
"timesTransferFromDevice": [ 0.4907540, 0.0190800, 0.0188400, 0.0204010, 0.0218810, 0.0210800, 0.0273200, 0.0234200, 0.0236400, 0.0200000, 0.0229600, 0.0240400, 0.0231700, 0.0269400, 0.0218800, 0.0210010, 0.0234210, 0.0231000, 0.0226700, 0.0231300, 0.0237800, 0.0225500, 0.0230900, 0.0198400, 0.0229310, 0.0225210, 0.0259000, 0.0224800, 0.0234500, 0.0196800, 0.0238400, 0.0259900, 0.0564400, 0.0214400, 0.0194400, 0.0229200, 0.0215510, 0.0232510, 0.0198000, 0.0209600, 0.0234800, 0.0195200, 0.0231700, 0.0206400, 0.0234000, 0.0230810, 0.0261110, 0.0226800, 0.0232200, 0.0213600, 0.0232900, 0.0263500, 0.0204000, 0.0259100, 0.0232010, 0.0262610, 0.0194000, 0.0194800, 0.0234100, 0.0229900, 0.0273400, 0.0254100, 0.0222800, 0.0198400, 0.0200410, 0.0200800, 0.0226400, 0.0211200, 0.0211600, 0.0230100, 0.0234600, 0.0232510, 0.0212810, 0.0197200, 0.0228800, 0.0209600, 0.0232600, 0.0199200, 0.0209200, 0.0210000, 0.0229600, 0.0224300, 0.0214410, 0.0212410, 0.0226400, 0.0259400, 0.0198800, 0.0203600, 0.0204000, 0.0262300, 0.0208800, 0.0195600, 0.0234610, 0.0193200, 0.0227300, 0.0229100, 0.0227600, 0.0252400, 0.0241100, 0.0234600 ],
"bins": [ 0, 0, 0, 0, 0, 1, 0, 0, 0, 0, 0, 0, 0, 0, 0, 0, 0, 0, 0, 0, 0, 0, 0, 0, 1, 0, 0, 0, 0, 0, 0, 0, 0, 0, 0, 0, 0, 0, 0, 0, 0, 1, 0, 0, 0, 1, 0, 0, 0, 0, 0, 0, 0, 0, 0, 0, 0, 0, 0, 0, 1, 0, 0, 1, 0, 0, 0, 0, 0, 0, 0, 0, 0, 0, 0, 0, 1, 0, 0, 0, 0, 0, 0, 0, 1, 0, 0, 2, 0, 0, 0, 0, 1, 0, 0, 1, 0, 0, 0, 0, 0, 0, 0, 0, 1, 0, 0, 0, 0, 0, 0, 0, 0, 0, 0, 0, 0, 1, 1, 1, 0, 0, 0, 0, 0, 0, 0, 0 ]
}
,
"histogram_atomic_private": {
"timesTransferToDevice": [ 0.0168400, 0.0214810, 0.0241200, 0.0220800, 0.0236000, 0.0224700, 0.0220710, 0.0214800, 0.0214800, 0.0235700, 0.0221200, 0.0211210, 0.0256500, 0.0240300, 0.0246400, 0.0253000, 0.0257400, 0.0302500, 0.0296900, 0.0234810, 0.0244810, 0.0248300, 0.0273200, 0.0256600, 0.0229600, 0.0215200, 0.0211200, 0.0243300, 0.0230810, 0.0242800, 0.0387300, 0.0277200, 0.0250400, 0.0218800, 0.0236100, 0.0217200, 0.0245400, 0.0254910, 0.0242010, 0.0229300, 0.0265300, 0.0240100, 0.0298700, 0.0257300, 0.0252100, 0.0249600, 0.0242400, 0.0249310, 0.0263610, 0.0230000, 0.0252100, 0.0236900, 0.0268500, 0.0270900, 0.0262700, 0.0230800, 0.0281810, 0.0295810, 0.0266410, 0.0270600, 0.0281200, 0.0228700, 0.0247610, 0.0236810, 0.0238000, 0.0247200, 0.0269800, 0.0292500, 0.0249600, 0.0212800, 0.0215200, 0.0248200, 0.0248400, 0.0258700, 0.0262810, 0.0261010, 0.0225600, 0.0254100, 0.0238100, 0.0234100, 0.0233600, 0.0240400, 0.0228000, 0.0233600, 0.0254410, 0.0272010, 0.0234010, 0.0252400, 0.0272900, 0.0230700, 0.0218000, 0.0240200, 0.0242300, 0.0256400, 0.0254310, 0.0216410, 0.0232700, 0.0265600, 0.0257000, 0.0244200 ],
"timesExecution": [ 0.0225600, 0.0221600, 0.0230010, 0.0248800, 0.0256200, 0.0254100, 0.0261000, 0.0241210, 0.0260100, 0.0258100, 0.0267500, 0.0242800, 0.0243200, 0.0266410, 0.0270000, 0.0252800, 0.0270000, 0.0274900, 0.0272000, 0.0253600, 0.0277800, 0.0280700, 0.0255210, 0.0272900, 0.0273800, 0.0276600, 0.0281100, 0.0274000, 0.0270400, 0.0269900, 0.0252800, 0.0272410, 0.0277910, 0.0269900, 0.0274100, 0.0274900, 0.0272400, 0.0279000, 0.0275400, 0.0278200, 0.0252010, 0.0269510, 0.0277000, 0.0268800, 0.0273300, 0.0273000, 0.0274900, 0.0274100, 0.0274100, 0.0278410, 0.0278710, 0.0272910, 0.0251200, 0.0272800, 0.0252800, 0.0252400, 0.0258000, 0.0273300, 0.0253600, 0.0253200, 0.0274610, 0.0274200, 0.0255400, 0.0277700, 0.0278100, 0.0277400, 0.0276500, 0.0278610, 0.0277910, 0.0277400, 0.0267900, 0.0274400, 0.0273700, 0.0277300, 0.0290300, 0.0270100, 0.0253610, 0.0273310, 0.0273210, 0.0273200, 0.0277000, 0.0249600, 0.0275800, 0.0271200, 0.0255200, 0.0269600, 0.0270400, 0.0274200, 0.0277310, 0.0276510, 0.0274100, 0.0270800, 0.0277800, 0.0271300, 0.0272900, 0.0253200, 0.0269200, 0.0275010, 0.0270500, 0.0278700 ],
"timesTransferFromDevice": [ 0.0166400, 0.0165600, 0.0172000, 0.0214010, 0.0212000, 0.0216500, 0.0182400, 0.0210300, 0.0188800, 0.0218200, 0.0205200, 0.0227700, 0.0226000, 0.0197200, 0.0197200, 0.0242910, 0.0223810, 0.0205600, 0.0210000, 0.0210400, 0.0197600, 0.0202800, 0.0213200, 0.0212400, 0.0231310, 0.0228910, 0.0228900, 0.0228800, 0.0231300, 0.0212400, 0.0237200, 0.0210000, 0.0229200, 0.0218400, 0.0226010, 0.0229200, 0.0236600, 0.0232900, 0.0235000, 0.0239400, 0.0238300, 0.0234600, 0.0254400, 0.0225910, 0.0229710, 0.0210400, 0.0230400, 0.0236100, 0.0212400, 0.0229700, 0.0255400, 0.0191600, 0.0200810, 0.0194410, 0.0230400, 0.0208800, 0.0267200, 0.0269100, 0.0239700, 0.0199200, 0.0858800, 0.0229300, 0.0262300, 0.0226900, 0.0425500, 0.0253800, 0.0228500, 0.0232500, 0.0193600, 0.0240100, 0.0196010, 0.0234600, 0.0234500, 0.0225600, 0.0233300, 0.0230500, 0.0228100, 0.0234600, 0.0234000, 0.0229600, 0.0256910, 0.0235210, 0.0240400, 0.0196000, 0.0228700, 0.0229100, 0.0231300, 0.0228900, 0.0244400, 0.0228800, 0.0214800, 0.0196810, 0.0259600, 0.0234600, 0.0232500, 0.0228500, 0.0210800, 0.0232000, 0.0211600, 0.0213610 ],
"bins": [ 0, 0, 0, 0, 0, 1, 0, 0, 0, 0, 0, 0, 0, 0, 0, 0, 0, 0, 0, 0, 0, 0, 0, 0, 1, 0, 0, 0, 0, 0, 0, 0, 0, 0, 0, 0, 0, 0, 0, 0, 0, 1, 0, 0, 0, 1, 0, 0, 0, 0, 0, 0, 0, 0, 0, 0, 0, 0, 0, 0, 1, 0, 0, 1, 0, 0, 0, 0, 0, 0, 0, 0, 0, 0, 0, 0, 1, 0, 0, 0, 0, 0, 0, 0, 1, 0, 0, 2, 0, 0, 0, 0, 1, 0, 0, 1, 0, 0, 0, 0, 0, 0, 0, 0, 1, 0, 0, 0, 0, 0, 0, 0, 0, 0, 0, 0, 0, 1, 1, 1, 0, 0, 0, 0, 0, 0, 0, 0 ]
}
,