{
"inputLengthInCharacters": 262144,
"uniformInput": false,
"useMappingLetter": false,
"measurements": {
"histogram_one_thread_per_character": {
"timesTransferToDevice": [ 0.4491530, 0.0394300, 0.0342600, 0.0341800, 0.0363000, 0.0357710, 0.0355810, 0.0364400, 0.0350500, 0.0347700, 0.0359800, 0.0670710, 0.0362110, 0.0345900, 0.0357400, 0.0354400, 0.0355600, 0.0351900, 0.0346500, 0.0362910, 0.0357510, 0.0355210, 0.0354900, 0.0354400, 0.0352900, 0.0409600, 0.0359600, 0.0358910, 0.0347910, 0.0362710, 0.0347200, 0.0346300, 0.0358800, 0.0361100, 0.0344700, 0.0420800, 0.0358810, 0.0342710, 0.0353600, 0.0356000, 0.0367600, 0.0353200, 0.0361500, 0.0358900, 0.0355410, 0.0361310, 0.0351510, 0.0354000, 0.0366300, 0.0365100, 0.0346700, 0.0353300, 0.0352700, 0.0348710, 0.0357310, 0.0364710, 0.0349200, 0.0349700, 0.0349600, 0.0357200, 0.0361400, 0.0342000, 0.0348810, 0.0342710, 0.0354600, 0.0354800, 0.0351400, 0.0358400, 0.0361800, 0.0376000, 0.0357710, 0.0367610, 0.0357110, 0.0356500, 0.0351700, 0.0743400, 0.0372410, 0.0366410, 0.0352600, 0.0400500, 0.0349400, 0.0353200, 0.0360600, 0.0344900, 0.0343500, 0.0343610, 0.0358310, 0.0352100, 0.0353200, 0.0358000, 0.0359600, 0.0367900, 0.0358910, 0.0366110, 0.0360510, 0.0357000, 0.0359300, 0.0352900, 0.0346700, 0.0357400 ],
"timesExecution": [ 0.0446810, 0.0440010, 0.0428410, 0.0453710, 0.0461000, 0.0452500, 0.0460100, 0.0459900, 0.0434000, 0.0445610, 0.0434010, 0.0457600, 0.0431600, 0.0449600, 0.0431600, 0.0449210, 0.0452510, 0.0453010, 0.0432800, 0.0450700, 0.0436400, 0.0449200, 0.0457000, 0.0447500, 0.0450810, 0.0458610, 0.0452610, 0.0453700, 0.0446000, 0.0450400, 0.0447600, 0.0450100, 0.0449610, 0.0449210, 0.0434010, 0.0455800, 0.0433600, 0.0449600, 0.0454500, 0.0434400, 0.0453610, 0.0452510, 0.0449310, 0.0435600, 0.0449700, 0.0451200, 0.0452900, 0.0433200, 0.0455700, 0.0431610, 0.0453810, 0.0432410, 0.0448700, 0.0432400, 0.0446400, 0.0452900, 0.0458700, 0.0446710, 0.0433210, 0.0458110, 0.0456910, 0.0428400, 0.0449500, 0.0453900, 0.0433200, 0.0432800, 0.0449200, 0.0451710, 0.0451310, 0.0430000, 0.0447600, 0.0432800, 0.0448700, 0.0450000, 0.0434800, 0.0450010, 0.0447900, 0.0447600, 0.0452100, 0.0453800, 0.0459110, 0.0448810, 0.0434810, 0.0453810, 0.0456300, 0.0450100, 0.0433200, 0.0452800, 0.0453800, 0.0433600, 0.0461510, 0.0452810, 0.0448300, 0.0452900, 0.0430800, 0.0445400, 0.0434400, 0.0452510, 0.0430810, 0.0430810 ],
"timesTransferFromDevice": [ 0.4018030, 0.0188000, 0.0188400, 0.0197600, 0.0239500, 0.0244300, 0.0195600, 0.0231610, 0.0209200, 0.0198400, 0.0198400, 0.0204800, 0.0202000, 0.0228310, 0.0212400, 0.0200800, 0.0219200, 0.0212400, 0.0203200, 0.0198800, 0.0210800, 0.0200400, 0.0202010, 0.0216410, 0.0228000, 0.0204000, 0.0244600, 0.0205200, 0.0197600, 0.0201600, 0.0233310, 0.0288510, 0.0228300, 0.0201600, 0.0200800, 0.0244900, 0.0197600, 0.0235500, 0.0237210, 0.0196810, 0.0195200, 0.0206800, 0.0212000, 0.0207200, 0.0192000, 0.0208800, 0.0196000, 0.0236610, 0.0199600, 0.0207600, 0.0252900, 0.0234800, 0.0240700, 0.0276400, 0.0206800, 0.0231710, 0.0269810, 0.0226300, 0.0197600, 0.0198400, 0.0209200, 0.0241900, 0.0193200, 0.0228000, 0.0235410, 0.0232910, 0.0210400, 0.0234700, 0.0196800, 0.0226400, 0.0195200, 0.0230800, 0.0240310, 0.0216810, 0.0234100, 0.0237900, 0.0246200, 0.0196000, 0.0198410, 0.0213610, 0.0211200, 0.0194000, 0.0212000, 0.0192400, 0.0229200, 0.0231300, 0.0268500, 0.0195610, 0.0215210, 0.0200800, 0.0242400, 0.0243600, 0.0210000, 0.0201200, 0.0196400, 0.0215610, 0.0202400, 0.0234500, 0.0206400, 0.0193200 ],
"bins": [ 2067, 2073, 2066, 2029, 1942, 2120, 2044, 2035, 2048, 2059, 2028, 1976, 2085, 1957, 2010, 2008, 2133, 2096, 2108, 2030, 2049, 2059, 2065, 2075, 1993, 2069, 2038, 1999, 2021, 1974, 2053, 2064, 2064, 2073, 1994, 2034, 2123, 2035, 2006, 2123, 2046, 2040, 2039, 2071, 1955, 2007, 2050, 2014, 2105, 2051, 2064, 2029, 2038, 2035, 1994, 2082, 2128, 2064, 2018, 2085, 2045, 2033, 2071, 2082, 2110, 2045, 2118, 2033, 2020, 2013, 1998, 1953, 2050, 2049, 2001, 2038, 2101, 2058, 2019, 1987, 2081, 2065, 2078, 2068, 2087, 2076, 2038, 2033, 1976, 2074, 2115, 2123, 1998, 2029, 2054, 2055, 2048, 2058, 1938, 2080, 1991, 2017, 2044, 2059, 2069, 2055, 2105, 2069, 2048, 2002, 2096, 1972, 2082, 1988, 2088, 2044, 1989, 2048, 2063, 2053, 2117, 2104, 2052, 2139, 2058, 2016, 2058, 2080 ]
}
,
"histogram_atomic_private": {
"timesTransferToDevice": [ 0.0344710, 0.0331210, 0.0321000, 0.0331800, 0.0344100, 0.0350900, 0.0349900, 0.0350600, 0.0348200, 0.0341600, 0.0348100, 0.0379300, 0.0360400, 0.0359700, 0.0350400, 0.0344700, 0.0348100, 0.0351200, 0.0357300, 0.0349600, 0.0347200, 0.0361300, 0.0345500, 0.0348800, 0.0409100, 0.0359600, 0.0380900, 0.0369700, 0.0352000, 0.0360900, 0.0345900, 0.0375000, 0.0356300, 0.0351900, 0.0362000, 0.0347500, 0.0345200, 0.0347600, 0.0366800, 0.0361200, 0.0346700, 0.0352700, 0.0354200, 0.0351900, 0.0354000, 0.0345500, 0.0347100, 0.0376000, 0.0347600, 0.0349900, 0.0360900, 0.0355500, 0.0352000, 0.0360500, 0.0343500, 0.0359200, 0.0351600, 0.0369500, 0.0395700, 0.0396000, 0.0344400, 0.0355710, 0.0353510, 0.0364010, 0.0355510, 0.0348310, 0.0360410, 0.0352810, 0.0352310, 0.0354710, 0.0357610, 0.0347110, 0.0342710, 0.0412810, 0.0356910, 0.0372610, 0.0359910, 0.0359610, 0.0364810, 0.0352110, 0.0358110, 0.0358410, 0.0350810, 0.0349310, 0.0349910, 0.0356600, 0.0356500, 0.0348900, 0.0351200, 0.0351600, 0.0346500, 0.0369700, 0.0346800, 0.0347600, 0.0365200, 0.0365000, 0.0355600, 0.0362410, 0.0361800, 0.0349400 ],
"timesExecution": [ 0.0256800, 0.0282500, 0.0262800, 0.0282910, 0.0266410, 0.0264010, 0.0264410, 0.0285900, 0.0295300, 0.0288000, 0.0275200, 0.0296700, 0.0299010, 0.0296210, 0.0302300, 0.0294500, 0.0310410, 0.0293700, 0.0299400, 0.0275600, 0.0299300, 0.0291200, 0.0275200, 0.0278000, 0.0279600, 0.0278400, 0.0288000, 0.0296500, 0.0278400, 0.0294500, 0.0275600, 0.0290700, 0.0300800, 0.0292600, 0.0301400, 0.0302610, 0.0278000, 0.0299100, 0.0292900, 0.0303700, 0.0277600, 0.0275600, 0.0276000, 0.0277600, 0.0295500, 0.0295000, 0.0290400, 0.0277200, 0.0302700, 0.0290300, 0.0296000, 0.0278000, 0.0296000, 0.0276400, 0.0293100, 0.0297400, 0.0301200, 0.0298900, 0.0310200, 0.0275610, 0.0814810, 0.0300200, 0.0293200, 0.0290800, 0.0305500, 0.0301800, 0.0291100, 0.0289600, 0.0296000, 0.0290900, 0.0276800, 0.0292000, 0.0303800, 0.0278000, 0.0305100, 0.0280000, 0.0277200, 0.0303100, 0.0292900, 0.0278000, 0.0314100, 0.0278000, 0.0293200, 0.0274800, 0.0277600, 0.0279200, 0.0278000, 0.0276800, 0.0291600, 0.0294900, 0.0296100, 0.0276000, 0.0301800, 0.0278000, 0.0298700, 0.0273600, 0.0294900, 0.0289500, 0.0297500, 0.0293500 ],
"timesTransferFromDevice": [ 0.0173200, 0.0176800, 0.0175600, 0.0222400, 0.0217300, 0.0230200, 0.0205600, 0.0222000, 0.0230600, 0.0238100, 0.0253800, 0.0230800, 0.0233700, 0.0232000, 0.0234200, 0.0235300, 0.0197200, 0.0233300, 0.0204800, 0.0232900, 0.0208400, 0.0242700, 0.0213200, 0.0240200, 0.0203200, 0.0195600, 0.0234800, 0.0230700, 0.0264000, 0.0243600, 0.0234200, 0.0230700, 0.0231700, 0.0234200, 0.0242300, 0.0193600, 0.0242900, 0.0202800, 0.0200000, 0.0243000, 0.0228800, 0.0227900, 0.0228000, 0.0238510, 0.0222800, 0.0238010, 0.0228010, 0.0259210, 0.0231700, 0.0231300, 0.0243200, 0.0204400, 0.0239500, 0.0244300, 0.0232110, 0.0239900, 0.0231600, 0.0210800, 0.0232500, 0.0244600, 0.0206400, 0.0239000, 0.0204000, 0.0243500, 0.0244700, 0.0282700, 0.0201200, 0.0239400, 0.0223200, 0.0249500, 0.0208800, 0.0237200, 0.0206400, 0.0263400, 0.0200000, 0.0196800, 0.0211600, 0.0238200, 0.0235000, 0.0262300, 0.0235300, 0.0195600, 0.0204800, 0.0228000, 0.0230900, 0.0289600, 0.0246200, 0.0208400, 0.0226300, 0.0261400, 0.0236200, 0.0264300, 0.0207600, 0.0239000, 0.0267700, 0.0201200, 0.0194800, 0.0280800, 0.0234000, 0.0208400 ],