{
"inputLengthInCharacters": 1024,
"uniformInput": false,
"useMappingLetter": true,
"measurements": {
"histogram_one_thread_per_character": {
"timesTransferToDevice": [ 0.0514600, 0.0216000, 0.0210400, 0.0272600, 0.0252400, 0.0266900, 0.0272510, 0.0272510, 0.0273010, 0.0339210, 0.0267710, 0.0280200, 0.0259910, 0.0231200, 0.0269800, 0.0265700, 0.0249700, 0.0247300, 0.0249200, 0.0233600, 0.0218800, 0.0264400, 0.0245900, 0.0274300, 0.0230800, 0.0251400, 0.0271810, 0.0257410, 0.0248510, 0.0259500, 0.0233600, 0.0251700, 0.0247500, 0.0273500, 0.0229600, 0.0264700, 0.0250900, 0.0265400, 0.0249600, 0.0250800, 0.0271100, 0.0239700, 0.0268200, 0.0273100, 0.0276100, 0.0277700, 0.0249900, 0.0272710, 0.0269010, 0.0278410, 0.0265010, 0.0291110, 0.0238100, 0.0271100, 0.0266400, 0.0253900, 0.0250400, 0.0277100, 0.0266400, 0.0251700, 0.0244800, 0.0267400, 0.0232400, 0.0249200, 0.0246000, 0.0257900, 0.0259400, 0.0268900, 0.0274400, 0.0299700, 0.0244100, 0.0230000, 0.0253210, 0.0245510, 0.0284300, 0.0233100, 0.0265200, 0.0253400, 0.0231200, 0.0279600, 0.0245500, 0.0251800, 0.0264800, 0.0254300, 0.0249700, 0.0269500, 0.0249400, 0.0246800, 0.0250800, 0.0250100, 0.0249600, 0.0269610, 0.0270210, 0.0229210, 0.0248900, 0.0248100, 0.0229600, 0.0246900, 0.0271800, 0.0226400 ],
"timesExecution": [ 0.0287200, 0.0315600, 0.0304000, 0.0330900, 0.0300000, 0.0300000, 0.0316700, 0.0324200, 0.0320800, 0.0320100, 0.0308800, 0.0450500, 0.0300400, 0.0319200, 0.0310400, 0.0319010, 0.0317710, 0.0313610, 0.0299610, 0.0313200, 0.0298000, 0.0322100, 0.0298800, 0.0298400, 0.0313600, 0.0316800, 0.0300800, 0.0312700, 0.0300800, 0.0296410, 0.0319910, 0.0298010, 0.0311610, 0.0318500, 0.0300810, 0.0311610, 0.0329010, 0.0316110, 0.0322010, 0.0325200, 0.0312800, 0.0297200, 0.0296800, 0.0318000, 0.0298400, 0.0318500, 0.0312300, 0.0315200, 0.0303200, 0.0377300, 0.0314900, 0.0294800, 0.0319100, 0.0315610, 0.0314010, 0.0324010, 0.0314810, 0.0297610, 0.0318800, 0.0312000, 0.0312700, 0.0317200, 0.0319900, 0.0298000, 0.0324000, 0.0316900, 0.0316800, 0.0314900, 0.0310700, 0.0328900, 0.0318200, 0.0302800, 0.0297200, 0.0320100, 0.0311600, 0.0568110, 0.0313500, 0.0312100, 0.0317610, 0.0313610, 0.0299610, 0.0297200, 0.0324400, 0.0300000, 0.0312000, 0.0313200, 0.0299200, 0.0322400, 0.0317600, 0.0317300, 0.0313600, 0.0300800, 0.0330800, 0.0297200, 0.0296800, 0.0315700, 0.0301210, 0.0317210, 0.0317110, 0.0313200 ],
"timesTransferFromDevice": [ 0.4367640, 0.0191610, 0.0185600, 0.0285800, 0.0198800, 0.0236800, 0.0234200, 0.0228900, 0.0228900, 0.0228000, 0.0234500, 0.0235100, 0.0212000, 0.0268400, 0.0205600, 0.0231700, 0.0228800, 0.0227500, 0.0198400, 0.0212000, 0.0300010, 0.0254610, 0.0228810, 0.0288510, 0.0214000, 0.0226000, 0.0243200, 0.0207600, 0.0204800, 0.0228000, 0.0227200, 0.0235400, 0.0627700, 0.0212800, 0.0233200, 0.0202400, 0.0234600, 0.0211200, 0.0227500, 0.0231000, 0.0268700, 0.0230010, 0.0198810, 0.0199210, 0.0235300, 0.0200400, 0.0229700, 0.0228000, 0.0236600, 0.0229600, 0.0211200, 0.0198000, 0.0202800, 0.0223100, 0.0212800, 0.0261900, 0.0226700, 0.0234100, 0.0231200, 0.0261200, 0.0233400, 0.0258300, 0.0238810, 0.0204010, 0.0267510, 0.0260410, 0.0256510, 0.0230900, 0.0231500, 0.0235400, 0.0232100, 0.0230600, 0.0211600, 0.0203600, 0.0210000, 0.0228000, 0.0204000, 0.0214000, 0.0273400, 0.0224800, 0.0234800, 0.0229200, 0.0264100, 0.0227610, 0.0232610, 0.0255810, 0.0234010, 0.0256210, 0.0233000, 0.0225600, 0.0204000, 0.0206000, 0.0235300, 0.0201600, 0.0259700, 0.0259500, 0.0204800, 0.0193200, 0.0230000, 0.0226000 ],
"bins": [ 608, 21, 16, 17, 19, 19, 18, 22, 18, 12, 22, 12, 10, 12, 19, 10, 14, 19, 13, 17, 13, 18, 15, 14, 13, 15, 18 ]
}
,
"histogram_atomic_private": {
"timesTransferToDevice": [ 0.0247700, 0.0218910, 0.0210800, 0.0219300, 0.0258400, 0.0241700, 0.0236200, 0.0240400, 0.0237910, 0.0264310, 0.0266810, 0.0261700, 0.0268400, 0.0266500, 0.0247300, 0.0287000, 0.0278600, 0.0265900, 0.0256000, 0.0246400, 0.0245500, 0.0295300, 0.0244300, 0.0230400, 0.0270010, 0.0251310, 0.0263710, 0.0280410, 0.0254200, 0.0218800, 0.0300900, 0.0246000, 0.0266500, 0.0265300, 0.0259600, 0.0234400, 0.0265400, 0.0233600, 0.0226000, 0.0246900, 0.0270910, 0.0250610, 0.0269810, 0.0248410, 0.0212800, 0.0252600, 0.0290300, 0.0275900, 0.0303900, 0.0278700, 0.0252500, 0.0252500, 0.0232800, 0.0242400, 0.0228400, 0.0260800, 0.0254200, 0.0273010, 0.0229210, 0.0246110, 0.0275510, 0.0281700, 0.0231700, 0.0263900, 0.0272700, 0.0264510, 0.0262010, 0.0263710, 0.0272610, 0.0264900, 0.0326000, 0.0240500, 0.0244800, 0.0253200, 0.0241700, 0.0233600, 0.0244500, 0.0268200, 0.0264800, 0.0218800, 0.0249300, 0.0266800, 0.0248710, 0.0253810, 0.0269810, 0.0236110, 0.0258800, 0.0247300, 0.0244400, 0.0236000, 0.0246800, 0.0246700, 0.0299600, 0.0266000, 0.0253400, 0.0264400, 0.0247700, 0.0274710, 0.0266510, 0.0230810 ],
"timesExecution": [ 0.0277200, 0.0278400, 0.0276410, 0.0297300, 0.0278800, 0.0310200, 0.0301900, 0.0303600, 0.0301200, 0.0288200, 0.0287200, 0.0317610, 0.0297210, 0.0298010, 0.0297210, 0.0312400, 0.0314500, 0.0312800, 0.0314000, 0.0311600, 0.0298000, 0.0323700, 0.0317300, 0.0300000, 0.0298800, 0.0320300, 0.0314100, 0.0311600, 0.0297600, 0.0293210, 0.0315610, 0.0316310, 0.0298010, 0.0297600, 0.0303200, 0.0313700, 0.0304400, 0.0320200, 0.0302000, 0.0310000, 0.0317300, 0.0312400, 0.0318900, 0.0309200, 0.0315200, 0.0300810, 0.0319010, 0.0314310, 0.0294010, 0.0314010, 0.0315710, 0.0296400, 0.0297200, 0.0314900, 0.0303200, 0.0312100, 0.0313200, 0.0314800, 0.0296400, 0.0315700, 0.0298000, 0.0300400, 0.0313100, 0.0308800, 0.0322000, 0.0312000, 0.0301200, 0.0313200, 0.0313600, 0.0328700, 0.0296800, 0.0296410, 0.0312810, 0.0297610, 0.0322200, 0.0312000, 0.0314000, 0.0318100, 0.0296400, 0.0297200, 0.0295600, 0.0313900, 0.0295600, 0.0312800, 0.0311200, 0.0328600, 0.0321600, 0.0298000, 0.0311610, 0.0296410, 0.0299210, 0.0312700, 0.0314100, 0.0296400, 0.0307600, 0.0298000, 0.0312800, 0.0317400, 0.0311700, 0.0313500 ],
"timesTransferFromDevice": [ 0.0173200, 0.0178000, 0.0175200, 0.0224500, 0.0217510, 0.0225310, 0.0200800, 0.0227300, 0.0217200, 0.0221200, 0.0216800, 0.0245300, 0.0232400, 0.0229200, 0.0230400, 0.0196800, 0.0216410, 0.0262010, 0.0214410, 0.0258610, 0.0215200, 0.0255500, 0.0234200, 0.0227600, 0.0241500, 0.0228100, 0.0234800, 0.0234200, 0.0226300, 0.0226400, 0.0213500, 0.0232200, 0.0238500, 0.0206800, 0.0363610, 0.0233700, 0.0237510, 0.0235110, 0.0207200, 0.0234400, 0.0227700, 0.0230500, 0.0219200, 0.0228800, 0.0227500, 0.0211200, 0.0225100, 0.0231500, 0.0205200, 0.0232100, 0.0216800, 0.0231300, 0.0234710, 0.0234210, 0.0235300, 0.0210400, 0.0234400, 0.0263000, 0.0239700, 0.0214000, 0.0789210, 0.0229300, 0.0223900, 0.0258700, 0.0224300, 0.0234300, 0.0240700, 0.0239700, 0.0208400, 0.0196000, 0.0232100, 0.0229600, 0.0196800, 0.0234100, 0.0237300, 0.0279600, 0.0229700, 0.0234110, 0.0233310, 0.0206800, 0.0193600, 0.0229500, 0.0207600, 0.0234300, 0.0201200, 0.0203200, 0.0235100, 0.0210000, 0.0242500, 0.0232400, 0.0234800, 0.0194800, 0.0210400, 0.0227310, 0.0230010, 0.0219200, 0.0232100, 0.0204800, 0.0234200, 0.0228500 ],
"bins": [ 608, 21, 16, 17, 19, 19, 18, 22, 18, 12, 22, 12, 10, 12, 19, 10, 14, 19, 13, 17, 13, 18, 15, 14, 13, 15, 18 ]
}
,