{
"inputLengthInCharacters": 512,
"uniformInput": false,
"useMappingLetter": false,
"measurements": {
"histogram_one_thread_per_character": {
"timesTransferToDevice": [ 0.0554300, 0.0212010, 0.0272810, 0.0205210, 0.0251310, 0.0265600, 0.0317400, 0.0248410, 0.0254210, 0.0266910, 0.0268500, 0.0255300, 0.0249610, 0.0244110, 0.0301010, 0.0244600, 0.0230700, 0.0260700, 0.0248010, 0.0233410, 0.0234110, 0.0244800, 0.0304300, 0.0264500, 0.0268010, 0.0266610, 0.0273110, 0.0260600, 0.0237200, 0.0244400, 0.0253100, 0.0275510, 0.0290610, 0.0267810, 0.0267310, 0.0261300, 0.0241000, 0.0249100, 0.0296910, 0.0274010, 0.0246800, 0.0273000, 0.0265800, 0.0250910, 0.0238010, 0.0232000, 0.0255200, 0.0267200, 0.0245200, 0.0233300, 0.0249310, 0.0248910, 0.0270200, 0.0268100, 0.0235800, 0.0268910, 0.0269110, 0.0258010, 0.0271100, 0.0274900, 0.0269510, 0.0246210, 0.0232510, 0.0295800, 0.0246600, 0.0263800, 0.0222010, 0.0276010, 0.0299400, 0.0274900, 0.0234000, 0.0233800, 0.0253010, 0.0248410, 0.0264510, 0.0250800, 0.0277810, 0.0272800, 0.0270200, 0.0274800, 0.0266110, 0.0244210, 0.0255110, 0.0247100, 0.0232600, 0.0279800, 0.0245710, 0.0271010, 0.0267300, 0.0253400, 0.0272810, 0.0297110, 0.0266110, 0.0238500, 0.0252500, 0.0272700, 0.0268710, 0.0234010, 0.0269010, 0.0231600 ],
"timesExecution": [ 0.0274500, 0.0280300, 0.0259210, 0.0277810, 0.0282710, 0.0275310, 0.0266000, 0.0257600, 0.0276200, 0.0274010, 0.0271610, 0.0438510, 0.0253600, 0.0250800, 0.0273710, 0.0255210, 0.0276510, 0.0255600, 0.0252000, 0.0277900, 0.0274510, 0.0258810, 0.0275310, 0.0277700, 0.0275300, 0.0275300, 0.0255610, 0.0276910, 0.0276510, 0.0271000, 0.0275600, 0.0254800, 0.0255210, 0.0275700, 0.0278310, 0.0276010, 0.0273310, 0.0273900, 0.0274700, 0.0253210, 0.0262410, 0.0272110, 0.0270900, 0.0274100, 0.0278210, 0.0256010, 0.0272010, 0.0272010, 0.0275000, 0.0276200, 0.0252800, 0.0273710, 0.0273110, 0.0253600, 0.0274900, 0.0253200, 0.0272100, 0.0269910, 0.0276710, 0.0257600, 0.0271600, 0.0253600, 0.0266410, 0.0270110, 0.0252800, 0.0272800, 0.0275400, 0.0255210, 0.0274210, 0.0252400, 0.0256400, 0.0274500, 0.0276400, 0.0270100, 0.0270710, 0.0549110, 0.0267110, 0.0262410, 0.0270710, 0.0270000, 0.0255600, 0.0275210, 0.0254010, 0.0276810, 0.0284010, 0.0274500, 0.0255600, 0.0256410, 0.0274210, 0.0254010, 0.0272800, 0.0275010, 0.0275110, 0.0269610, 0.0271610, 0.0264000, 0.0254800, 0.0270810, 0.0255610, 0.0269610 ],
"timesTransferFromDevice": [ 0.4551380, 0.0187200, 0.0187600, 0.0214800, 0.0235600, 0.0238910, 0.0211610, 0.0209200, 0.0214800, 0.0204400, 0.0210800, 0.0234310, 0.0212800, 0.0236000, 0.0200000, 0.0237600, 0.0230810, 0.0267710, 0.0210000, 0.0231600, 0.0233000, 0.0192800, 0.0211210, 0.0260410, 0.0218400, 0.0203200, 0.0213600, 0.0225400, 0.0204410, 0.0233710, 0.0234410, 0.0256700, 0.0546010, 0.0273500, 0.0231700, 0.0232810, 0.0238110, 0.0199210, 0.0235300, 0.0237800, 0.0220000, 0.0216410, 0.0234210, 0.0239300, 0.0266100, 0.0198800, 0.0193600, 0.0221610, 0.0207210, 0.0212810, 0.0231100, 0.0240600, 0.0219210, 0.0253710, 0.0204410, 0.0234500, 0.0246600, 0.0208000, 0.0205210, 0.0239810, 0.0234800, 0.0238200, 0.0234000, 0.0236410, 0.0237610, 0.0233700, 0.0231300, 0.0234700, 0.0255510, 0.0234210, 0.0211610, 0.0234910, 0.0219200, 0.0266000, 0.0239700, 0.0237300, 0.0230300, 0.0213600, 0.0238910, 0.0242110, 0.0219000, 0.0232900, 0.0206000, 0.0235700, 0.0261910, 0.0263600, 0.0197600, 0.0231200, 0.0230310, 0.0232510, 0.0212800, 0.0238000, 0.0228400, 0.0238100, 0.0238510, 0.0239710, 0.0243900, 0.0214000, 0.0194400, 0.0263910 ],
"bins": [ 3, 5, 6, 0, 2, 7, 9, 2, 3, 4, 2, 2, 3, 2, 2, 4, 3, 5, 1, 6, 5, 3, 3, 5, 7, 2, 1, 2, 5, 4, 6, 3, 1, 8, 4, 4, 2, 3, 5, 3, 1, 7, 5, 4, 2, 3, 2, 2, 9, 6, 1, 3, 7, 6, 5, 5, 3, 8, 5, 4, 4, 3, 7, 8, 4, 4, 7, 1, 5, 3, 9, 5, 3, 3, 4, 2, 6, 7, 4, 6, 3, 4, 4, 3, 6, 3, 3, 4, 5, 3, 5, 5, 4, 4, 3, 3, 3, 3, 2, 2, 5, 4, 3, 6, 4, 8, 4, 3, 1, 4, 2, 2, 0, 6, 3, 4, 6, 5, 4, 3, 5, 7, 3, 2, 5, 5, 2, 4 ]
}
,
"histogram_atomic_private": {
"timesTransferToDevice": [ 0.0170810, 0.0245510, 0.0195600, 0.0219200, 0.0257800, 0.0227400, 0.0241300, 0.0227900, 0.0244800, 0.0221200, 0.0245700, 0.0250600, 0.0259100, 0.0218400, 0.0277010, 0.0230410, 0.0237410, 0.0281810, 0.0253600, 0.0275500, 0.0229200, 0.0251010, 0.0273110, 0.0253110, 0.0274000, 0.0262200, 0.0245200, 0.0254210, 0.0241010, 0.0242010, 0.0268110, 0.0270700, 0.0248900, 0.0266600, 0.0267010, 0.0233310, 0.0238910, 0.0228810, 0.0248500, 0.0264400, 0.0251700, 0.0262610, 0.0273210, 0.0269710, 0.0240700, 0.0236100, 0.0229600, 0.0254200, 0.0259310, 0.0246310, 0.0272810, 0.0281910, 0.0236600, 0.0231000, 0.0273810, 0.0247210, 0.0230810, 0.0247510, 0.0251410, 0.0250310, 0.0238700, 0.0277400, 0.0231200, 0.0275710, 0.0232710, 0.0255210, 0.0274310, 0.0266800, 0.0266600, 0.0272810, 0.0251410, 0.0257700, 0.0242600, 0.0268000, 0.0253800, 0.0234110, 0.0251810, 0.0271510, 0.0269800, 0.0292800, 0.0273100, 0.0240510, 0.0273010, 0.0247610, 0.0272800, 0.0272310, 0.0267810, 0.0247310, 0.0238610, 0.0267910, 0.0250300, 0.0256100, 0.0269900, 0.0271510, 0.0250210, 0.0242710, 0.0231410, 0.0255900, 0.0214000, 0.0269900 ],
"timesExecution": [ 0.0223200, 0.0232400, 0.0233200, 0.0255410, 0.0244410, 0.0260110, 0.0263310, 0.0242010, 0.0245610, 0.0266610, 0.0247610, 0.0258010, 0.0271300, 0.0254000, 0.0284600, 0.0276900, 0.0275310, 0.0269110, 0.0258010, 0.0277410, 0.0275900, 0.0279300, 0.0278700, 0.0257210, 0.0280010, 0.0277400, 0.0256800, 0.0253600, 0.0253600, 0.0253600, 0.0271610, 0.0285210, 0.0270800, 0.0257600, 0.0271100, 0.0254400, 0.0272510, 0.0274610, 0.0269210, 0.0277910, 0.0276700, 0.0277300, 0.0270400, 0.0272410, 0.0256810, 0.0255610, 0.0269910, 0.0253200, 0.0268300, 0.0255200, 0.0271210, 0.0268310, 0.0281110, 0.0254800, 0.0274900, 0.0277400, 0.0606010, 0.0271400, 0.0254400, 0.0253610, 0.0253610, 0.0281300, 0.0269500, 0.0253600, 0.0280400, 0.0252010, 0.0275810, 0.0272800, 0.0276600, 0.0278300, 0.0271610, 0.0278510, 0.0256410, 0.0257210, 0.0271700, 0.0256400, 0.0254800, 0.0271510, 0.0282610, 0.0252010, 0.0277400, 0.0272100, 0.0273710, 0.0270010, 0.0255210, 0.0253600, 0.0254000, 0.0273100, 0.0253610, 0.0244410, 0.0256410, 0.0255210, 0.0274100, 0.0255200, 0.0260600, 0.0270010, 0.0256010, 0.0257210, 0.0255210, 0.0277300 ],
"timesTransferFromDevice": [ 0.0172000, 0.0166010, 0.0167610, 0.0190800, 0.0248010, 0.0248410, 0.0202810, 0.0194010, 0.0204810, 0.0222910, 0.0202010, 0.0237910, 0.0232610, 0.0243310, 0.0193200, 0.0208000, 0.0210800, 0.0201600, 0.0200010, 0.0214410, 0.0209610, 0.0212400, 0.0241700, 0.0232900, 0.0234610, 0.0198810, 0.0227210, 0.0210010, 0.0204000, 0.0235000, 0.0232500, 0.0235410, 0.0234210, 0.0201610, 0.0230300, 0.0235100, 0.0216400, 0.0232100, 0.0210800, 0.0216010, 0.0207610, 0.0260000, 0.0216800, 0.0230200, 0.0226800, 0.0231710, 0.0230810, 0.0230410, 0.0223100, 0.0231300, 0.0212800, 0.0229700, 0.0232510, 0.0235810, 0.0239400, 0.0235800, 0.0235210, 0.0208800, 0.0209200, 0.0235700, 0.0822720, 0.0225910, 0.0235710, 0.0214000, 0.0199200, 0.0216400, 0.0269210, 0.0218410, 0.0236910, 0.0224000, 0.0240400, 0.0222400, 0.0224910, 0.0258310, 0.0226810, 0.0273100, 0.0199600, 0.0231100, 0.0231600, 0.0232610, 0.0228810, 0.0230000, 0.0231300, 0.0206800, 0.0234010, 0.0207200, 0.0200000, 0.0196800, 0.0199600, 0.0231200, 0.0227200, 0.0234210, 0.0266710, 0.0229200, 0.0212400, 0.0216400, 0.0200400, 0.0229400, 0.0234410, 0.0232110 ],
"bins": [ 3, 5, 6, 0, 2, 7, 9, 2, 3, 4, 2, 2, 3, 2, 2, 4, 3, 5, 1, 6, 5, 3, 3, 5, 7, 2, 1, 2, 5, 4, 6, 3, 1, 8, 4, 4, 2, 3, 5, 3, 1, 7, 5, 4, 2, 3, 2, 2, 9, 6, 1, 3, 7, 6, 5, 5, 3, 8, 5, 4, 4, 3, 7, 8, 4, 4, 7, 1, 5, 3, 9, 5, 3, 3, 4, 2, 6, 7, 4, 6, 3, 4, 4, 3, 6, 3, 3, 4, 5, 3, 5, 5, 4, 4, 3, 3, 3, 3, 2, 2, 5, 4, 3, 6, 4, 8, 4, 3, 1, 4, 2, 2, 0, 6, 3, 4, 6, 5, 4, 3, 5, 7, 3, 2, 5, 5, 2, 4 ]
}
,