{
"inputLengthInCharacters": 268435456,
"uniformInput": false,
"useMappingLetter": false,
"measurements": {
"histogram_one_thread_per_character": {
"timesTransferToDevice": [ 26.2942524, 25.4820709, 25.1676884, 25.2549496, 25.3715801, 25.1969299, 25.1886196, 23.9366798, 25.1979408, 23.9366589, 25.2109184, 25.2531872, 22.3777866, 24.0404778, 25.3560886, 25.2373409, 25.3059807, 25.1940804, 25.2389202, 25.3001404, 25.2835197, 25.3027306, 25.3150196, 25.1849079, 25.2657394, 25.4352398, 25.1385479, 25.1810474, 25.1083889, 25.2812271, 25.2064610, 25.2352276, 25.3777409, 25.2028084, 25.1849575, 25.2956085, 23.8812389, 25.2205677, 25.2199001, 25.4677525, 25.1263561, 25.2378483, 25.2327995, 25.3089275, 25.2538204, 25.3665104, 25.1890373, 23.9409885, 23.9415874, 25.2575207, 25.2230072, 25.2522373, 22.3545437, 23.8793964, 25.2505207, 23.9110584, 25.2252083, 25.3679523, 25.0977383, 25.2872009, 25.2899799, 23.9146175, 25.2150173, 23.9325771, 23.9422588, 23.8953171, 25.4511204, 25.0862675, 23.8403072, 25.0967674, 25.1893082, 25.1805401, 23.9548988, 23.9374981, 25.2391872, 25.2642193, 25.2741280, 23.9396877, 25.2800007, 23.8832073, 25.2529087, 25.2549992, 25.2123280, 22.3580246, 25.1247578, 25.2714996, 25.2661800, 25.2110481, 22.3394833, 25.2484207, 25.1583176, 25.2523689, 22.3757648, 23.9036579, 25.2367191, 23.8872776, 25.2815075, 23.8827572, 25.2642403, 25.2202606 ],
"timesExecution": [ 19.0823326, 18.8219967, 19.0871277, 19.0833073, 18.8192863, 19.0841084, 19.0854797, 18.8195763, 19.0938873, 19.1253586, 19.0858288, 19.0829582, 18.8188877, 19.0860157, 18.8231163, 19.0848007, 19.0856285, 19.0885887, 19.0846577, 19.0775471, 19.0807381, 19.0886078, 19.0886078, 19.0784283, 19.0789871, 18.8306446, 18.8203564, 18.8168259, 19.0871754, 18.8189068, 19.0816784, 19.0826073, 18.8170261, 19.0816402, 19.0868568, 18.8206062, 19.0890083, 19.0862274, 18.8138351, 19.0792675, 19.0779762, 19.0827484, 19.0823193, 19.0826473, 19.0909176, 19.0786686, 19.0825882, 19.0833607, 19.0846672, 18.8196754, 19.0822353, 19.0876560, 19.0865574, 19.0830765, 18.8182259, 19.0793591, 19.0896282, 18.8187065, 19.0812683, 19.0831165, 18.8220768, 19.0823975, 18.8156166, 19.0817184, 19.0818672, 19.0835972, 19.0870285, 19.0880184, 19.0886974, 19.0807171, 18.8182354, 19.0799084, 19.0788784, 19.1306992, 19.0805473, 19.0852680, 19.0897808, 19.0873489, 18.8153362, 19.0769482, 19.0840683, 18.8191853, 19.0837173, 18.8200169, 19.0897484, 19.0803375, 18.8159161, 19.0799885, 19.0824680, 18.8127365, 19.0863476, 19.0844288, 19.0858574, 19.0822086, 18.8179760, 19.0831604, 18.8157043, 19.0833473, 19.0846577, 18.8217754 ],
"timesTransferFromDevice": [ 0.3528630, 0.0196000, 0.0192800, 0.0197600, 0.0198010, 0.0191600, 0.0204400, 0.0204800, 0.0202000, 0.0204800, 0.0200000, 0.0207200, 0.0199600, 0.0205210, 0.0195600, 0.0200800, 0.0201600, 0.0201200, 0.0199610, 0.0204000, 0.0199200, 0.0205610, 0.0198000, 0.0198800, 0.0199200, 0.0202800, 0.0192800, 0.0195200, 0.0202000, 0.0196800, 0.0556010, 0.0195200, 0.0199200, 0.0201600, 0.0202810, 0.0205200, 0.0195600, 0.0197600, 0.0208800, 0.0198000, 0.0198800, 0.0206400, 0.0199600, 0.0242910, 0.0208800, 0.0199600, 0.0206400, 0.0197200, 0.0203600, 0.0198400, 0.0202810, 0.0196400, 0.0202400, 0.0202010, 0.0210000, 0.0198400, 0.0202800, 0.0199200, 0.0198800, 0.0196000, 0.0194400, 0.0199610, 0.0208810, 0.0205200, 0.0195200, 0.0204800, 0.0199600, 0.0213200, 0.0201200, 0.0206800, 0.0240400, 0.0205610, 0.0220000, 0.0194000, 0.0199200, 0.0203600, 0.0205200, 0.0202000, 0.0221200, 0.0205600, 0.0199600, 0.0196000, 0.0204010, 0.0205210, 0.0203600, 0.0202800, 0.0200800, 0.0202400, 0.0208000, 0.0205210, 0.0198000, 0.0201600, 0.0203600, 0.0199600, 0.0202400, 0.0200400, 0.0205610, 0.0205600, 0.0197600, 0.0195600 ],
"bins": [ 2096674, 2097836, 2098310, 2095555, 2097065, 2098840, 2096945, 2099103, 2100258, 2097992, 2095812, 2096448, 2096669, 2098342, 2098488, 2096597, 2096221, 2096569, 2095113, 2097874, 2097485, 2095730, 2094358, 2098405, 2098264, 2096815, 2096388, 2096770, 2095224, 2095911, 2095356, 2097805, 2096615, 2099470, 2099325, 2094848, 2095950, 2097879, 2096612, 2098868, 2095039, 2098798, 2099479, 2098016, 2096023, 2095935, 2098202, 2096924, 2096583, 2096135, 2097386, 2096678, 2099266, 2095465, 2096668, 2099495, 2096245, 2096388, 2097402, 2096850, 2096744, 2097434, 2098435, 2096909, 2098636, 2095206, 2097906, 2101005, 2096791, 2097909, 2099076, 2100782, 2095056, 2095790, 2097574, 2098144, 2096282, 2096663, 2097938, 2099362, 2100724, 2096497, 2094848, 2097730, 2096296, 2095692, 2095695, 2096718, 2098228, 2095819, 2097994, 2098259, 2098411, 2096036, 2095664, 2096278, 2096968, 2094207, 2096461, 2097244, 2097019, 2097218, 2099930, 2094976, 2095970, 2097812, 2097952, 2096373, 2097914, 2095377, 2098284, 2098783, 2096475, 2095821, 2096523, 2096009, 2095878, 2096357, 2095433, 2097487, 2097339, 2097217, 2098777, 2098835, 2095527, 2096846, 2099616, 2096531 ]
}
,
"histogram_atomic_private": {
"timesTransferToDevice": [ 25.3199100, 23.4871845, 23.4563332, 23.3675632, 23.4524746, 23.3197727, 23.4935951, 21.9734421, 23.4642754, 23.2964516, 23.4586334, 23.4791832, 23.3890038, 23.4927349, 22.5278072, 23.3577232, 23.4606533, 22.2128334, 23.3084526, 23.4496346, 23.2947044, 22.1800137, 23.3121033, 23.4548836, 23.3915443, 23.5331841, 23.5553246, 23.4477234, 23.3148918, 23.4539146, 23.2651119, 23.4955044, 23.3706932, 23.4445648, 23.3114529, 23.4668045, 23.3302517, 23.4536247, 25.7323532, 25.3981915, 24.1580296, 25.0254288, 25.0916576, 23.9185772, 25.2023792, 22.5779953, 23.9158382, 24.1335392, 25.0455685, 25.1397972, 23.9002075, 24.1246700, 25.0393162, 25.1175976, 25.0468960, 25.0354557, 25.0445671, 23.5882645, 25.0836754, 23.8910179, 25.1093178, 23.9731178, 25.3386707, 23.6275234, 23.5647755, 25.0310974, 23.8179474, 25.2058182, 23.8703671, 25.0193081, 25.0907555, 25.0177288, 25.1106873, 25.0374088, 25.1244488, 25.2477074, 23.7948475, 25.0267982, 25.1393204, 23.9087276, 25.2015686, 23.8233356, 23.5239239, 24.2600918, 25.0423889, 25.0119553, 25.0247955, 25.0945778, 23.9561386, 24.2043991, 25.2947998, 25.1607075, 24.1722202, 23.9433289, 24.1461601, 23.9482002, 25.1596394, 25.0180283, 25.1467972, 25.2565880 ],
"timesExecution": [ 2.4283400, 2.4362600, 2.4405811, 2.4275811, 2.4404900, 2.4365511, 2.4407001, 2.4200301, 2.4289801, 2.4512610, 2.4521899, 2.4377401, 2.4209399, 2.4389400, 2.4379001, 2.4182601, 2.4356401, 2.4397399, 2.4491701, 2.4276600, 2.4204600, 2.4487400, 2.4439800, 2.4244211, 2.4355400, 2.4450200, 2.4394600, 2.4248099, 2.4363799, 2.4415810, 2.4433401, 2.4276299, 2.4399400, 2.4463010, 2.4433401, 2.4224601, 2.4371400, 2.4516799, 2.4541900, 2.4258001, 2.4310801, 2.4407001, 2.4422610, 2.4246800, 2.4414301, 2.4481800, 2.4514899, 2.4293900, 2.4361300, 2.4394801, 2.4482501, 2.4255700, 2.4280500, 2.4435599, 2.4545510, 2.4284501, 2.4417601, 2.4520011, 2.4465201, 2.4278700, 2.4461200, 2.4405899, 2.4480901, 2.4242899, 2.4349799, 2.4415700, 2.4502900, 2.4216499, 2.4399800, 2.4461801, 2.4396999, 2.4229701, 2.4328499, 2.4491301, 2.4614911, 2.4249899, 2.4394901, 2.4445000, 2.4436400, 2.4260399, 2.4298501, 2.4437511, 2.4447801, 2.4314001, 2.4430001, 2.4510100, 2.4481499, 2.4268799, 2.4399300, 2.4426899, 2.4540801, 2.4285901, 2.4409499, 2.4409101, 2.4533601, 2.4329700, 2.4344499, 2.4451900, 2.4426501, 2.4320810 ],