{
"inputLengthInCharacters": 8192,
"uniformInput": false,
"useMappingLetter": false,
"measurements": {
"histogram_one_thread_per_character": {
"timesTransferToDevice": [ 0.0604900, 0.0291410, 0.0329200, 0.0270100, 0.0288400, 0.0294010, 0.0273010, 0.0320110, 0.0288900, 0.0305400, 0.0272500, 0.0295110, 0.0294700, 0.0298000, 0.0273000, 0.0303910, 0.0274610, 0.0303910, 0.0323010, 0.0288900, 0.0275400, 0.0290510, 0.0278610, 0.0289610, 0.0275210, 0.0287300, 0.0286800, 0.0328500, 0.0293410, 0.0291810, 0.0275410, 0.0289700, 0.0273300, 0.0267800, 0.0296400, 0.0291900, 0.0291110, 0.0291510, 0.0291010, 0.0288900, 0.0295100, 0.0290300, 0.0310810, 0.0309010, 0.0301900, 0.0330010, 0.0293110, 0.0273010, 0.0273000, 0.0272600, 0.0295200, 0.0273000, 0.0273210, 0.0303210, 0.0289710, 0.0292310, 0.0295000, 0.0271800, 0.0291010, 0.0383110, 0.0293100, 0.0278300, 0.0295900, 0.0291910, 0.0291810, 0.0292100, 0.0292500, 0.0280500, 0.0322510, 0.0291410, 0.0286900, 0.0303100, 0.0292200, 0.0292310, 0.0292210, 0.0293400, 0.0299410, 0.0291100, 0.0309800, 0.0275700, 0.0289610, 0.0271710, 0.0301610, 0.0273800, 0.0272500, 0.0292600, 0.0272610, 0.0313010, 0.0273710, 0.0296400, 0.0331300, 0.0338910, 0.0228400, 0.0313910, 0.0290510, 0.0316910, 0.0291100, 0.0271800, 0.0270210, 0.0302310 ],
"timesExecution": [ 0.0284500, 0.0278410, 0.0292510, 0.0298810, 0.0292000, 0.0292800, 0.0296210, 0.0297110, 0.0291310, 0.0272010, 0.0290900, 0.0488110, 0.0293510, 0.0297110, 0.0290800, 0.0288900, 0.0301710, 0.0294010, 0.0298210, 0.0296610, 0.0290200, 0.0274000, 0.0292500, 0.0291310, 0.0299510, 0.0290810, 0.0291800, 0.0273600, 0.0290600, 0.0296500, 0.0286810, 0.0272810, 0.0293300, 0.0272810, 0.0288410, 0.0297800, 0.0294600, 0.0284810, 0.0268810, 0.0292510, 0.0272600, 0.0290000, 0.0288100, 0.0291310, 0.0282110, 0.0291200, 0.0290100, 0.0294510, 0.0296710, 0.0274410, 0.0289310, 0.0292600, 0.0291400, 0.0287500, 0.0288010, 0.0288510, 0.0293310, 0.0294600, 0.0291300, 0.0293510, 0.0272810, 0.0293810, 0.0292900, 0.0294200, 0.0292510, 0.0293410, 0.0295510, 0.0291500, 0.0295100, 0.0288910, 0.0294210, 0.0293310, 0.0293800, 0.0290900, 0.0289210, 0.0659420, 0.0287710, 0.0269610, 0.0298300, 0.0274400, 0.0291700, 0.0295910, 0.0288010, 0.0297810, 0.0271610, 0.0288100, 0.0287600, 0.0290100, 0.0296710, 0.0291210, 0.0272000, 0.4020270, 0.0297000, 0.0282300, 0.0302400, 0.0300610, 0.0290810, 0.0290900, 0.0278000, 0.0294610 ],
"timesTransferFromDevice": [ 0.4328680, 0.0192000, 0.0193200, 0.0204410, 0.0226910, 0.0240900, 0.0200400, 0.0229600, 0.0198800, 0.0282410, 0.0204810, 0.0210300, 0.0229600, 0.0232510, 0.0211610, 0.0231300, 0.0192400, 0.0228400, 0.0219600, 0.0202410, 0.0232410, 0.0236900, 0.0216000, 0.0204000, 0.0233400, 0.0234610, 0.0196010, 0.0207210, 0.0212000, 0.0276000, 0.0235000, 0.0263610, 0.0566410, 0.0232400, 0.0229310, 0.0274010, 0.0234900, 0.0232000, 0.0269000, 0.0215610, 0.0233710, 0.0242410, 0.0227600, 0.0232100, 0.0235010, 0.0230100, 0.0269300, 0.0237100, 0.0208800, 0.0214410, 0.0264910, 0.0206410, 0.0194400, 0.0230400, 0.0220400, 0.0233400, 0.0256210, 0.0263410, 0.0206000, 0.0230500, 0.0264500, 0.0232510, 0.0230410, 0.0228000, 0.0228800, 0.0237600, 0.0199210, 0.0214010, 0.0264800, 0.0234100, 0.0233600, 0.0269010, 0.0234200, 0.0242400, 0.0238600, 0.0243400, 0.0235700, 0.0267810, 0.0210810, 0.0231210, 0.0236500, 0.0195600, 0.0215600, 0.0231700, 0.0213610, 0.0233310, 0.0261710, 0.0258600, 0.0232000, 0.0194010, 0.0204410, 0.0233510, 0.0231310, 0.0237300, 0.0234500, 0.0265800, 0.0232810, 0.0229210, 0.0230000, 0.0215200 ],
"bins": [ 63, 64, 64, 63, 57, 77, 70, 53, 59, 71, 64, 56, 69, 60, 67, 67, 61, 72, 59, 49, 58, 65, 61, 56, 59, 69, 58, 58, 64, 65, 56, 68, 71, 70, 71, 82, 79, 70, 69, 67, 54, 61, 78, 66, 71, 62, 57, 67, 63, 80, 70, 63, 69, 67, 53, 66, 69, 73, 56, 61, 55, 58, 59, 68, 66, 56, 62, 68, 68, 69, 64, 57, 58, 65, 63, 81, 56, 71, 54, 62, 43, 70, 71, 65, 53, 60, 57, 55, 64, 68, 77, 59, 66, 68, 71, 59, 72, 72, 66, 66, 59, 64, 63, 67, 60, 58, 66, 67, 61, 67, 66, 55, 66, 55, 65, 61, 58, 61, 56, 67, 72, 73, 53, 63, 66, 73, 65, 56 ]
}
,
"histogram_atomic_private": {
"timesTransferToDevice": [ 0.0174800, 0.0317900, 0.0253800, 0.0251810, 0.0288510, 0.0270810, 0.0308710, 0.0230910, 0.0280110, 0.0278910, 0.0288410, 0.0276000, 0.0296500, 0.0293700, 0.0305510, 0.0292910, 0.0295510, 0.0291400, 0.0300400, 0.0293600, 0.0293010, 0.0288510, 0.0313010, 0.0310110, 0.0288500, 0.0308200, 0.0296000, 0.0275110, 0.0290610, 0.0270510, 0.0275500, 0.0293000, 0.0292800, 0.0287600, 0.0291910, 0.0290610, 0.0294800, 0.0330900, 0.0274600, 0.0298110, 0.0291610, 0.0301210, 0.0288500, 0.0270600, 0.0311600, 0.0299410, 0.0298510, 0.0299410, 0.0300010, 0.0332100, 0.0291900, 0.0290210, 0.0312110, 0.0311910, 0.0328110, 0.0295700, 0.0294300, 0.0227600, 0.0312110, 0.0300110, 0.0292210, 0.0288600, 0.0288200, 0.0346410, 0.0296510, 0.0274010, 0.0304410, 0.0296400, 0.0312300, 0.0310900, 0.0274310, 0.0312910, 0.0289710, 0.0298200, 0.0295800, 0.0301300, 0.0295210, 0.0295410, 0.0284510, 0.0272500, 0.0276500, 0.0287810, 0.0321810, 0.0312010, 0.0320500, 0.0273410, 0.0295910, 0.0289510, 0.0273000, 0.0303100, 0.0299000, 0.0279610, 0.0301010, 0.0323310, 0.0273500, 0.0292600, 0.0290200, 0.0298510, 0.0301410, 0.0297310 ],
"timesExecution": [ 0.0238000, 0.0247610, 0.0251610, 0.0278600, 0.0262400, 0.0271310, 0.0271410, 0.0260400, 0.0281900, 0.0286510, 0.0293910, 0.0292410, 0.0271600, 0.0295900, 0.0296700, 0.0277600, 0.0292410, 0.0287510, 0.0296310, 0.0291600, 0.0299400, 0.0301700, 0.0292810, 0.0290510, 0.0270810, 0.0289210, 0.0295500, 0.0289300, 0.0289700, 0.0293410, 0.0295910, 0.0288710, 0.0276400, 0.0294500, 0.0301900, 0.0299510, 0.0273210, 0.0288110, 0.0293400, 0.0292000, 0.0292810, 0.0287210, 0.0293710, 0.0293410, 0.0296600, 0.0295400, 0.0273200, 0.0297910, 0.0290010, 0.0273210, 0.0293700, 0.0296900, 0.0293000, 0.0295710, 0.0288610, 0.0292500, 0.0273200, 0.0290100, 0.0298200, 0.0296900, 0.0298610, 0.0295010, 0.0303400, 0.0293000, 0.0288900, 0.0289210, 0.0297910, 0.0272410, 0.0296600, 0.0293300, 0.0274000, 0.0294210, 0.0300610, 0.0296110, 0.0279600, 0.0299500, 0.0300200, 0.0294610, 0.0291310, 0.0291110, 0.0298600, 0.0291000, 0.0274410, 0.0303510, 0.0308010, 0.0288000, 0.0292110, 0.0281610, 0.0297910, 0.0290710, 0.0292900, 0.0274800, 0.0292200, 0.0299210, 0.0299410, 0.0272410, 0.0293100, 0.0295500, 0.0299800, 0.0290710 ],
"timesTransferFromDevice": [ 0.0168810, 0.0171200, 0.0171200, 0.0192400, 0.0217500, 0.0186400, 0.0184000, 0.0224600, 0.0222900, 0.0260100, 0.0230400, 0.0230110, 0.0215210, 0.0200810, 0.0203200, 0.0261600, 0.0211200, 0.0228400, 0.0212010, 0.0197610, 0.0231600, 0.0197600, 0.0195200, 0.0249400, 0.0211210, 0.0231710, 0.0214810, 0.0229300, 0.0233500, 0.0226500, 0.0237900, 0.0231210, 0.0196410, 0.0234610, 0.0213200, 0.0269000, 0.0198400, 0.0212010, 0.0238610, 0.0269500, 0.0198000, 0.0199600, 0.0236600, 0.0197610, 0.0235110, 0.0213200, 0.0201600, 0.0215600, 0.0194000, 0.0256110, 0.0230510, 0.0234200, 0.0231400, 0.0233900, 0.0234110, 0.0240010, 0.0194410, 0.0215610, 0.0235000, 0.0235400, 0.0794210, 0.0232910, 0.0202010, 0.0232900, 0.0210400, 0.0195200, 0.0210000, 0.0194800, 0.0198810, 0.0234210, 0.0196800, 0.0231400, 0.0228100, 0.0194810, 0.0211610, 0.0233310, 0.0210000, 0.0236300, 0.0259300, 0.0239810, 0.0227510, 0.0272700, 0.0195200, 0.0228000, 0.0195200, 0.0194000, 0.0273400, 0.0238400, 0.0238210, 0.0198410, 0.0211610, 0.0231300, 0.0206000, 0.0232700, 0.0215200, 0.0230110, 0.0201610, 0.0254010, 0.0229300, 0.0232900 ],
"bins": [ 63, 64, 64, 63, 57, 77, 70, 53, 59, 71, 64, 56, 69, 60, 67, 67, 61, 72, 59, 49, 58, 65, 61, 56, 59, 69, 58, 58, 64, 65, 56, 68, 71, 70, 71, 82, 79, 70, 69, 67, 54, 61, 78, 66, 71, 62, 57, 67, 63, 80, 70, 63, 69, 67, 53, 66, 69, 73, 56, 61, 55, 58, 59, 68, 66, 56, 62, 68, 68, 69, 64, 57, 58, 65, 63, 81, 56, 71, 54, 62, 43, 70, 71, 65, 53, 60, 57, 55, 64, 68, 77, 59, 66, 68, 71, 59, 72, 72, 66, 66, 59, 64, 63, 67, 60, 58, 66, 67, 61, 67, 66, 55, 66, 55, 65, 61, 58, 61, 56, 67, 72, 73, 53, 63, 66, 73, 65, 56 ]
}
,