{
"inputLengthInCharacters": 131072,
"uniformInput": false,
"useMappingLetter": true,
"measurements": {
"histogram_one_thread_per_character": {
"timesTransferToDevice": [ 0.4505530, 0.0310710, 0.0262400, 0.0259600, 0.0280200, 0.0291210, 0.0292700, 0.0299700, 0.0291810, 0.0286100, 0.0287700, 0.0599110, 0.0292700, 0.0293600, 0.0283410, 0.0294200, 0.0283300, 0.0281710, 0.0293700, 0.0331700, 0.0292500, 0.0287700, 0.0281400, 0.0286800, 0.0300810, 0.0337200, 0.0277500, 0.0323310, 0.0279700, 0.0288710, 0.0287000, 0.0294800, 0.0292100, 0.0296210, 0.0290600, 0.0287200, 0.0285010, 0.0296000, 0.0285700, 0.0291410, 0.0295900, 0.0297000, 0.0299110, 0.0295000, 0.0283700, 0.0292500, 0.0279310, 0.0280500, 0.0298300, 0.0288110, 0.0280200, 0.0283900, 0.0287810, 0.0362000, 0.0280500, 0.0281800, 0.0281800, 0.0283300, 0.0285000, 0.0298910, 0.0296300, 0.0322600, 0.0295310, 0.0287900, 0.0291100, 0.0286900, 0.0285010, 0.0291600, 0.0277700, 0.0302010, 0.0298900, 0.0281800, 0.0281310, 0.0297600, 0.0316700, 0.0841010, 0.0280600, 0.0287900, 0.0294610, 0.0304100, 0.0280800, 0.0303610, 0.0278400, 0.0291700, 0.0281000, 0.0292600, 0.0296400, 0.0283300, 0.0283710, 0.0287800, 0.0337800, 0.0296010, 0.0289000, 0.0278500, 0.0299010, 0.0280500, 0.0286700, 0.0291100, 0.0295010, 0.0283700 ],
"timesExecution": [ 0.0715410, 0.0712400, 0.0703300, 0.0706210, 0.0700910, 0.0701700, 0.0703810, 0.0707610, 0.0704600, 0.0706500, 0.0707910, 0.0707300, 0.0681210, 0.0701710, 0.0703400, 0.0679610, 0.0708610, 0.0700000, 0.0700200, 0.0703910, 0.0703000, 0.0702200, 0.0699010, 0.0695600, 0.0695700, 0.0703010, 0.0716610, 0.0676400, 0.0718910, 0.0677600, 0.0701400, 0.0702210, 0.0665400, 0.0696700, 0.0696610, 0.0701710, 0.0705500, 0.0705510, 0.0706310, 0.0678800, 0.0699010, 0.0697110, 0.0700100, 0.0696510, 0.0705810, 0.0696800, 0.0678000, 0.0697310, 0.0696410, 0.0678400, 0.0694810, 0.0679210, 0.0696400, 0.0676810, 0.0716910, 0.0696400, 0.0697300, 0.0699810, 0.0698510, 0.0676800, 0.0702510, 0.0698610, 0.0701300, 0.0700900, 0.0678810, 0.0696600, 0.0696300, 0.0701910, 0.0677210, 0.0700200, 0.0700510, 0.0695510, 0.0700000, 0.0677600, 0.0706710, 0.0707910, 0.0696910, 0.0701400, 0.0696500, 0.0706110, 0.0700110, 0.0680000, 0.0701710, 0.0677210, 0.0705800, 0.0698900, 0.0700810, 0.0701410, 0.0704300, 0.0698110, 0.0696410, 0.0707100, 0.0697610, 0.0698110, 0.0696800, 0.0713010, 0.0707110, 0.0677600, 0.0701000, 0.0699310 ],
"timesTransferFromDevice": [ 0.4219230, 0.0191600, 0.0206000, 0.0209200, 0.0234200, 0.0209610, 0.0229700, 0.0242700, 0.0231300, 0.0230000, 0.0231200, 0.0278310, 0.0242000, 0.0302300, 0.0229210, 0.0214800, 0.0234100, 0.0231800, 0.0232900, 0.0236600, 0.0269500, 0.0228000, 0.0237900, 0.0229200, 0.0233410, 0.0218400, 0.0234000, 0.0237510, 0.0246100, 0.0241300, 0.0271400, 0.0229700, 0.0230000, 0.0239110, 0.0264100, 0.0229600, 0.0229610, 0.0234500, 0.0232400, 0.0241910, 0.0257000, 0.0210800, 0.0228010, 0.0233000, 0.0235500, 0.0239100, 0.0241710, 0.0239000, 0.0236300, 0.0270310, 0.0236700, 0.0227100, 0.0232900, 0.0232100, 0.0234600, 0.0212000, 0.0211200, 0.0268300, 0.0226100, 0.0239610, 0.0234200, 0.0225200, 0.0266910, 0.0242600, 0.0231400, 0.0233300, 0.0299810, 0.0210800, 0.0229300, 0.0273810, 0.0238400, 0.0217200, 0.0209600, 0.0234200, 0.0228800, 0.0235900, 0.0228400, 0.0233700, 0.0231210, 0.0235300, 0.0208800, 0.0232610, 0.0237900, 0.0233800, 0.0272500, 0.0233500, 0.0229300, 0.0214000, 0.0271310, 0.0207200, 0.0260800, 0.0234110, 0.0208000, 0.0233700, 0.0266810, 0.0260700, 0.0230500, 0.0228800, 0.0228500, 0.0233700 ],
"bins": [ 77847, 2019, 2065, 1943, 2089, 1941, 2013, 2039, 2015, 2105, 2095, 2102, 2110, 2070, 2048, 2056, 2022, 2082, 2004, 2067, 2047, 1990, 2068, 2076, 2009, 2061, 2089 ]
}
,
"histogram_atomic_private": {
"timesTransferToDevice": [ 0.0269800, 0.0240400, 0.0238800, 0.0245200, 0.0283410, 0.0277110, 0.0305410, 0.0286310, 0.0276710, 0.0280700, 0.0294100, 0.0289800, 0.0289700, 0.0287400, 0.0281300, 0.0277800, 0.0284100, 0.0282200, 0.0288300, 0.0292200, 0.0286900, 0.0293800, 0.0309110, 0.0289010, 0.0279310, 0.0296510, 0.0289210, 0.0299210, 0.0324110, 0.0284210, 0.0287210, 0.0279610, 0.0282610, 0.0280510, 0.0292910, 0.0290500, 0.0285800, 0.0282900, 0.0294000, 0.0283800, 0.0294400, 0.0285500, 0.0620100, 0.0299900, 0.0280500, 0.0290100, 0.0288600, 0.0293900, 0.0283300, 0.0294100, 0.0298000, 0.0290500, 0.0323200, 0.0292400, 0.0305500, 0.0288800, 0.0292200, 0.0294100, 0.0293600, 0.0302600, 0.0282500, 0.0291710, 0.0293910, 0.0281710, 0.0294110, 0.0279300, 0.0289200, 0.0294200, 0.0283800, 0.0293400, 0.0302600, 0.0281800, 0.0302400, 0.0305100, 0.0283700, 0.0286800, 0.0291400, 0.0296500, 0.0298700, 0.0282400, 0.0286400, 0.0296300, 0.0337400, 0.0361500, 0.0290800, 0.0302200, 0.0291200, 0.0291700, 0.0281300, 0.0286600, 0.0345400, 0.0285000, 0.0292400, 0.0293200, 0.0287300, 0.0294600, 0.0304400, 0.0281800, 0.0283800, 0.0303100 ],
"timesExecution": [ 0.0299200, 0.0298000, 0.0317900, 0.0331400, 0.0324500, 0.0310800, 0.0331400, 0.0309200, 0.0330500, 0.0346800, 0.0339400, 0.0345600, 0.0346000, 0.0339700, 0.0323600, 0.0327600, 0.0334600, 0.0316800, 0.0341800, 0.0316800, 0.0338500, 0.0317600, 0.0323600, 0.0340600, 0.0348800, 0.0344600, 0.0320000, 0.0345300, 0.0346200, 0.0335200, 0.0340700, 0.0335600, 0.0337200, 0.0336700, 0.0338900, 0.0324000, 0.0338400, 0.0321200, 0.0336200, 0.0340900, 0.0344700, 0.0335500, 0.0331200, 0.0346000, 0.0341500, 0.0345900, 0.0342510, 0.0340210, 0.0340510, 0.0335610, 0.0341010, 0.0341810, 0.0317610, 0.0344310, 0.0338910, 0.0338810, 0.0339310, 0.0350410, 0.0320410, 0.0344710, 0.0783010, 0.0346300, 0.0322000, 0.0334700, 0.0345900, 0.0343000, 0.0320000, 0.0341800, 0.0318000, 0.0340900, 0.0322800, 0.0317200, 0.0338100, 0.0341300, 0.0336200, 0.0337000, 0.0335600, 0.0341100, 0.0342100, 0.0342200, 0.0344700, 0.0338000, 0.0337400, 0.0341800, 0.0345400, 0.0379610, 0.0327710, 0.0340210, 0.0339200, 0.0338100, 0.0338110, 0.0356410, 0.0348010, 0.0341710, 0.0338510, 0.0335610, 0.0344810, 0.0339310, 0.0338910, 0.0342110 ],
"timesTransferFromDevice": [ 0.0176400, 0.0178010, 0.0190400, 0.0231400, 0.0217200, 0.0203600, 0.0223300, 0.0196400, 0.0225000, 0.0238400, 0.0209600, 0.0222800, 0.0246500, 0.0206400, 0.0232000, 0.0231700, 0.0243400, 0.0217200, 0.0233700, 0.0218000, 0.0237900, 0.0267100, 0.0264200, 0.0264700, 0.0224300, 0.0234600, 0.0232900, 0.0242900, 0.0268500, 0.0233300, 0.0207200, 0.0235000, 0.0241100, 0.0232200, 0.0242900, 0.0246900, 0.0228800, 0.0234500, 0.0225600, 0.0266900, 0.0237400, 0.0259200, 0.0229200, 0.0234300, 0.0228800, 0.0236400, 0.0234600, 0.0234400, 0.0235200, 0.0210400, 0.0224800, 0.0216000, 0.0209600, 0.0236100, 0.0232700, 0.0227900, 0.0270800, 0.0239700, 0.0237300, 0.0225600, 0.0210400, 0.0243900, 0.0204800, 0.0204000, 0.0283400, 0.0234600, 0.0209600, 0.0239100, 0.0227600, 0.0226100, 0.0232900, 0.0226300, 0.0236300, 0.0234200, 0.0235300, 0.0245000, 0.0234200, 0.0235100, 0.0223900, 0.0228900, 0.0272510, 0.0230110, 0.0232010, 0.0229810, 0.0214800, 0.0241100, 0.0208400, 0.0201600, 0.0234600, 0.0232500, 0.0233600, 0.0258600, 0.0239000, 0.0229100, 0.0234500, 0.0228400, 0.0242600, 0.0231100, 0.0258800, 0.0232800 ],
"bins": [ 77847, 2019, 2065, 1943, 2089, 1941, 2013, 2039, 2015, 2105, 2095, 2102, 2110, 2070, 2048, 2056, 2022, 2082, 2004, 2067, 2047, 1990, 2068, 2076, 2009, 2061, 2089 ]
}
,