{
"inputLengthInCharacters": 1073741824,
"uniformInput": true,
"useMappingLetter": false,
"measurements": {
"histogram_one_thread_per_character": {
"timesTransferToDevice": [ 88.4627457, 90.0036850, 85.7944794, 85.4171753, 84.5617218, 83.4155273, 83.0297165, 86.2573547, 84.3424530, 84.3098526, 83.8030167, 85.2979736, 82.5374222, 82.8785782, 84.5531693, 83.0540543, 82.5549393, 84.1472321, 82.5580292, 90.3638687, 86.3436508, 85.7796021, 83.4275513, 85.5972290, 83.9538574, 82.5641785, 82.5037460, 84.0597076, 83.8363647, 84.3407135, 82.0935593, 84.2781982, 82.9631119, 85.6100311, 83.7639389, 81.5766983, 83.8789978, 85.5842590, 83.8489609, 83.9678574, 84.1140671, 85.5048294, 84.4847107, 83.7941132, 84.0286026, 83.9136581, 84.0615616, 85.0214386, 84.1019363, 82.6022034, 81.5172348, 82.5607681, 84.2329712, 81.6244507, 84.2030029, 83.8449860, 84.3663177, 85.3311005, 84.3609772, 84.2397308, 85.3392639, 84.4446106, 83.6446075, 82.0525818, 85.4769592, 84.6499405, 85.6659164, 81.7188339, 85.5752869, 84.2342834, 82.7162170, 84.3524933, 85.3496933, 82.9161072, 84.2228317, 84.1876602, 82.6699371, 85.2812347, 85.3945312, 85.5780869, 82.5678177, 85.2960205, 85.4616165, 85.1349945, 86.1367874, 83.9800568, 85.0138321, 84.3020248, 84.5679855, 82.6916351, 84.2660141, 84.5545120, 82.6485977, 84.2288589, 86.1287308, 84.3812637, 82.4308319, 85.4095612, 81.6830750, 84.4323883 ],
"timesExecution": [ 440.2761841, 440.3131409, 440.4094543, 440.3266907, 440.6197815, 440.3345642, 440.6661072, 440.6036987, 440.6443481, 440.3480835, 440.6294861, 440.4680176, 440.3210754, 440.3344116, 440.3670044, 440.5884705, 440.5888367, 440.5762024, 440.3650513, 440.3819580, 440.3294067, 440.3225098, 440.3168945, 440.4130859, 440.3327942, 440.3691711, 440.5897217, 440.3752136, 440.6100464, 440.3606873, 440.3006897, 440.6454773, 440.3417358, 440.3956604, 440.3710022, 440.6741943, 440.6400757, 440.4487305, 440.6855164, 440.6435852, 440.3958130, 440.4354553, 440.3801575, 440.6483765, 440.3525391, 440.3860779, 440.6573792, 440.3861694, 440.4043884, 440.3736572, 440.3604126, 440.6892700, 440.4527893, 440.4203491, 440.3959961, 440.4082947, 440.6905823, 440.4129028, 440.6514893, 440.3915100, 440.6974792, 440.4139709, 440.4162598, 440.4579773, 440.4365845, 440.4477234, 440.4018555, 440.4387207, 440.4196777, 440.4472656, 440.3819580, 440.4744873, 440.4279480, 440.6933899, 440.4298096, 440.4428711, 440.6859436, 440.4395447, 440.3939209, 440.4410706, 440.6534119, 440.4454956, 440.4379578, 440.7124939, 440.4095154, 440.6553650, 440.6708374, 440.4189148, 440.4112549, 440.4251709, 440.4258423, 440.4453735, 440.7228394, 440.6837158, 440.6524353, 440.4013672, 440.4359436, 440.4634094, 440.4300232, 440.4051208 ],
"timesTransferFromDevice": [ 0.4125730, 0.0206000, 0.0198800, 0.0194400, 0.0196400, 0.0193200, 0.0208800, 0.0195200, 0.0194800, 0.0199200, 0.0193600, 0.0194800, 0.0194400, 0.0195200, 0.0197600, 0.0196800, 0.0192000, 0.0206400, 0.0271300, 0.0208800, 0.0192800, 0.0198800, 0.0207200, 0.0195600, 0.0240400, 0.0196000, 0.0199200, 0.0222400, 0.0200000, 0.0193200, 0.0200400, 0.0192400, 0.0198400, 0.0200400, 0.0194400, 0.0194400, 0.0194800, 0.0194400, 0.0192800, 0.0194000, 0.0195600, 0.0196400, 0.0192400, 0.0258900, 0.0196000, 0.0197600, 0.0196800, 0.0196800, 0.0196400, 0.0194400, 0.0192800, 0.0192400, 0.0191600, 0.0197200, 0.0192400, 0.0204000, 0.0201200, 0.0192000, 0.0193600, 0.0194400, 0.0198000, 0.0194800, 0.0193600, 0.0189200, 0.0240500, 0.0194800, 0.0242100, 0.0202800, 0.0196400, 0.0195600, 0.0191200, 0.0217200, 0.0195600, 0.0194400, 0.0200000, 0.0195200, 0.0194000, 0.0200000, 0.0196400, 0.0196400, 0.0200000, 0.0195600, 0.0196400, 0.0203600, 0.0202400, 0.0208800, 0.0194400, 0.0194800, 0.0195200, 0.0183200, 0.0195600, 0.0196800, 0.0197200, 0.0201200, 0.0194800, 0.0192400, 0.0192800, 0.0194400, 0.0200400, 0.0198400 ],
"bins": [ 0, 0, 0, 0, 0, 0, 0, 0, 0, 0, 0, 0, 0, 0, 0, 0, 0, 0, 0, 0, 0, 0, 0, 0, 0, 0, 0, 0, 0, 0, 0, 0, 0, 0, 0, 0, 0, 0, 0, 0, 0, 0, 0, 0, 0, 0, 0, 0, 0, 0, 0, 0, 0, 0, 0, 0, 0, 0, 0, 0, 0, 0, 0, 0, 0, 0, 0, 0, 0, 0, 0, 0, 0, 0, 0, 0, 0, 0, 0, 0, 0, 0, 0, 0, 0, 0, 0, 0, 0, 0, 0, 0, 0, 0, 0, 0, 1073741824, 0, 0, 0, 0, 0, 0, 0, 0, 0, 0, 0, 0, 0, 0, 0, 0, 0, 0, 0, 0, 0, 0, 0, 0, 0, 0, 0, 0, 0, 0, 0 ]
}
,
"histogram_atomic_private": {
"timesTransferToDevice": [ 84.1535950, 83.8911514, 83.8467178, 84.4193954, 84.2612228, 84.2195816, 83.8351974, 82.4662704, 84.6695404, 84.1154022, 82.9910812, 81.5076981, 82.5716782, 85.2076950, 84.0669250, 82.3380814, 81.5109100, 86.3408813, 84.4621735, 82.9826736, 84.2798615, 85.2874146, 84.1389999, 83.9235535, 85.2643280, 85.1656952, 84.1062851, 82.8301697, 85.2082825, 82.3840790, 82.3584671, 85.0325775, 86.7657089, 83.6531296, 82.7605972, 82.7663040, 85.2146301, 82.3736420, 85.2347183, 84.1357574, 83.5062485, 82.4536591, 83.9029312, 83.9900513, 85.5923233, 82.4408188, 82.4092178, 84.2177734, 84.1161957, 83.7634583, 84.1046066, 84.1983185, 82.3668365, 83.9760666, 85.3058472, 82.7104950, 84.2598724, 83.8760986, 82.3508835, 83.6419983, 82.8585510, 82.8557129, 83.7813416, 85.1615295, 81.5064697, 85.2797852, 82.3320007, 84.2228928, 82.2279053, 85.2198410, 83.4543686, 81.5071182, 84.1052551, 84.0505753, 84.1997147, 82.6768112, 84.1700592, 83.9215317, 82.4905777, 84.0281219, 83.6409836, 82.5713348, 82.3981323, 85.2181091, 81.5626907, 84.1030731, 82.4548645, 85.1423264, 81.6584625, 83.9368591, 84.1567230, 85.2426758, 85.1162491, 84.3303223, 84.2384796, 85.1419754, 83.7640533, 83.9042664, 81.5463333, 85.1313019 ],
"timesExecution": [ 24.8942776, 24.6426754, 24.6372566, 24.7669353, 24.7284355, 24.7504673, 24.6742668, 24.9128380, 24.5527954, 24.9699478, 24.8006153, 24.6116962, 24.9462376, 24.8693085, 24.9349880, 24.7344761, 24.8298283, 24.6353760, 25.0569592, 24.8926353, 25.0550594, 24.7383366, 24.9777184, 24.9789486, 24.7503357, 24.7210064, 24.5650158, 24.6229362, 24.5953369, 24.7187366, 24.5977764, 24.7072258, 25.1055393, 24.9199886, 24.6188431, 24.8910351, 24.8178558, 24.8213367, 24.6858959, 24.9595490, 24.8328552, 24.7719765, 25.1629086, 24.6845856, 24.9154682, 24.7284565, 24.7881451, 25.0108376, 24.5398560, 25.1112995, 24.7586155, 24.8833351, 24.5634956, 24.5934162, 24.8515358, 24.7412663, 24.9694271, 24.5896568, 24.6130848, 25.1124592, 25.0753784, 24.8145065, 25.0102177, 24.7156258, 24.7614059, 24.7416363, 24.8529682, 24.9411354, 24.8305359, 24.7566261, 24.9086952, 24.9683075, 24.8497753, 24.9698887, 24.7541065, 24.6625042, 25.0688286, 24.9408875, 24.9578152, 24.6314564, 24.8418999, 24.6123161, 24.9220963, 24.6853161, 24.6501446, 24.9277763, 24.7638569, 24.9207153, 24.6568642, 24.9071369, 24.5623341, 24.7191448, 24.6891956, 24.6356239, 24.7074757, 24.7466755, 24.6754951, 24.6278152, 25.0590286, 24.8096256 ],
"timesTransferFromDevice": [ 0.0191200, 0.0195200, 0.0177600, 0.0195600, 0.0192410, 0.0197600, 0.0196400, 0.0197200, 0.0193200, 0.0192800, 0.0178800, 0.0195600, 0.0194400, 0.0192810, 0.0191200, 0.0192410, 0.0200000, 0.0192800, 0.0196000, 0.0192810, 0.0195600, 0.0193210, 0.0193600, 0.0198800, 0.0196010, 0.0192000, 0.0203200, 0.0195610, 0.0191200, 0.0190400, 0.0200800, 0.0196000, 0.0191600, 0.0190000, 0.0190810, 0.0190800, 0.0194400, 0.0218000, 0.0195200, 0.0190400, 0.0195600, 0.0194810, 0.0198000, 0.0200400, 0.0197210, 0.0191200, 0.0196410, 0.0196800, 0.0219200, 0.0192800, 0.0271600, 0.0196400, 0.0189200, 0.0202000, 0.0189200, 0.0195600, 0.0197600, 0.0196000, 0.0191600, 0.0190400, 0.0194010, 0.0192000, 0.0192400, 0.0198400, 0.0190000, 0.0195200, 0.0214800, 0.0196810, 0.0207200, 0.0203200, 0.0192800, 0.0194800, 0.0194800, 0.0192800, 0.0194000, 0.0197200, 0.0195200, 0.0193200, 0.0191210, 0.0192000, 0.0190800, 0.0196000, 0.0194400, 0.0192410, 0.0192000, 0.0195200, 0.0195200, 0.0198400, 0.0194000, 0.0194000, 0.0196810, 0.0190000, 0.0192800, 0.0195200, 0.0191610, 0.0196000, 0.0200400, 0.0194800, 0.0194000, 0.0195200 ],