{
"inputLengthInCharacters": 4294967296,
"uniformInput": true,
"useMappingLetter": true,
"measurements": {
"histogram_atomic_private_stride": {
"timesTransferToDevice": [ 251.4422607, 253.3973389, 252.6102295, 252.0872345, 253.2252655, 252.5963745, 253.2410736, 252.0661774, 253.4068146, 252.1411896, 253.1416931, 252.8484955, 250.7135620, 251.6769104, 252.2307892, 252.2829437, 253.2191010, 252.2524109, 251.9685669, 252.1828003, 252.4264984, 250.8166656, 251.9367676, 252.4556580, 253.4365234, 252.9878998, 253.0680695, 251.8735352, 252.7051086, 249.2657776, 252.4924316, 251.1925507, 249.9292297, 249.6946259, 251.0977936, 251.1368256, 251.4387512, 252.2178192, 251.2254944, 251.3751068, 249.7122498, 250.9219666, 250.8367157, 251.1840973, 250.1259003, 251.6433868, 251.4980469, 249.4720612, 251.2012177, 252.5518341, 251.2189484, 250.6114197, 252.2757568, 250.4893188, 252.1044464, 249.3738708, 250.5683899, 252.0244141, 252.2790070, 251.8668518, 251.2775879, 252.1229095, 249.2346039, 250.2140350, 250.4348450, 252.3684540, 252.8247681, 252.2038879, 250.5317078, 250.9760284, 250.7544098, 250.9691315, 251.1486053, 250.9902954, 251.2799225, 252.5009460, 250.9609222, 251.1041412, 252.4921722, 251.8671265, 251.4730377, 250.1619110, 253.3522339, 252.3294067, 250.4442291, 251.4525146, 252.5106812, 249.5521698, 249.7303772, 251.4771271, 250.3220062, 250.6567841, 251.3005219, 252.4804688, 251.8308411, 252.9624634, 253.9386597, 254.7686768, 255.0390625, 254.6526489 ],
"timesExecution": [ 78.9941025, 79.5705795, 80.0044403, 79.8571625, 79.4419174, 79.5169907, 79.6415329, 82.0700531, 79.5752869, 79.7558365, 79.7225418, 79.8662338, 79.4902267, 79.5188751, 79.3040085, 79.5439606, 80.2490082, 79.7209396, 79.4844131, 80.4220505, 79.5238037, 79.4619141, 80.1789322, 79.4881592, 79.7991180, 79.4319611, 79.9830933, 80.5706863, 79.8713913, 80.0627975, 79.7874603, 80.8586578, 80.1777954, 79.8888397, 80.1879807, 80.0978928, 79.4119415, 79.8207016, 80.1817474, 80.1279831, 79.6655426, 80.4240417, 80.2236557, 80.1021042, 80.6895599, 79.9843521, 80.8876724, 80.7491608, 80.3788071, 80.8431244, 79.7307510, 79.9964218, 80.0546188, 80.4695053, 80.1238556, 81.1403885, 79.6738892, 81.0002823, 79.9299850, 80.2017822, 80.0480652, 80.5161743, 81.2470551, 80.4795837, 80.0079651, 81.0501099, 81.3690872, 80.7923508, 80.3491058, 79.4575424, 80.5881958, 79.6442413, 80.0694046, 80.3155365, 80.2112274, 79.4999237, 79.7526550, 79.8885498, 79.6933136, 79.7527313, 79.3496017, 79.4949646, 80.0426559, 80.2128220, 79.6501694, 80.8338242, 79.8146973, 80.0619507, 79.6977768, 81.0056076, 80.1169662, 79.3990860, 80.0269699, 79.7838821, 80.1737976, 79.7781754, 79.5725403, 80.0836029, 80.2665787, 80.4614639 ],
"timesTransferFromDevice": [ 0.3658820, 0.0193200, 0.0195200, 0.0198400, 0.0196800, 0.0192000, 0.0200800, 0.0193200, 0.0194000, 0.0202400, 0.0194800, 0.0195200, 0.0203200, 0.0188400, 0.0192400, 0.0196800, 0.0193200, 0.0188800, 0.0201200, 0.0193600, 0.0189200, 0.0196400, 0.0195600, 0.0191200, 0.0179200, 0.0195200, 0.0195200, 0.0190000, 0.0194400, 0.0192000, 0.0193600, 0.0194800, 0.0198000, 0.0195600, 0.0199200, 0.0180800, 0.0188400, 0.0189600, 0.0193600, 0.0195200, 0.0194800, 0.0177200, 0.0193200, 0.0196800, 0.0194000, 0.0188800, 0.0194800, 0.0193200, 0.0193200, 0.0191600, 0.0198400, 0.0191600, 0.0194800, 0.0197200, 0.0194800, 0.0192400, 0.0190400, 0.0197200, 0.0195200, 0.0198000, 0.0218800, 0.0197200, 0.0194000, 0.0192000, 0.0201200, 0.0191200, 0.0198000, 0.0206400, 0.0193200, 0.0188000, 0.0192000, 0.0188400, 0.0192400, 0.0195200, 0.0207600, 0.0190000, 0.0195600, 0.0194000, 0.0195200, 0.0204800, 0.0196000, 0.0199600, 0.0200400, 0.0194800, 0.0194800, 0.0202000, 0.0198000, 0.0202800, 0.0204400, 0.0204000, 0.0194800, 0.0191200, 0.0204000, 0.0195200, 0.0202000, 0.0263000, 0.0194800, 0.0197600, 0.0192800, 0.0196400 ],
"bins": [ 0, 0, 0, 0, 0, 0, 0, 0, 0, 0, 0, 0, 0, 0, 0, 0, 0, 0, 0, 0, 0, 0, 0, 0, 0, 0, 0 ]
}
}
}
