{
"inputLengthInCharacters": 16,
"uniformInput": true,
"useMappingLetter": true,
"measurements": {
"histogram_one_thread_per_character": {
"timesTransferToDevice": [ 0.0502100, 0.0230100, 0.0247210, 0.0209610, 0.0270310, 0.0237500, 0.0253200, 0.0245200, 0.0237100, 0.0262900, 0.0272200, 0.0249300, 0.0252900, 0.0235100, 0.0235300, 0.0278900, 0.0234500, 0.0239500, 0.0233810, 0.0241410, 0.0237800, 0.0239400, 0.0235500, 0.0250900, 0.0265600, 0.0250600, 0.0244200, 0.0249700, 0.0242200, 0.0237500, 0.0238210, 0.0233410, 0.0299300, 0.0247210, 0.0271010, 0.0259410, 0.0241700, 0.0259700, 0.0251000, 0.0244600, 0.0245200, 0.0276100, 0.0239600, 0.0278500, 0.0320800, 0.0307600, 0.0300500, 0.0235500, 0.0272810, 0.0271410, 0.0278110, 0.0240900, 0.0323300, 0.0292800, 0.0274400, 0.0269100, 0.0275500, 0.0268800, 0.0241900, 0.0258100, 0.0280800, 0.0269000, 0.0246200, 0.0251210, 0.0249310, 0.0237400, 0.0245500, 0.0272100, 0.0257600, 0.0241500, 0.0271900, 0.0256800, 0.0263900, 0.0273100, 0.0238500, 0.0298810, 0.0251000, 0.0388400, 0.0251900, 0.0273410, 0.0254210, 0.0255910, 0.0273000, 0.0306300, 0.0259900, 0.0246400, 0.0262800, 0.0255400, 0.0254300, 0.0246100, 0.0279600, 0.0255300, 0.0270900, 0.0249500, 0.0255210, 0.0271410, 0.0264510, 0.0300010, 0.0249800, 0.0269300 ],
"timesExecution": [ 0.0286000, 0.0302400, 0.0301200, 0.0316500, 0.0321300, 0.0317200, 0.0319700, 0.0318010, 0.0319210, 0.0318410, 0.0321300, 0.0515310, 0.0296800, 0.0312500, 0.0296400, 0.0311700, 0.0306800, 0.0309200, 0.0311700, 0.0312400, 0.0311000, 0.0291610, 0.0296410, 0.0293200, 0.0294800, 0.0296000, 0.0312500, 0.0309200, 0.0309100, 0.0311600, 0.0295200, 0.0315700, 0.0292000, 0.0311700, 0.0312000, 0.0310100, 0.0290800, 0.0308410, 0.0296010, 0.0311900, 0.0307500, 0.0292800, 0.0310400, 0.0315700, 0.0322000, 0.0296400, 0.0311900, 0.0314200, 0.0310400, 0.0311500, 0.0310000, 0.0315000, 0.0295600, 0.0309210, 0.0319910, 0.0295210, 0.0321210, 0.0295600, 0.0294400, 0.0311000, 0.0309900, 0.0318400, 0.0308300, 0.0288800, 0.0294000, 0.0318200, 0.0312110, 0.0309910, 0.0311210, 0.0321200, 0.0308800, 0.0315800, 0.0316200, 0.0294800, 0.0295200, 0.0593100, 0.0309600, 0.0318800, 0.0292000, 0.0313700, 0.0309100, 0.0291600, 0.0296000, 0.0307500, 0.0308710, 0.0292810, 0.0316210, 0.0313100, 0.0315600, 0.0294800, 0.0296800, 0.0293600, 0.0293200, 0.0324200, 0.0307500, 0.0307900, 0.0307900, 0.0293200, 0.0291600, 0.0292810 ],
"timesTransferFromDevice": [ 0.4336840, 0.0188400, 0.0203600, 0.0279900, 0.0269600, 0.0223600, 0.0225200, 0.0237200, 0.0243500, 0.0235700, 0.0239800, 0.0231200, 0.0231300, 0.0220800, 0.0233810, 0.0233710, 0.0234700, 0.0243400, 0.0220800, 0.0238100, 0.0227700, 0.0220800, 0.0230200, 0.0239200, 0.0245300, 0.0217210, 0.0232610, 0.0261700, 0.0214400, 0.0273700, 0.0228100, 0.0227600, 0.0562300, 0.0218000, 0.0232100, 0.0225000, 0.0239000, 0.0222000, 0.0238600, 0.0220800, 0.0235810, 0.0236110, 0.0230510, 0.0242200, 0.0222400, 0.0234200, 0.0241800, 0.0212000, 0.0235100, 0.0238400, 0.0215600, 0.0228300, 0.0240100, 0.0263300, 0.0247800, 0.0243900, 0.0226400, 0.0234600, 0.0244210, 0.0259510, 0.0239610, 0.0235200, 0.0214400, 0.0245700, 0.0229400, 0.0232500, 0.0245600, 0.0234900, 0.0228900, 0.0224000, 0.0230010, 0.0218810, 0.0219210, 0.0259400, 0.0233700, 0.0252410, 0.0233000, 0.0219200, 0.0237900, 0.0236600, 0.0228800, 0.0235600, 0.0248800, 0.0232100, 0.0231200, 0.0234200, 0.0257000, 0.0221200, 0.0246000, 0.0238910, 0.0227210, 0.0235610, 0.0240100, 0.0215600, 0.0244400, 0.0235700, 0.0224000, 0.0229600, 0.0244100, 0.0235300 ],
"bins": [ 0, 16, 0, 0, 0, 0, 0, 0, 0, 0, 0, 0, 0, 0, 0, 0, 0, 0, 0, 0, 0, 0, 0, 0, 0, 0, 0 ]
}
,
"histogram_atomic_private": {
"timesTransferToDevice": [ 0.0250800, 0.0220400, 0.0222000, 0.0203610, 0.0265300, 0.0294600, 0.0234500, 0.0262200, 0.0238900, 0.0238400, 0.0257300, 0.0271400, 0.0238400, 0.0273110, 0.0267910, 0.0253400, 0.0268700, 0.0300200, 0.0274200, 0.0268200, 0.0313800, 0.0300100, 0.0247500, 0.0233200, 0.0235000, 0.0252700, 0.0274410, 0.0235110, 0.0235000, 0.0233800, 0.0254500, 0.0272100, 0.0272300, 0.0255800, 0.0254100, 0.0251300, 0.0314400, 0.0253600, 0.0247900, 0.0253010, 0.0273610, 0.0268010, 0.0248000, 0.0231700, 0.0252300, 0.0246800, 0.0273500, 0.0273100, 0.0277600, 0.0237600, 0.0252700, 0.0275700, 0.0283400, 0.0269810, 0.0270110, 0.0250710, 0.0302210, 0.0273200, 0.0256200, 0.0276400, 0.0267400, 0.0250300, 0.0274410, 0.0308010, 0.0236900, 0.0252600, 0.0272700, 0.0243200, 0.0259000, 0.0283600, 0.0272700, 0.0273200, 0.0235400, 0.0253300, 0.0250600, 0.0273200, 0.0253210, 0.0283710, 0.0244210, 0.0250210, 0.0270900, 0.0272800, 0.0244900, 0.0274300, 0.0252800, 0.0279600, 0.0258800, 0.0267000, 0.0234700, 0.0271100, 0.0252400, 0.0267700, 0.0248000, 0.0273710, 0.0273110, 0.0259610, 0.0271700, 0.0245800, 0.0268600, 0.0292600 ],
"timesExecution": [ 0.0262010, 0.0271600, 0.0267600, 0.0295800, 0.0273200, 0.0290000, 0.0297810, 0.0301300, 0.0301600, 0.0309800, 0.0296000, 0.0297600, 0.0293600, 0.0311200, 0.0310400, 0.0293600, 0.0292410, 0.0309410, 0.0311610, 0.0309210, 0.0316210, 0.0313100, 0.0316500, 0.0294800, 0.0293600, 0.0317000, 0.0309900, 0.0294800, 0.0312900, 0.0294010, 0.0296410, 0.0297610, 0.0296010, 0.0316500, 0.0294400, 0.0314000, 0.0314100, 0.0312800, 0.0294000, 0.0296800, 0.0311600, 0.0317900, 0.0311100, 0.0295210, 0.0311610, 0.0316810, 0.0294800, 0.0317000, 0.0310100, 0.0298000, 0.0293200, 0.0308000, 0.0312100, 0.0317700, 0.0297600, 0.0312800, 0.0306800, 0.0320700, 0.0334310, 0.0295210, 0.0295610, 0.0316500, 0.0298400, 0.0309600, 0.0296000, 0.0312100, 0.0316810, 0.0311510, 0.0312810, 0.0296000, 0.0318600, 0.0289600, 0.0307600, 0.0333900, 0.0312900, 0.0316000, 0.0293600, 0.0309100, 0.0313300, 0.0296000, 0.0319300, 0.0315310, 0.0299210, 0.0295210, 0.0294800, 0.0313310, 0.0319600, 0.0315200, 0.0295200, 0.0319000, 0.0296800, 0.0296000, 0.0310100, 0.0314300, 0.0313200, 0.0311300, 0.0309200, 0.0323810, 0.0293210, 0.0312810 ],
"timesTransferFromDevice": [ 0.0193200, 0.0171610, 0.0181600, 0.0229300, 0.0242900, 0.0225500, 0.0204400, 0.0231500, 0.0210410, 0.0228210, 0.0241700, 0.0243800, 0.0238900, 0.0214800, 0.0241200, 0.0237400, 0.0224300, 0.0238200, 0.0241200, 0.0222800, 0.0236500, 0.0226600, 0.0228410, 0.0253210, 0.0227600, 0.0255500, 0.0228000, 0.0234400, 0.0233500, 0.0233400, 0.0241700, 0.0231200, 0.0238100, 0.0230000, 0.0221610, 0.0232910, 0.0231700, 0.0227200, 0.0267200, 0.0239000, 0.0239700, 0.0242800, 0.0234100, 0.0218400, 0.0258800, 0.0218800, 0.0243600, 0.0239600, 0.0237710, 0.0231410, 0.0238000, 0.0234000, 0.0230500, 0.0237300, 0.0236300, 0.0239800, 0.0235600, 0.0223600, 0.0238700, 0.0238300, 0.0942900, 0.0209600, 0.0238100, 0.0214800, 0.0234600, 0.0236800, 0.0230400, 0.0229200, 0.0240400, 0.0231900, 0.0229700, 0.0238710, 0.0234010, 0.0215600, 0.0241100, 0.0229700, 0.0237700, 0.0240000, 0.0265000, 0.0240900, 0.0229900, 0.0230800, 0.0239500, 0.0239300, 0.0224600, 0.0226400, 0.0238600, 0.0231700, 0.0234110, 0.0236010, 0.0239900, 0.0272500, 0.0228300, 0.0228400, 0.0251100, 0.0224400, 0.0224300, 0.0212400, 0.0248800, 0.0215200 ],
"bins": [ 0, 16, 0, 0, 0, 0, 0, 0, 0, 0, 0, 0, 0, 0, 0, 0, 0, 0, 0, 0, 0, 0, 0, 0, 0, 0, 0 ]
}
,