{
"inputLengthInCharacters": 32768,
"uniformInput": true,
"useMappingLetter": false,
"measurements": {
"histogram_one_thread_per_character": {
"timesTransferToDevice": [ 0.4543030, 0.0224400, 0.0208800, 0.0208400, 0.0306200, 0.0222000, 0.0227600, 0.0220800, 0.0253700, 0.0220800, 0.0223600, 0.0545000, 0.0224000, 0.0213600, 0.0226400, 0.0217600, 0.0220800, 0.0222800, 0.0252800, 0.0251300, 0.0215600, 0.0251600, 0.0222800, 0.0217600, 0.0214000, 0.0218800, 0.0222800, 0.0213600, 0.0260810, 0.0209610, 0.0230810, 0.0254710, 0.0220410, 0.0217210, 0.0254210, 0.0225610, 0.0214810, 0.0245510, 0.0233600, 0.0255300, 0.0224400, 0.0227200, 0.0227210, 0.0220010, 0.0218410, 0.0216010, 0.0280710, 0.0220010, 0.0234810, 0.0234000, 0.0250100, 0.0232000, 0.0215600, 0.0217600, 0.0222000, 0.0215200, 0.0213600, 0.0228800, 0.0215200, 0.0222000, 0.0213200, 0.0247500, 0.0222400, 0.0220000, 0.0217600, 0.0214800, 0.0220400, 0.0245600, 0.0218800, 0.0212000, 0.0244900, 0.0333000, 0.0243200, 0.0228000, 0.0215600, 0.0655200, 0.0217200, 0.0224400, 0.0242400, 0.0216000, 0.0248900, 0.0218400, 0.0278800, 0.0217600, 0.0269600, 0.0260900, 0.0219600, 0.0216000, 0.0224800, 0.0232000, 0.0218000, 0.0220000, 0.0232800, 0.0218400, 0.0254000, 0.0255700, 0.0222400, 0.0220400, 0.0252000, 0.0214000 ],
"timesExecution": [ 0.0414400, 0.0395210, 0.0415700, 0.0415900, 0.0388000, 0.0405300, 0.0424800, 0.0404500, 0.0404800, 0.0397900, 0.0406800, 0.0402510, 0.0405310, 0.0404910, 0.0406200, 0.0399700, 0.0381200, 0.0400400, 0.0390000, 0.0386800, 0.0384400, 0.0392200, 0.0398500, 0.0404000, 0.0383600, 0.0385200, 0.0383600, 0.0403700, 0.0403200, 0.0383200, 0.0405100, 0.0382000, 0.0507000, 0.0402800, 0.0404500, 0.0400900, 0.0405300, 0.0381200, 0.0400600, 0.0395100, 0.0386800, 0.0409800, 0.0408300, 0.0404600, 0.0384400, 0.0384400, 0.0382400, 0.0402000, 0.0401900, 0.0382000, 0.0383200, 0.0398000, 0.0401610, 0.0404210, 0.0384010, 0.0399810, 0.0406610, 0.0397110, 0.0383610, 0.0395610, 0.0383210, 0.0380000, 0.0416700, 0.0405300, 0.0398400, 0.0380400, 0.0384400, 0.0402600, 0.0399600, 0.0380800, 0.0386000, 0.0380400, 0.0399200, 0.0403500, 0.0400400, 0.0384010, 0.0406400, 0.0381600, 0.0405900, 0.0384000, 0.0382800, 0.0400800, 0.0382400, 0.0398800, 0.0383200, 0.0395600, 0.0398400, 0.0405800, 0.0399200, 0.0406100, 0.0385200, 0.0382400, 0.0386000, 0.0395600, 0.0400900, 0.0403700, 0.0401300, 0.0419900, 0.0399900, 0.0404700 ],
"timesTransferFromDevice": [ 0.4150930, 0.0175600, 0.0185600, 0.0198000, 0.0235400, 0.0225210, 0.0236610, 0.0234010, 0.0284110, 0.0235010, 0.0230110, 0.0231800, 0.0229200, 0.0194800, 0.0226800, 0.0239100, 0.0193600, 0.0238210, 0.0234910, 0.0212810, 0.0225610, 0.0231910, 0.0209210, 0.0234210, 0.0195210, 0.0202800, 0.0237400, 0.0212800, 0.0228800, 0.0237800, 0.0227200, 0.0225500, 0.0230500, 0.0214800, 0.0230200, 0.0212400, 0.0236400, 0.0517200, 0.0197600, 0.0247400, 0.0232500, 0.0211900, 0.0209600, 0.0211200, 0.0273000, 0.0235100, 0.0213200, 0.0214800, 0.0235300, 0.0203200, 0.0197600, 0.0219600, 0.0204000, 0.0234100, 0.0234100, 0.0207200, 0.0201200, 0.0229700, 0.0228800, 0.0232100, 0.0212800, 0.0235200, 0.0228500, 0.0192400, 0.0206410, 0.0233510, 0.0229110, 0.0238810, 0.0225710, 0.0217510, 0.0268610, 0.0229610, 0.0221410, 0.0233210, 0.0204410, 0.0211200, 0.0195600, 0.0198000, 0.0282000, 0.0237010, 0.0235810, 0.0266810, 0.0213600, 0.0241810, 0.0239210, 0.0212810, 0.0238510, 0.0235510, 0.0213210, 0.0212810, 0.0210810, 0.0196810, 0.0235300, 0.0206800, 0.0218400, 0.0235800, 0.0228400, 0.0228000, 0.0240500, 0.0229500 ],
"bins": [ 0, 0, 0, 0, 0, 0, 0, 0, 0, 0, 0, 0, 0, 0, 0, 0, 0, 0, 0, 0, 0, 0, 0, 0, 0, 0, 0, 0, 0, 0, 0, 0, 0, 0, 0, 0, 0, 0, 0, 0, 0, 0, 0, 0, 0, 0, 0, 0, 0, 0, 0, 0, 0, 0, 0, 0, 0, 0, 0, 0, 0, 0, 0, 0, 0, 0, 0, 0, 0, 0, 0, 0, 0, 0, 0, 0, 0, 0, 0, 0, 0, 0, 0, 0, 0, 0, 0, 0, 0, 0, 0, 0, 0, 0, 0, 0, 32768, 0, 0, 0, 0, 0, 0, 0, 0, 0, 0, 0, 0, 0, 0, 0, 0, 0, 0, 0, 0, 0, 0, 0, 0, 0, 0, 0, 0, 0, 0, 0 ]
}
,
"histogram_atomic_private": {
"timesTransferToDevice": [ 0.0195200, 0.0177610, 0.0179200, 0.0261500, 0.0202400, 0.0241310, 0.0268200, 0.0207200, 0.0230100, 0.0237700, 0.0215200, 0.0214000, 0.0212010, 0.0246800, 0.0248400, 0.0239800, 0.0256200, 0.0245600, 0.0222000, 0.0216400, 0.0285400, 0.0249610, 0.0252110, 0.0217200, 0.0219600, 0.0217200, 0.0286800, 0.0267000, 0.0213200, 0.0214400, 0.0215200, 0.0216410, 0.0217610, 0.0216400, 0.0213600, 0.0248400, 0.0221200, 0.0233600, 0.0249200, 0.0214000, 0.0219610, 0.0248810, 0.0218800, 0.0220800, 0.0219600, 0.0258600, 0.0214400, 0.0214400, 0.0268400, 0.0244800, 0.0222010, 0.0214010, 0.0220000, 0.0225200, 0.0217200, 0.0216000, 0.0234000, 0.0215200, 0.0217600, 0.0233900, 0.0249710, 0.0226800, 0.0215600, 0.0254810, 0.0222010, 0.0263200, 0.0215200, 0.0214400, 0.0225600, 0.0221600, 0.0229200, 0.0221600, 0.0248800, 0.0220410, 0.0220410, 0.0230000, 0.0259800, 0.0218000, 0.0248100, 0.0216800, 0.0220000, 0.0220000, 0.0219210, 0.0221210, 0.0214400, 0.0227600, 0.0260900, 0.0248800, 0.0221600, 0.0210800, 0.0227200, 0.0229600, 0.0220800, 0.0214010, 0.0258100, 0.0214400, 0.0215200, 0.0226800, 0.0244400, 0.0257000 ],
"timesExecution": [ 0.0235600, 0.0246000, 0.0238000, 0.0269200, 0.0269500, 0.0270000, 0.0273800, 0.0273710, 0.0273300, 0.0282800, 0.0283200, 0.0262800, 0.0284400, 0.0285200, 0.0288310, 0.0281610, 0.0297600, 0.0265200, 0.0272000, 0.0292000, 0.0275600, 0.0276000, 0.0299800, 0.0300200, 0.0273210, 0.0271600, 0.0293100, 0.0297000, 0.0277200, 0.0295700, 0.0291200, 0.0292100, 0.0290100, 0.0274000, 0.0275610, 0.0291610, 0.0291600, 0.0277600, 0.0295600, 0.0272000, 0.0274800, 0.0270000, 0.0297500, 0.0273210, 0.0296110, 0.0269200, 0.0271200, 0.0295200, 0.0290100, 0.0303700, 0.0288000, 0.0290500, 0.0294200, 0.0274810, 0.0280510, 0.0292700, 0.0272000, 0.0272000, 0.0301200, 0.0270000, 0.0754300, 0.0274400, 0.0276000, 0.0276400, 0.0301400, 0.0270400, 0.0292410, 0.0292910, 0.0277200, 0.0294000, 0.0281700, 0.0298300, 0.0273200, 0.0274400, 0.0295400, 0.0273200, 0.0294010, 0.0279210, 0.0275600, 0.0271200, 0.0272400, 0.0294200, 0.0297400, 0.0291300, 0.0293300, 0.0270800, 0.0293210, 0.0275210, 0.0294100, 0.0297400, 0.0302300, 0.0292800, 0.0273200, 0.0277200, 0.0294100, 0.0274010, 0.0272410, 0.0292400, 0.0276400, 0.0288400 ],
"timesTransferFromDevice": [ 0.0158400, 0.0160800, 0.0156000, 0.0190400, 0.0251100, 0.0184400, 0.0226000, 0.0193600, 0.0204000, 0.0255010, 0.0203600, 0.0228300, 0.0226900, 0.0233800, 0.0215900, 0.0208000, 0.0232600, 0.0241310, 0.0239010, 0.0217200, 0.0229600, 0.0230000, 0.0201600, 0.0205200, 0.0210400, 0.0233000, 0.0257500, 0.0237600, 0.0234210, 0.0233210, 0.0224400, 0.0221600, 0.0216400, 0.0229300, 0.0214000, 0.0255900, 0.0235200, 0.0207210, 0.0218010, 0.0236400, 0.0248400, 0.0261500, 0.0234100, 0.0235300, 0.0232600, 0.0235800, 0.0258610, 0.0214010, 0.0229800, 0.0200400, 0.0260300, 0.0243000, 0.0196400, 0.0254000, 0.0235000, 0.0237400, 0.0213610, 0.0230410, 0.0233000, 0.0232500, 0.0233610, 0.0239910, 0.0212800, 0.0227200, 0.0229800, 0.0228000, 0.0230700, 0.0225200, 0.0230400, 0.0230310, 0.0272010, 0.0197600, 0.0241000, 0.0232800, 0.0229600, 0.0234700, 0.0230100, 0.0233500, 0.0238100, 0.0243010, 0.0204400, 0.0205600, 0.0228400, 0.0233800, 0.0239600, 0.0196400, 0.0239100, 0.0238500, 0.0254500, 0.0235810, 0.0227310, 0.0229200, 0.0214000, 0.0220400, 0.0234200, 0.0218800, 0.0230600, 0.0215600, 0.0228910, 0.0237410 ],
"bins": [ 0, 0, 0, 0, 0, 0, 0, 0, 0, 0, 0, 0, 0, 0, 0, 0, 0, 0, 0, 0, 0, 0, 0, 0, 0, 0, 0, 0, 0, 0, 0, 0, 0, 0, 0, 0, 0, 0, 0, 0, 0, 0, 0, 0, 0, 0, 0, 0, 0, 0, 0, 0, 0, 0, 0, 0, 0, 0, 0, 0, 0, 0, 0, 0, 0, 0, 0, 0, 0, 0, 0, 0, 0, 0, 0, 0, 0, 0, 0, 0, 0, 0, 0, 0, 0, 0, 0, 0, 0, 0, 0, 0, 0, 0, 0, 0, 32768, 0, 0, 0, 0, 0, 0, 0, 0, 0, 0, 0, 0, 0, 0, 0, 0, 0, 0, 0, 0, 0, 0, 0, 0, 0, 0, 0, 0, 0, 0, 0 ]
}
,