{
"inputLengthInCharacters": 8,
"uniformInput": true,
"useMappingLetter": false,
"measurements": {
"histogram_one_thread_per_character": {
"timesTransferToDevice": [ 0.0493700, 0.0236710, 0.0228800, 0.0251200, 0.0241600, 0.0275600, 0.0248500, 0.0239100, 0.0272400, 0.0273200, 0.0240410, 0.0234010, 0.0246910, 0.0274800, 0.0238200, 0.0271900, 0.0268500, 0.0229100, 0.0252000, 0.0247200, 0.0270900, 0.0235300, 0.0248800, 0.0239010, 0.0241110, 0.0274300, 0.0263500, 0.0234400, 0.0239900, 0.0249600, 0.0246800, 0.0303600, 0.0276800, 0.0272300, 0.0241000, 0.0271900, 0.0279600, 0.0255210, 0.0246810, 0.0271400, 0.0277000, 0.0234600, 0.0271400, 0.0242800, 0.0238000, 0.0279200, 0.0235500, 0.0238800, 0.0273810, 0.0271110, 0.0298010, 0.0266900, 0.0234000, 0.0242400, 0.0248400, 0.0252500, 0.0277000, 0.0239010, 0.0235710, 0.0227100, 0.0249600, 0.0234400, 0.0231600, 0.0311100, 0.0301600, 0.0292200, 0.0277600, 0.0282200, 0.0242700, 0.0236100, 0.0242010, 0.0268610, 0.0269900, 0.0276800, 0.0237600, 0.0248700, 0.0255500, 0.0307100, 0.0254200, 0.0264700, 0.0273200, 0.0288900, 0.0267900, 0.0275500, 0.0252500, 0.0249700, 0.0297510, 0.0239410, 0.0234900, 0.0248600, 0.0274200, 0.0258200, 0.0242700, 0.0252700, 0.0243800, 0.0277100, 0.0299600, 0.0253800, 0.0269300, 0.0241610 ],
"timesExecution": [ 0.0248800, 0.0266000, 0.0274300, 0.0283810, 0.0279000, 0.0280300, 0.0278700, 0.0290900, 0.0282300, 0.0280900, 0.0280300, 0.0447700, 0.0276300, 0.0312200, 0.0274300, 0.0278510, 0.0282210, 0.0277710, 0.0283800, 0.0275700, 0.0271200, 0.0281500, 0.0270800, 0.0274500, 0.0277500, 0.0278200, 0.0285110, 0.0277110, 0.0275100, 0.0275800, 0.0277000, 0.0273400, 0.0273700, 0.0279500, 0.0273900, 0.0275400, 0.0278600, 0.0277800, 0.0267600, 0.0277900, 0.0276200, 0.0277310, 0.0242810, 0.0275400, 0.0277800, 0.0288200, 0.0275300, 0.0275100, 0.0282000, 0.0277100, 0.0272200, 0.0277800, 0.0271210, 0.0276500, 0.0270800, 0.0252400, 0.0285800, 0.0274500, 0.0274600, 0.0270500, 0.0274210, 0.0274910, 0.0273300, 0.0286500, 0.0272100, 0.0292300, 0.0276500, 0.0274900, 0.0256000, 0.0277000, 0.0273800, 0.0252000, 0.0286500, 0.0275910, 0.0272910, 0.0537310, 0.0277410, 0.0277010, 0.0275410, 0.0276500, 0.0275000, 0.0276100, 0.0291200, 0.0271200, 0.0274200, 0.0272000, 0.0274200, 0.0275000, 0.0281500, 0.0269600, 0.0273310, 0.0276910, 0.0273300, 0.0277700, 0.0266400, 0.0277900, 0.0275000, 0.0274200, 0.0275300, 0.0304900 ],
"timesTransferFromDevice": [ 0.3927330, 0.0187600, 0.0174000, 0.0205600, 0.0216800, 0.0203610, 0.0243510, 0.0214000, 0.0245400, 0.0215200, 0.0237800, 0.0203600, 0.0234400, 0.0234100, 0.0203600, 0.0240200, 0.0277100, 0.0243300, 0.0222800, 0.0242210, 0.0207210, 0.0196810, 0.0215600, 0.0205200, 0.0201600, 0.0199600, 0.0237200, 0.0234000, 0.0196800, 0.0229210, 0.0236510, 0.0236200, 0.0561710, 0.0232510, 0.0240910, 0.0209200, 0.0212800, 0.0212000, 0.0231300, 0.0232200, 0.0236100, 0.0234800, 0.0203200, 0.0204000, 0.0238810, 0.0234610, 0.0241210, 0.0213200, 0.0208800, 0.0235300, 0.0258400, 0.0199200, 0.0197600, 0.0206800, 0.0227110, 0.0233400, 0.0196800, 0.0218000, 0.0236500, 0.0259400, 0.0219600, 0.0246200, 0.0234800, 0.0215600, 0.0238810, 0.0235610, 0.0217610, 0.0234310, 0.0212400, 0.0259700, 0.0209600, 0.0233600, 0.0220800, 0.0233000, 0.0234700, 0.0214800, 0.0232100, 0.0246400, 0.0229600, 0.0229200, 0.0216000, 0.0214010, 0.0258010, 0.0237800, 0.0263800, 0.0232700, 0.0207600, 0.0209200, 0.0259400, 0.0208000, 0.0233700, 0.0204000, 0.0214000, 0.0251610, 0.0233310, 0.0224810, 0.0230010, 0.0213200, 0.0233100, 0.0239400 ],
"bins": [ 0, 0, 0, 0, 0, 0, 0, 0, 0, 0, 0, 0, 0, 0, 0, 0, 0, 0, 0, 0, 0, 0, 0, 0, 0, 0, 0, 0, 0, 0, 0, 0, 0, 0, 0, 0, 0, 0, 0, 0, 0, 0, 0, 0, 0, 0, 0, 0, 0, 0, 0, 0, 0, 0, 0, 0, 0, 0, 0, 0, 0, 0, 0, 0, 0, 0, 0, 0, 0, 0, 0, 0, 0, 0, 0, 0, 0, 0, 0, 0, 0, 0, 0, 0, 0, 0, 0, 0, 0, 0, 0, 0, 0, 0, 0, 0, 8, 0, 0, 0, 0, 0, 0, 0, 0, 0, 0, 0, 0, 0, 0, 0, 0, 0, 0, 0, 0, 0, 0, 0, 0, 0, 0, 0, 0, 0, 0, 0 ]
}
,
"histogram_atomic_private": {
"timesTransferToDevice": [ 0.0247200, 0.0214900, 0.0187200, 0.0213200, 0.0245200, 0.0235100, 0.0234200, 0.0239600, 0.0231010, 0.0218100, 0.0224400, 0.0240900, 0.0241800, 0.0237200, 0.0271100, 0.0263100, 0.0255900, 0.0265810, 0.0259210, 0.0271410, 0.0239400, 0.0293500, 0.0393800, 0.0246300, 0.0242700, 0.0267700, 0.0225200, 0.0214800, 0.0276900, 0.0304500, 0.0242810, 0.0278310, 0.0238210, 0.0239700, 0.0248300, 0.0236600, 0.0270300, 0.0236100, 0.0246800, 0.0271000, 0.0285410, 0.0243510, 0.0291310, 0.0249100, 0.0268100, 0.0278500, 0.0297600, 0.0286300, 0.0275300, 0.0268900, 0.0269900, 0.0237800, 0.0234700, 0.0253600, 0.0238710, 0.0260010, 0.0236600, 0.0271500, 0.0237800, 0.0295500, 0.0273400, 0.0250210, 0.0240200, 0.0273200, 0.0267300, 0.0237100, 0.0278400, 0.0252300, 0.0235800, 0.0269200, 0.0234200, 0.0272400, 0.0238610, 0.0241510, 0.0243010, 0.0237500, 0.0235400, 0.0270600, 0.0230000, 0.0260500, 0.0244700, 0.0273100, 0.0251410, 0.0250010, 0.0239900, 0.0213600, 0.0247100, 0.0248700, 0.0231000, 0.0267000, 0.0239400, 0.0324110, 0.0252710, 0.0250110, 0.0270100, 0.0283900, 0.0297100, 0.0263600, 0.0297500, 0.0247600 ],
"timesExecution": [ 0.0254000, 0.0251200, 0.0262800, 0.0250810, 0.0268910, 0.0261100, 0.0258800, 0.0266900, 0.0265300, 0.0267700, 0.0268600, 0.0263610, 0.0267810, 0.0265000, 0.0277800, 0.0277400, 0.0278200, 0.0276900, 0.0272000, 0.0276200, 0.0273600, 0.0276500, 0.0278200, 0.0275010, 0.0253210, 0.0274500, 0.0275300, 0.0276200, 0.0277000, 0.0277000, 0.0274500, 0.0276900, 0.0272900, 0.0275400, 0.0276210, 0.0281300, 0.0287300, 0.0278600, 0.0274500, 0.0256400, 0.0278200, 0.0275800, 0.0274600, 0.0273800, 0.0275300, 0.0276510, 0.0277110, 0.0277810, 0.0290510, 0.0275000, 0.0279800, 0.0277800, 0.0291100, 0.0279800, 0.0277500, 0.0279500, 0.0276300, 0.0282400, 0.0278210, 0.0280710, 0.0276110, 0.0276200, 0.0274900, 0.0274900, 0.0276910, 0.0274110, 0.0277910, 0.0275400, 0.0288500, 0.0279100, 0.0271600, 0.0275400, 0.0281900, 0.0276900, 0.0272000, 0.0277200, 0.0277810, 0.0277410, 0.0274200, 0.0277800, 0.0275000, 0.0279000, 0.0274100, 0.0276200, 0.0281100, 0.0277510, 0.0253210, 0.0273300, 0.0276500, 0.0272900, 0.0279800, 0.0277400, 0.0255600, 0.0276900, 0.0277400, 0.0275000, 0.0278910, 0.0275010, 0.0273310, 0.0273710 ],
"timesTransferFromDevice": [ 0.0170800, 0.0165600, 0.0180000, 0.0225800, 0.0200000, 0.0221810, 0.0203210, 0.0196000, 0.0231700, 0.0289800, 0.0252800, 0.0234900, 0.0212000, 0.0231610, 0.0215610, 0.0217200, 0.0265400, 0.0257600, 0.0214800, 0.0213200, 0.0210800, 0.0204800, 0.0232000, 0.0234500, 0.0242400, 0.0269300, 0.0208010, 0.0211210, 0.0232400, 0.0233200, 0.0236900, 0.0232900, 0.0204800, 0.0206800, 0.0215600, 0.0218800, 0.0210410, 0.0196410, 0.0261000, 0.0238100, 0.0202000, 0.0237200, 0.0238900, 0.0239100, 0.0234700, 0.0241700, 0.0238600, 0.0229100, 0.0253300, 0.0217200, 0.0207200, 0.0234710, 0.0199600, 0.0232900, 0.0238400, 0.0238000, 0.0230700, 0.0270900, 0.0200400, 0.0237600, 0.0776000, 0.0215200, 0.0218400, 0.0231600, 0.0272100, 0.0204800, 0.0235200, 0.0238400, 0.0229210, 0.0239710, 0.0230700, 0.0210800, 0.0223200, 0.0284700, 0.0230300, 0.0238400, 0.0206800, 0.0200800, 0.0223110, 0.0218410, 0.0242700, 0.0206800, 0.0199600, 0.0208000, 0.0198800, 0.0214400, 0.0209600, 0.0230300, 0.0216010, 0.0236400, 0.0204400, 0.0244700, 0.0238800, 0.0234400, 0.0234100, 0.0242200, 0.0247200, 0.0212000, 0.0234800, 0.0236000 ],
"bins": [ 0, 0, 0, 0, 0, 0, 0, 0, 0, 0, 0, 0, 0, 0, 0, 0, 0, 0, 0, 0, 0, 0, 0, 0, 0, 0, 0, 0, 0, 0, 0, 0, 0, 0, 0, 0, 0, 0, 0, 0, 0, 0, 0, 0, 0, 0, 0, 0, 0, 0, 0, 0, 0, 0, 0, 0, 0, 0, 0, 0, 0, 0, 0, 0, 0, 0, 0, 0, 0, 0, 0, 0, 0, 0, 0, 0, 0, 0, 0, 0, 0, 0, 0, 0, 0, 0, 0, 0, 0, 0, 0, 0, 0, 0, 0, 0, 8, 0, 0, 0, 0, 0, 0, 0, 0, 0, 0, 0, 0, 0, 0, 0, 0, 0, 0, 0, 0, 0, 0, 0, 0, 0, 0, 0, 0, 0, 0, 0 ]
}
,