{
"inputLengthInCharacters": 128,
"uniformInput": true,
"useMappingLetter": false,
"measurements": {
"histogram_one_thread_per_character": {
"timesTransferToDevice": [ 0.0497000, 0.0243600, 0.0242400, 0.0210400, 0.0257500, 0.0262800, 0.0274400, 0.0247900, 0.0274900, 0.0243900, 0.0231900, 0.0251300, 0.0271600, 0.0235600, 0.0253800, 0.0232910, 0.0255700, 0.0216800, 0.0257900, 0.0247300, 0.0248600, 0.0257600, 0.0293900, 0.0265800, 0.0230210, 0.0229210, 0.0251700, 0.0256200, 0.0265400, 0.0231700, 0.0242900, 0.0238300, 0.0255000, 0.0271200, 0.0276500, 0.0231300, 0.0233810, 0.0214010, 0.0243200, 0.0232500, 0.0265700, 0.0236400, 0.0250500, 0.0244300, 0.0262600, 0.0244010, 0.0236410, 0.0265200, 0.0230900, 0.0252900, 0.0270600, 0.0252100, 0.0273200, 0.0234900, 0.0242300, 0.0251310, 0.0271600, 0.0302900, 0.0240600, 0.0593000, 0.0248300, 0.0247000, 0.0235400, 0.0248000, 0.0268600, 0.0253800, 0.0273310, 0.0252710, 0.0250100, 0.0254100, 0.0248600, 0.0273500, 0.0245800, 0.0270100, 0.0307100, 0.0232100, 0.0247700, 0.0238600, 0.0295200, 0.0250310, 0.0249810, 0.0296100, 0.0234900, 0.0253400, 0.0234500, 0.0247300, 0.0229200, 0.0271500, 0.0249100, 0.0245610, 0.0273110, 0.0233910, 0.0246200, 0.0238800, 0.0228400, 0.0232400, 0.0253500, 0.0235300, 0.0257600, 0.0250710 ],
"timesExecution": [ 0.0248400, 0.0264400, 0.0256400, 0.0280200, 0.0274410, 0.0280110, 0.0283910, 0.0277200, 0.0286800, 0.0276800, 0.0275700, 0.0453300, 0.0258400, 0.0258000, 0.0258800, 0.0278000, 0.0257600, 0.0257210, 0.0258010, 0.0257600, 0.0274200, 0.0258800, 0.0273300, 0.0275400, 0.0277000, 0.0271200, 0.0252800, 0.0275610, 0.0270410, 0.0256400, 0.0252800, 0.0254800, 0.0274400, 0.0271700, 0.0256800, 0.0272100, 0.0272400, 0.0254800, 0.0258000, 0.0254810, 0.0274400, 0.0280700, 0.0254000, 0.0261600, 0.0272800, 0.0278400, 0.0253600, 0.0277800, 0.0254010, 0.0254000, 0.0272100, 0.0271600, 0.0270300, 0.0271700, 0.0274900, 0.0269600, 0.0269600, 0.0271610, 0.0279910, 0.0256800, 0.0254010, 0.0258010, 0.0258000, 0.0253600, 0.0253200, 0.0253600, 0.0273700, 0.0272400, 0.0253610, 0.0255610, 0.0275700, 0.0276200, 0.0277100, 0.0289800, 0.0256400, 0.0549800, 0.0270500, 0.0271200, 0.0277400, 0.0271900, 0.0254000, 0.0278600, 0.0272010, 0.0273010, 0.0262810, 0.0257200, 0.0269300, 0.0256800, 0.0276600, 0.0271300, 0.0270800, 0.0254400, 0.0257210, 0.0272010, 0.0255600, 0.0252800, 0.0271200, 0.0256000, 0.0273600, 0.0276900 ],
"timesTransferFromDevice": [ 0.4129940, 0.0186000, 0.0189600, 0.0234100, 0.0231700, 0.0282600, 0.0238600, 0.0258100, 0.0255000, 0.0234910, 0.0251710, 0.0205610, 0.0230410, 0.0229300, 0.0230400, 0.0207600, 0.0267700, 0.0231700, 0.0229600, 0.0196000, 0.0229710, 0.0210010, 0.0216800, 0.0236900, 0.0241200, 0.0194000, 0.0231800, 0.0229200, 0.0232400, 0.0211200, 0.0254210, 0.0198000, 0.0510310, 0.0233310, 0.0235700, 0.0263400, 0.0235900, 0.0222000, 0.0219600, 0.0234500, 0.0234500, 0.0196400, 0.0200410, 0.0230800, 0.0200000, 0.0258600, 0.0196000, 0.0242100, 0.0193600, 0.0237400, 0.0234800, 0.0194810, 0.0237010, 0.0230400, 0.0230000, 0.0236600, 0.0233700, 0.0233500, 0.0243400, 0.0207600, 0.0198400, 0.0239300, 0.0236610, 0.0207210, 0.0242800, 0.0190400, 0.0262700, 0.0210800, 0.0214000, 0.0208400, 0.0200000, 0.0197610, 0.0233710, 0.0234310, 0.0226600, 0.0263410, 0.0229200, 0.0243900, 0.0214000, 0.0198400, 0.0217600, 0.0236300, 0.0203600, 0.0260800, 0.0195600, 0.0232800, 0.0225610, 0.0200000, 0.0217200, 0.0241400, 0.0194000, 0.0205200, 0.0208400, 0.0222000, 0.0232000, 0.0245010, 0.0213610, 0.0239100, 0.0225500, 0.0242100 ],
"bins": [ 0, 0, 0, 0, 0, 0, 0, 0, 0, 0, 0, 0, 0, 0, 0, 0, 0, 0, 0, 0, 0, 0, 0, 0, 0, 0, 0, 0, 0, 0, 0, 0, 0, 0, 0, 0, 0, 0, 0, 0, 0, 0, 0, 0, 0, 0, 0, 0, 0, 0, 0, 0, 0, 0, 0, 0, 0, 0, 0, 0, 0, 0, 0, 0, 0, 0, 0, 0, 0, 0, 0, 0, 0, 0, 0, 0, 0, 0, 0, 0, 0, 0, 0, 0, 0, 0, 0, 0, 0, 0, 0, 0, 0, 0, 0, 0, 128, 0, 0, 0, 0, 0, 0, 0, 0, 0, 0, 0, 0, 0, 0, 0, 0, 0, 0, 0, 0, 0, 0, 0, 0, 0, 0, 0, 0, 0, 0, 0 ]
}
,
"histogram_atomic_private": {
"timesTransferToDevice": [ 0.0166800, 0.0193600, 0.0207300, 0.0186400, 0.0292010, 0.0234500, 0.0247000, 0.0255600, 0.0297800, 0.0242900, 0.0270200, 0.0252500, 0.0281110, 0.0249610, 0.0253600, 0.0265000, 0.0242300, 0.0252300, 0.0253000, 0.0259900, 0.0253600, 0.0246000, 0.0266110, 0.0244810, 0.0278300, 0.0286500, 0.0251700, 0.0250000, 0.0230400, 0.0263600, 0.0254600, 0.0248600, 0.0272110, 0.0229300, 0.0258600, 0.0244500, 0.0261800, 0.0233600, 0.0260500, 0.0266100, 0.0234100, 0.0251900, 0.0247710, 0.0263700, 0.0273700, 0.0239300, 0.0272500, 0.0279200, 0.0242700, 0.0253700, 0.0244000, 0.0234410, 0.0250310, 0.0232100, 0.0253200, 0.0265200, 0.0261600, 0.0253700, 0.0257400, 0.0275900, 0.0274700, 0.0257900, 0.0250200, 0.0260200, 0.0247700, 0.0236600, 0.0252810, 0.0244010, 0.0233000, 0.0240300, 0.0270600, 0.0249200, 0.0234000, 0.0236100, 0.0242000, 0.0266110, 0.0228810, 0.0239900, 0.0253300, 0.0261400, 0.0251400, 0.0259100, 0.0234400, 0.0231200, 0.0260610, 0.0270810, 0.0271110, 0.0232900, 0.0260000, 0.0266200, 0.0227600, 0.0262500, 0.0267300, 0.0249400, 0.0246000, 0.0262510, 0.0234800, 0.0266100, 0.0258000, 0.0234500 ],
"timesExecution": [ 0.0221600, 0.0280710, 0.0235600, 0.0251600, 0.0268000, 0.0264800, 0.0264410, 0.0271610, 0.0257200, 0.0275300, 0.0275600, 0.0275400, 0.0259600, 0.0255200, 0.0254400, 0.0270210, 0.0257610, 0.0250400, 0.0254000, 0.0255200, 0.0278200, 0.0250800, 0.0279100, 0.0256400, 0.0274500, 0.0256410, 0.0270410, 0.0250010, 0.0273700, 0.0277700, 0.0256800, 0.0257200, 0.0274800, 0.0277000, 0.0272000, 0.0257210, 0.0272510, 0.0254400, 0.0254000, 0.0258000, 0.0257200, 0.0256000, 0.0255200, 0.0256800, 0.0272300, 0.0253610, 0.0274500, 0.0277700, 0.0272400, 0.0277800, 0.0256800, 0.0275700, 0.0279500, 0.0285800, 0.0271610, 0.0276110, 0.0255200, 0.0285300, 0.0255200, 0.0275300, 0.0254800, 0.0258000, 0.0268700, 0.0271900, 0.0253200, 0.0256800, 0.0256800, 0.0271100, 0.0282300, 0.0257610, 0.0253600, 0.0262000, 0.0271200, 0.0257600, 0.0251600, 0.0263600, 0.0260800, 0.0260400, 0.0257210, 0.0255200, 0.0254000, 0.0256800, 0.0271100, 0.0271300, 0.0274500, 0.0254800, 0.0257600, 0.0260400, 0.0253610, 0.0272010, 0.0272400, 0.0272100, 0.0258800, 0.0269500, 0.0274600, 0.0270400, 0.0252400, 0.0270310, 0.0277810, 0.0253200 ],
"timesTransferFromDevice": [ 0.0170000, 0.0167600, 0.0168400, 0.0226900, 0.0195600, 0.0201200, 0.0201600, 0.0208800, 0.0229700, 0.0245110, 0.0234410, 0.0199200, 0.0234900, 0.0233300, 0.0216800, 0.0237400, 0.0231800, 0.0264300, 0.0237500, 0.0203210, 0.0231300, 0.0265100, 0.0230900, 0.0197600, 0.0206000, 0.0261700, 0.0235300, 0.0210800, 0.0209200, 0.0211210, 0.0216000, 0.0195600, 0.0240100, 0.0265600, 0.0238200, 0.0232100, 0.0210400, 0.0230100, 0.0254710, 0.0261410, 0.0233300, 0.0234400, 0.0235300, 0.0227900, 0.0229300, 0.0199600, 0.0199600, 0.0207210, 0.0234010, 0.0214400, 0.0233000, 0.0235000, 0.0229600, 0.0197200, 0.0234300, 0.0220000, 0.0257000, 0.0212800, 0.0225010, 0.0231110, 0.0797910, 0.0201600, 0.0228110, 0.0234210, 0.0215200, 0.0282900, 0.0233900, 0.0233600, 0.0230600, 0.0199200, 0.0206800, 0.0230110, 0.0213210, 0.0210400, 0.0253200, 0.0273500, 0.0216000, 0.0197200, 0.0229800, 0.0230000, 0.0235710, 0.0214710, 0.0241400, 0.0240100, 0.0214000, 0.0240600, 0.0215600, 0.0204800, 0.0205600, 0.0238100, 0.0229500, 0.0229710, 0.0223610, 0.0201600, 0.0232400, 0.0224300, 0.0229800, 0.0226800, 0.0235100, 0.0235010 ],
"bins": [ 0, 0, 0, 0, 0, 0, 0, 0, 0, 0, 0, 0, 0, 0, 0, 0, 0, 0, 0, 0, 0, 0, 0, 0, 0, 0, 0, 0, 0, 0, 0, 0, 0, 0, 0, 0, 0, 0, 0, 0, 0, 0, 0, 0, 0, 0, 0, 0, 0, 0, 0, 0, 0, 0, 0, 0, 0, 0, 0, 0, 0, 0, 0, 0, 0, 0, 0, 0, 0, 0, 0, 0, 0, 0, 0, 0, 0, 0, 0, 0, 0, 0, 0, 0, 0, 0, 0, 0, 0, 0, 0, 0, 0, 0, 0, 0, 128, 0, 0, 0, 0, 0, 0, 0, 0, 0, 0, 0, 0, 0, 0, 0, 0, 0, 0, 0, 0, 0, 0, 0, 0, 0, 0, 0, 0, 0, 0, 0 ]
}
,