{
"inputLengthInCharacters": 4194304,
"uniformInput": true,
"useMappingLetter": false,
"measurements": {
"histogram_one_thread_per_character": {
"timesTransferToDevice": [ 1.7710240, 0.3526430, 0.3264420, 0.3226720, 0.3306320, 0.3127320, 0.3102030, 0.3136230, 0.3335730, 0.3234730, 0.3279130, 0.3596430, 0.3250920, 0.3100920, 0.3102420, 0.3929330, 0.3255830, 0.3249430, 0.3230330, 0.3242330, 0.3117530, 0.3173930, 0.3266830, 0.3236930, 0.3102530, 0.3252430, 0.3268930, 0.3264130, 0.3088330, 0.3121520, 0.3095130, 0.3287130, 0.3285520, 0.3269830, 0.3245120, 0.3240630, 0.3080020, 0.3153930, 0.3099920, 0.3081530, 0.3258930, 0.3265220, 0.3287130, 0.3258820, 0.3096330, 0.3137720, 0.3100130, 0.3245530, 0.3279030, 0.3253430, 0.3252920, 0.3252230, 0.3105230, 0.3298330, 0.3098430, 0.3086220, 0.3848230, 0.3264330, 0.3300820, 0.3255030, 0.3106530, 0.3099330, 0.3655530, 0.3240520, 0.3282220, 0.3260130, 0.3248930, 0.3280230, 0.3088820, 0.3180120, 0.3279720, 0.3242430, 0.3258330, 0.3227130, 0.3256430, 0.3597030, 0.3141030, 0.3831930, 0.3265420, 0.3259730, 0.3261130, 0.3252830, 0.3251020, 0.3096220, 0.3115620, 0.3126420, 0.3319430, 0.3257830, 0.3317130, 0.3308130, 0.3102130, 0.3168530, 0.3747730, 0.3294820, 0.3256630, 0.3255630, 0.3311930, 0.3269920, 0.3100120, 0.3108820 ],
"timesExecution": [ 1.9276260, 1.7464941, 1.7435340, 1.7452350, 1.7448550, 1.7442350, 1.7448850, 1.7440850, 1.7444450, 1.7443950, 1.7441649, 1.7440740, 1.7446040, 1.7448850, 1.7442451, 1.7439150, 1.7445250, 1.7437950, 1.7446949, 1.7450950, 1.7439851, 1.7444450, 1.7447250, 1.7435451, 1.7445240, 1.7445250, 1.7444350, 1.7448150, 1.7438740, 1.7441640, 1.7442340, 1.7448241, 1.7447751, 1.7447340, 1.7439040, 1.7440950, 1.7439240, 1.7446250, 1.7442340, 1.7439140, 1.7444040, 1.7444050, 1.7439940, 1.7452340, 1.7444839, 1.7443939, 1.7438040, 1.7455740, 1.7458450, 1.7442540, 1.7445641, 1.7446049, 1.7444940, 1.7442350, 1.7439539, 1.7439550, 1.7440450, 1.7445240, 1.7447640, 1.7443740, 1.7442340, 1.7439140, 1.7442141, 1.7447840, 1.7440740, 1.7443640, 1.7448339, 1.7444540, 1.7439539, 1.7440640, 1.7447751, 1.7459739, 1.7441940, 1.7446840, 1.7452240, 1.7442340, 1.7445140, 1.7446740, 1.7447640, 1.7441640, 1.7441540, 1.7438740, 1.7445440, 1.7443140, 1.7445940, 1.7454751, 1.7448040, 1.7444340, 1.7436540, 1.7439539, 1.7454840, 1.7439940, 1.7446040, 1.7450340, 1.7445240, 1.7439440, 1.7445641, 1.7448840, 1.7446541, 1.7443640 ],
"timesTransferFromDevice": [ 0.3964030, 0.0190410, 0.0194810, 0.0212000, 0.0206400, 0.0214000, 0.0206800, 0.0248300, 0.0242700, 0.0241000, 0.0236900, 0.0243110, 0.0233510, 0.0238000, 0.0245200, 0.0245900, 0.0243800, 0.0256200, 0.0257700, 0.0239000, 0.0256300, 0.0246100, 0.0247300, 0.0218400, 0.0243000, 0.0248300, 0.0253200, 0.0288400, 0.0249800, 0.0247300, 0.0231600, 0.0206000, 0.0239000, 0.0243510, 0.0233200, 0.0218000, 0.0241400, 0.0249100, 0.0243800, 0.0237200, 0.0282500, 0.0245800, 0.0210000, 0.0241400, 0.0229600, 0.0230400, 0.0245000, 0.0221600, 0.0238000, 0.0284410, 0.0239400, 0.0220400, 0.0254700, 0.0237600, 0.0244710, 0.0243300, 0.0234800, 0.0208410, 0.0229200, 0.0245300, 0.0252800, 0.0234000, 0.0243810, 0.0223000, 0.0226800, 0.0240100, 0.0215200, 0.0246700, 0.0218410, 0.0244710, 0.0240200, 0.0220800, 0.0241100, 0.0202000, 0.0253610, 0.0242300, 0.0237200, 0.0203600, 0.0241000, 0.0255300, 0.0240500, 0.0237300, 0.0237710, 0.0237010, 0.0254200, 0.0244400, 0.0243600, 0.0242600, 0.0227200, 0.0252200, 0.0262300, 0.0246300, 0.0204800, 0.0220400, 0.0251900, 0.0304500, 0.0244210, 0.0279110, 0.0236500, 0.0238100 ],
"bins": [ 0, 0, 0, 0, 0, 0, 0, 0, 0, 0, 0, 0, 0, 0, 0, 0, 0, 0, 0, 0, 0, 0, 0, 0, 0, 0, 0, 0, 0, 0, 0, 0, 0, 0, 0, 0, 0, 0, 0, 0, 0, 0, 0, 0, 0, 0, 0, 0, 0, 0, 0, 0, 0, 0, 0, 0, 0, 0, 0, 0, 0, 0, 0, 0, 0, 0, 0, 0, 0, 0, 0, 0, 0, 0, 0, 0, 0, 0, 0, 0, 0, 0, 0, 0, 0, 0, 0, 0, 0, 0, 0, 0, 0, 0, 0, 0, 4194304, 0, 0, 0, 0, 0, 0, 0, 0, 0, 0, 0, 0, 0, 0, 0, 0, 0, 0, 0, 0, 0, 0, 0, 0, 0, 0, 0, 0, 0, 0, 0 ]
}
,
"histogram_atomic_private": {
"timesTransferToDevice": [ 1.2904000, 0.3190920, 0.3208320, 0.3308620, 0.3071520, 0.3228330, 0.3079130, 0.3212630, 0.3132930, 0.3124930, 0.3126530, 0.3140630, 0.3146230, 0.3134430, 0.3100730, 0.3125730, 0.3082420, 0.3106820, 0.3107520, 0.3069620, 0.3106720, 0.3118820, 0.3087120, 0.3105120, 0.3085420, 0.3092120, 0.3103820, 0.3058920, 0.3106920, 0.3171820, 0.3117520, 0.3142230, 0.3092230, 0.3120130, 0.3114830, 0.3115930, 0.3084330, 0.3097120, 0.3065720, 0.3056920, 0.3056720, 0.3064920, 0.3062720, 0.3050020, 0.3069820, 0.3094620, 0.3090520, 0.3063620, 0.3172330, 0.3244430, 0.3067330, 0.3053830, 0.3087430, 0.3070930, 0.3084320, 0.3061520, 0.3339220, 0.3091920, 0.3066920, 0.3074530, 0.3069830, 0.3131530, 0.3081330, 0.3092530, 0.3063830, 0.3073430, 0.3069830, 0.3059420, 0.3148720, 0.3051420, 0.3097020, 0.3119020, 0.3074820, 0.3054230, 0.3069930, 0.3204630, 0.3090930, 0.3116530, 0.3082330, 0.3057420, 0.3072420, 0.3060720, 0.3066820, 0.3070620, 0.3065920, 0.3066620, 0.3066630, 0.3276630, 0.3085020, 0.3059520, 0.3060320, 0.3067120, 0.3081820, 0.3055920, 0.3072320, 0.3062920, 0.3092620, 0.3067430, 0.3075430, 0.3058630 ],
"timesExecution": [ 0.1225610, 0.1265210, 0.1257210, 0.1262610, 0.1268110, 0.1264110, 0.1277510, 0.1264110, 0.1260210, 0.1274910, 0.1258110, 0.1262310, 0.1260510, 0.1243210, 0.1260910, 0.1262410, 0.1257210, 0.1261510, 0.1267610, 0.1258910, 0.1257610, 0.1261010, 0.1266710, 0.1240010, 0.1258110, 0.1259410, 0.1259310, 0.1264610, 0.1255510, 0.1254810, 0.1266910, 0.1260410, 0.1347010, 0.1250010, 0.1264510, 0.1258410, 0.1265410, 0.1269010, 0.1271010, 0.1239610, 0.1255610, 0.1257210, 0.1262810, 0.1253610, 0.1238410, 0.1268710, 0.1265020, 0.1260810, 0.1257910, 0.1265110, 0.1261310, 0.1266810, 0.1258510, 0.1265110, 0.1273310, 0.1263310, 0.1256520, 0.1259310, 0.1270610, 0.1258910, 0.1254110, 0.1262110, 0.1266310, 0.1261510, 0.1252110, 0.1267810, 0.1261010, 0.1226310, 0.1260410, 0.1262810, 0.1267610, 0.1271210, 0.1255710, 0.1267710, 0.1261210, 0.1268810, 0.1259010, 0.1262410, 0.1269010, 0.1244010, 0.1257510, 0.1268610, 0.1256410, 0.1265310, 0.1262410, 0.1264710, 0.1259410, 0.1269110, 0.1267810, 0.1257610, 0.1268310, 0.1271210, 0.1263310, 0.1255210, 0.1267310, 0.1254020, 0.1256110, 0.1255210, 0.1269110, 0.1289710 ],
"timesTransferFromDevice": [ 0.0190010, 0.0189210, 0.0192000, 0.0242300, 0.0210000, 0.0253600, 0.0239100, 0.0216000, 0.0246000, 0.0215600, 0.0247400, 0.0254700, 0.0209600, 0.0243600, 0.0216000, 0.0243500, 0.0238700, 0.0238800, 0.0242510, 0.0251610, 0.0212010, 0.0200010, 0.0201610, 0.0239910, 0.0205200, 0.0238310, 0.0288610, 0.0252710, 0.0234410, 0.0222410, 0.0240400, 0.0243100, 0.0245300, 0.0248300, 0.0239300, 0.0245700, 0.0236400, 0.0209210, 0.0213210, 0.0243310, 0.0212810, 0.0245310, 0.0222810, 0.0247210, 0.0221600, 0.0214400, 0.0245500, 0.0214800, 0.0245900, 0.0290900, 0.0239300, 0.0222000, 0.0248300, 0.0245600, 0.0240410, 0.0244210, 0.0210400, 0.0244800, 0.0242300, 0.0285300, 0.0243800, 0.0241800, 0.0246500, 0.0243000, 0.0204400, 0.0241900, 0.0244900, 0.0235700, 0.0240710, 0.0239610, 0.0206810, 0.0246210, 0.0252000, 0.0230000, 0.0238800, 0.0246400, 0.0228400, 0.0287700, 0.0236800, 0.0337210, 0.0210810, 0.0239710, 0.0246010, 0.0266010, 0.0238400, 0.0244700, 0.0238000, 0.0256700, 0.0238800, 0.0242410, 0.0240710, 0.0248510, 0.0255100, 0.0237400, 0.0222000, 0.0239600, 0.0242300, 0.0213200, 0.0246500, 0.0256500 ],
"bins": [ 0, 0, 0, 0, 0, 0, 0, 0, 0, 0, 0, 0, 0, 0, 0, 0, 0, 0, 0, 0, 0, 0, 0, 0, 0, 0, 0, 0, 0, 0, 0, 0, 0, 0, 0, 0, 0, 0, 0, 0, 0, 0, 0, 0, 0, 0, 0, 0, 0, 0, 0, 0, 0, 0, 0, 0, 0, 0, 0, 0, 0, 0, 0, 0, 0, 0, 0, 0, 0, 0, 0, 0, 0, 0, 0, 0, 0, 0, 0, 0, 0, 0, 0, 0, 0, 0, 0, 0, 0, 0, 0, 0, 0, 0, 0, 0, 4194304, 0, 0, 0, 0, 0, 0, 0, 0, 0, 0, 0, 0, 0, 0, 0, 0, 0, 0, 0, 0, 0, 0, 0, 0, 0, 0, 0, 0, 0, 0, 0 ]
}
,