{
"inputLengthInCharacters": 64,
"uniformInput": false,
"useMappingLetter": false,
"measurements": {
"histogram_one_thread_per_character": {
"timesTransferToDevice": [ 0.0501100, 0.0204800, 0.0228700, 0.0242400, 0.0279700, 0.0264410, 0.0248910, 0.0301810, 0.0267410, 0.0267800, 0.0282700, 0.0248000, 0.0302600, 0.0253300, 0.0274400, 0.0299500, 0.0268500, 0.0298000, 0.0250600, 0.0234900, 0.0268400, 0.0271900, 0.0243100, 0.0297900, 0.0301800, 0.0272900, 0.0256000, 0.0265200, 0.0273910, 0.0226810, 0.0243310, 0.0272500, 0.0273000, 0.0253410, 0.0224410, 0.0259400, 0.0267000, 0.0232000, 0.0310400, 0.0295000, 0.0246000, 0.0272200, 0.0258200, 0.0271900, 0.0278600, 0.0243000, 0.0273100, 0.0269300, 0.0270300, 0.0288500, 0.0282500, 0.0269200, 0.0246810, 0.0243910, 0.0271610, 0.0271000, 0.0262300, 0.0253000, 0.0253500, 0.0267700, 0.0299200, 0.0271500, 0.0273000, 0.0266500, 0.0295900, 0.0257200, 0.0271500, 0.0251600, 0.0257110, 0.0269410, 0.0290610, 0.0268410, 0.0253510, 0.0269500, 0.0245500, 0.0269200, 0.0253500, 0.0271800, 0.0249200, 0.0247600, 0.0248000, 0.0283400, 0.0293000, 0.0254100, 0.0263600, 0.0260700, 0.0269800, 0.0254600, 0.0251800, 0.0273410, 0.0277010, 0.0259910, 0.0267610, 0.0250910, 0.0253400, 0.0268600, 0.0286300, 0.0269800, 0.0273500, 0.0268100 ],
"timesExecution": [ 0.0266000, 0.0265200, 0.0254800, 0.0286300, 0.0277000, 0.0260000, 0.0272700, 0.0273600, 0.0258000, 0.0276400, 0.0258000, 0.0488410, 0.0278000, 0.0273600, 0.0278110, 0.0255210, 0.0258010, 0.0274010, 0.0258800, 0.0269500, 0.0275000, 0.0281100, 0.0277000, 0.0272400, 0.0270000, 0.0271900, 0.0252800, 0.0283700, 0.0270900, 0.0252800, 0.0270300, 0.0252000, 0.0281500, 0.0278100, 0.0252000, 0.0274200, 0.0269100, 0.0255210, 0.0272410, 0.0271510, 0.0269910, 0.0281510, 0.0277810, 0.0255610, 0.0276300, 0.0268700, 0.0273300, 0.0279000, 0.0252000, 0.0271500, 0.0255200, 0.0272100, 0.0277900, 0.0267500, 0.0269200, 0.0270800, 0.0269110, 0.0255610, 0.0254810, 0.0252400, 0.0273400, 0.0274900, 0.0267500, 0.0271200, 0.0274700, 0.0270200, 0.0275800, 0.0270800, 0.0269100, 0.0270400, 0.0253200, 0.0275400, 0.0274200, 0.0252400, 0.0251210, 0.0541010, 0.0253600, 0.0268400, 0.0251210, 0.0277710, 0.0254800, 0.0254200, 0.0249600, 0.0248800, 0.0271900, 0.0268400, 0.0272100, 0.0252400, 0.0252800, 0.0267600, 0.0270000, 0.0269200, 0.0251200, 0.0251600, 0.0257200, 0.0281200, 0.0270810, 0.0273610, 0.0251610, 0.0272410 ],
"timesTransferFromDevice": [ 0.4248840, 0.0201210, 0.0188400, 0.0208000, 0.0214000, 0.0233200, 0.0273000, 0.0200800, 0.0229300, 0.0213600, 0.0234600, 0.0234200, 0.0241700, 0.0232900, 0.0213600, 0.0217600, 0.0261200, 0.0206400, 0.0267800, 0.0235800, 0.0233600, 0.0241310, 0.0239710, 0.0264310, 0.0252910, 0.0204410, 0.0234400, 0.0238300, 0.0234100, 0.0205200, 0.0271100, 0.0227200, 0.0518000, 0.0244700, 0.0233500, 0.0248600, 0.0236000, 0.0274600, 0.0235300, 0.0267300, 0.0242200, 0.0232400, 0.0266500, 0.0238400, 0.0203600, 0.0211200, 0.0258710, 0.0240410, 0.0242910, 0.0204410, 0.0210400, 0.0199200, 0.0221200, 0.0202400, 0.0199200, 0.0195200, 0.0217200, 0.0210800, 0.0237800, 0.0247800, 0.0235000, 0.0246200, 0.0236600, 0.0234410, 0.0215210, 0.0211610, 0.0230000, 0.0199600, 0.0236300, 0.0236200, 0.0234900, 0.0245700, 0.0225500, 0.0231700, 0.0215200, 0.0246400, 0.0239100, 0.0270100, 0.0206400, 0.0228000, 0.0234800, 0.0239400, 0.0204000, 0.0273610, 0.0213210, 0.0260810, 0.0234500, 0.0273700, 0.0206000, 0.0235500, 0.0233700, 0.0240600, 0.0209600, 0.0267600, 0.0264200, 0.0210800, 0.0230000, 0.0239800, 0.0238500, 0.0241800 ],
"bins": [ 2, 0, 0, 0, 0, 2, 1, 0, 0, 1, 0, 0, 0, 1, 0, 0, 0, 2, 0, 1, 1, 0, 0, 0, 1, 0, 0, 0, 0, 1, 1, 1, 0, 1, 0, 0, 0, 0, 0, 0, 0, 1, 0, 1, 1, 1, 0, 0, 0, 1, 0, 0, 2, 1, 0, 0, 0, 0, 0, 0, 1, 0, 0, 1, 0, 1, 0, 0, 0, 0, 0, 0, 0, 0, 1, 0, 2, 1, 0, 0, 0, 0, 0, 1, 1, 1, 0, 2, 0, 0, 1, 1, 2, 0, 0, 1, 0, 1, 0, 0, 0, 1, 0, 1, 1, 0, 1, 2, 0, 0, 0, 0, 0, 1, 1, 2, 1, 4, 2, 1, 0, 1, 1, 0, 1, 0, 1, 0 ]
}
,
"histogram_atomic_private": {
"timesTransferToDevice": [ 0.0171600, 0.0208000, 0.0195600, 0.0192800, 0.0237100, 0.0239400, 0.0232900, 0.0254010, 0.0243900, 0.0293900, 0.0243000, 0.0293800, 0.0246000, 0.0279000, 0.0272300, 0.0263900, 0.0226400, 0.0275300, 0.0256600, 0.0255900, 0.0272300, 0.0252610, 0.0263010, 0.0295210, 0.0253310, 0.0253100, 0.0244800, 0.0270400, 0.0249100, 0.0307500, 0.0269400, 0.0245200, 0.0267700, 0.0293900, 0.0273600, 0.0230000, 0.0306700, 0.0269500, 0.0280300, 0.0215200, 0.0253510, 0.0300910, 0.0272810, 0.0265300, 0.0269600, 0.0277200, 0.0271600, 0.0259200, 0.0230800, 0.0254900, 0.0224400, 0.0255000, 0.0276000, 0.0302210, 0.0271510, 0.0271210, 0.0276800, 0.0267400, 0.0267800, 0.0267400, 0.0262400, 0.0275510, 0.0251810, 0.0259910, 0.0276210, 0.0250500, 0.0272900, 0.0253300, 0.0272500, 0.0268600, 0.0247500, 0.0299700, 0.0244800, 0.0252900, 0.0273200, 0.0269300, 0.0273700, 0.0281600, 0.0245600, 0.0298500, 0.0276900, 0.0263410, 0.0269010, 0.0273710, 0.0269110, 0.0234010, 0.0228810, 0.0303100, 0.0251800, 0.0249900, 0.0253000, 0.0248400, 0.0267600, 0.0282300, 0.0271000, 0.0273900, 0.0252900, 0.0302210, 0.0273210, 0.0273010 ],
"timesExecution": [ 0.0230400, 0.0231600, 0.0235200, 0.0249700, 0.0254500, 0.0234000, 0.0234000, 0.0258000, 0.0264100, 0.0246400, 0.0266810, 0.0247210, 0.0272610, 0.0252410, 0.0275000, 0.0273000, 0.0273300, 0.0271600, 0.0265500, 0.0254000, 0.0278800, 0.0273800, 0.0276600, 0.0254400, 0.0275900, 0.0277800, 0.0278300, 0.0271310, 0.0271210, 0.0268710, 0.0256410, 0.0278300, 0.0270400, 0.0253200, 0.0272900, 0.0253200, 0.0252800, 0.0278600, 0.0272000, 0.0272100, 0.0252800, 0.0253600, 0.0252000, 0.0254800, 0.0252810, 0.0252410, 0.0252810, 0.0254010, 0.0271600, 0.0249200, 0.0278100, 0.0249600, 0.0250000, 0.0252400, 0.0272900, 0.0253200, 0.0273900, 0.0276500, 0.0254000, 0.0273410, 0.0278810, 0.0276600, 0.0267100, 0.0250400, 0.0269600, 0.0282900, 0.0300100, 0.0275000, 0.0306410, 0.0254410, 0.0252410, 0.0272010, 0.0272000, 0.0284100, 0.0256000, 0.0274000, 0.0268700, 0.0269200, 0.0269900, 0.0273300, 0.0252400, 0.0255600, 0.0268000, 0.0251600, 0.0281300, 0.0271100, 0.0269900, 0.0255200, 0.0249210, 0.0274610, 0.0271310, 0.0252800, 0.0295200, 0.0252000, 0.0273800, 0.0253200, 0.0252800, 0.0272500, 0.0269700, 0.0256400 ],
"timesTransferFromDevice": [ 0.0225500, 0.0177600, 0.0168800, 0.0195200, 0.0224310, 0.0214800, 0.0220600, 0.0222900, 0.0270200, 0.0207600, 0.0234000, 0.0241000, 0.0234400, 0.0205200, 0.0234700, 0.0264800, 0.0193610, 0.0243510, 0.0235710, 0.0239500, 0.0237100, 0.0243400, 0.0200400, 0.0242700, 0.0240200, 0.0192800, 0.0243000, 0.0208400, 0.0243000, 0.0206400, 0.0228000, 0.0200000, 0.0240110, 0.0205210, 0.0237710, 0.0241610, 0.0242900, 0.0233300, 0.0238800, 0.0242700, 0.0194000, 0.0232900, 0.0235000, 0.0225500, 0.0244400, 0.0235300, 0.0228400, 0.0262300, 0.0217200, 0.0205610, 0.0242610, 0.0194000, 0.0234200, 0.0243900, 0.0192000, 0.0228300, 0.0266800, 0.0264600, 0.0239800, 0.0205600, 0.0786100, 0.0279400, 0.0234200, 0.0229200, 0.0200000, 0.0230000, 0.0237900, 0.0216400, 0.0227500, 0.0210000, 0.0238400, 0.0238400, 0.0231200, 0.0238600, 0.0229710, 0.0234510, 0.0216010, 0.0230110, 0.0228800, 0.0236700, 0.0205600, 0.0228900, 0.0217600, 0.0249000, 0.0234100, 0.0258800, 0.0192400, 0.0243100, 0.0196400, 0.0234500, 0.0206800, 0.0196800, 0.0210410, 0.0233810, 0.0238500, 0.0240800, 0.0211200, 0.0245300, 0.0260200, 0.0263100 ],
"bins": [ 2, 0, 0, 0, 0, 2, 1, 0, 0, 1, 0, 0, 0, 1, 0, 0, 0, 2, 0, 1, 1, 0, 0, 0, 1, 0, 0, 0, 0, 1, 1, 1, 0, 1, 0, 0, 0, 0, 0, 0, 0, 1, 0, 1, 1, 1, 0, 0, 0, 1, 0, 0, 2, 1, 0, 0, 0, 0, 0, 0, 1, 0, 0, 1, 0, 1, 0, 0, 0, 0, 0, 0, 0, 0, 1, 0, 2, 1, 0, 0, 0, 0, 0, 1, 1, 1, 0, 2, 0, 0, 1, 1, 2, 0, 0, 1, 0, 1, 0, 0, 0, 1, 0, 1, 1, 0, 1, 2, 0, 0, 0, 0, 0, 1, 1, 2, 1, 4, 2, 1, 0, 1, 1, 0, 1, 0, 1, 0 ]
}
,