{
"inputLengthInCharacters": 4096,
"uniformInput": true,
"useMappingLetter": false,
"measurements": {
"histogram_one_thread_per_character": {
"timesTransferToDevice": [ 0.0587200, 0.0279200, 0.0265000, 0.0310400, 0.0321900, 0.0301900, 0.0294500, 0.0312100, 0.0293400, 0.0289100, 0.0289400, 0.0271700, 0.0303800, 0.0290600, 0.0293000, 0.0271700, 0.0289200, 0.0288200, 0.0291500, 0.0287400, 0.0293100, 0.0272200, 0.0291010, 0.0291710, 0.0298210, 0.0287510, 0.0283810, 0.0271700, 0.0295000, 0.0298100, 0.0288300, 0.0271300, 0.0271400, 0.0298510, 0.0289910, 0.0289410, 0.0297410, 0.0288610, 0.0272900, 0.0292800, 0.0292300, 0.0293100, 0.0268500, 0.0297100, 0.0302700, 0.0288900, 0.0281200, 0.0289500, 0.0293900, 0.0290200, 0.0289400, 0.0298100, 0.0288600, 0.0302600, 0.0321800, 0.0287000, 0.0284800, 0.0305200, 0.0297800, 0.0289600, 0.0282600, 0.0312610, 0.0300710, 0.0291510, 0.0290010, 0.0293810, 0.0273310, 0.0286910, 0.0289300, 0.0296900, 0.0289800, 0.0269300, 0.0294100, 0.0293600, 0.0290100, 0.0287600, 0.0290110, 0.0291010, 0.0272510, 0.0313910, 0.0273310, 0.0293510, 0.0300500, 0.0290600, 0.0287300, 0.0298100, 0.0273700, 0.0287500, 0.0293000, 0.0272500, 0.0312300, 0.0287600, 0.0301200, 0.0299800, 0.0273800, 0.0293200, 0.0273000, 0.0297800, 0.0315100, 0.0299800 ],
"timesExecution": [ 0.0273200, 0.0303610, 0.0283600, 0.0298100, 0.0295200, 0.0301600, 0.0319700, 0.0294300, 0.0292500, 0.0296900, 0.0292200, 0.0549100, 0.0289200, 0.0293700, 0.0301600, 0.0296200, 0.0297500, 0.0292800, 0.0277600, 0.0292500, 0.0293300, 0.0304200, 0.0274800, 0.0304300, 0.0292800, 0.0300900, 0.0292500, 0.0295500, 0.0296600, 0.0295200, 0.0296710, 0.0297110, 0.0295010, 0.0294600, 0.0297500, 0.0299800, 0.0291700, 0.0298200, 0.0314600, 0.0297600, 0.0295500, 0.0301900, 0.0293310, 0.0274810, 0.0300310, 0.0287110, 0.0295810, 0.0290010, 0.0292710, 0.0293210, 0.0301810, 0.0272400, 0.0296600, 0.0292000, 0.0296200, 0.0288000, 0.0305700, 0.0290700, 0.0293400, 0.0287200, 0.0297400, 0.0297000, 0.0301200, 0.0294900, 0.0294900, 0.0294200, 0.0298800, 0.0276000, 0.0272000, 0.0307500, 0.0346000, 0.0298810, 0.0296900, 0.0303810, 0.0302410, 0.0712410, 0.0298700, 0.0304800, 0.0297000, 0.0286800, 0.0299700, 0.0272000, 0.0291700, 0.0297500, 0.0298010, 0.0294410, 0.0308410, 0.0292910, 0.0297610, 0.0291610, 0.0296910, 0.0289210, 0.0296010, 0.0297610, 0.0308000, 0.0326300, 0.0302400, 0.0301900, 0.0303610, 0.0292010 ],
"timesTransferFromDevice": [ 0.4428140, 0.0197200, 0.0193200, 0.0221210, 0.0208810, 0.0282710, 0.0236210, 0.0227610, 0.0235710, 0.0234110, 0.0233700, 0.0282710, 0.0228810, 0.0305710, 0.0235310, 0.0262710, 0.0237310, 0.0211600, 0.0243400, 0.0236900, 0.0263200, 0.0227500, 0.0234600, 0.0206400, 0.0236500, 0.0235400, 0.0236200, 0.0241800, 0.0230000, 0.0212400, 0.0218800, 0.0231700, 0.0690200, 0.0267300, 0.0234000, 0.0244500, 0.0212400, 0.0211200, 0.0243700, 0.0235800, 0.0274400, 0.0235300, 0.0198400, 0.0212400, 0.0230400, 0.0220400, 0.0238300, 0.0277300, 0.0258700, 0.0243500, 0.0214800, 0.0207600, 0.0221200, 0.0238810, 0.0229210, 0.0212810, 0.0234510, 0.0224000, 0.0212400, 0.0228000, 0.0213200, 0.0224400, 0.0218800, 0.0241200, 0.0223900, 0.0238700, 0.0243500, 0.0220000, 0.0238900, 0.0252700, 0.0230500, 0.0272900, 0.0228900, 0.0239000, 0.0220800, 0.0235000, 0.0241400, 0.0266900, 0.0245000, 0.0220400, 0.0262900, 0.0208800, 0.0234600, 0.0234900, 0.0225000, 0.0237000, 0.0229600, 0.0264700, 0.0206000, 0.0223900, 0.0219600, 0.0211600, 0.0263700, 0.0217200, 0.0256600, 0.0230400, 0.0235700, 0.0585000, 0.0228400, 0.0252900 ],
"bins": [ 0, 0, 0, 0, 0, 0, 0, 0, 0, 0, 0, 0, 0, 0, 0, 0, 0, 0, 0, 0, 0, 0, 0, 0, 0, 0, 0, 0, 0, 0, 0, 0, 0, 0, 0, 0, 0, 0, 0, 0, 0, 0, 0, 0, 0, 0, 0, 0, 0, 0, 0, 0, 0, 0, 0, 0, 0, 0, 0, 0, 0, 0, 0, 0, 0, 0, 0, 0, 0, 0, 0, 0, 0, 0, 0, 0, 0, 0, 0, 0, 0, 0, 0, 0, 0, 0, 0, 0, 0, 0, 0, 0, 0, 0, 0, 0, 4096, 0, 0, 0, 0, 0, 0, 0, 0, 0, 0, 0, 0, 0, 0, 0, 0, 0, 0, 0, 0, 0, 0, 0, 0, 0, 0, 0, 0, 0, 0, 0 ]
}
,
"histogram_atomic_private": {
"timesTransferToDevice": [ 0.0214900, 0.0292300, 0.0273800, 0.0292410, 0.0275600, 0.0276800, 0.0279400, 0.0297000, 0.0291000, 0.0259300, 0.0276100, 0.0302800, 0.0288000, 0.0279600, 0.0310500, 0.0360700, 0.0292200, 0.0372100, 0.0350400, 0.0274600, 0.0288600, 0.0294900, 0.0362500, 0.0316000, 0.0295900, 0.0294200, 0.0371800, 0.0287710, 0.0292110, 0.0250810, 0.0453610, 0.0279600, 0.0302110, 0.0372500, 0.0289900, 0.0247600, 0.0344800, 0.0256000, 0.0311810, 0.0292910, 0.0293510, 0.0289410, 0.0358410, 0.0291400, 0.0302110, 0.0289310, 0.0297610, 0.0289010, 0.0304610, 0.0302610, 0.0290510, 0.0335900, 0.0331700, 0.0297700, 0.0289300, 0.0331300, 0.0308800, 0.0346200, 0.0275000, 0.0374800, 0.0293100, 0.0279300, 0.0288900, 0.0295700, 0.0291800, 0.0300500, 0.0288500, 0.0288900, 0.0292310, 0.0299310, 0.0296210, 0.0294010, 0.0270510, 0.0292910, 0.0300610, 0.0272910, 0.0289710, 0.0275210, 0.0266000, 0.0272600, 0.0289900, 0.0300600, 0.0368100, 0.0278400, 0.0292000, 0.0296500, 0.0275700, 0.0287200, 0.0276200, 0.0338200, 0.0285600, 0.0290600, 0.0290100, 0.0305400, 0.0289600, 0.0306800, 0.0298500, 0.0292800, 0.0285600, 0.0289100 ],
"timesExecution": [ 0.0248800, 0.0252000, 0.0245600, 0.0278700, 0.0268500, 0.0273200, 0.0288910, 0.0278210, 0.0272910, 0.0260000, 0.0287600, 0.0295000, 0.0287800, 0.0313300, 0.0296800, 0.0285300, 0.0301800, 0.0327200, 0.0375300, 0.0364410, 0.0298710, 0.0300010, 0.0295710, 0.0333710, 0.0300110, 0.0293010, 0.0424800, 0.0273200, 0.0367200, 0.0293600, 0.0441000, 0.0272000, 0.0325400, 0.0288100, 0.0298200, 0.3824830, 0.0311100, 0.0270000, 0.0296200, 0.0290200, 0.0282600, 0.0312400, 0.0316400, 0.0287300, 0.0284300, 0.0287100, 0.0278400, 0.0285800, 0.0287700, 0.0276000, 0.0258000, 0.0289700, 0.0284100, 0.0280800, 0.0297810, 0.0279710, 0.0294510, 0.0279410, 0.0274410, 0.0320610, 0.0281310, 0.0289300, 0.0278500, 0.0283000, 0.0275600, 0.0278200, 0.0277500, 0.0270700, 0.0276700, 0.0294700, 0.0302800, 0.0277500, 0.0275500, 0.0278900, 0.0288500, 0.0261600, 0.0433600, 0.0258400, 0.0292400, 0.0279200, 0.0287610, 0.0318800, 0.0297400, 0.0280800, 0.0258800, 0.0281410, 0.0289910, 0.0305410, 0.0282700, 0.0277800, 0.0274400, 0.0288410, 0.0280410, 0.0282210, 0.0311310, 0.0331710, 0.0283000, 0.0257210, 0.0279710, 0.0276910 ],
"timesTransferFromDevice": [ 0.0187210, 0.0183600, 0.0186400, 0.0224400, 0.0294900, 0.0226000, 0.0233000, 0.0236900, 0.0200800, 0.0224810, 0.0217210, 0.0206810, 0.0253410, 0.0248400, 0.0233800, 0.0261610, 0.0309810, 0.0233600, 0.0248400, 0.0267900, 0.0239100, 0.0244600, 0.0323200, 0.0271600, 0.0250700, 0.0238800, 0.0260700, 0.0247000, 0.0275400, 0.0258000, 0.0242600, 0.0230800, 0.0244500, 0.0235300, 0.0278310, 0.0390400, 0.0240810, 0.0217600, 0.0250300, 0.0234900, 0.0213600, 0.0284000, 0.0242800, 0.0236100, 0.0233700, 0.0229300, 0.0233800, 0.0261900, 0.0262300, 0.0239300, 0.0214400, 0.0213200, 0.0234900, 0.0246000, 0.0228400, 0.0209600, 0.0232000, 0.0338100, 0.0233200, 0.0239700, 0.1117510, 0.0288710, 0.0238110, 0.0226410, 0.0200400, 0.0234200, 0.0226800, 0.0244300, 0.0252100, 0.0259600, 0.0233300, 0.0263600, 0.0233700, 0.0199200, 0.0245400, 0.0274300, 0.0234900, 0.0216800, 0.0216400, 0.0210800, 0.0232200, 0.0276210, 0.0226400, 0.0234210, 0.0246000, 0.0231700, 0.0257500, 0.3040420, 0.0287000, 0.0230200, 0.0230900, 0.0247900, 0.0230400, 0.0239200, 0.0192400, 0.0237900, 0.0213200, 0.0231900, 0.0236700, 0.0224300 ],
"bins": [ 0, 0, 0, 0, 0, 0, 0, 0, 0, 0, 0, 0, 0, 0, 0, 0, 0, 0, 0, 0, 0, 0, 0, 0, 0, 0, 0, 0, 0, 0, 0, 0, 0, 0, 0, 0, 0, 0, 0, 0, 0, 0, 0, 0, 0, 0, 0, 0, 0, 0, 0, 0, 0, 0, 0, 0, 0, 0, 0, 0, 0, 0, 0, 0, 0, 0, 0, 0, 0, 0, 0, 0, 0, 0, 0, 0, 0, 0, 0, 0, 0, 0, 0, 0, 0, 0, 0, 0, 0, 0, 0, 0, 0, 0, 0, 0, 4096, 0, 0, 0, 0, 0, 0, 0, 0, 0, 0, 0, 0, 0, 0, 0, 0, 0, 0, 0, 0, 0, 0, 0, 0, 0, 0, 0, 0, 0, 0, 0 ]
}
,