{
"inputLengthInCharacters": 8388608,
"uniformInput": true,
"useMappingLetter": true,
"measurements": {
"histogram_one_thread_per_character": {
"timesTransferToDevice": [ 2.1714430, 1.8133529, 1.7834719, 1.8180031, 1.7761019, 1.7524720, 1.7608520, 0.8722160, 1.7649530, 1.7584220, 0.8693860, 1.7768320, 1.7393310, 1.8510630, 1.7617320, 1.7467819, 1.7496819, 1.7482220, 1.7692920, 1.7383510, 1.7548521, 0.8762860, 1.7491421, 1.7692820, 0.8721860, 1.7493020, 1.7492620, 1.7385221, 1.8921440, 1.7363120, 1.7394320, 1.7448519, 1.7352030, 1.7680230, 1.7514319, 1.7635620, 1.7477820, 1.7485430, 1.7638530, 0.8686560, 1.7620020, 1.7584730, 1.7789230, 1.7826630, 1.7433020, 1.7584220, 0.8726660, 1.7550319, 1.7619720, 0.8697960, 1.7488630, 1.7466930, 1.7545630, 1.8921241, 1.7585030, 1.7527730, 1.7496330, 1.7681730, 1.7561330, 1.7548430, 0.8742970, 1.7566020, 1.8502530, 0.8733260, 1.7506630, 1.7540330, 0.8738370, 1.7487530, 1.7626330, 1.8589430, 1.7477620, 1.7492120, 1.7475820, 1.7605520, 1.7652431, 1.7835031, 1.7544930, 1.8977740, 1.7587630, 1.7419930, 1.7673330, 1.7329030, 1.7490619, 1.7558730, 0.8759060, 1.7631420, 1.7498730, 1.7828031, 1.7801230, 1.7555929, 1.7399631, 1.9672450, 1.7605230, 1.7515230, 1.7489030, 1.7471530, 1.7370530, 1.7673330, 1.8996340, 1.7501230 ],
"timesExecution": [ 3.6291039, 3.4577041, 3.4581039, 3.4602530, 3.4598539, 3.4597740, 3.4599540, 3.4631541, 3.4601231, 3.4596031, 3.4602840, 3.4598839, 3.4612830, 3.4599240, 3.4596839, 3.4606531, 3.4611330, 3.4602430, 3.4597731, 3.4600940, 3.4600041, 3.4598041, 3.4601140, 3.4595640, 3.4599240, 3.4598050, 3.4595640, 3.4601741, 3.4599741, 3.4594750, 3.4602940, 3.4605539, 3.4598041, 3.4599440, 3.4601250, 3.4593551, 3.4639440, 3.4602439, 3.4597840, 3.4594150, 3.4598141, 3.4593539, 3.4598441, 3.4590340, 3.4594240, 3.4594541, 3.4633040, 3.4595640, 3.4596951, 3.4592950, 3.4552851, 3.4598751, 3.4596150, 3.4596050, 3.4592750, 3.4592149, 3.4591751, 3.4592450, 3.4598050, 3.4593949, 3.4599349, 3.4598050, 3.4599249, 3.4596851, 3.4605250, 3.4650850, 3.4597249, 3.4598050, 3.4600151, 3.4591651, 3.4593251, 3.4592450, 3.4591639, 3.4592850, 3.4595349, 3.4622159, 3.4592049, 3.4597459, 3.4589150, 3.4596450, 3.4591551, 3.4596450, 3.4600649, 3.4598150, 3.4600151, 3.4592049, 3.4591050, 3.4593649, 3.4595251, 3.4588151, 3.4599450, 3.4594960, 3.4603159, 3.4601250, 3.4623749, 3.4594851, 3.4593461, 3.4592550, 3.4595160, 3.4591660 ],
"timesTransferFromDevice": [ 0.4091020, 0.0192000, 0.0184400, 0.0208400, 0.0201200, 0.0201200, 0.0197600, 0.0208800, 0.0202810, 0.0250900, 0.0200000, 0.0201200, 0.0206400, 0.0202400, 0.0198800, 0.0201200, 0.0198010, 0.0208000, 0.0235500, 0.0201600, 0.0202000, 0.0201200, 0.0208000, 0.0209200, 0.0204000, 0.0201600, 0.0204810, 0.0200400, 0.0204000, 0.0206800, 0.0202010, 0.0200800, 0.0204800, 0.0196800, 0.0203200, 0.0207200, 0.0205600, 0.0203200, 0.0209200, 0.0201200, 0.0194000, 0.0202400, 0.0205200, 0.0202810, 0.0202810, 0.0200010, 0.0210000, 0.0186810, 0.0204400, 0.0215200, 0.0204400, 0.0207200, 0.0206400, 0.0199200, 0.0199200, 0.0198800, 0.0206400, 0.0198400, 0.0206400, 0.0208800, 0.0203200, 0.0213200, 0.0200400, 0.0207600, 0.0202800, 0.0203200, 0.0206800, 0.0216000, 0.0208800, 0.0200800, 0.0201200, 0.0201600, 0.0210000, 0.0203600, 0.0201600, 0.0208800, 0.0201600, 0.0212000, 0.0204800, 0.0210800, 0.0206400, 0.0205610, 0.0200000, 0.0206400, 0.0206000, 0.0202800, 0.0203210, 0.0196810, 0.0200000, 0.0201210, 0.0204000, 0.0202000, 0.0218800, 0.0230410, 0.0231010, 0.0219600, 0.0283000, 0.0240700, 0.0208000, 0.0208000 ],
"bins": [ 0, 8388608, 0, 0, 0, 0, 0, 0, 0, 0, 0, 0, 0, 0, 0, 0, 0, 0, 0, 0, 0, 0, 0, 0, 0, 0, 0 ]
}
,
"histogram_atomic_private": {
"timesTransferToDevice": [ 1.7611330, 0.8729460, 0.8682870, 0.8534760, 0.8713470, 0.8542060, 0.8554560, 0.8612270, 0.8697960, 0.8555370, 0.8682660, 0.8536460, 0.8555170, 0.8581560, 0.8584570, 0.8673560, 0.8569660, 0.8785570, 0.8964470, 0.8541460, 0.8571170, 0.8683860, 0.8572370, 0.8684060, 0.8688060, 0.8535870, 0.8562960, 0.8601060, 0.8836470, 0.8548570, 0.8693760, 0.8730460, 0.8569770, 0.8634360, 0.8671860, 0.8529770, 0.8685260, 0.8612860, 0.8555070, 0.8554160, 0.8574260, 0.8599270, 0.8544460, 0.8710270, 0.8561570, 0.8641260, 0.8589760, 0.8609170, 0.8644760, 0.8721960, 0.8668770, 0.8541260, 0.8620160, 0.8588870, 0.8577660, 0.8535160, 0.8676870, 0.8550260, 0.8740760, 0.8675570, 0.8576870, 0.8586160, 0.8698770, 0.8542370, 0.8565960, 0.8583870, 0.8653470, 0.8577260, 0.8578370, 0.8711070, 0.8550460, 0.8623070, 0.8570060, 0.8743460, 0.8575270, 0.8542360, 0.8723060, 0.8537460, 0.8677870, 0.8572970, 0.8549570, 0.8565470, 0.8715580, 0.8602770, 0.8556570, 0.8593970, 0.8590370, 0.8544970, 0.8578870, 0.8671570, 0.8551770, 0.8575070, 0.8614270, 0.8547270, 0.8588770, 0.8695670, 0.8728170, 0.8615970, 0.8625770, 0.8604470 ],
"timesExecution": [ 0.2241610, 0.2254420, 0.2271520, 0.2277520, 0.2287120, 0.2283910, 0.2284920, 0.2281010, 0.2275120, 0.2276720, 0.2279810, 0.2279920, 0.2282610, 0.2274520, 0.2270320, 0.2273420, 0.2279920, 0.2273010, 0.2281010, 0.2274720, 0.2278810, 0.2267820, 0.2291620, 0.2277810, 0.2267820, 0.2280620, 0.2271910, 0.2288320, 0.2276220, 0.2275910, 0.2268920, 0.2294320, 0.2280720, 0.2276710, 0.2302420, 0.2281920, 0.2285810, 0.2271020, 0.2287620, 0.2283520, 0.2281220, 0.2284420, 0.2276820, 0.2267720, 0.2278610, 0.2294720, 0.2285920, 0.2283320, 0.2272620, 0.2289420, 0.2274620, 0.2285110, 0.2269120, 0.2269720, 0.2282010, 0.2277420, 0.2276620, 0.2273710, 0.2285720, 0.2295920, 0.2283210, 0.2283520, 0.2275920, 0.2292210, 0.2275720, 0.2266120, 0.2278910, 0.2279420, 0.2281020, 0.2284110, 0.2299720, 0.2277020, 0.2290410, 0.2279020, 0.2311920, 0.2287410, 0.2278220, 0.2285610, 0.2285820, 0.2265120, 0.2275320, 0.2271820, 0.2280510, 0.2368620, 0.2285420, 0.2270620, 0.2288720, 0.2277810, 0.2290920, 0.2284520, 0.2283020, 0.2280220, 0.2278010, 0.2271820, 0.2276220, 0.2270120, 0.2276620, 0.2273420, 0.2273020, 0.2282220 ],
"timesTransferFromDevice": [ 0.0194010, 0.0190400, 0.0191600, 0.0235600, 0.0239700, 0.0230110, 0.0243000, 0.0234900, 0.0239500, 0.0216400, 0.0243410, 0.0244900, 0.0200800, 0.0234900, 0.0279400, 0.0234500, 0.0216000, 0.0234400, 0.0241510, 0.0242100, 0.0231200, 0.0243800, 0.0281000, 0.0246410, 0.0233600, 0.0236100, 0.0240710, 0.0255600, 0.0242800, 0.0243400, 0.0247100, 0.0231700, 0.0233700, 0.0236600, 0.0234400, 0.0234500, 0.0229110, 0.0242900, 0.0236100, 0.0280610, 0.0229500, 0.0239000, 0.0235600, 0.0245700, 0.0241400, 0.0243600, 0.0218000, 0.0244000, 0.0237400, 0.0234500, 0.0243500, 0.0235010, 0.0230500, 0.0234400, 0.0263910, 0.0238900, 0.0237800, 0.0237910, 0.0239900, 0.0240600, 0.0241510, 0.0233400, 0.0236400, 0.0239510, 0.0234700, 0.0234400, 0.0234610, 0.0215600, 0.0234900, 0.0230310, 0.0241400, 0.0233300, 0.0213610, 0.0239100, 0.0243500, 0.0245610, 0.0286700, 0.0240900, 0.0234900, 0.0247410, 0.0235500, 0.0218400, 0.0236200, 0.0234200, 0.0237500, 0.0234900, 0.0213600, 0.0238600, 0.0239000, 0.0243010, 0.0237100, 0.0250400, 0.0237000, 0.0239700, 0.0238600, 0.0286700, 0.0235000, 0.0240000, 0.0275300, 0.0278110 ],
"bins": [ 0, 8388608, 0, 0, 0, 0, 0, 0, 0, 0, 0, 0, 0, 0, 0, 0, 0, 0, 0, 0, 0, 0, 0, 0, 0, 0, 0 ]
}
,