{
"inputLengthInCharacters": 4096,
"uniformInput": false,
"useMappingLetter": true,
"measurements": {
"histogram_one_thread_per_character": {
"timesTransferToDevice": [ 0.0575600, 0.0304810, 0.0271400, 0.0288500, 0.0315200, 0.0325400, 0.0327600, 0.0330800, 0.0292900, 0.0319800, 0.0293600, 0.0291700, 0.0293900, 0.0297000, 0.0292200, 0.0296700, 0.0304300, 0.0336000, 0.0287700, 0.0287700, 0.0273000, 0.0312400, 0.0291500, 0.0297200, 0.0293600, 0.0304800, 0.0286900, 0.0289600, 0.0298000, 0.0333400, 0.0296300, 0.0302200, 0.0290500, 0.0271700, 0.0298000, 0.0303600, 0.0291000, 0.0308900, 0.0285700, 0.0272100, 0.0293500, 0.0273300, 0.0306400, 0.0319400, 0.0305500, 0.0286500, 0.0288200, 0.0293900, 0.0334200, 0.0292900, 0.0290500, 0.0299900, 0.0303500, 0.0270500, 0.0318500, 0.0289800, 0.0272900, 0.0309500, 0.0291500, 0.0305900, 0.0303600, 0.0288500, 0.0289400, 0.0296300, 0.0310400, 0.0283000, 0.0279200, 0.0315100, 0.0292200, 0.0270600, 0.0293400, 0.0300100, 0.0268610, 0.0274210, 0.0289010, 0.0273310, 0.0299300, 0.0270100, 0.0323300, 0.0301000, 0.0291000, 0.0307300, 0.0316300, 0.0288900, 0.0298800, 0.0313000, 0.0329600, 0.0312300, 0.0291900, 0.0311910, 0.0334210, 0.0283510, 0.0295510, 0.0288110, 0.0290210, 0.0288910, 0.0286910, 0.0300610, 0.0305310, 0.0290610 ],
"timesExecution": [ 0.0303600, 0.0318400, 0.0326700, 0.0344010, 0.0341510, 0.0333410, 0.0328410, 0.0326810, 0.0317210, 0.0306810, 0.0328910, 0.0464110, 0.0327510, 0.0335410, 0.0327710, 0.0308810, 0.0315610, 0.0329310, 0.0329210, 0.0330810, 0.0332210, 0.0330610, 0.0327210, 0.0325310, 0.0328510, 0.0330010, 0.0315610, 0.0312410, 0.0306410, 0.0334210, 0.0308800, 0.0327600, 0.0308400, 0.0321510, 0.0312010, 0.0322810, 0.0322410, 0.0328010, 0.0324410, 0.0328010, 0.0332610, 0.0323110, 0.0326310, 0.0304410, 0.0326410, 0.0316010, 0.0331410, 0.0308000, 0.0311600, 0.0342900, 0.0325900, 0.0306400, 0.0331300, 0.0308000, 0.0344600, 0.0323200, 0.0330200, 0.0302000, 0.0329700, 0.0327600, 0.0329600, 0.0327300, 0.0332900, 0.0318100, 0.0332200, 0.0327200, 0.0304400, 0.0310800, 0.0334600, 0.0328100, 0.0325700, 0.0304400, 0.0310000, 0.0326900, 0.0329500, 0.0572900, 0.0329300, 0.0303200, 0.0328400, 0.0331200, 0.0325600, 0.0331900, 0.0329200, 0.0310000, 0.0327300, 0.0335100, 0.0308800, 0.0323900, 0.0309600, 0.0328400, 0.0327300, 0.0331300, 0.0312400, 0.0331300, 0.0332900, 0.0330100, 0.0326600, 0.0332300, 0.0308000, 0.0329200 ],
"timesTransferFromDevice": [ 0.4826640, 0.0187600, 0.0187200, 0.0212000, 0.0196400, 0.0200000, 0.0226000, 0.0258100, 0.0232200, 0.0291400, 0.0272100, 0.0211600, 0.0213200, 0.0232500, 0.0232600, 0.0217600, 0.0197600, 0.0239500, 0.0231000, 0.0228800, 0.0206800, 0.0234800, 0.0209600, 0.0259500, 0.0236700, 0.0256300, 0.0233200, 0.0238100, 0.0194800, 0.0215600, 0.0203600, 0.0235000, 0.0634100, 0.0212000, 0.0233700, 0.0233800, 0.0196800, 0.0232400, 0.0231300, 0.0237300, 0.0215200, 0.0235100, 0.0232700, 0.0229200, 0.0233400, 0.0232900, 0.0204800, 0.0192800, 0.0236500, 0.0236500, 0.0195600, 0.0227610, 0.0231610, 0.0208810, 0.0230910, 0.0234610, 0.0219610, 0.0232210, 0.0196410, 0.0232910, 0.0262310, 0.0209610, 0.0208010, 0.0260410, 0.0214810, 0.0244710, 0.0210800, 0.0238300, 0.0212800, 0.0275300, 0.0236400, 0.0196800, 0.0227200, 0.0240000, 0.0228300, 0.0236200, 0.0239210, 0.0228000, 0.0240800, 0.0275200, 0.0268510, 0.0214800, 0.0241300, 0.0242900, 0.0227500, 0.0196000, 0.0211600, 0.0225600, 0.0202000, 0.0198400, 0.0208000, 0.0217600, 0.0217200, 0.0204400, 0.0231800, 0.0210400, 0.0262400, 0.0197200, 0.0239800, 0.0216400 ],
"bins": [ 2463, 68, 73, 66, 66, 63, 60, 74, 61, 61, 68, 60, 70, 53, 66, 63, 53, 55, 53, 69, 63, 63, 59, 59, 57, 61, 69 ]
}
,
"histogram_atomic_private": {
"timesTransferToDevice": [ 0.0273600, 0.0255600, 0.0193200, 0.0282900, 0.0273810, 0.0277210, 0.0269600, 0.0289500, 0.0296300, 0.0283000, 0.0304300, 0.0312800, 0.0295400, 0.0295300, 0.0296000, 0.0304200, 0.0290700, 0.0286900, 0.0300000, 0.0278500, 0.0287800, 0.0310500, 0.0271400, 0.0293000, 0.0326700, 0.0289300, 0.0297900, 0.0289000, 0.0300000, 0.0295100, 0.0302500, 0.0293600, 0.0310600, 0.0289700, 0.0291000, 0.0289700, 0.0296800, 0.0291500, 0.0295910, 0.0285710, 0.0298910, 0.0313010, 0.0294710, 0.0292510, 0.0332910, 0.0296400, 0.0298910, 0.0317600, 0.0284000, 0.0280900, 0.0273000, 0.0294200, 0.0271300, 0.0303200, 0.0293800, 0.0287700, 0.0297200, 0.0288200, 0.0291300, 0.0275800, 0.0291000, 0.0296510, 0.0292610, 0.0285710, 0.0291810, 0.0271310, 0.0294910, 0.0300610, 0.0311500, 0.0311900, 0.0293900, 0.0310000, 0.0296200, 0.0327500, 0.0301600, 0.0310500, 0.0294700, 0.0293000, 0.0320100, 0.0293900, 0.0301400, 0.0273400, 0.0318400, 0.0272600, 0.0294700, 0.0299300, 0.0304600, 0.0284500, 0.0303100, 0.0295100, 0.0309600, 0.0300500, 0.0272800, 0.0295200, 0.0273700, 0.0286900, 0.0273700, 0.0270100, 0.0306410, 0.0269710 ],
"timesExecution": [ 0.0275210, 0.0278800, 0.0270000, 0.0299000, 0.0293700, 0.0294800, 0.0302000, 0.0306010, 0.0307710, 0.0308810, 0.0288810, 0.0297600, 0.0320600, 0.0324700, 0.0322000, 0.0325800, 0.0319400, 0.0304400, 0.0316900, 0.0318900, 0.0322300, 0.0313100, 0.0325000, 0.0316400, 0.0318500, 0.0321800, 0.0300400, 0.0302000, 0.0319300, 0.0318500, 0.0324400, 0.0317200, 0.0316900, 0.0316000, 0.0297600, 0.0300400, 0.0306000, 0.0316800, 0.0323300, 0.0300800, 0.0316400, 0.0298400, 0.0320200, 0.0300800, 0.0298800, 0.0319300, 0.0298800, 0.0321800, 0.0317200, 0.0301200, 0.0318110, 0.0317310, 0.0318110, 0.0316910, 0.0323410, 0.0299210, 0.0321310, 0.0326100, 0.0324300, 0.0318000, 0.0318300, 0.0330400, 0.0325000, 0.0327500, 0.0318500, 0.0318900, 0.0296800, 0.0316800, 0.0302000, 0.0318400, 0.0318510, 0.0300810, 0.0315710, 0.0298810, 0.0318010, 0.0321010, 0.0296410, 0.0322710, 0.0298010, 0.0298410, 0.0298800, 0.0315700, 0.0325300, 0.0317900, 0.0324700, 0.0318910, 0.0313500, 0.0313900, 0.0339400, 0.0321600, 0.0319000, 0.0300800, 0.0315900, 0.0325500, 0.0317300, 0.0317700, 0.0312600, 0.0297200, 0.0317300, 0.0310800 ],
"timesTransferFromDevice": [ 0.0175600, 0.0226110, 0.0172000, 0.0191600, 0.0219700, 0.0195600, 0.0216500, 0.0207200, 0.0189200, 0.0202400, 0.0236800, 0.0214400, 0.0242200, 0.0235400, 0.0233800, 0.0228400, 0.0260700, 0.0265200, 0.0261500, 0.0258600, 0.0232900, 0.0237600, 0.0221600, 0.0197200, 0.0208010, 0.0237410, 0.0236610, 0.0228810, 0.0227710, 0.0238910, 0.0260810, 0.0203210, 0.0204810, 0.0234500, 0.0240500, 0.0217600, 0.0241400, 0.0257200, 0.0259600, 0.0233600, 0.0206800, 0.0234400, 0.0199200, 0.0218800, 0.0229200, 0.0257400, 0.0210800, 0.0234900, 0.0234800, 0.0231300, 0.0206800, 0.0234200, 0.0232100, 0.0236100, 0.0210800, 0.0229500, 0.0205200, 0.0239200, 0.0216400, 0.0234000, 0.0907500, 0.0287300, 0.0233700, 0.0237600, 0.0243300, 0.0217200, 0.0214800, 0.0200400, 0.0200400, 0.0192800, 0.0215200, 0.0214400, 0.0197200, 0.0233700, 0.0237000, 0.0239100, 0.0233700, 0.0200000, 0.0232500, 0.0202800, 0.0256100, 0.0195600, 0.0267600, 0.0203600, 0.0198400, 0.0234600, 0.0194800, 0.0198400, 0.0224300, 0.0230800, 0.0234410, 0.0198810, 0.0255310, 0.0243310, 0.0222210, 0.0233700, 0.0229100, 0.0230000, 0.0242700, 0.0233700 ],
"bins": [ 2463, 68, 73, 66, 66, 63, 60, 74, 61, 61, 68, 60, 70, 53, 66, 63, 53, 55, 53, 69, 63, 63, 59, 59, 57, 61, 69 ]
}
,