{
"inputLengthInCharacters": 16,
"uniformInput": false,
"useMappingLetter": true,
"measurements": {
"histogram_one_thread_per_character": {
"timesTransferToDevice": [ 0.0562100, 0.0227600, 0.0240400, 0.0238400, 0.0264010, 0.0234910, 0.0250400, 0.0295200, 0.0246800, 0.0244800, 0.0255000, 0.0240000, 0.0252000, 0.0267900, 0.0259600, 0.0238900, 0.0243100, 0.0244600, 0.0275300, 0.0269710, 0.0240910, 0.0233610, 0.0243310, 0.0228700, 0.0270700, 0.0230800, 0.0249800, 0.0245200, 0.0277400, 0.0237800, 0.0266900, 0.0246000, 0.0232800, 0.0239300, 0.0242800, 0.0241500, 0.0269700, 0.0275110, 0.0234010, 0.0291710, 0.0254110, 0.0234510, 0.0255300, 0.0269400, 0.0261100, 0.0272200, 0.0250700, 0.0242300, 0.0238700, 0.0245800, 0.0254900, 0.0248200, 0.0240510, 0.0267310, 0.0237810, 0.0251900, 0.0238200, 0.0270400, 0.0236200, 0.0282000, 0.0254700, 0.0244800, 0.0271000, 0.0271500, 0.0263600, 0.0238010, 0.0261610, 0.0251000, 0.0576810, 0.0231210, 0.0243310, 0.0241900, 0.0232000, 0.0247300, 0.0225600, 0.0268100, 0.0273500, 0.0232400, 0.0265700, 0.0235100, 0.0245200, 0.0249600, 0.0215200, 0.0290200, 0.0266500, 0.0292500, 0.0256510, 0.0254710, 0.0265210, 0.0293410, 0.0266010, 0.0273700, 0.0267900, 0.0250000, 0.0274500, 0.0271000, 0.0268900, 0.0263900, 0.0302900, 0.0254100 ],
"timesExecution": [ 0.0286000, 0.0326000, 0.0303200, 0.0329200, 0.0297600, 0.0300800, 0.0302400, 0.0319000, 0.0322610, 0.0322910, 0.0318410, 0.0426610, 0.0296810, 0.0292800, 0.0310900, 0.0300400, 0.0292000, 0.0293600, 0.0316500, 0.0316400, 0.0316000, 0.0313700, 0.0315400, 0.0309200, 0.0312410, 0.0294810, 0.0316110, 0.0295710, 0.0311600, 0.0317800, 0.0296000, 0.0313600, 0.0309600, 0.0331900, 0.0319400, 0.0295600, 0.0313400, 0.0296800, 0.0312100, 0.0306700, 0.0311500, 0.0296400, 0.0311600, 0.0317810, 0.0292010, 0.0322210, 0.0315310, 0.0312100, 0.0298100, 0.0315300, 0.0311400, 0.0292400, 0.0317000, 0.0312500, 0.0317700, 0.0308300, 0.0294410, 0.0313510, 0.0314110, 0.0317100, 0.0312900, 0.0310800, 0.0317800, 0.0317700, 0.0294000, 0.0317400, 0.0316100, 0.0311200, 0.0292400, 0.0316000, 0.0317400, 0.0293600, 0.0293610, 0.0299610, 0.0300410, 0.0581910, 0.0315610, 0.0316610, 0.0293210, 0.0309900, 0.0316200, 0.0322200, 0.0294800, 0.0316200, 0.0316600, 0.0312700, 0.0311900, 0.0316200, 0.0294000, 0.0312800, 0.0318100, 0.0313800, 0.0312410, 0.0320710, 0.0291210, 0.0312100, 0.0316500, 0.0315200, 0.0312800, 0.0292800 ],
"timesTransferFromDevice": [ 0.4219840, 0.0185610, 0.0189200, 0.0194400, 0.0234000, 0.0218000, 0.0216800, 0.0205200, 0.0194800, 0.0226000, 0.0235000, 0.0239700, 0.0220800, 0.0238500, 0.0245200, 0.0212410, 0.0240510, 0.0209600, 0.0210400, 0.0281800, 0.0234100, 0.0255900, 0.0234500, 0.0216400, 0.0216000, 0.0225500, 0.0230800, 0.0195600, 0.0230800, 0.0202410, 0.0228010, 0.0236210, 0.0537510, 0.0202810, 0.0273110, 0.0208400, 0.0234100, 0.0235000, 0.0234100, 0.0234100, 0.0249200, 0.0245100, 0.0232000, 0.0237800, 0.0230900, 0.0213600, 0.0197600, 0.0200400, 0.0229110, 0.0233810, 0.0231700, 0.0208400, 0.0238800, 0.0195600, 0.0206000, 0.0230000, 0.0230400, 0.0231200, 0.0203200, 0.0205600, 0.0267510, 0.0195210, 0.0202810, 0.0204800, 0.0239200, 0.0205600, 0.0218800, 0.0242500, 0.0239400, 0.0233800, 0.0199600, 0.0234500, 0.0239400, 0.0234700, 0.0204000, 0.0226400, 0.0233300, 0.0208800, 0.0226400, 0.0236600, 0.0233610, 0.0263310, 0.0235310, 0.0210400, 0.0220400, 0.0213200, 0.0242500, 0.0216000, 0.0263700, 0.0233600, 0.0213200, 0.0200800, 0.0209600, 0.0209600, 0.0215200, 0.0213600, 0.0213210, 0.0230310, 0.0236010, 0.0235300 ],
"bins": [ 8, 0, 0, 0, 0, 0, 0, 0, 0, 1, 0, 0, 0, 1, 0, 0, 0, 0, 0, 0, 0, 1, 1, 1, 3, 0, 0 ]
}
,
"histogram_atomic_private": {
"timesTransferToDevice": [ 0.0167200, 0.0186800, 0.0181600, 0.0254400, 0.0254600, 0.0245000, 0.0212800, 0.0237610, 0.0236310, 0.0254600, 0.0258000, 0.0245800, 0.0283800, 0.0250800, 0.0264000, 0.0249700, 0.0245300, 0.0272900, 0.0257300, 0.0265300, 0.0229610, 0.0229100, 0.0275100, 0.0234100, 0.0282000, 0.0268500, 0.0245100, 0.0255000, 0.0247500, 0.0273100, 0.0241000, 0.0243600, 0.0235210, 0.0269910, 0.0252800, 0.0235400, 0.0244800, 0.0238500, 0.0250900, 0.0275400, 0.0237100, 0.0249500, 0.0255200, 0.0251800, 0.0236200, 0.0248800, 0.0272910, 0.0233510, 0.0226110, 0.0251900, 0.0246000, 0.0242100, 0.0236300, 0.0210400, 0.0234800, 0.0257700, 0.0303400, 0.0268500, 0.0270000, 0.0251700, 0.0243710, 0.0255100, 0.0242400, 0.0249400, 0.0264000, 0.0236500, 0.0224300, 0.0243610, 0.0233610, 0.0243010, 0.0272310, 0.0247200, 0.0249400, 0.0268500, 0.0298700, 0.0234000, 0.0267800, 0.0250200, 0.0250100, 0.0253000, 0.0294100, 0.0243900, 0.0273800, 0.0255810, 0.0251510, 0.0248410, 0.0264810, 0.0271010, 0.0241100, 0.0248000, 0.0234000, 0.0236400, 0.0268500, 0.0269200, 0.0242900, 0.0244100, 0.0235800, 0.0232900, 0.0257610, 0.0230910 ],
"timesExecution": [ 0.0319300, 0.0309800, 0.0265600, 0.0297110, 0.0292900, 0.0299500, 0.0289600, 0.0300000, 0.0282800, 0.0287200, 0.0304110, 0.0318310, 0.0313610, 0.0322700, 0.0316900, 0.0317000, 0.0310800, 0.0295200, 0.0319000, 0.0293200, 0.0292000, 0.0315200, 0.0296410, 0.0315710, 0.0320210, 0.0312410, 0.0295600, 0.0294000, 0.0318100, 0.0330200, 0.0316500, 0.0293200, 0.0317000, 0.0296800, 0.0316500, 0.0318500, 0.0293610, 0.0294010, 0.0296010, 0.0316900, 0.0314000, 0.0294400, 0.0322100, 0.0314900, 0.0308700, 0.0314400, 0.0312400, 0.0296000, 0.0319700, 0.0305800, 0.0317410, 0.0312110, 0.0295200, 0.0318200, 0.0296000, 0.0294000, 0.0313600, 0.0320600, 0.0297200, 0.0315800, 0.0300800, 0.0329400, 0.0312000, 0.0297200, 0.0314900, 0.0318200, 0.0316500, 0.0316900, 0.0292400, 0.0323500, 0.0297200, 0.0310800, 0.0292810, 0.0315810, 0.0312510, 0.0311710, 0.0316700, 0.0324700, 0.0315600, 0.0291600, 0.0316800, 0.0297200, 0.0317200, 0.0314500, 0.0319200, 0.0325500, 0.0316900, 0.0318600, 0.0309900, 0.0297200, 0.0317110, 0.0316010, 0.0294800, 0.0318700, 0.0317900, 0.0319000, 0.0313200, 0.0296800, 0.0292800, 0.0293600 ],
"timesTransferFromDevice": [ 0.0173200, 0.0173600, 0.0175600, 0.0217300, 0.0218100, 0.0200010, 0.0179200, 0.0196800, 0.0233600, 0.0202400, 0.0204000, 0.0206800, 0.0231700, 0.0211200, 0.0210400, 0.0226310, 0.0196410, 0.0262100, 0.0236900, 0.0227100, 0.0212400, 0.0202000, 0.0196000, 0.0233900, 0.0210800, 0.0210400, 0.0256400, 0.0242010, 0.0229710, 0.0229710, 0.0227600, 0.0212400, 0.0204400, 0.0226600, 0.0272400, 0.0234300, 0.0235300, 0.0238800, 0.0210800, 0.0225900, 0.0197200, 0.0230910, 0.0208010, 0.0239100, 0.0234500, 0.0228700, 0.0257800, 0.0238100, 0.0200000, 0.0207200, 0.0237100, 0.0226000, 0.0235200, 0.0225100, 0.0229710, 0.0233310, 0.0282910, 0.0228710, 0.0207600, 0.0202400, 0.0863410, 0.0214800, 0.0208410, 0.0232810, 0.0232210, 0.0236800, 0.0200400, 0.0216000, 0.0278100, 0.0230100, 0.0218400, 0.0210400, 0.0213600, 0.0196800, 0.0233000, 0.0259600, 0.0217200, 0.0233700, 0.0229910, 0.0218810, 0.0212010, 0.0198800, 0.0229200, 0.0234100, 0.0200000, 0.0213200, 0.0228100, 0.0213200, 0.0230400, 0.0208800, 0.0195200, 0.0224300, 0.0227600, 0.0225100, 0.0203210, 0.0216010, 0.0254500, 0.0229000, 0.0222800, 0.0231200 ],
"bins": [ 8, 0, 0, 0, 0, 0, 0, 0, 0, 1, 0, 0, 0, 1, 0, 0, 0, 0, 0, 0, 0, 1, 1, 1, 3, 0, 0 ]
}
,