{
"inputLengthInCharacters": 64,
"uniformInput": false,
"useMappingLetter": true,
"measurements": {
"histogram_one_thread_per_character": {
"timesTransferToDevice": [ 0.0553100, 0.0250400, 0.0249200, 0.0229610, 0.0234010, 0.0279200, 0.0264000, 0.0246100, 0.0241500, 0.0249600, 0.0233600, 0.0249400, 0.0264600, 0.0270700, 0.0272300, 0.0248900, 0.0276100, 0.0274400, 0.0275700, 0.0264210, 0.0305210, 0.0272210, 0.0270610, 0.0290300, 0.0266600, 0.0246400, 0.0268300, 0.0275900, 0.0267400, 0.0301700, 0.0273200, 0.0263300, 0.0296400, 0.0271800, 0.0273100, 0.0276100, 0.0269500, 0.0263800, 0.0299000, 0.0269100, 0.0267310, 0.0272810, 0.0268210, 0.0272810, 0.0273600, 0.0250500, 0.0281300, 0.0230000, 0.0262700, 0.0296000, 0.0275300, 0.0282300, 0.0242500, 0.0274300, 0.0273700, 0.0269100, 0.0309000, 0.0274710, 0.0252110, 0.0269310, 0.0241610, 0.0228000, 0.0220000, 0.0274000, 0.0255000, 0.0271900, 0.0266400, 0.0277600, 0.0270200, 0.0253500, 0.0244600, 0.0251000, 0.0272200, 0.0272200, 0.0272000, 0.0263210, 0.0271700, 0.0267000, 0.0291600, 0.0232900, 0.0297310, 0.0267410, 0.0271510, 0.0305910, 0.0264800, 0.0252200, 0.0250600, 0.0229600, 0.0256300, 0.0272400, 0.0276400, 0.0297300, 0.0272300, 0.0246900, 0.0271500, 0.0239010, 0.0270010, 0.0272710, 0.0269910, 0.0253000 ],
"timesExecution": [ 0.0286000, 0.0308400, 0.0295600, 0.0322200, 0.0302000, 0.0323400, 0.0325510, 0.0354910, 0.0316410, 0.0304000, 0.0304400, 0.0482200, 0.0321900, 0.0312900, 0.0316900, 0.0315300, 0.0317900, 0.0312000, 0.0318600, 0.0295600, 0.0312900, 0.0318600, 0.0310900, 0.0312500, 0.0317410, 0.0293610, 0.0294010, 0.0312510, 0.0289600, 0.0295600, 0.0296400, 0.0321600, 0.0317400, 0.0295600, 0.0309000, 0.0297200, 0.0314200, 0.0310000, 0.0316500, 0.0318600, 0.0314800, 0.0296400, 0.0316700, 0.0310400, 0.0321200, 0.0322010, 0.0319410, 0.0311610, 0.0311210, 0.0296010, 0.0317300, 0.0295200, 0.0295600, 0.0317500, 0.0318700, 0.0295600, 0.0320700, 0.0314500, 0.0293600, 0.0312100, 0.0316200, 0.0315000, 0.0312910, 0.0319210, 0.0311210, 0.0314100, 0.0311900, 0.0293600, 0.0322000, 0.0295200, 0.0314000, 0.0312000, 0.0322800, 0.0296400, 0.0310400, 0.0565100, 0.0314300, 0.0314900, 0.0297600, 0.0317400, 0.0316600, 0.0315400, 0.0314100, 0.0309600, 0.0317300, 0.0315510, 0.0289210, 0.0317410, 0.0320700, 0.0317300, 0.0318100, 0.0296000, 0.0311200, 0.0322200, 0.0318600, 0.0288800, 0.0312400, 0.0336900, 0.0294800, 0.0295600 ],
"timesTransferFromDevice": [ 0.4217140, 0.0177610, 0.0188400, 0.0193600, 0.0200000, 0.0228800, 0.0212800, 0.0217600, 0.0237800, 0.0236600, 0.0284400, 0.0232900, 0.0236800, 0.0234100, 0.0238210, 0.0237010, 0.0233510, 0.0232600, 0.0211600, 0.0202000, 0.0196000, 0.0261200, 0.0196400, 0.0195200, 0.0227900, 0.0234400, 0.0230400, 0.0234100, 0.0230100, 0.0235710, 0.0233310, 0.0235710, 0.0531710, 0.0259210, 0.0254710, 0.0259910, 0.0214410, 0.0217200, 0.0230400, 0.0202000, 0.0211600, 0.0230600, 0.0236200, 0.0228800, 0.0202800, 0.0232900, 0.0210400, 0.0260300, 0.0240200, 0.0231800, 0.0224800, 0.0212800, 0.0234110, 0.0203610, 0.0212400, 0.0215600, 0.0209600, 0.0264200, 0.0233800, 0.0205200, 0.0239300, 0.0220000, 0.0208800, 0.0228000, 0.0259600, 0.0232500, 0.0266700, 0.0234200, 0.0231210, 0.0233910, 0.0234010, 0.0234600, 0.0228300, 0.0264000, 0.0235500, 0.0198800, 0.0232600, 0.0287600, 0.0260900, 0.0228300, 0.0208400, 0.0196400, 0.0234100, 0.0237800, 0.0208800, 0.0234100, 0.0208000, 0.0238900, 0.0253800, 0.0258300, 0.0209600, 0.0202810, 0.0208410, 0.0269110, 0.0194000, 0.0213200, 0.0229800, 0.0257800, 0.0232500, 0.0236600 ],
"bins": [ 34, 0, 2, 0, 0, 0, 1, 0, 1, 1, 0, 2, 2, 2, 1, 0, 0, 0, 1, 1, 3, 2, 5, 2, 3, 0, 1 ]
}
,
"histogram_atomic_private": {
"timesTransferToDevice": [ 0.0172400, 0.0234800, 0.0212000, 0.0242810, 0.0301100, 0.0291800, 0.0261800, 0.0231600, 0.0235800, 0.0263700, 0.0253500, 0.0267400, 0.0236000, 0.0254210, 0.0241810, 0.0277710, 0.0274400, 0.0248500, 0.0277000, 0.0237800, 0.0266000, 0.0272700, 0.0256300, 0.0285600, 0.0272000, 0.0268300, 0.0238900, 0.0254410, 0.0251310, 0.0250110, 0.0247700, 0.0279800, 0.0242400, 0.0249600, 0.0299400, 0.0278100, 0.0266200, 0.0234400, 0.0302800, 0.0259200, 0.0302800, 0.0248900, 0.0273510, 0.0254510, 0.0268710, 0.0269800, 0.0237100, 0.0312000, 0.0230400, 0.0279400, 0.0267900, 0.0273700, 0.0252300, 0.0229600, 0.0248900, 0.0291800, 0.0246400, 0.0273310, 0.0275610, 0.0270710, 0.0264510, 0.0241900, 0.0269900, 0.0283000, 0.0278810, 0.0265210, 0.0265010, 0.0300110, 0.0251610, 0.0297610, 0.0246800, 0.0274700, 0.0254500, 0.0273100, 0.0270600, 0.0274500, 0.0267200, 0.0267000, 0.0251300, 0.0272000, 0.0248600, 0.0273100, 0.0301900, 0.0264810, 0.0279810, 0.0253200, 0.0294910, 0.0267810, 0.0265910, 0.0273100, 0.0300110, 0.0260700, 0.0272900, 0.0275500, 0.0289500, 0.0256800, 0.0264400, 0.0246900, 0.0247400, 0.0276300 ],
"timesExecution": [ 0.0258000, 0.0266000, 0.0274800, 0.0289700, 0.0297010, 0.0306010, 0.0307410, 0.0303400, 0.0296000, 0.0314400, 0.0296800, 0.0316100, 0.0317800, 0.0321500, 0.0317800, 0.0308700, 0.0315700, 0.0317810, 0.0320310, 0.0295610, 0.0320300, 0.0318600, 0.0295600, 0.0310300, 0.0293600, 0.0313400, 0.0318600, 0.0315800, 0.0309200, 0.0318100, 0.0315200, 0.0318300, 0.0312410, 0.0315710, 0.0316910, 0.0311200, 0.0324400, 0.0317400, 0.0302000, 0.0299600, 0.0292800, 0.0313200, 0.0311700, 0.0319000, 0.0313600, 0.0319000, 0.0321500, 0.0294810, 0.0317010, 0.0319110, 0.0299910, 0.0312200, 0.0324200, 0.0314000, 0.0312000, 0.0317500, 0.0314900, 0.0321800, 0.0316500, 0.0310800, 0.0320300, 0.0318600, 0.0311100, 0.0317100, 0.0322200, 0.0318200, 0.0312900, 0.0317500, 0.0319900, 0.0300000, 0.0296810, 0.0311110, 0.0310710, 0.0316810, 0.0321210, 0.0312800, 0.0316700, 0.0319800, 0.0296400, 0.0313600, 0.0311700, 0.0316900, 0.0316100, 0.0309500, 0.0318800, 0.0316200, 0.0318200, 0.0297200, 0.0313400, 0.0415400, 0.0316900, 0.0311200, 0.0313310, 0.0319310, 0.0311210, 0.0311210, 0.0296400, 0.0318700, 0.0317000, 0.0318800 ],
"timesTransferFromDevice": [ 0.0170010, 0.0223000, 0.0172000, 0.0210700, 0.0205200, 0.0234000, 0.0187200, 0.0202800, 0.0237510, 0.0219610, 0.0258210, 0.0230800, 0.0198000, 0.0204000, 0.0196800, 0.0225000, 0.0234100, 0.0234200, 0.0228300, 0.0196000, 0.0233800, 0.0214000, 0.0211210, 0.0232110, 0.0203600, 0.0263700, 0.0191600, 0.0254100, 0.0251700, 0.0236600, 0.0232500, 0.0237300, 0.0199600, 0.0197600, 0.0204400, 0.0225900, 0.0194400, 0.0229610, 0.0233810, 0.0195600, 0.0206800, 0.0232900, 0.0231400, 0.0204800, 0.0233700, 0.0234400, 0.0197200, 0.0244800, 0.0232900, 0.0268400, 0.0200000, 0.0191600, 0.0232210, 0.0211610, 0.0233800, 0.0235700, 0.0254400, 0.0269600, 0.0228900, 0.0237500, 0.0769410, 0.0231110, 0.0239300, 0.0204800, 0.0198000, 0.0237800, 0.0213200, 0.0259800, 0.0259500, 0.0199200, 0.0235800, 0.0229300, 0.0231600, 0.0240800, 0.0208400, 0.0258200, 0.0270400, 0.0234200, 0.0193210, 0.0201610, 0.0211200, 0.0240700, 0.0235700, 0.0232500, 0.0232100, 0.0263800, 0.0235200, 0.0230900, 0.0216800, 0.0241400, 0.0264300, 0.0195200, 0.0234200, 0.0206000, 0.0233900, 0.0205600, 0.0231600, 0.0239710, 0.0231710, 0.0234810 ],
"bins": [ 34, 0, 2, 0, 0, 0, 1, 0, 1, 1, 0, 2, 2, 2, 1, 0, 0, 0, 1, 1, 3, 2, 5, 2, 3, 0, 1 ]
}
,