{
"inputLengthInCharacters": 2147483648,
"uniformInput": true,
"useMappingLetter": false,
"measurements": {
"histogram_one_thread_per_character": {
"timesTransferToDevice": [ 141.5122681, 142.5542755, 141.8607635, 141.8542938, 142.0488434, 141.9319611, 142.6413422, 142.3882751, 142.1867676, 142.0442657, 140.3225250, 141.6716461, 141.9604187, 143.2955475, 141.0289764, 143.4186859, 141.5661163, 141.5798035, 142.4625549, 141.9678345, 142.1407776, 141.6792755, 143.5142212, 141.9819489, 142.0917053, 143.2843628, 141.8560791, 143.3013000, 143.5213318, 143.3829346, 141.1190033, 140.5767670, 141.9633942, 142.6443481, 143.4104004, 141.6091461, 142.2205505, 142.0897064, 143.3246460, 141.6369324, 142.0318756, 143.1310883, 141.9439697, 140.8212738, 142.4145355, 141.9243469, 140.6843872, 143.5043793, 141.7704010, 141.9547729, 141.8887939, 143.4284973, 140.8809662, 143.2466583, 143.1977539, 141.9750671, 141.5963593, 143.4809570, 140.6965790, 143.1813507, 142.0802612, 143.4864960, 141.9259491, 141.7866821, 141.7311707, 141.8308258, 142.4589691, 142.1528473, 141.5761566, 142.2064362, 141.7324677, 142.7422028, 143.7220154, 143.2795563, 143.2615814, 142.0986176, 143.2125854, 143.8453064, 140.9414520, 143.4862976, 137.8458405, 143.6998901, 143.7054291, 143.7077179, 141.0177155, 141.6669006, 142.0126343, 141.9417572, 141.5865173, 142.8031464, 140.7619629, 141.1241150, 143.7289886, 142.2905121, 141.8288269, 142.7628784, 141.7768860, 141.7487640, 140.6873627, 143.4095612 ],
"timesExecution": [ 881.6608887, 883.3947754, 883.9127808, 883.9513550, 883.9688721, 884.0532837, 884.5002441, 884.5426636, 884.6205444, 884.6112061, 884.3588867, 884.5571899, 884.5997314, 884.3173828, 884.5720215, 884.2733154, 884.5669556, 884.2300415, 884.5977783, 884.5673218, 884.6630859, 884.6512451, 884.3699951, 884.5903320, 884.3897095, 884.6826172, 884.6152954, 884.8870850, 884.7210083, 884.6337280, 884.7581787, 884.5870361, 884.8157349, 884.6854248, 884.7522583, 884.7465210, 884.4979248, 884.7976685, 884.7688599, 884.8590088, 884.7553101, 884.5542603, 884.8250122, 884.5717773, 884.4799805, 884.4549561, 884.6409302, 884.1470947, 884.0598755, 884.1221313, 884.0700073, 884.1174927, 884.2441406, 884.4208374, 884.0991821, 884.4080200, 884.1586914, 884.4345703, 884.1030273, 884.1135254, 884.1545410, 884.1629028, 884.2933350, 884.4039307, 884.3891602, 884.4979858, 884.3532715, 884.1447754, 884.0478516, 884.1886597, 884.1763916, 884.2301636, 884.2622681, 884.3032837, 884.2001953, 884.2196045, 884.1849976, 884.2308350, 884.1472778, 884.6140747, 884.2689209, 884.3380127, 884.2304077, 884.3243408, 884.5348511, 884.3302002, 884.2990112, 884.3570557, 884.2946167, 884.2296753, 884.2736816, 884.3582764, 884.6006470, 884.5863647, 884.2740479, 884.3083496, 884.3040771, 884.5598145, 884.4765015, 884.5411987 ],
"timesTransferFromDevice": [ 0.3685120, 0.0195200, 0.0206000, 0.0188400, 0.0205600, 0.0202000, 0.0201600, 0.0188800, 0.0197600, 0.0193200, 0.0201200, 0.0184000, 0.0194400, 0.0182000, 0.0192400, 0.0194400, 0.0193200, 0.0186400, 0.0194000, 0.0190400, 0.0193600, 0.0193600, 0.0201200, 0.0181200, 0.0195200, 0.0184000, 0.0252600, 0.0182400, 0.0194800, 0.0190000, 0.0200000, 0.0222400, 0.0213200, 0.0180400, 0.0197200, 0.0185200, 0.0230000, 0.0192000, 0.0197600, 0.0182800, 0.0195600, 0.0194400, 0.0246500, 0.0194000, 0.0208000, 0.0194400, 0.0194800, 0.0192800, 0.0194000, 0.0179200, 0.0182400, 0.0194400, 0.0180000, 0.0194800, 0.0181200, 0.0200000, 0.0184400, 0.0196800, 0.0191600, 0.0194800, 0.0182800, 0.0191200, 0.0181600, 0.0196400, 0.0183600, 0.0198400, 0.0184800, 0.0197200, 0.0183600, 0.0194800, 0.0198000, 0.0197600, 0.0184000, 0.0191600, 0.0193600, 0.0194800, 0.0198800, 0.0194800, 0.0186000, 0.0196400, 0.0210000, 0.0186000, 0.0186400, 0.0196800, 0.0186800, 0.0198400, 0.0180800, 0.0198800, 0.0186000, 0.0193600, 0.0201200, 0.0204000, 0.0183600, 0.0196400, 0.0202800, 0.0193200, 0.0195200, 0.0193600, 0.0194800, 0.0196400 ],
"bins": [ 0, 0, 0, 0, 0, 0, 0, 0, 0, 0, 0, 0, 0, 0, 0, 0, 0, 0, 0, 0, 0, 0, 0, 0, 0, 0, 0, 0, 0, 0, 0, 0, 0, 0, 0, 0, 0, 0, 0, 0, 0, 0, 0, 0, 0, 0, 0, 0, 0, 0, 0, 0, 0, 0, 0, 0, 0, 0, 0, 0, 0, 0, 0, 0, 0, 0, 0, 0, 0, 0, 0, 0, 0, 0, 0, 0, 0, 0, 0, 0, 0, 0, 0, 0, 0, 0, 0, 0, 0, 0, 0, 0, 0, 0, 0, 0, 2147483648, 0, 0, 0, 0, 0, 0, 0, 0, 0, 0, 0, 0, 0, 0, 0, 0, 0, 0, 0, 0, 0, 0, 0, 0, 0, 0, 0, 0, 0, 0, 0 ]
}
,
"histogram_atomic_private": {
"timesTransferToDevice": [ 142.2133636, 141.8459930, 141.9770508, 143.7109833, 140.9329224, 141.8238678, 141.6216583, 141.4092712, 143.1690521, 141.6426849, 141.7938232, 143.5978394, 143.1243896, 138.8816833, 141.8272095, 141.9064636, 140.3528748, 142.1439209, 141.5397034, 143.1677094, 143.1886292, 143.2231445, 143.3648834, 143.3153992, 141.8631897, 142.1931152, 142.0614929, 140.8307953, 141.5500336, 141.8516998, 140.6963654, 142.1479034, 143.7387085, 141.6325531, 139.1123505, 140.8276062, 141.9007874, 140.6758881, 143.2036438, 143.2535400, 139.2021179, 142.3152924, 143.6420593, 141.9049072, 143.2599335, 141.0587769, 140.4406281, 143.2634430, 142.2914734, 141.8575897, 143.3081055, 143.7498169, 142.8123932, 142.3102264, 139.0542145, 141.0049438, 143.8737030, 142.3038940, 142.5738373, 140.9422455, 142.1565094, 143.5519867, 141.9167786, 142.3787994, 140.9682922, 140.6741791, 140.8672180, 142.1524353, 142.2926331, 141.9533081, 141.8232574, 143.4959106, 140.6243286, 142.8273315, 142.0361328, 141.7156830, 143.4839478, 142.5636902, 141.4923248, 142.2730255, 143.3509827, 141.8151245, 142.1950378, 142.1303864, 142.2333984, 140.9515381, 143.3927612, 143.5668335, 143.6158600, 143.4727936, 141.7473602, 141.9794922, 139.3791962, 140.8444366, 143.6008759, 142.6024628, 142.2392273, 143.2602234, 142.4185944, 143.3292389 ],
"timesExecution": [ 49.4874153, 49.5309677, 49.8179474, 49.9858398, 49.7507896, 49.7027817, 49.4089088, 49.6306953, 49.4805756, 49.4663353, 49.7538185, 49.6280899, 49.7900810, 49.3610077, 49.5594673, 49.5520287, 49.7674408, 49.3721962, 49.4430237, 49.5959549, 49.6475868, 49.4141426, 49.4431267, 49.7931213, 49.9451218, 50.0107269, 49.7800293, 49.9488182, 49.5891876, 49.7386818, 49.5831947, 49.7635269, 49.5970497, 49.6143875, 49.6960373, 49.5711975, 49.3134651, 49.7941093, 49.6617546, 49.4777451, 49.7786179, 49.9144974, 49.5442772, 49.7357178, 49.4487457, 49.8106155, 50.0076294, 49.8792000, 49.5614624, 49.0945930, 49.4972763, 49.5732155, 49.6756897, 49.2399902, 49.6288757, 50.1846313, 49.4310837, 49.2804718, 49.8519478, 49.8930893, 49.5399666, 49.3263512, 49.5029831, 49.4948425, 49.4264374, 49.4046555, 50.1913071, 50.2064285, 49.7548294, 49.3775024, 49.4659843, 49.7484741, 49.4706154, 49.5364037, 49.5008774, 49.3859901, 49.6396751, 49.5850258, 49.5946159, 49.9409866, 49.8147354, 49.6891441, 49.8249474, 49.7817764, 49.6808891, 49.5263824, 49.4972649, 49.9588890, 49.4841042, 49.8550682, 49.4938316, 49.4244728, 49.2278252, 49.4846573, 49.7394638, 49.3166656, 49.7631760, 49.6219559, 50.1681213, 50.1681862 ],