{
"inputLengthInCharacters": 16777216,
"uniformInput": false,
"useMappingLetter": false,
"measurements": {
"histogram_one_thread_per_character": {
"timesTransferToDevice": [ 2.4570501, 2.4359601, 1.1237700, 1.0933090, 1.0893691, 1.0863791, 1.0906790, 1.0844500, 1.0936290, 1.0868790, 1.0692490, 1.1186390, 1.0868191, 1.1180300, 1.0879689, 1.0825690, 1.0917190, 1.0827390, 1.0908689, 1.0961090, 1.0894090, 1.0920089, 1.0980990, 1.0845990, 1.0786390, 1.0856791, 1.0913301, 1.1539800, 1.0832890, 1.0884891, 1.1050400, 1.0915890, 1.0907201, 1.0875490, 1.0885590, 1.1040000, 1.0847890, 1.0946490, 1.1301700, 1.0889490, 1.0874200, 1.0931190, 1.0864691, 1.0922101, 1.0863090, 1.0903100, 1.0865000, 1.0877490, 1.0864100, 1.0735101, 1.0936890, 1.0840091, 1.1541690, 1.0863190, 1.0876189, 1.0865090, 1.0856290, 1.1046890, 1.0865790, 1.0912890, 1.0989990, 1.0880990, 1.0860590, 1.1566401, 1.0914789, 1.0880491, 1.0909981, 1.0871190, 1.0898490, 1.0879890, 1.0897590, 1.0989690, 1.0855390, 1.0836591, 1.0797390, 1.1234890, 1.0954690, 1.0939690, 1.0904580, 1.0910290, 1.0865290, 1.0882590, 1.0855690, 1.0896280, 1.0938990, 1.0888391, 1.0837590, 1.0843890, 1.0809079, 1.0899290, 1.0971190, 1.1185490, 1.0848190, 1.0938489, 1.0903890, 1.0862190, 1.1067491, 1.0858890, 1.0943390, 1.0869290 ],
"timesExecution": [ 1.5002120, 1.2055500, 1.2055900, 1.2065099, 1.2057199, 1.2062700, 1.2058800, 1.2060601, 1.2056000, 1.2054000, 1.2057600, 1.2047100, 1.2051200, 1.2057400, 1.2051899, 1.2054000, 1.2130001, 1.2056800, 1.2052300, 1.2054000, 1.2055600, 1.2052810, 1.2050300, 1.2071500, 1.2057199, 1.2057700, 1.2052400, 1.2053000, 1.2056910, 1.2058800, 1.2052400, 1.2047811, 1.2057600, 1.2058600, 1.2049410, 1.2059600, 1.2047610, 1.2051200, 1.2053310, 1.2048900, 1.2056500, 1.2050110, 1.2083100, 1.2054000, 1.2052410, 1.2057199, 1.2050000, 1.2053610, 1.2055300, 1.2047100, 1.2062910, 1.2053990, 1.2050000, 1.2051290, 1.2056900, 1.2050900, 1.2052100, 1.2045500, 1.2052799, 1.2054800, 1.2049990, 1.2053601, 1.2056800, 1.2101700, 1.2050000, 1.2054600, 1.2051589, 1.2054501, 1.2049600, 1.2067600, 1.2052900, 1.2051200, 1.2052799, 1.2055200, 1.2051899, 1.2050800, 1.2054100, 1.2054400, 1.2059391, 1.2049201, 1.2057199, 1.2060900, 1.2057199, 1.2049590, 1.2088799, 1.2056700, 1.2049900, 1.2048000, 1.2052701, 1.2049990, 1.2054700, 1.2052000, 1.2056990, 1.2051100, 1.2056700, 1.2050800, 1.2054390, 1.2048600, 1.2045500, 1.2048301 ],
"timesTransferFromDevice": [ 0.3894830, 0.0192800, 0.0190000, 0.0213210, 0.0204400, 0.0212000, 0.0212400, 0.0222400, 0.0243610, 0.0212800, 0.0234010, 0.0214800, 0.0245800, 0.0253200, 0.0208810, 0.0222000, 0.0203200, 0.0237800, 0.0233800, 0.0214410, 0.0218800, 0.0245600, 0.0219610, 0.0242700, 0.0244110, 0.0246700, 0.0238210, 0.0241710, 0.0251200, 0.0238600, 0.0287900, 0.0234000, 0.0251300, 0.0245900, 0.0211200, 0.0267810, 0.0220400, 0.0237500, 0.0244300, 0.0250300, 0.0238810, 0.0241800, 0.0244400, 0.0243700, 0.0223200, 0.0234800, 0.0236710, 0.0234000, 0.0216000, 0.0234410, 0.0243700, 0.0282400, 0.0238210, 0.0241100, 0.0254100, 0.0250300, 0.0246700, 0.0249800, 0.0233700, 0.0244700, 0.0242210, 0.0243500, 0.0237000, 0.0230400, 0.0253200, 0.0240100, 0.0229710, 0.0237400, 0.0233600, 0.0234600, 0.0230810, 0.0242600, 0.0236200, 0.0215600, 0.0265100, 0.0241200, 0.0230400, 0.0243810, 0.0240900, 0.0241300, 0.0232400, 0.0214000, 0.0245500, 0.0238510, 0.0232400, 0.0229600, 0.0251500, 0.0239200, 0.0286410, 0.0238800, 0.0244600, 0.0240910, 0.0240500, 0.0242900, 0.0248000, 0.0247000, 0.0274000, 0.0219200, 0.0274100, 0.0230500 ],
"bins": [ 130851, 131035, 131117, 131079, 131382, 130910, 130796, 131383, 131611, 130813, 130710, 131159, 131250, 131301, 130994, 131002, 131356, 131316, 130941, 130572, 131223, 130931, 130553, 130601, 131352, 130884, 130617, 131132, 131652, 131125, 130178, 130432, 131306, 131668, 131136, 131202, 131029, 130870, 130501, 131292, 130577, 131414, 131277, 131079, 130404, 130795, 131757, 130902, 130842, 130675, 131329, 130679, 131857, 130814, 130730, 130860, 131139, 131205, 131136, 131170, 130529, 130816, 131306, 131304, 131135, 130488, 131000, 131135, 131499, 131375, 130320, 131570, 130980, 131387, 130662, 130899, 131504, 130971, 131626, 131172, 131352, 131325, 131103, 131493, 131428, 131530, 131491, 131149, 131076, 131712, 130673, 131075, 131401, 130753, 130977, 130869, 131356, 130779, 131208, 131187, 130593, 131120, 130840, 130646, 130988, 130865, 131140, 131138, 131876, 130974, 131780, 130964, 130919, 131381, 131174, 131129, 130777, 130785, 130535, 131553, 131265, 131559, 130792, 131315, 130960, 130613, 131471, 130546 ]
}
,
"histogram_atomic_private": {
"timesTransferToDevice": [ 2.1022160, 1.0824590, 1.0901390, 1.0779790, 1.0863280, 1.0715990, 1.0786290, 1.0706990, 1.0924890, 1.0709980, 1.0790490, 1.0874490, 1.0740690, 1.0739590, 1.0925380, 1.0765090, 1.0804590, 1.0731790, 1.0707591, 1.0731879, 1.0866489, 1.0943691, 1.0731980, 1.0795190, 1.0887589, 1.0716290, 1.0737290, 1.0755579, 1.0726390, 1.0804681, 1.0791490, 1.0850890, 1.0704581, 1.0803490, 1.0838690, 1.0722589, 1.0670789, 1.0729690, 1.1040990, 1.0846390, 1.0704679, 1.0865890, 1.0694780, 1.0829591, 1.0857490, 1.0780981, 1.0796890, 1.0840780, 1.0736890, 1.0786390, 1.0713080, 1.0912991, 1.0871390, 1.0760790, 1.0974290, 1.0721790, 1.0780391, 1.0872580, 1.0745389, 1.0774490, 1.0725690, 1.0884891, 1.0770990, 1.0734380, 1.0941989, 1.0778390, 1.0859081, 1.0919390, 1.0784990, 1.0824890, 1.0765491, 1.1038690, 1.0748490, 1.0737780, 1.0840490, 1.0737391, 1.0755490, 1.0846090, 1.0730489, 1.0793890, 1.0689390, 1.0842090, 1.0792490, 1.0726290, 1.0876690, 1.0829190, 1.0734990, 1.0878890, 1.0766391, 1.0747390, 1.0720690, 1.0713980, 1.0753890, 1.0725890, 1.0878190, 1.0747380, 1.0729390, 1.0840690, 1.0752990, 1.0805390 ],
"timesExecution": [ 0.1565210, 0.1590810, 0.1601920, 0.1577810, 0.1599220, 0.1610510, 0.1605810, 0.1569410, 0.1586510, 0.1596920, 0.1630210, 0.1576910, 0.1589720, 0.1606010, 0.1593810, 0.1576910, 0.1586610, 0.1616920, 0.1615310, 0.1576720, 0.1596510, 0.1605710, 0.1612120, 0.1584110, 0.1600210, 0.1614720, 0.1609710, 0.1571320, 0.1589710, 0.1610310, 0.1620020, 0.1567710, 0.1592020, 0.1612110, 0.1606110, 0.1567020, 0.1594910, 0.1617020, 0.1612810, 0.1572510, 0.1589820, 0.1604410, 0.1607810, 0.1569620, 0.1598510, 0.1607020, 0.1613810, 0.1580810, 0.1585320, 0.1615710, 0.1614620, 0.1575020, 0.1595010, 0.1597310, 0.1607020, 0.1577310, 0.1587010, 0.1598810, 0.1605710, 0.1577410, 0.1592520, 0.1597010, 0.1598210, 0.1574220, 0.1591710, 0.1607610, 0.1606310, 0.1570620, 0.1577210, 0.1605710, 0.1609220, 0.1573610, 0.1595410, 0.1584020, 0.1640810, 0.1566810, 0.1570820, 0.1602810, 0.1605210, 0.1573220, 0.1596710, 0.1618610, 0.1602920, 0.1576210, 0.1587310, 0.1602910, 0.1601620, 0.1570310, 0.1586610, 0.1607020, 0.1605410, 0.1569320, 0.1588910, 0.1605010, 0.1606020, 0.1605110, 0.1586710, 0.1617710, 0.1610620, 0.1572810 ],
"timesTransferFromDevice": [ 0.0190410, 0.0191600, 0.0190000, 0.0207200, 0.0233800, 0.0232910, 0.0234000, 0.0231400, 0.0237700, 0.0229900, 0.0242710, 0.0234000, 0.0231500, 0.0234500, 0.0243500, 0.0281400, 0.0239200, 0.0226400, 0.0212000, 0.0233700, 0.0202810, 0.0248400, 0.0248400, 0.0250710, 0.0245200, 0.0234200, 0.0220800, 0.0239700, 0.0246310, 0.0273100, 0.0211600, 0.0238000, 0.0243800, 0.0245110, 0.0286600, 0.0236900, 0.0237400, 0.0244700, 0.0256700, 0.0222800, 0.0243500, 0.0247010, 0.0241500, 0.0235900, 0.0231600, 0.0235500, 0.0250000, 0.0242600, 0.0246000, 0.0220000, 0.0244400, 0.0238800, 0.0234110, 0.0227200, 0.0243000, 0.0279200, 0.0227900, 0.0220800, 0.0198000, 0.0220000, 0.0243400, 0.0247400, 0.0230400, 0.0234100, 0.0197600, 0.0235200, 0.0246500, 0.0232400, 0.0231610, 0.0236500, 0.0249800, 0.0237100, 0.0240500, 0.0248300, 0.0218000, 0.0244200, 0.0239600, 0.0243000, 0.0237000, 0.0243300, 0.0248310, 0.0249200, 0.0242100, 0.0230410, 0.0239810, 0.0204000, 0.0246600, 0.0247910, 0.0233600, 0.0236000, 0.0223600, 0.0224000, 0.0243110, 0.0237800, 0.0213600, 0.0234000, 0.0241400, 0.0238000, 0.0213600, 0.0239500 ],