{
"inputLengthInCharacters": 1048576,
"uniformInput": true,
"useMappingLetter": false,
"measurements": {
"histogram_one_thread_per_character": {
"timesTransferToDevice": [ 0.5288140, 0.0964510, 0.0908010, 0.0937900, 0.0933200, 0.0923310, 0.0936510, 0.0939210, 0.0938910, 0.0920310, 0.0918510, 0.1205510, 0.0952810, 0.0923710, 0.0914310, 0.0940110, 0.0916610, 0.0926610, 0.0921400, 0.0916900, 0.0922910, 0.0916610, 0.0916910, 0.0916510, 0.0916810, 0.0913610, 0.0919800, 0.0925000, 0.0920210, 0.0919410, 0.0915610, 0.0921710, 0.0917410, 0.0967510, 0.0934410, 0.0916900, 0.0917200, 0.0921010, 0.0929310, 0.0916910, 0.0918810, 0.0975510, 0.0916510, 0.0916110, 0.0920600, 0.0919400, 0.0920310, 0.0917010, 0.0923610, 0.0921410, 0.0920910, 0.0919810, 0.0915500, 0.0915100, 0.0920810, 0.0919910, 0.0921410, 0.0927710, 0.0922110, 0.0916910, 0.0918200, 0.0916300, 0.0918410, 0.0917310, 0.0919810, 0.0951810, 0.0919510, 0.0913710, 0.0938110, 0.0919700, 0.0917400, 0.0926710, 0.0916910, 0.0922310, 0.0910810, 0.1394210, 0.0913210, 0.0918510, 0.0920610, 0.0914810, 0.0927510, 0.0927700, 0.0921800, 0.0916310, 0.0916510, 0.0926810, 0.0918610, 0.0916110, 0.0923910, 0.0915100, 0.0917200, 0.0913710, 0.0914710, 0.0921310, 0.0916810, 0.0921710, 0.0916510, 0.0916000, 0.0989100, 0.0915610 ],
"timesExecution": [ 0.4606540, 0.4601930, 0.4595630, 0.4604030, 0.6717060, 0.4598340, 0.4591740, 0.4596240, 0.4595840, 0.4594140, 0.4598640, 0.4601640, 0.4599340, 0.4592740, 0.4572840, 0.4572030, 0.4571230, 0.4574030, 0.4576040, 0.4572440, 0.4604640, 0.4587240, 0.4570440, 0.4572440, 0.4573640, 0.4587630, 0.4573230, 0.4572440, 0.4587240, 0.4567240, 0.4588040, 0.4570440, 0.4589640, 0.4571230, 0.4571230, 0.4570830, 0.4572440, 0.4574040, 0.4574440, 0.4570440, 0.4575640, 0.4592040, 0.4577230, 0.4572030, 0.4574430, 0.4587640, 0.4573640, 0.4570440, 0.4570840, 0.4570440, 0.4571230, 0.4612830, 0.4570030, 0.4570040, 0.4570040, 0.4568440, 0.4600840, 0.4570840, 0.4570440, 0.4570430, 0.4572830, 0.4572040, 0.4567640, 0.4572440, 0.4572040, 0.4587140, 0.4570840, 0.4571630, 0.4587130, 0.4571230, 0.4570040, 0.4591340, 0.4574440, 0.4573240, 0.4601140, 0.4570440, 0.4588840, 0.4567640, 0.4572840, 0.4570030, 0.4569630, 0.4573240, 0.4573240, 0.4573640, 0.4570040, 0.4586440, 0.4570840, 0.4571230, 0.4568030, 0.4572840, 0.4599040, 0.4570440, 0.4576440, 0.4570840, 0.4571240, 0.4571230, 0.4573630, 0.4566830, 0.4577640, 0.4570440 ],
"timesTransferFromDevice": [ 0.3863230, 0.0184000, 0.0189210, 0.0204410, 0.0234800, 0.0197200, 0.0200000, 0.0200400, 0.0238200, 0.0282800, 0.0195600, 0.0196400, 0.0230500, 0.0195600, 0.0194400, 0.0214000, 0.0207610, 0.0201610, 0.0201200, 0.0199600, 0.0194800, 0.0203600, 0.0198400, 0.0195200, 0.0199200, 0.0194010, 0.0205210, 0.0198400, 0.0199600, 0.0196000, 0.0203200, 0.0221600, 0.0201600, 0.0200400, 0.0197610, 0.0199200, 0.0232400, 0.0196000, 0.0198400, 0.0198400, 0.0198800, 0.0194800, 0.0196000, 0.0198810, 0.0198400, 0.0205200, 0.0194000, 0.0204800, 0.0195200, 0.0196400, 0.0199600, 0.0194010, 0.0204410, 0.0192000, 0.0198800, 0.0197600, 0.0195200, 0.0202000, 0.0217600, 0.0198000, 0.0192810, 0.0202000, 0.0198800, 0.0199600, 0.0200400, 0.0200400, 0.0200800, 0.0194800, 0.0196810, 0.0198010, 0.0205200, 0.0194000, 0.0198800, 0.0203600, 0.0195600, 0.0202800, 0.0196800, 0.0196000, 0.0200000, 0.0200000, 0.0195210, 0.0202000, 0.0192000, 0.0195200, 0.0195600, 0.0200000, 0.0197600, 0.0202800, 0.0199610, 0.0200400, 0.0199200, 0.0194800, 0.0196400, 0.0200000, 0.0201200, 0.0196400, 0.0201210, 0.0203200, 0.0198000, 0.0196800 ],
"bins": [ 0, 0, 0, 0, 0, 0, 0, 0, 0, 0, 0, 0, 0, 0, 0, 0, 0, 0, 0, 0, 0, 0, 0, 0, 0, 0, 0, 0, 0, 0, 0, 0, 0, 0, 0, 0, 0, 0, 0, 0, 0, 0, 0, 0, 0, 0, 0, 0, 0, 0, 0, 0, 0, 0, 0, 0, 0, 0, 0, 0, 0, 0, 0, 0, 0, 0, 0, 0, 0, 0, 0, 0, 0, 0, 0, 0, 0, 0, 0, 0, 0, 0, 0, 0, 0, 0, 0, 0, 0, 0, 0, 0, 0, 0, 0, 0, 1048576, 0, 0, 0, 0, 0, 0, 0, 0, 0, 0, 0, 0, 0, 0, 0, 0, 0, 0, 0, 0, 0, 0, 0, 0, 0, 0, 0, 0, 0, 0, 0 ]
}
,
"histogram_atomic_private": {
"timesTransferToDevice": [ 0.0968700, 0.0896310, 0.0892700, 0.0893410, 0.0913000, 0.0914710, 0.0914510, 0.0914500, 0.0927910, 0.0922800, 0.0918110, 0.0915210, 0.0913310, 0.0946110, 0.0920200, 0.0912810, 0.0916210, 0.0931410, 0.0947910, 0.0918300, 0.0914910, 0.0912710, 0.0924700, 0.0936610, 0.0918610, 0.0930200, 0.0914310, 0.0925500, 0.0957910, 0.0922610, 0.0931800, 0.0920210, 0.0916910, 0.0947110, 0.0916110, 0.0911600, 0.0919710, 0.0917010, 0.0934010, 0.0919010, 0.0920200, 0.0920210, 0.0916810, 0.0940210, 0.0914810, 0.0911600, 0.0927910, 0.0920210, 0.0947000, 0.0938110, 0.0919010, 0.0925710, 0.0925010, 0.0946700, 0.0915110, 0.0914310, 0.0916600, 0.0919010, 0.0946300, 0.0914410, 0.0915210, 0.0926800, 0.0916210, 0.0917010, 0.0917800, 0.0921610, 0.0914410, 0.0914310, 0.0922610, 0.0914100, 0.0920210, 0.0918510, 0.0922000, 0.0921410, 0.0918510, 0.0916010, 0.0912910, 0.0932000, 0.0921010, 0.0914410, 0.0922800, 0.0932310, 0.0919010, 0.0918210, 0.0916410, 0.0919710, 0.0919410, 0.0930010, 0.0922600, 0.0914410, 0.0921510, 0.0914810, 0.0920410, 0.0928700, 0.0921410, 0.0920300, 0.0924510, 0.0927110, 0.0930800, 0.0931410 ],
"timesExecution": [ 0.0550410, 0.0536100, 0.0506810, 0.0539200, 0.0542400, 0.0544010, 0.0559800, 0.0528010, 0.0570000, 0.0567200, 0.0571210, 0.0495200, 0.0575610, 0.0493600, 0.0592910, 0.0566010, 0.0572800, 0.0568010, 0.0596200, 0.0586000, 0.0579210, 0.0575200, 0.0599510, 0.0566810, 0.0587900, 0.0490810, 0.0586800, 0.0494800, 0.0571210, 0.0584300, 0.0583010, 0.0570000, 0.0569600, 0.0582410, 0.0565600, 0.0568000, 0.0493210, 0.0577200, 0.0598310, 0.0495600, 0.0496400, 0.0568810, 0.0570400, 0.0571610, 0.0572800, 0.0568400, 0.0572510, 0.0568400, 0.0564410, 0.0567610, 0.0576400, 0.0568810, 0.0592200, 0.0576000, 0.0524910, 0.0604200, 0.0509610, 0.0511100, 0.0508700, 0.0572010, 0.0759500, 0.0587300, 0.0570010, 0.0571600, 0.0574810, 0.0590100, 0.0570400, 0.0593610, 0.0576000, 0.0589910, 0.0591810, 0.0595700, 0.0570010, 0.0571210, 0.0588000, 0.0571210, 0.0577600, 0.0584200, 0.0571610, 0.0589900, 0.0576010, 0.0567200, 0.0591700, 0.0564810, 0.0591200, 0.0570400, 0.0596810, 0.0569600, 0.0492810, 0.0566400, 0.0492400, 0.0513810, 0.0510400, 0.0584410, 0.0577600, 0.0588400, 0.0573610, 0.0560800, 0.0570010, 0.0572410 ],
"timesTransferFromDevice": [ 0.0176400, 0.0174810, 0.0190000, 0.0187600, 0.0196000, 0.0192800, 0.0195200, 0.0190800, 0.0196010, 0.0199600, 0.0202400, 0.0210000, 0.0197600, 0.0200010, 0.0200000, 0.0192800, 0.0192400, 0.0196800, 0.0196010, 0.0197600, 0.0201200, 0.0195610, 0.0196800, 0.0208800, 0.0204400, 0.0201200, 0.0205610, 0.0215600, 0.0194000, 0.0202400, 0.0199200, 0.0199200, 0.0199200, 0.0195200, 0.0196010, 0.0200400, 0.0190400, 0.0198400, 0.0200000, 0.0204010, 0.0195200, 0.0193200, 0.0195600, 0.0209200, 0.0194410, 0.0200800, 0.0196000, 0.0193200, 0.0202400, 0.0197600, 0.0192000, 0.0201600, 0.0200010, 0.0202800, 0.0197600, 0.0198400, 0.0195200, 0.0199610, 0.0203200, 0.0200000, 0.0198010, 0.0197200, 0.0196800, 0.0201600, 0.0200800, 0.0200000, 0.0201600, 0.0196400, 0.0198810, 0.0196400, 0.0199600, 0.0199200, 0.0240800, 0.0197200, 0.0199200, 0.0198400, 0.0193210, 0.0198000, 0.0203200, 0.0194800, 0.0199600, 0.0198000, 0.0208000, 0.0198800, 0.0196000, 0.0193200, 0.0200800, 0.0213610, 0.0198400, 0.0196000, 0.0205200, 0.0207200, 0.0203600, 0.0190800, 0.0198000, 0.0198400, 0.0200000, 0.0203610, 0.0198000, 0.0195200 ],
"bins": [ 0, 0, 0, 0, 0, 0, 0, 0, 0, 0, 0, 0, 0, 0, 0, 0, 0, 0, 0, 0, 0, 0, 0, 0, 0, 0, 0, 0, 0, 0, 0, 0, 0, 0, 0, 0, 0, 0, 0, 0, 0, 0, 0, 0, 0, 0, 0, 0, 0, 0, 0, 0, 0, 0, 0, 0, 0, 0, 0, 0, 0, 0, 0, 0, 0, 0, 0, 0, 0, 0, 0, 0, 0, 0, 0, 0, 0, 0, 0, 0, 0, 0, 0, 0, 0, 0, 0, 0, 0, 0, 0, 0, 0, 0, 0, 0, 1048576, 0, 0, 0, 0, 0, 0, 0, 0, 0, 0, 0, 0, 0, 0, 0, 0, 0, 0, 0, 0, 0, 0, 0, 0, 0, 0, 0, 0, 0, 0, 0 ]
}
,