{
"inputLengthInCharacters": 67108864,
"uniformInput": false,
"useMappingLetter": true,
"measurements": {
"histogram_atomic_global": {
"timesTransferToDevice": [ 41.8819504, 41.8603516, 41.8566399, 41.8573456, 41.8609581, 41.8560638, 41.8750725, 41.8583679, 41.8608017, 41.8551674, 41.8550720, 41.8583679, 41.8562889, 41.8574066, 41.8570251, 41.8586884, 41.8555527, 41.8583374, 41.8557434, 41.8576317, 41.8599663, 41.8581123, 41.8550720, 41.8588142, 41.8576012, 41.8571854, 41.8576965, 41.9351349, 41.9308472, 41.9230080, 41.9215050, 41.9271698, 42.0013123, 42.0486717, 41.9731827, 41.9661102, 41.9606705, 41.9563217, 41.9584961, 41.9493446, 41.9506874, 41.9528008, 41.9410248, 41.9354248, 41.9176331, 41.9231682, 41.9022064, 41.8945923, 41.9182091, 41.8983688, 41.8998718, 41.8953934, 41.8860474, 41.8973770, 41.8941116, 41.8857613, 41.8880653, 41.8846092, 41.8925743, 41.9030418, 41.8918076, 41.8979530, 41.8915215, 41.8937912, 41.8886414, 41.8895683, 41.8814087, 41.8817902, 41.8774071, 41.8810234, 41.9045448, 41.8814392, 41.8788490, 41.8822708, 41.8735352, 41.8779182, 41.8785286, 41.8754578, 41.8754234, 41.8731537, 41.8710709, 41.8682861, 41.8677101, 41.8722572, 41.8615341, 41.8597107, 41.8635521, 41.8633270, 41.8664970, 41.8623352, 41.8612175, 41.8595848, 41.8615036, 41.8578568, 41.8593292, 41.8604469, 41.8624001, 41.8610878, 41.8740807, 41.8601913 ],
"timesExecution": [ 37.2196465, 37.2138557, 37.2099190, 37.2197762, 37.2122574, 37.2214394, 37.2213745, 37.2480621, 37.2164154, 37.2180481, 37.2178879, 37.2133102, 37.2195511, 37.2120018, 37.2167664, 37.2130241, 37.2144623, 37.2177582, 37.2141113, 37.2215042, 37.2252159, 37.2163506, 37.2183990, 37.2164497, 37.2195206, 37.2168312, 37.2429771, 37.2202568, 37.2137604, 37.2148170, 37.2150726, 37.2548141, 37.2380486, 37.2331848, 37.2335052, 37.2360001, 37.2294388, 37.2243538, 37.2259521, 37.2211189, 44.9374084, 37.2249908, 37.2392960, 37.2226868, 37.2260818, 37.2261429, 37.2186890, 37.2288322, 37.2247047, 37.2168961, 37.2231026, 37.2147827, 37.2181129, 37.2123184, 37.2126083, 37.2107201, 37.2145271, 37.2204475, 37.2215347, 37.2198410, 37.2245445, 37.2207031, 37.2210884, 37.2186890, 37.2141457, 37.2131538, 37.2132149, 37.2120018, 37.2100487, 37.2225266, 37.2179527, 37.2212143, 37.2168312, 37.2168007, 37.2173767, 37.2167358, 37.2138863, 37.2130890, 37.2132149, 37.2116470, 37.2110710, 37.2180176, 37.2173119, 37.2210579, 37.2158737, 37.2172813, 37.2169914, 37.2246704, 37.2207680, 37.2151985, 37.2127991, 37.2109108, 37.2092171, 37.2135353, 37.2163506, 37.2192307, 37.2159996, 37.2247353, 37.2180481, 37.2189445 ],
"timesTransferFromDevice": [ 0.0342720, 0.0264000, 0.0250880, 0.0310080, 0.0236800, 0.0309120, 0.0282560, 0.0287360, 0.0257280, 0.0280000, 0.0266880, 0.0247040, 0.0286080, 0.0249600, 0.0275840, 0.0246400, 0.0275520, 0.0268800, 0.0260800, 0.0293760, 0.0289920, 0.0251840, 0.0258560, 0.0284800, 0.0272960, 0.0276800, 0.0388160, 0.0314880, 0.0275520, 0.0263360, 0.0278080, 0.0450240, 0.0372800, 0.0332800, 0.0352320, 0.0325440, 0.0306880, 0.0319360, 0.0298880, 0.0306560, 0.0379520, 0.0285440, 0.0341440, 0.0278720, 0.0304000, 0.0261440, 0.0253760, 0.0352640, 0.0297280, 0.0268160, 0.0284800, 0.0258560, 0.0280320, 0.0253440, 0.0241600, 0.0243200, 0.0247680, 0.0277440, 0.0294720, 0.0253760, 0.0286720, 0.0292160, 0.0290880, 0.0267520, 0.0246720, 0.0252480, 0.0240640, 0.0235520, 0.0241280, 0.0332160, 0.0272320, 0.0273280, 0.0272320, 0.0252160, 0.0264640, 0.0266560, 0.0253760, 0.0248640, 0.0241920, 0.0245440, 0.0247360, 0.0274560, 0.0272640, 0.0271360, 0.0264320, 0.0301120, 0.0275520, 0.0288960, 0.0281920, 0.0258880, 0.0247360, 0.0262400, 0.0253440, 0.0241920, 0.0242880, 0.0267840, 0.0272000, 0.0321280, 0.0266560, 0.0248960 ],
"bins": [ 39843942, 1049589, 1047821, 1048413, 1050094, 1048229, 1049407, 1049453, 1049644, 1046728, 1049250, 1047466, 1048164, 1048499, 1046659, 1051026, 1049865, 1049119, 1047466, 1047060, 1050626, 1048905, 1047599, 1047258, 1048976, 1048954, 1048652 ]
}
,
"histogram_atomic_private": {
"timesTransferToDevice": [ 41.8600311, 41.8579216, 41.8592339, 41.8599358, 41.8570251, 41.8607368, 41.8583679, 41.8593292, 41.8591042, 41.8568306, 41.8592339, 41.8647041, 41.8565102, 41.8580818, 41.8574409, 41.8590393, 41.8561592, 41.8618546, 41.8593597, 41.8584633, 41.8591042, 41.8596802, 41.8576622, 41.8573112, 41.8604469, 41.8568954, 41.8580475, 41.8563843, 41.8578568, 41.8593597, 41.8547516, 41.8554573, 41.8576317, 41.8582382, 41.8557129, 41.8610573, 41.8571205, 41.8553925, 41.8566399, 41.8584328, 41.8553276, 41.8608017, 41.8604164, 41.8643837, 41.8549423, 41.8557129, 41.8572159, 41.8559036, 41.8557434, 41.8557129, 41.8564148, 41.8565750, 41.8563843, 41.8550415, 41.8568001, 41.8576317, 41.8565445, 41.8567352, 41.8558083, 41.8568001, 41.8571510, 41.8667183, 41.8723183, 41.8586235, 41.8575058, 41.8595505, 41.8568649, 41.8583984, 41.8572159, 41.8568001, 41.8567696, 41.8586578, 41.8563194, 41.8577614, 41.8570251, 41.8581429, 41.8569603, 41.8578224, 41.8548164, 41.8583679, 41.8555832, 41.8561287, 41.8561935, 41.8551369, 41.8583984, 41.8556480, 41.8603516, 41.8598709, 41.8569603, 41.8610229, 41.8585587, 41.8571510, 41.8656006, 41.8596802, 41.8571205, 41.8557129, 41.8567352, 41.8631058, 41.8560944, 41.8544960 ],
"timesExecution": [ 0.9549120, 0.9631360, 0.9593920, 0.9594240, 0.9640000, 0.9573760, 0.9689920, 0.9617600, 0.9571520, 0.9578240, 0.9553920, 0.9566400, 0.9590720, 0.9550720, 0.9625920, 0.9615680, 0.9577920, 0.9662720, 0.9578240, 0.9636800, 0.9643520, 0.9671680, 0.9597440, 0.9659520, 0.9664320, 0.9614080, 0.9601920, 0.9587520, 0.9566720, 0.9571520, 0.9607040, 0.9576640, 0.9584960, 0.9559360, 0.9664000, 0.9571840, 0.9583360, 0.9661440, 0.9615680, 0.9590400, 0.9627520, 0.9587840, 0.9648000, 0.9640640, 0.9559680, 0.9644800, 0.9562240, 0.9631360, 0.9589760, 0.9586240, 0.9588160, 0.9566720, 0.9597440, 0.9594240, 0.9637760, 0.9578880, 0.9597440, 0.9562560, 0.9573760, 0.9578880, 0.9934400, 0.9764480, 0.9630720, 0.9638080, 0.9574720, 0.9610560, 0.9648000, 0.9601920, 0.9646080, 0.9588800, 0.9579840, 0.9659840, 0.9605120, 0.9557760, 0.9608640, 0.9612480, 0.9604480, 0.9549440, 0.9583680, 0.9564800, 0.9579840, 0.9571840, 0.9575040, 0.9577600, 0.9652800, 0.9639360, 0.9585920, 0.9644800, 0.9579520, 0.9643520, 0.9606720, 0.9852160, 0.9624320, 0.9615040, 0.9634880, 0.9630400, 0.9576640, 0.9575360, 0.9568960, 0.9915840 ],
"timesTransferFromDevice": [ 0.0240960, 0.0272960, 0.0253760, 0.0249920, 0.0268800, 0.0251200, 0.0280960, 0.0256640, 0.0258880, 0.0263040, 0.0247360, 0.0243520, 0.0235200, 0.0234880, 0.0269120, 0.0246720, 0.0232000, 0.0270080, 0.0243840, 0.0258880, 0.0280640, 0.0286720, 0.0251200, 0.0268800, 0.0259200, 0.0280000, 0.0242880, 0.0255040, 0.0231040, 0.0249280, 0.0238720, 0.0238720, 0.0231680, 0.0235840, 0.0280000, 0.0225600, 0.0226560, 0.0259520, 0.0262720, 0.0251840, 0.0268800, 0.0256320, 0.0363520, 0.0245760, 0.0238400, 0.0277120, 0.0240320, 0.0263360, 0.0268800, 0.0259200, 0.0246400, 0.0238720, 0.0239040, 0.0245760, 0.0256320, 0.0228160, 0.0250880, 0.0248000, 0.0240960, 0.0258240, 0.0391040, 0.0312640, 0.0262720, 0.0266880, 0.0240000, 0.0252800, 0.0265600, 0.0271040, 0.0253120, 0.0248960, 0.0240640, 0.0263040, 0.0260800, 0.0239360, 0.0249920, 0.0246400, 0.0237120, 0.0240320, 0.0238080, 0.0249600, 0.0250240, 0.0245120, 0.0245120, 0.0248320, 0.0256320, 0.0288000, 0.0265280, 0.0250240, 0.0239360, 0.0274880, 0.0247360, 0.0390080, 0.0281600, 0.0251200, 0.0246720, 0.0254400, 0.0236800, 0.0242880, 0.0254400, 0.0472000 ],
"bins": [ 39843942, 1049589, 1047821, 1048413, 1050094, 1048229, 1049407, 1049453, 1049644, 1046728, 1049250, 1047466, 1048164, 1048499, 1046659, 1051026, 1049865, 1049119, 1047466, 1047060, 1050626, 1048905, 1047599, 1047258, 1048976, 1048954, 1048652 ]
}
,