{
"inputLengthInCharacters": 4294967296,
"uniformInput": false,
"useMappingLetter": false,
"measurements": {
"histogram_atomic_private_stride": {
"timesTransferToDevice": [ 2674.0056152, 2673.9187012, 2673.8833008, 2673.8869629, 2674.1782227, 2673.8930664, 2673.9030762, 2673.9079590, 2673.8933105, 2673.8747559, 2673.9011230, 2676.0346680, 2673.8786621, 2673.8974609, 2673.8901367, 2673.8984375, 2673.9133301, 2673.8903809, 2673.8806152, 2673.8972168, 2673.8999023, 2673.8935547, 2673.9013672, 2673.8989258, 2673.8850098, 2673.8913574, 2673.8981934, 2673.9182129, 2673.8830566, 2673.8937988, 2673.8962402, 2673.8913574, 2673.9008789, 2673.8991699, 2673.8850098, 2673.8884277, 2673.8918457, 2673.8869629, 2673.8806152, 2673.8854980, 2673.8889160, 2673.9106445, 2673.8886719, 2673.8901367, 2673.9033203, 2673.8901367, 2673.8869629, 2673.8903809, 2673.8969727, 2673.9023438, 2673.8994141, 2673.8952637, 2673.8918457, 2673.8940430, 2673.8908691, 2673.8845215, 2675.9494629, 2673.8969727, 2673.8857422, 2673.8898926, 2673.9099121, 2673.8847656, 2673.8774414, 2673.8793945, 2673.8923340, 2673.8847656, 2673.8955078, 2673.8757324, 2673.8886719, 2673.8889160, 2673.8811035, 2673.8747559, 2673.8945312, 2673.8867188, 2673.8869629, 2673.8930664, 2673.8806152, 2673.8928223, 2673.8989258, 2673.8881836, 2673.8718262, 2673.8857422, 2673.9101562, 2673.8813477, 2673.9016113, 2673.8957520, 2673.8833008, 2673.8815918, 2673.8803711, 2673.8757324, 2673.8933105, 2673.8933105, 2673.8986816, 2673.8840332, 2673.8808594, 2673.9008789, 2673.8894043, 2673.8784180, 2673.8937988, 2673.8923340 ],
"timesExecution": [ 18.5550728, 18.5346889, 18.5665283, 18.5400314, 18.5290241, 18.5853767, 18.5322552, 18.5174408, 18.6073284, 18.5532169, 18.5421753, 18.5474873, 18.5511360, 18.5307522, 18.5032005, 18.5343685, 18.5801277, 18.5840645, 18.5647049, 18.5496311, 18.5304642, 18.5147209, 18.5271034, 18.5850887, 18.5176964, 18.5746555, 18.5663681, 18.5531197, 18.5822716, 18.5544319, 18.5891209, 18.5353279, 18.5512314, 18.4872952, 18.5299835, 18.5647354, 18.5652809, 18.5782719, 18.5309448, 18.5352631, 18.5199032, 18.5253448, 18.5680637, 18.5235519, 18.5711365, 18.5244160, 18.5253448, 18.5863361, 18.5660801, 18.5689926, 18.5185604, 18.5373764, 18.5155525, 18.5125751, 18.5211201, 18.5780792, 18.6003838, 18.5231361, 18.5726719, 18.5286713, 18.5528641, 18.5547523, 18.4875832, 18.5928631, 18.5408649, 18.5584965, 18.5567360, 18.5760326, 18.5399685, 18.5601921, 18.5520325, 18.5834560, 18.5888634, 18.5713272, 18.5773125, 18.5700169, 18.5088634, 18.5647678, 18.5347519, 18.5387192, 18.5647049, 18.5854397, 18.5196476, 18.5656643, 18.5297928, 18.5510406, 18.5392952, 18.5606728, 18.5797768, 18.4913273, 18.5363846, 18.5580807, 18.5551033, 18.5673599, 18.5762558, 18.5746880, 18.5991039, 18.5450878, 18.5776005, 18.5527039 ],
"timesTransferFromDevice": [ 0.0424960, 0.0309120, 0.0342720, 0.0317120, 0.0320000, 0.0312960, 0.0357120, 0.0320960, 0.0314880, 0.0322560, 0.0314560, 0.0321600, 0.0323520, 0.0316480, 0.0325440, 0.0367360, 0.0324160, 0.0321280, 0.0331200, 0.0319040, 0.0313600, 0.0321600, 0.0319360, 0.0319040, 0.0316480, 0.0318400, 0.0372800, 0.0323520, 0.0311680, 0.0311680, 0.0327680, 0.0307200, 0.0327040, 0.0301440, 0.0318080, 0.0318080, 0.0312640, 0.0320960, 0.0310720, 0.0335360, 0.0375680, 0.0322240, 0.0329280, 0.0326080, 0.0308480, 0.0294720, 0.0313920, 0.0310720, 0.0322880, 0.0334080, 0.0306560, 0.0325440, 0.0318720, 0.0302720, 0.0317120, 0.0321280, 0.0325760, 0.0321920, 0.0316160, 0.0371200, 0.0323200, 0.0316160, 0.0317760, 0.0331840, 0.0316160, 0.0310080, 0.0344000, 0.0340800, 0.0327040, 0.0329600, 0.0331200, 0.0312000, 0.0324480, 0.0328640, 0.0322240, 0.0328640, 0.0315200, 0.0313920, 0.0305920, 0.0299200, 0.0308160, 0.0372160, 0.0322560, 0.0311360, 0.0304960, 0.0314560, 0.0312000, 0.0310080, 0.0318720, 0.0313600, 0.0303680, 0.0307520, 0.0318080, 0.0300160, 0.0325440, 0.0295360, 0.0307200, 0.0300800, 0.0323840, 0.0310720 ],
"bins": [ 33554430, 33554432, 33554432, 33554432, 33554432, 33554433, 33554432, 33554432, 33554432, 33554432, 33554432, 33554432, 33554432, 33554432, 33554432, 33554432, 33554432, 33554432, 33554432, 33554432, 33554432, 33554432, 33554432, 33554432, 33554432, 33554432, 33554432, 33554432, 33554432, 33554432, 33554432, 33554432, 33554432, 33554432, 33554432, 33554432, 33554432, 33554432, 33554432, 33554432, 33554432, 33554433, 33554432, 33554432, 33554432, 33554432, 33554432, 33554432, 33554432, 33554432, 33554432, 33554432, 33554432, 33554432, 33554432, 33554432, 33554432, 33554432, 33554432, 33554432, 33554432, 33554432, 33554432, 33554432, 33554432, 33554432, 33554432, 33554432, 33554432, 33554432, 33554432, 33554432, 33554432, 33554432, 33554432, 33554432, 33554432, 33554432, 33554432, 33554432, 33554432, 33554432, 33554432, 33554432, 33554432, 33554432, 33554432, 33554432, 33554432, 33554432, 33554432, 33554432, 33554432, 33554432, 33554432, 33554432, 33554432, 33554432, 33554432, 33554432, 33554432, 33554432, 33554432, 33554432, 33554432, 33554432, 33554432, 33554432, 33554432, 33554432, 33554432, 33554432, 33554432, 33554432, 33554432, 33554432, 33554432, 33554433, 33554433, 33554432, 33554432, 33554432, 33554432, 33554432, 33554432, 33554432, 33554432, 33554430 ]
}
,
"histogram_atomic_global_stride": {
"timesTransferToDevice": [ 2673.8879395, 2675.9277344, 2673.8972168, 2673.9128418, 2673.8967285, 2673.8796387, 2673.8974609, 2673.8889160, 2673.8874512, 2673.9018555, 2673.8901367, 2673.9033203, 2673.8908691, 2673.8852539, 2673.8850098, 2673.8959961, 2673.9023438, 2673.8747559, 2673.8803711, 2673.9057617, 2673.8854980, 2673.8918457, 2673.8891602, 2673.8894043, 2673.8906250, 2673.8886719, 2673.8947754, 2673.8974609, 2673.8930664, 2673.8984375, 2673.8840332, 2673.8835449, 2673.8793945, 2673.8979492, 2675.9521484, 2673.9055176, 2673.8886719, 2673.8981934, 2673.8847656, 2673.8977051, 2673.8947754, 2673.8923340, 2673.8906250, 2673.8925781, 2673.8898926, 2673.8952637, 2673.8847656, 2673.8869629, 2673.8881836, 2673.8969727, 2673.8999023, 2673.8930664, 2673.9089355, 2673.8955078, 2673.8789062, 2673.8977051, 2673.8830566, 2673.9042969, 2674.5483398, 2673.8947754, 2673.9143066, 2673.8901367, 2673.8984375, 2673.8945312, 2673.8930664, 2673.8930664, 2673.8872070, 2673.8991699, 2673.9147949, 2673.8916016, 2673.8937988, 2673.8950195, 2673.8940430, 2673.8977051, 2673.8896484, 2673.8881836, 2673.8884277, 2673.8842773, 2673.8984375, 2673.8928223, 2673.8906250, 2673.8901367, 2673.9042969, 2673.8981934, 2673.8957520, 2673.8920898, 2673.8950195, 2673.9047852, 2673.8903809, 2673.8952637, 2673.8891602, 2673.8801270, 2673.8891602, 2673.9016113, 2673.8862305, 2673.8901367, 2673.8852539, 2673.9016113, 2673.8964844, 2675.9521484 ],