{
"inputLengthInCharacters": 67108864,
"uniformInput": true,
"useMappingLetter": true,
"measurements": {
"histogram_atomic_global": {
"timesTransferToDevice": [ 41.8850899, 41.8652496, 41.8662720, 41.8662415, 41.8654099, 41.8660812, 41.8664970, 41.8660812, 41.8651505, 41.8809280, 41.8656311, 41.8666878, 41.8641281, 41.8640633, 41.8651505, 41.8635216, 41.8647041, 41.8645134, 41.8660164, 41.8637772, 41.8714256, 41.8669128, 41.8646736, 41.8656311, 41.8647690, 41.8657265, 41.8664017, 41.8647690, 41.8650551, 41.8628464, 41.8679352, 41.8655663, 41.8694077, 41.8677444, 41.8655052, 41.8659859, 41.8639679, 41.8642883, 41.8680000, 41.8648949, 41.8643837, 41.8627205, 41.8632011, 41.8645134, 41.8662071, 41.8676147, 41.8666878, 41.8653107, 41.8656960, 41.8650551, 41.8636818, 41.8630066, 41.8668785, 41.8693771, 41.8664017, 41.8821106, 41.8662415, 41.8655052, 41.8660164, 41.8672333, 41.8644791, 41.8632011, 41.8675194, 41.8631668, 41.8628807, 41.8663368, 41.8677101, 41.8654099, 41.8687057, 41.8673286, 41.8677444, 41.8649292, 41.8643532, 41.8659210, 41.8672333, 41.8643188, 41.8664627, 41.8618889, 41.8644485, 41.8685455, 41.8648338, 41.8652802, 41.8663025, 41.8665924, 41.8837128, 41.8653755, 41.8655663, 41.8633614, 41.8629761, 41.8669777, 41.8639984, 41.8692474, 41.8660164, 41.8647995, 41.8659515, 41.8662415, 41.8632622, 41.8639030, 41.8635826, 41.8628807 ],
"timesExecution": [ 46.4453125, 46.4486732, 46.4459534, 46.4489594, 46.4496307, 46.4534416, 46.4493446, 46.4515533, 46.4577293, 46.4530869, 46.4472656, 46.4459190, 46.4476814, 46.4534073, 46.4511681, 46.4484482, 46.4511681, 46.4482574, 46.4481277, 46.4489937, 46.4477119, 46.4496956, 46.4528313, 46.4504013, 46.4511375, 46.4490891, 46.4495697, 46.4478416, 46.4494095, 46.4521904, 46.4495697, 46.4498253, 46.4495697, 46.4579849, 46.4496956, 46.4482574, 46.4460144, 46.4464302, 46.4528008, 46.4525452, 46.4489594, 46.4498863, 46.4475822, 46.4485435, 46.4577293, 46.4551048, 46.4480972, 46.4488335, 46.4486732, 46.4492149, 46.4511681, 46.4482231, 46.4478416, 46.4549103, 46.4539833, 46.4518394, 46.4528656, 46.4477768, 46.4511986, 46.4470406, 46.4503021, 46.4535370, 46.4470062, 46.4477425, 46.4496307, 46.4486389, 46.4502068, 46.4523201, 46.4587212, 46.4514885, 46.4504318, 46.4462395, 46.4483833, 46.4484482, 46.4508171, 46.4480972, 46.4487038, 46.4516487, 46.4477425, 46.4489288, 46.4507828, 46.4526405, 46.4488335, 46.4598083, 46.4599037, 46.4512634, 46.4466896, 46.4502716, 46.4497604, 46.4498863, 46.4507523, 46.4509125, 46.4475517, 46.4475822, 46.4479027, 46.4519043, 46.4499512, 46.4496002, 46.4460793, 46.4484482 ],
"timesTransferFromDevice": [ 0.0315520, 0.0269440, 0.0263680, 0.0251840, 0.0272000, 0.0288000, 0.0255040, 0.0277440, 0.0341120, 0.0269120, 0.0267520, 0.0244800, 0.0242560, 0.0262720, 0.0250240, 0.0255680, 0.0248640, 0.0245760, 0.0256000, 0.0281600, 0.0259520, 0.0252480, 0.0272960, 0.0267840, 0.0263680, 0.0265280, 0.0266560, 0.0273600, 0.0273920, 0.0295680, 0.0258880, 0.0266560, 0.0259840, 0.0308800, 0.0274560, 0.0249600, 0.0261440, 0.0268160, 0.0256960, 0.0265920, 0.0237120, 0.0248960, 0.0258240, 0.0292800, 0.0324160, 0.0273280, 0.0271360, 0.0256320, 0.0256000, 0.0263680, 0.0271360, 0.0258880, 0.0256960, 0.0273920, 0.0338240, 0.0263040, 0.0273600, 0.0265280, 0.0272320, 0.0240960, 0.0265920, 0.0299520, 0.0244160, 0.0253760, 0.0286080, 0.0260480, 0.0244480, 0.0276480, 0.0279040, 0.0256000, 0.0255680, 0.0248320, 0.0248960, 0.0260160, 0.0256320, 0.0251840, 0.0250560, 0.0258880, 0.0280320, 0.0245440, 0.0261760, 0.0276480, 0.0267840, 0.0342080, 0.0279360, 0.0236800, 0.0252160, 0.0256000, 0.0263040, 0.0268160, 0.0254400, 0.0259200, 0.0249280, 0.0246400, 0.0249920, 0.0276160, 0.0259520, 0.0261120, 0.0258880, 0.0257280 ],
"bins": [ 0, 67108864, 0, 0, 0, 0, 0, 0, 0, 0, 0, 0, 0, 0, 0, 0, 0, 0, 0, 0, 0, 0, 0, 0, 0, 0, 0 ]
}
,
"histogram_atomic_private": {
"timesTransferToDevice": [ 41.8666229, 41.8625603, 41.8635216, 41.8660812, 41.8641930, 41.8667526, 41.8656006, 41.8633270, 41.8644485, 41.8625298, 41.8654099, 41.8644485, 41.8664970, 41.8635826, 41.8629456, 41.8630409, 41.8660164, 41.8651505, 41.8631668, 41.8658257, 41.8645744, 41.8649902, 41.8661118, 41.8670731, 41.8643837, 41.8635216, 41.8641930, 41.8649292, 41.8651505, 41.8680305, 41.8650246, 41.8659515, 41.8632317, 41.8649597, 41.8642235, 41.8649902, 41.8657608, 41.8656006, 41.8662415, 41.8659515, 41.8633270, 41.8658867, 41.8637123, 41.8632317, 41.8649292, 41.8660812, 41.8768959, 41.8655663, 41.8616638, 41.8637428, 41.8644485, 41.8649292, 41.8638382, 41.8680305, 41.8643837, 41.8639374, 41.8652496, 41.8664970, 41.8655357, 41.8652153, 41.8651848, 41.8645439, 41.8718071, 41.8638725, 41.8634872, 41.8641586, 41.8648643, 41.8658562, 41.8664970, 41.8642883, 41.8664322, 41.8640327, 41.8642883, 41.8648643, 41.8654404, 41.8644142, 41.8663368, 41.8632965, 41.8683510, 41.8622704, 41.8631363, 41.8656311, 41.8631668, 41.8637123, 41.8655663, 41.8637428, 41.8644485, 41.8644485, 41.8688965, 41.8639984, 41.8653450, 41.8640633, 41.8644485, 41.8656311, 41.8634224, 41.8651199, 41.8652802, 41.8632965, 41.8625908, 41.8624954 ],
"timesExecution": [ 0.9508480, 0.9568960, 0.9586560, 0.9574400, 0.9590720, 0.9602560, 0.9560000, 0.9603520, 0.9605760, 0.9578880, 0.9587200, 0.9616320, 0.9611840, 0.9621440, 0.9587520, 0.9563840, 0.9607360, 0.9612480, 0.9574720, 0.9584960, 0.9594240, 0.9584000, 0.9601280, 0.9586880, 0.9608000, 0.9607360, 0.9606720, 0.9612160, 0.9608000, 0.9594880, 0.9606720, 0.9635520, 0.9591680, 0.9586560, 0.9572480, 0.9604800, 0.9589120, 0.9619200, 0.9576320, 0.9557440, 0.9584320, 0.9644160, 0.9615680, 0.9581760, 0.9587200, 0.9654400, 0.9602240, 0.9605760, 0.9597120, 0.9615360, 0.9567360, 0.9600640, 0.9600000, 0.9613120, 0.9591040, 0.9574080, 0.9628160, 0.9610560, 0.9587840, 0.9646080, 0.9600320, 0.9566080, 0.9606720, 0.9596160, 0.9536960, 0.9581760, 0.9579840, 0.9670720, 0.9596480, 0.9592320, 0.9581760, 0.9616000, 0.9625600, 0.9581760, 0.9600960, 0.9603840, 0.9597440, 0.9630720, 0.9581440, 0.9567360, 0.9609600, 0.9585920, 0.9602880, 0.9575680, 0.9599360, 0.9583360, 0.9585600, 0.9666240, 0.9598720, 0.9581440, 0.9616960, 0.9569600, 0.9593280, 0.9622720, 0.9644480, 0.9630080, 0.9614080, 0.9597120, 0.9583680, 0.9582720 ],
"timesTransferFromDevice": [ 0.0238080, 0.0226560, 0.0267520, 0.0256000, 0.0259520, 0.0247680, 0.0232960, 0.0272000, 0.0245760, 0.0262400, 0.0253440, 0.0245440, 0.0250560, 0.0243840, 0.0272640, 0.0247360, 0.0254720, 0.0257920, 0.0241600, 0.0245120, 0.0242880, 0.0243840, 0.0263360, 0.0262720, 0.0249600, 0.0258560, 0.0253760, 0.0261120, 0.0245120, 0.0249600, 0.0260800, 0.0268800, 0.0269120, 0.0247360, 0.0250240, 0.0260160, 0.0256640, 0.0268480, 0.0240000, 0.0257600, 0.0238080, 0.0255680, 0.0246080, 0.0256640, 0.0259200, 0.0291520, 0.0261760, 0.0253760, 0.0254080, 0.0265280, 0.0234240, 0.0237760, 0.0247040, 0.0253120, 0.0256000, 0.0238720, 0.0276480, 0.0254400, 0.0256640, 0.0274560, 0.0278720, 0.0260800, 0.0254080, 0.0231680, 0.0237760, 0.0248320, 0.0275200, 0.0272960, 0.0257600, 0.0252480, 0.0242240, 0.0248640, 0.0274240, 0.0265920, 0.0248640, 0.0261120, 0.0249600, 0.0250240, 0.0257280, 0.0237760, 0.0243200, 0.0244480, 0.0260160, 0.0258880, 0.0228800, 0.0272320, 0.0255680, 0.0293760, 0.0233920, 0.0245760, 0.0248640, 0.0228800, 0.0245760, 0.0250880, 0.0263040, 0.0283200, 0.0246720, 0.0243200, 0.0273920, 0.0239360 ],
"bins": [ 0, 67108864, 0, 0, 0, 0, 0, 0, 0, 0, 0, 0, 0, 0, 0, 0, 0, 0, 0, 0, 0, 0, 0, 0, 0, 0, 0 ]
}
,