{
"inputLengthInCharacters": 16,
"uniformInput": false,
"measurements": {
"histogram_one_thread_per_character": {
"timesTransferToDevice": [ 0.0829440, 0.0682880, 0.0313600, 0.0310080, 0.0310720, 0.0304320, 0.0301120, 0.0279040, 0.0630720, 0.0616320, 0.0270720, 0.0286720, 0.0542400, 0.0354880, 0.0283520, 0.0290560, 0.0287680, 0.0325440, 0.0285760, 0.0292480, 0.0296320, 0.0286720, 0.0283520, 0.0236480, 0.0218560, 0.0210240, 0.0401920, 0.0425280, 0.0211520, 0.0211520, 0.0209920, 0.0446720, 0.0213120, 0.0219520, 0.0213760, 0.0221120, 0.0209280, 0.0432640, 0.0217920, 0.0362560, 0.0196480, 0.0199040, 0.0363200, 0.0356800, 0.0197120, 0.0201280, 0.0201280, 0.0396160, 0.0195200, 0.0197440, 0.0195840, 0.0359040, 0.0198080, 0.0202240, 0.0194240, 0.0336640, 0.0197760, 0.0198080, 0.0196160, 0.0197120, 0.0194240, 0.0200960, 0.0195840, 0.0196800, 0.0203520, 0.0212160, 0.0306560, 0.0196800, 0.0200000, 0.0205760, 0.0195840, 0.0199360, 0.0191360, 0.0239680, 0.0228480, 0.0293440, 0.0197440, 0.0192960, 0.0210240, 0.0199040, 0.0195840, 0.0190400, 0.0194240, 0.0200640, 0.0196800, 0.0198400, 0.0202240, 0.0400960, 0.0192960, 0.0200320, 0.0200640, 0.0377600, 0.0182080, 0.0204480, 0.0199040, 0.0361920, 0.0199040, 0.0203520, 0.0196800, 0.0197120 ],
"timesExecution": [ 0.1188480, 0.0849600, 0.0553280, 0.0809280, 0.0564160, 0.0531840, 0.0798720, 0.0573440, 0.1136320, 0.0580160, 0.2170560, 0.0779840, 0.0540480, 0.1023040, 0.0551680, 0.0542720, 0.0747200, 0.0544960, 0.0532480, 0.0747200, 0.0535680, 0.0758080, 0.0542720, 0.0420160, 0.0573440, 0.0419520, 0.0554880, 0.0453120, 0.0636480, 0.0573440, 0.0795200, 0.0565760, 0.0637120, 0.0410240, 0.0553920, 0.0418240, 0.0714560, 0.0411200, 0.0818880, 0.0541760, 0.0584000, 0.0594240, 0.0869440, 0.0600640, 0.0504640, 0.0586560, 0.0563200, 0.0790080, 0.0581760, 0.0515520, 0.0727040, 0.0748160, 0.0511680, 0.0623040, 0.0593920, 0.0561920, 0.0584960, 0.0521920, 0.0757760, 0.0593920, 0.0706240, 0.0591360, 0.0808960, 0.0584320, 0.0605760, 0.0757120, 0.0736960, 0.0512320, 0.0575360, 0.0615040, 0.0901760, 0.0597120, 0.0593920, 0.0456960, 0.0440320, 0.0522560, 0.0591360, 0.0594240, 0.0708480, 0.0788160, 0.0522240, 0.0583680, 0.0583680, 0.0534080, 0.0602240, 0.0528960, 0.0579840, 0.0614080, 0.0716480, 0.1266240, 0.0696640, 0.0605440, 0.0583360, 0.0515200, 0.0584320, 0.0604160, 0.0676800, 0.0585280, 0.0520000, 0.0737600 ],
"timesTransferFromDevice": [ 0.1000320, 0.0876480, 0.0702720, 0.0760000, 0.1002240, 0.0696320, 0.0685120, 0.0699200, 0.0695040, 0.0694400, 0.0655360, 0.0663360, 0.0634880, 0.0649600, 0.0640960, 0.0656960, 0.0653120, 0.0660480, 0.0653760, 0.0654400, 0.0647680, 0.0913280, 0.1582400, 0.0493120, 0.0481280, 0.0493440, 0.0479360, 0.0486080, 0.0483200, 0.0600000, 0.0489280, 0.0488000, 0.0487040, 0.0492480, 0.0694720, 0.0496000, 0.0609600, 0.0488640, 0.1380800, 0.0444160, 0.0450560, 0.0447680, 0.0445120, 0.0447360, 0.0440640, 0.0444160, 0.0438080, 0.0450880, 0.0472320, 0.0439680, 0.0444160, 0.0451840, 0.0440960, 0.0446720, 0.0597760, 0.0878400, 0.0446080, 0.0442240, 0.0604480, 0.0446080, 0.0439680, 0.0448000, 0.0605760, 0.0472960, 0.0503680, 0.0449280, 0.0679680, 0.0443200, 0.0461760, 0.0496000, 0.0449600, 0.0651520, 0.0700480, 0.0534400, 0.0506240, 0.0425920, 0.0516480, 0.0457920, 0.0653760, 0.0445760, 0.0448000, 0.0446400, 0.0651200, 0.0445120, 0.0451200, 0.0442240, 0.0443520, 0.0449280, 0.0489920, 0.0454720, 0.0451840, 0.0450240, 0.0442240, 0.0443520, 0.0561920, 0.0449920, 0.0440000, 0.0446080, 0.0439360, 0.0459840 ],
"bins": [ 0, 0, 0, 0, 0, 1, 0, 0, 0, 0, 0, 0, 0, 0, 0, 0, 0, 0, 0, 0, 0, 0, 0, 0, 1, 0, 0, 0, 0, 0, 0, 0, 0, 0, 0, 0, 0, 0, 0, 0, 0, 1, 0, 0, 0, 1, 0, 0, 0, 0, 0, 0, 0, 0, 0, 0, 0, 0, 0, 0, 1, 0, 0, 1, 0, 0, 0, 0, 0, 0, 0, 0, 0, 0, 0, 0, 1, 0, 0, 0, 0, 0, 0, 0, 1, 0, 0, 2, 0, 0, 0, 0, 1, 0, 0, 1, 0, 0, 0, 0, 0, 0, 0, 0, 1, 0, 0, 0, 0, 0, 0, 0, 0, 0, 0, 0, 0, 1, 1, 1, 0, 0, 0, 0, 0, 0, 0, 0 ]
}
,
"histogram_atomic_private": {
"timesTransferToDevice": [ 0.0433280, 0.0286080, 0.0289280, 0.0309120, 0.0316800, 0.0289280, 0.0307520, 0.0286080, 0.0314240, 0.0374720, 0.0285760, 0.0568640, 0.0291200, 0.0498880, 0.0336640, 0.0313920, 0.0309760, 0.0279360, 0.0308480, 0.0213120, 0.0210240, 0.0217600, 0.0216960, 0.0209600, 0.0218880, 0.0210880, 0.0319680, 0.0205440, 0.0210880, 0.0210240, 0.0220800, 0.0347200, 0.0213760, 0.0210240, 0.0207680, 0.0201920, 0.0197760, 0.0215680, 0.0203200, 0.0199040, 0.0196480, 0.0203840, 0.0371840, 0.0195200, 0.0202880, 0.0199040, 0.0193920, 0.0367040, 0.0207360, 0.0361280, 0.0203200, 0.0195840, 0.0211840, 0.0200000, 0.0197440, 0.0208320, 0.0204480, 0.0197120, 0.0206080, 0.0438400, 0.0391040, 0.0198400, 0.0203840, 0.0208320, 0.0201280, 0.0202240, 0.0203200, 0.0309120, 0.0202560, 0.0197440, 0.0207680, 0.0206720, 0.0217920, 0.0199680, 0.0205760, 0.0194880, 0.0205120, 0.0204800, 0.0207040, 0.0183680, 0.0252800, 0.0204160, 0.0199680, 0.0199680, 0.0201920, 0.0308800, 0.0200000, 0.0199360, 0.0212800, 0.0198720, 0.0200640, 0.0195520, 0.0208640, 0.0371520, 0.0202560, 0.0199040, 0.0206720, 0.0200000, 0.0202240, 0.0204480 ],
"timesExecution": [ 0.0870080, 0.0573440, 0.0829120, 0.0552640, 0.0573120, 0.0831680, 0.1340160, 0.0798400, 0.0571200, 0.0563200, 0.0821760, 0.0557120, 0.0583360, 0.0529600, 0.0567040, 0.0778880, 0.0575680, 0.0545920, 0.1505280, 0.0614400, 0.0556480, 0.0623680, 0.0399040, 0.0788480, 0.0635840, 0.0542720, 0.0624640, 0.0614720, 0.0708800, 0.0614080, 0.0627520, 0.0620800, 0.0583680, 0.0716480, 0.1099520, 0.0614720, 0.0770240, 0.0583040, 0.0539200, 0.0583680, 0.0592320, 0.0746240, 0.0758080, 0.0521920, 0.0418880, 0.0583360, 0.0686400, 0.0584000, 0.0593920, 0.0583360, 0.0593600, 0.1033600, 0.0593600, 0.0677120, 0.0945920, 0.0604160, 0.0523520, 0.0575040, 0.0596480, 0.0754560, 0.0778560, 0.0509760, 0.0590720, 0.0584000, 0.0703360, 0.0584000, 0.0595840, 0.0583360, 0.0543680, 0.0678720, 0.0389440, 0.0581760, 0.0754880, 0.0584000, 0.0533120, 0.0401920, 0.0591680, 0.0819840, 0.0583040, 0.0511360, 0.0597440, 0.0575680, 0.0706560, 0.0758720, 0.0768960, 0.0983360, 0.0594240, 0.0891200, 0.0778240, 0.0584000, 0.0758080, 0.0573440, 0.0689600, 0.0645760, 0.0594240, 0.0747200, 0.0603840, 0.0522240, 0.0594560, 0.0583040 ],
"timesTransferFromDevice": [ 0.1116800, 0.0945600, 0.0704320, 0.0684480, 0.0705600, 0.0840960, 0.0957440, 0.0683840, 0.0697920, 0.0684480, 0.0708160, 0.0695360, 0.0698240, 0.0685760, 0.0697600, 0.0686080, 0.0958720, 0.0692800, 0.0476160, 0.0467840, 0.0699200, 0.0470720, 0.0512960, 0.0467840, 0.0690240, 0.0459840, 0.0472640, 0.0465920, 0.0644800, 0.0471680, 0.0472960, 0.0463040, 0.0471680, 0.0592000, 0.0443840, 0.0441280, 0.0620800, 0.0491840, 0.0447040, 0.0525440, 0.0453760, 0.0434240, 0.0457280, 0.0434240, 0.0446080, 0.0441920, 0.0454720, 0.0440000, 0.0446720, 0.0444160, 0.0614080, 0.0444480, 0.0577280, 0.0549440, 0.0609920, 0.0447360, 0.0455680, 0.0496960, 0.0467840, 0.0443520, 0.0458240, 0.0448000, 0.0456960, 0.0479680, 0.0630720, 0.0442560, 0.0447680, 0.0591360, 0.0456000, 0.0734400, 0.0449920, 0.0435840, 0.0614080, 0.0599360, 0.0442240, 0.0443520, 0.0452800, 0.0440640, 0.0446400, 0.0440000, 0.0453440, 0.0439360, 0.0448000, 0.0646400, 0.0449600, 0.0437440, 0.0453760, 0.0406720, 0.0558720, 0.0438400, 0.0451840, 0.0552320, 0.0454080, 0.0448000, 0.0456960, 0.0444160, 0.0723840, 0.0652480, 0.0454720, 0.0449280 ],
"bins": [ 0, 0, 0, 0, 0, 1, 0, 0, 0, 0, 0, 0, 0, 0, 0, 0, 0, 0, 0, 0, 0, 0, 0, 0, 1, 0, 0, 0, 0, 0, 0, 0, 0, 0, 0, 0, 0, 0, 0, 0, 0, 1, 0, 0, 0, 1, 0, 0, 0, 0, 0, 0, 0, 0, 0, 0, 0, 0, 0, 0, 1, 0, 0, 1, 0, 0, 0, 0, 0, 0, 0, 0, 0, 0, 0, 0, 1, 0, 0, 0, 0, 0, 0, 0, 1, 0, 0, 2, 0, 0, 0, 0, 1, 0, 0, 1, 0, 0, 0, 0, 0, 0, 0, 0, 1, 0, 0, 0, 0, 0, 0, 0, 0, 0, 0, 0, 0, 1, 1, 1, 0, 0, 0, 0, 0, 0, 0, 0 ]
}
,