{
"inputLengthInCharacters": 1024,
"uniformInput": true,
"useMappingLetter": false,
"measurements": {
"histogram_atomic_global": {
"timesTransferToDevice": [ 0.0516800, 0.0226710, 0.0211610, 0.0210400, 0.0266200, 0.0248700, 0.0273110, 0.0262410, 0.0251010, 0.0273110, 0.0273810, 0.0271310, 0.0236610, 0.0266810, 0.0248410, 0.0238310, 0.0293510, 0.0272400, 0.0267400, 0.0255100, 0.0249500, 0.0272900, 0.0265700, 0.0263200, 0.0271010, 0.0266210, 0.0245110, 0.0261210, 0.0233410, 0.0271510, 0.0274810, 0.0297300, 0.0267800, 0.0240410, 0.0258910, 0.0261610, 0.0246910, 0.0275710, 0.0245700, 0.0262400, 0.0268300, 0.0277300, 0.0280200, 0.0279310, 0.0239410, 0.0252510, 0.0246010, 0.0261610, 0.0247910, 0.0286000, 0.0247200, 0.0250300, 0.0250900, 0.0261600, 0.0260500, 0.0249800, 0.0228500, 0.0274000, 0.0246910, 0.0292210, 0.0251010, 0.0265810, 0.0244810, 0.0283510, 0.0254600, 0.0297700, 0.0248800, 0.0232400, 0.0271500, 0.0295610, 0.0246210, 0.0238710, 0.0235610, 0.0273110, 0.0266510, 0.0274210, 0.0260010, 0.0278710, 0.0262410, 0.0277700, 0.0234400, 0.0273500, 0.0268600, 0.0244900, 0.0264300, 0.0264510, 0.0268610, 0.0267810, 0.0262710, 0.0265510, 0.0293400, 0.0251700, 0.0252200, 0.0247200, 0.0261700, 0.0276400, 0.0233600, 0.0234400, 0.0266500, 0.0290700 ],
"timesExecution": [ 0.0255600, 0.0275200, 0.0253200, 0.0280200, 0.0278500, 0.0256000, 0.0278600, 0.0254400, 0.0277500, 0.0260010, 0.0277810, 0.0564110, 0.0282300, 0.0281000, 0.0291000, 0.0281410, 0.0268110, 0.0276710, 0.0275710, 0.0258810, 0.0274810, 0.0283900, 0.0255600, 0.0277700, 0.0279600, 0.0283400, 0.0277800, 0.0258800, 0.0260010, 0.0276510, 0.0265210, 0.0273910, 0.0255210, 0.0254800, 0.0277710, 0.0259610, 0.0257210, 0.0278010, 0.0256810, 0.0277710, 0.0283610, 0.0287800, 0.0278500, 0.0274800, 0.0284400, 0.0272400, 0.0283200, 0.0273100, 0.0272910, 0.0277410, 0.0254010, 0.0258010, 0.0258010, 0.0278110, 0.0272200, 0.0258000, 0.0256800, 0.0256000, 0.0272700, 0.0255200, 0.0278500, 0.0278100, 0.0255210, 0.0281210, 0.0268710, 0.0274010, 0.0288310, 0.0275800, 0.0287300, 0.0277700, 0.0270400, 0.0286400, 0.0283400, 0.0256400, 0.0277610, 0.0587910, 0.0282600, 0.0278910, 0.0278410, 0.0276810, 0.0274010, 0.0257210, 0.0257200, 0.0280100, 0.0285100, 0.0277300, 0.0284900, 0.0285700, 0.0283410, 0.0277710, 0.0270410, 0.0254800, 0.0293500, 0.0289710, 0.0273600, 0.0258400, 0.0255600, 0.0258800, 0.0262800, 0.0258000 ],
"timesTransferFromDevice": [ 0.4209180, 0.0186800, 0.0183610, 0.0194810, 0.0201610, 0.0285110, 0.0216800, 0.0198000, 0.0238300, 0.0212800, 0.0205600, 0.0265310, 0.0203200, 0.0236900, 0.0242000, 0.0237400, 0.0237100, 0.0240900, 0.0228010, 0.0201210, 0.0263210, 0.0195210, 0.0198010, 0.0261510, 0.0200400, 0.0234500, 0.0239800, 0.0228300, 0.0212800, 0.0237400, 0.0198800, 0.0199600, 0.0543310, 0.0193200, 0.0233700, 0.0234500, 0.0213900, 0.0200800, 0.0236900, 0.0276300, 0.0213610, 0.0217210, 0.0212010, 0.0210400, 0.0216800, 0.0202000, 0.0232800, 0.0201200, 0.0263300, 0.0203600, 0.0230300, 0.0237800, 0.0229210, 0.0212010, 0.0206010, 0.0237710, 0.0238410, 0.0272910, 0.0234400, 0.0236100, 0.0204400, 0.0268700, 0.0230900, 0.0201200, 0.0202800, 0.0200010, 0.0254110, 0.0206810, 0.0207610, 0.0235200, 0.0210400, 0.0219200, 0.0198800, 0.0249400, 0.0220000, 0.0245900, 0.0234300, 0.0202400, 0.0232400, 0.0238300, 0.0206000, 0.0201610, 0.0234010, 0.0269410, 0.0229210, 0.0230200, 0.0206000, 0.0228400, 0.0212800, 0.0255500, 0.0233710, 0.0205610, 0.0203210, 0.0211210, 0.0198010, 0.0233410, 0.0228810, 0.0206010, 0.0233010, 0.0215610 ],
"bins": [ 0, 0, 0, 0, 0, 0, 0, 0, 0, 0, 0, 0, 0, 0, 0, 0, 0, 0, 0, 0, 0, 0, 0, 0, 0, 0, 0, 0, 0, 0, 0, 0, 0, 0, 0, 0, 0, 0, 0, 0, 0, 0, 0, 0, 0, 0, 0, 0, 0, 0, 0, 0, 0, 0, 0, 0, 0, 0, 0, 0, 0, 0, 0, 0, 0, 0, 0, 0, 0, 0, 0, 0, 0, 0, 0, 0, 0, 0, 0, 0, 0, 0, 0, 0, 0, 0, 0, 0, 0, 0, 0, 0, 0, 0, 0, 0, 1024, 0, 0, 0, 0, 0, 0, 0, 0, 0, 0, 0, 0, 0, 0, 0, 0, 0, 0, 0, 0, 0, 0, 0, 0, 0, 0, 0, 0, 0, 0, 0 ]
}
,
"histogram_atomic_private": {
"timesTransferToDevice": [ 0.0189600, 0.0207610, 0.0198810, 0.0218600, 0.0251900, 0.0257300, 0.0255700, 0.0244200, 0.0252200, 0.0258600, 0.0255000, 0.0264200, 0.0267500, 0.0253500, 0.0261210, 0.0302210, 0.0247210, 0.0288610, 0.0284110, 0.0296600, 0.0320500, 0.0249800, 0.0262800, 0.0274310, 0.0265710, 0.0259810, 0.0244210, 0.0252610, 0.0267210, 0.0260010, 0.0264210, 0.0245600, 0.0261100, 0.0268800, 0.0237900, 0.0266110, 0.0269500, 0.0260700, 0.0243300, 0.0264500, 0.0270100, 0.0270310, 0.0241910, 0.0275510, 0.0273110, 0.0248210, 0.0260010, 0.0278110, 0.0262410, 0.0232510, 0.0264100, 0.0271500, 0.0239500, 0.0238500, 0.0263300, 0.0309000, 0.0266700, 0.0267800, 0.0267510, 0.0283610, 0.0268910, 0.0264810, 0.0251900, 0.0273700, 0.0251100, 0.0261400, 0.0248800, 0.0237600, 0.0268110, 0.0254410, 0.0254010, 0.0236600, 0.0266410, 0.0242910, 0.0245310, 0.0272810, 0.0257510, 0.0268100, 0.0268100, 0.0291900, 0.0251800, 0.0250900, 0.0269400, 0.0273410, 0.0256210, 0.0263610, 0.0236100, 0.0251500, 0.0249500, 0.0268200, 0.0276400, 0.0285600, 0.0279400, 0.0272410, 0.0249310, 0.0249810, 0.0246910, 0.0253110, 0.0260410, 0.0240410 ],
"timesExecution": [ 0.0228010, 0.0254800, 0.0251600, 0.0262400, 0.0265700, 0.0250400, 0.0264600, 0.0268400, 0.0266410, 0.0265710, 0.0274210, 0.0284510, 0.0258400, 0.0272900, 0.0270800, 0.0273300, 0.0278300, 0.0266010, 0.0277010, 0.0262810, 0.0272110, 0.0272410, 0.0281500, 0.0256000, 0.0270400, 0.0272000, 0.0271200, 0.0269600, 0.0256400, 0.0258810, 0.0279110, 0.0277510, 0.0282410, 0.0255610, 0.0278210, 0.0277010, 0.0272410, 0.0282310, 0.0272000, 0.0254800, 0.0277900, 0.0279400, 0.0274600, 0.0266400, 0.0256000, 0.0259200, 0.0257600, 0.0274810, 0.0277810, 0.0273610, 0.0273210, 0.0275310, 0.0275710, 0.0257210, 0.0272910, 0.0271210, 0.0277700, 0.0274000, 0.0275700, 0.0258400, 0.0274000, 0.0279710, 0.0277410, 0.0282310, 0.0279000, 0.0277000, 0.0252400, 0.0284300, 0.0277700, 0.0268300, 0.0276110, 0.0266300, 0.0277800, 0.0273700, 0.0273200, 0.0277010, 0.0278210, 0.0272010, 0.0275310, 0.0260010, 0.0287800, 0.0272400, 0.0274800, 0.0274500, 0.0273200, 0.0272410, 0.0278910, 0.0279510, 0.0273210, 0.0255210, 0.0257210, 0.0274900, 0.0278900, 0.0275600, 0.0277400, 0.0272100, 0.0283900, 0.0277400, 0.0273200, 0.0254400 ],
"timesTransferFromDevice": [ 0.0165200, 0.0172000, 0.0175600, 0.0193610, 0.0247210, 0.0196810, 0.0227710, 0.0204410, 0.0194810, 0.0234510, 0.0234110, 0.0219210, 0.0239810, 0.0230410, 0.0228910, 0.0255100, 0.0237700, 0.0212400, 0.0209200, 0.0194000, 0.0231710, 0.0275210, 0.0261510, 0.0229200, 0.0229100, 0.0200800, 0.0213200, 0.0204400, 0.0253300, 0.0261500, 0.0239400, 0.0206800, 0.0232000, 0.0210400, 0.0234900, 0.0207600, 0.0252700, 0.0279210, 0.0210010, 0.0231710, 0.0220410, 0.0238000, 0.0213200, 0.0231800, 0.0208800, 0.0234300, 0.0211600, 0.0241700, 0.0228900, 0.0235200, 0.0236500, 0.0216010, 0.0218010, 0.0224400, 0.0199600, 0.0234410, 0.0219210, 0.0233710, 0.0238000, 0.0199600, 0.0845710, 0.0238000, 0.0268200, 0.0240210, 0.0228510, 0.0193210, 0.0208810, 0.0209610, 0.0214800, 0.0276000, 0.0577510, 0.0234810, 0.0203200, 0.0219600, 0.0228000, 0.0217200, 0.0201600, 0.0237300, 0.0230700, 0.0234710, 0.0231610, 0.0229710, 0.0264810, 0.0236100, 0.0198800, 0.0233200, 0.0194800, 0.0202800, 0.0236500, 0.0234110, 0.0257510, 0.0208810, 0.0261210, 0.0202000, 0.0198400, 0.0230900, 0.0206800, 0.0197200, 0.0200800, 0.0226800 ],
"bins": [ 0, 0, 0, 0, 0, 0, 0, 0, 0, 0, 0, 0, 0, 0, 0, 0, 0, 0, 0, 0, 0, 0, 0, 0, 0, 0, 0, 0, 0, 0, 0, 0, 0, 0, 0, 0, 0, 0, 0, 0, 0, 0, 0, 0, 0, 0, 0, 0, 0, 0, 0, 0, 0, 0, 0, 0, 0, 0, 0, 0, 0, 0, 0, 0, 0, 0, 0, 0, 0, 0, 0, 0, 0, 0, 0, 0, 0, 0, 0, 0, 0, 0, 0, 0, 0, 0, 0, 0, 0, 0, 0, 0, 0, 0, 0, 0, 1024, 0, 0, 0, 0, 0, 0, 0, 0, 0, 0, 0, 0, 0, 0, 0, 0, 0, 0, 0, 0, 0, 0, 0, 0, 0, 0, 0, 0, 0, 0, 0 ]
}
,