{
"inputLengthInCharacters": 2097152,
"uniformInput": false,
"useMappingLetter": true,
"measurements": {
"histogram_atomic_global": {
"timesTransferToDevice": [ 1.5336010, 0.2105620, 0.1986410, 0.1807310, 0.1864920, 0.1862010, 0.1848710, 0.1862520, 0.1851210, 0.1860010, 0.1893520, 0.2152810, 0.1874520, 0.1836110, 0.1846010, 0.1829520, 0.1868410, 0.1865010, 0.1849120, 0.1854910, 0.1865210, 0.1859520, 0.1843510, 0.1858410, 0.1868820, 0.1960410, 0.1859810, 0.1934220, 0.1828210, 0.1862710, 0.1873520, 0.1848710, 0.1863010, 0.2183820, 0.1866310, 0.1844920, 0.1854010, 0.1870910, 0.1882420, 0.1868010, 0.1860810, 0.1855520, 0.1876510, 0.1869210, 0.1864820, 0.1848410, 0.2099110, 0.1857220, 0.1864110, 0.1863510, 0.1861520, 0.1883610, 0.1843820, 0.1849320, 0.1861810, 0.1865320, 0.1852120, 0.1880910, 0.1868820, 0.1854520, 0.1891610, 0.1861620, 0.1874320, 0.1856610, 0.1929110, 0.1902820, 0.1870810, 0.1841420, 0.1855910, 0.1868910, 0.1867520, 0.1866620, 0.1852110, 0.1855310, 0.1859310, 0.2269320, 0.1879620, 0.1870320, 0.1858520, 0.1876520, 0.1855110, 0.1860110, 0.1867310, 0.1864610, 0.1867610, 0.1846210, 0.1859010, 0.1870910, 0.1859410, 0.1856610, 0.1918710, 0.1905410, 0.1891920, 0.1930620, 0.1866220, 0.1865920, 0.1857420, 0.1856520, 0.1858620, 0.1853120 ],
"timesExecution": [ 0.5957240, 0.5936840, 0.5953750, 0.5958140, 0.5954340, 0.5950650, 0.5957650, 0.5954640, 0.5951350, 0.5951150, 0.5950440, 0.5946250, 0.5955840, 0.5949450, 0.5949450, 0.5950640, 0.5951040, 0.5979350, 0.5948640, 0.5951150, 0.5955250, 0.5949540, 0.5955150, 0.5953150, 0.5947440, 0.5956250, 0.5947150, 0.5952240, 0.5948650, 0.5992250, 0.5977140, 0.5945950, 0.5953450, 0.5945440, 0.5949450, 0.5946940, 0.5949440, 0.5949150, 0.5952740, 0.5952340, 0.5949950, 0.5949040, 0.5949940, 0.5969950, 0.5947840, 0.5949040, 0.5947540, 0.5947040, 0.5949050, 0.5956640, 0.5958540, 0.5957550, 0.5949740, 0.5950340, 0.5953450, 0.5948740, 0.5951140, 0.5946550, 0.5955840, 0.5947040, 0.5955150, 0.5947040, 0.5947440, 0.5949150, 0.5945840, 0.5952440, 0.5946550, 0.5947840, 0.5949940, 0.5952950, 0.5951140, 0.5949140, 0.5954750, 0.5951250, 0.5946650, 0.5951940, 0.5950240, 0.5949540, 0.5946340, 0.5947040, 0.5948640, 0.5951340, 0.5947440, 0.5947140, 0.5954040, 0.5945040, 0.5952240, 0.5956540, 0.6005450, 0.5949550, 0.5949050, 0.5953640, 0.5955640, 0.5949840, 0.5948640, 0.5947540, 0.5949140, 0.5946740, 0.5950340, 0.5948740 ],
"timesTransferFromDevice": [ 0.3872630, 0.0192010, 0.0194400, 0.0219200, 0.0202010, 0.0208400, 0.0198800, 0.0241010, 0.0239300, 0.0283400, 0.0240310, 0.0275300, 0.0203600, 0.0237700, 0.0244900, 0.0238200, 0.0249500, 0.0277200, 0.0212400, 0.0215600, 0.0234400, 0.0212800, 0.0217600, 0.0205200, 0.0238000, 0.0239500, 0.0241200, 0.0235810, 0.0210400, 0.0240200, 0.0240510, 0.0217200, 0.0247400, 0.0239400, 0.0237900, 0.0227200, 0.0215600, 0.0240500, 0.0281600, 0.0226400, 0.0247200, 0.0239800, 0.0240200, 0.0241900, 0.0232500, 0.0234000, 0.0241400, 0.0289310, 0.0247900, 0.0244700, 0.0240210, 0.0218400, 0.0245500, 0.0242600, 0.0222000, 0.0219600, 0.0238700, 0.0234800, 0.0215200, 0.0245110, 0.0233600, 0.0226400, 0.0234810, 0.0211600, 0.0259900, 0.0241900, 0.0283600, 0.0244200, 0.0233100, 0.0220800, 0.0216800, 0.0223600, 0.0241700, 0.0237900, 0.0238500, 0.0238000, 0.0220400, 0.0253300, 0.0244700, 0.0243800, 0.0244800, 0.0222410, 0.0220010, 0.0242710, 0.0219210, 0.0251810, 0.0248000, 0.0244000, 0.0242600, 0.0206400, 0.0243000, 0.0245300, 0.0239200, 0.0235600, 0.0214800, 0.0222800, 0.0247700, 0.0239300, 0.0236800, 0.0234300 ],
"bins": [ 1245025, 32673, 32540, 32519, 32835, 32690, 32821, 32635, 32409, 32866, 32863, 32943, 32593, 32931, 32491, 33071, 32712, 32684, 32848, 32776, 32931, 32651, 32795, 32765, 33064, 32770, 33251 ]
}
,
"histogram_atomic_private": {
"timesTransferToDevice": [ 1.0892971, 0.1995920, 0.2002410, 0.1755010, 0.1929710, 0.1938120, 0.1803310, 0.1814110, 0.1800410, 0.1776810, 0.1790520, 0.1803720, 0.1853610, 0.1854010, 0.1833510, 0.2177420, 0.1849610, 0.1852110, 0.1897020, 0.1839710, 0.1859010, 0.2121120, 0.1848110, 0.1817110, 0.1843510, 0.1829120, 0.1804610, 0.1827210, 0.1820810, 0.1810420, 0.1810910, 0.1857110, 0.1827810, 0.1814210, 0.2135220, 0.1835010, 0.1848310, 0.1943920, 0.1859310, 0.1859210, 0.1848720, 0.1830320, 0.1833210, 0.1834910, 0.1837210, 0.1838220, 0.1824410, 0.1808210, 0.1821210, 0.1799320, 0.1967110, 0.1825310, 0.1817410, 0.1864420, 0.1833410, 0.1805410, 0.2074810, 0.1848420, 0.1830310, 0.1818710, 0.1837810, 0.1844320, 0.1820110, 0.1810310, 0.1811110, 0.1819420, 0.1867110, 0.1830610, 0.1802010, 0.1877020, 0.1833310, 0.1838210, 0.2159720, 0.1843620, 0.1809410, 0.1842710, 0.1820510, 0.1819120, 0.1830210, 0.1809710, 0.1829310, 0.1806320, 0.2050820, 0.1823710, 0.1825910, 0.2073820, 0.1815610, 0.1816010, 0.2054520, 0.1818510, 0.1800210, 0.1827410, 0.1817220, 0.1810420, 0.1840710, 0.1851910, 0.1821910, 0.1804120, 0.1836310, 0.1804410 ],
"timesExecution": [ 0.0645700, 0.0638000, 0.0653010, 0.0660710, 0.0638800, 0.0663500, 0.0659900, 0.0661610, 0.0658210, 0.0656900, 0.0635600, 0.0653500, 0.0656510, 0.0638810, 0.0654700, 0.0652410, 0.0659310, 0.0661500, 0.0657200, 0.0651610, 0.0660710, 0.0657800, 0.0668910, 0.0655710, 0.0666000, 0.0653700, 0.0649900, 0.0795010, 0.0659500, 0.0659900, 0.0638000, 0.0661110, 0.0637210, 0.0656100, 0.0657810, 0.0653310, 0.0658610, 0.0654300, 0.0663810, 0.0657410, 0.0646400, 0.0658900, 0.0632010, 0.0661010, 0.0659400, 0.0662700, 0.0665500, 0.0651210, 0.0664510, 0.0639200, 0.0651600, 0.0658510, 0.0663110, 0.0650000, 0.0659400, 0.0652410, 0.0666700, 0.0653700, 0.0657310, 0.0655010, 0.0691500, 0.0661400, 0.0663100, 0.0635210, 0.0655110, 0.0638400, 0.0656700, 0.0657910, 0.0652310, 0.0657700, 0.0660700, 0.0666110, 0.0639600, 0.0660100, 0.0644010, 0.0656110, 0.0664600, 0.0634000, 0.0658500, 0.0651510, 0.0642410, 0.0652000, 0.0650800, 0.0637610, 0.0659510, 0.0654800, 0.0660310, 0.0657910, 0.0659000, 0.0660900, 0.0657910, 0.0671410, 0.0654400, 0.0655900, 0.0658310, 0.0651810, 0.0658200, 0.0660900, 0.0660600, 0.0637610 ],
"timesTransferFromDevice": [ 0.0182000, 0.0182410, 0.0194800, 0.0245500, 0.0225200, 0.0200010, 0.0216800, 0.0210000, 0.0232800, 0.0204400, 0.0216800, 0.0242210, 0.0286400, 0.0234400, 0.0258000, 0.0234500, 0.0245400, 0.0243300, 0.0241210, 0.0278600, 0.0240500, 0.0242510, 0.0248200, 0.0203200, 0.0220000, 0.0254310, 0.0208000, 0.0234100, 0.0249300, 0.0232100, 0.0211610, 0.0234400, 0.0242300, 0.0308000, 0.0210400, 0.0239400, 0.0235600, 0.0280010, 0.0274500, 0.0205600, 0.0237700, 0.0212410, 0.0238500, 0.0208800, 0.0242800, 0.0217210, 0.0264700, 0.0243000, 0.0236100, 0.0237600, 0.0236700, 0.0234200, 0.0209200, 0.0220000, 0.0240610, 0.0234000, 0.0240600, 0.0238010, 0.0244200, 0.0235700, 0.0240300, 0.0240710, 0.0222000, 0.0243100, 0.0238600, 0.0284000, 0.0239600, 0.0210800, 0.0237500, 0.0241800, 0.0220800, 0.0246700, 0.0239600, 0.0240010, 0.0237100, 0.0214400, 0.0241200, 0.0217200, 0.0221600, 0.0233600, 0.0237700, 0.0234400, 0.0244800, 0.0216000, 0.0238300, 0.0230310, 0.0215200, 0.0208000, 0.0238400, 0.0240210, 0.0235700, 0.0236000, 0.0243300, 0.0233610, 0.0242000, 0.0237600, 0.0234400, 0.0220400, 0.0244200, 0.0244600 ],
"bins": [ 1245025, 32673, 32540, 32519, 32835, 32690, 32821, 32635, 32409, 32866, 32863, 32943, 32593, 32931, 32491, 33071, 32712, 32684, 32848, 32776, 32931, 32651, 32795, 32765, 33064, 32770, 33251 ]
}
,