{
"inputLengthInCharacters": 2097152,
"uniformInput": true,
"useMappingLetter": true,
"measurements": {
"histogram_atomic_global": {
"timesTransferToDevice": [ 1.5913711, 0.2206420, 0.1924020, 0.1931710, 0.2099820, 0.1934810, 0.1914520, 0.1913310, 0.1913420, 0.2059810, 0.1947420, 0.2327420, 0.1924910, 0.1901120, 0.1899910, 0.2061720, 0.1905910, 0.1910720, 0.1912110, 0.1916920, 0.1921010, 0.1880010, 0.1913310, 0.2017810, 0.1909910, 0.1902310, 0.1907820, 0.1919610, 0.1910120, 0.2059710, 0.1907820, 0.1907910, 0.1916920, 0.1932510, 0.1878120, 0.2055310, 0.1903420, 0.1917010, 0.1899920, 0.1921310, 0.1905120, 0.1915910, 0.2051820, 0.2003020, 0.1918710, 0.1913220, 0.1906410, 0.1887310, 0.2068310, 0.1877720, 0.1981710, 0.1913820, 0.1907710, 0.1919310, 0.1907310, 0.2070620, 0.2002820, 0.1907610, 0.1908910, 0.1910210, 0.1898810, 0.1921310, 0.1911620, 0.1908420, 0.1908910, 0.1905710, 0.1917810, 0.1901810, 0.2056010, 0.1953220, 0.1900420, 0.1918310, 0.1911010, 0.1922310, 0.1865010, 0.2452920, 0.1920910, 0.1912110, 0.1904810, 0.1906910, 0.1907610, 0.2079720, 0.1961110, 0.1908410, 0.1908810, 0.1915310, 0.1909310, 0.1919020, 0.1912020, 0.1914120, 0.1915010, 0.1905010, 0.1881810, 0.1947410, 0.2064620, 0.1917420, 0.1918510, 0.1912410, 0.1911810, 0.1917910 ],
"timesExecution": [ 1.1226979, 0.8915270, 0.8934160, 0.8945670, 0.8942360, 0.8941070, 0.8936460, 0.8935870, 0.8939960, 0.8935570, 0.8942870, 0.8941060, 0.8937970, 0.8940460, 0.8933270, 0.8934970, 0.8937170, 0.8941270, 0.8936070, 0.8936570, 0.8934370, 0.8944470, 0.8943160, 0.8940270, 0.8936360, 0.8932970, 0.8940460, 0.8934870, 0.8944460, 0.8942070, 0.8937660, 0.8940870, 0.8940460, 0.8937270, 0.8937560, 0.8937570, 0.8935160, 0.8936470, 0.8932760, 0.8938070, 0.8938770, 0.8934770, 0.8936770, 0.8933160, 0.8940070, 0.8934660, 0.8940470, 0.8936060, 0.8935570, 0.8935060, 0.8935170, 0.8939560, 0.8939560, 0.8933470, 0.8935570, 0.8940460, 0.8934360, 0.8935660, 0.8938760, 0.8933870, 0.8944270, 0.8935160, 0.8932660, 0.8933260, 0.8934460, 0.8934260, 0.8934370, 0.8935170, 0.8937160, 0.8933960, 0.8935960, 0.8935160, 0.8939160, 0.8941670, 0.8936070, 0.8935560, 0.8944360, 0.8936060, 0.8939270, 0.8936370, 0.8933060, 0.8940060, 0.8933060, 0.8935160, 0.8935170, 0.8933470, 0.8934360, 0.8934760, 0.8938060, 0.8939760, 0.8937560, 0.8938160, 0.8945570, 0.8932370, 0.8935160, 0.8935160, 0.8937560, 0.8936260, 0.8938670, 0.8935570 ],
"timesTransferFromDevice": [ 0.4121130, 0.0194800, 0.0204410, 0.0210400, 0.0201200, 0.0219200, 0.0219600, 0.0243100, 0.0246400, 0.0234400, 0.0240300, 0.0240600, 0.0226400, 0.0246300, 0.0237800, 0.0241200, 0.0245900, 0.0245600, 0.0250000, 0.0243600, 0.0247100, 0.0243700, 0.0251900, 0.0248500, 0.0248500, 0.0248200, 0.0238000, 0.0242800, 0.0239210, 0.0246700, 0.0243710, 0.0246500, 0.0245910, 0.0245600, 0.0253010, 0.0245300, 0.0241300, 0.0212800, 0.0249900, 0.0241400, 0.0243500, 0.0247100, 0.0228800, 0.0241500, 0.0242200, 0.0225600, 0.0241600, 0.0234000, 0.0243600, 0.0238910, 0.0248700, 0.0249010, 0.0277700, 0.0233100, 0.0219600, 0.0239900, 0.0247800, 0.0232410, 0.0245700, 0.0244500, 0.0246500, 0.0240800, 0.0272100, 0.0249900, 0.0247110, 0.0251610, 0.0242100, 0.0246600, 0.0246900, 0.0253800, 0.0244800, 0.0243010, 0.0251400, 0.0243000, 0.0246000, 0.0245000, 0.0228810, 0.0238100, 0.0250800, 0.0244600, 0.0302800, 0.0252600, 0.0245610, 0.0238400, 0.0220400, 0.0241900, 0.0240500, 0.0246700, 0.0249400, 0.0246400, 0.0239410, 0.0242200, 0.0245200, 0.0250600, 0.0245500, 0.0253400, 0.0241110, 0.0258300, 0.0250400, 0.0247100 ],
"bins": [ 0, 2097152, 0, 0, 0, 0, 0, 0, 0, 0, 0, 0, 0, 0, 0, 0, 0, 0, 0, 0, 0, 0, 0, 0, 0, 0, 0 ]
}
,
"histogram_atomic_private": {
"timesTransferToDevice": [ 1.1153880, 0.2080710, 0.1984820, 0.1985810, 0.2051120, 0.1847810, 0.1852610, 0.2113420, 0.1854110, 0.1869320, 0.1947310, 0.1899520, 0.1897610, 0.2200010, 0.1922220, 0.1920910, 0.1909720, 0.1891610, 0.1888710, 0.1887820, 0.1844310, 0.1847020, 0.1859510, 0.1824520, 0.1869710, 0.1891020, 0.1886410, 0.1874920, 0.1887310, 0.1871220, 0.1888110, 0.1888620, 0.1879710, 0.1893020, 0.1888210, 0.1883610, 0.2165020, 0.1900010, 0.1872520, 0.1923610, 0.1869420, 0.1864010, 0.1878210, 0.1872310, 0.1880410, 0.1891120, 0.1886410, 0.1874020, 0.2008310, 0.1870220, 0.1868510, 0.1882710, 0.1869710, 0.1872910, 0.1920120, 0.1864210, 0.1874420, 0.2078710, 0.1867420, 0.2049210, 0.1900710, 0.1868510, 0.1855010, 0.1877720, 0.1840410, 0.1873620, 0.1871510, 0.1890420, 0.1874910, 0.1876920, 0.1865710, 0.1885120, 0.1882410, 0.1880620, 0.1869910, 0.1869720, 0.1855810, 0.1870820, 0.1848810, 0.1864610, 0.1905810, 0.1845410, 0.1872420, 0.2218010, 0.1879120, 0.1873010, 0.1879510, 0.1856020, 0.1854810, 0.1867620, 0.1867510, 0.1856120, 0.1875410, 0.1918220, 0.1867310, 0.1882220, 0.1862510, 0.1862420, 0.2072910, 0.1866910 ],
"timesExecution": [ 0.0815600, 0.0845710, 0.0851700, 0.0857710, 0.0840810, 0.0853600, 0.0854010, 0.0854600, 0.0865110, 0.0852000, 0.0856310, 0.0847810, 0.0851510, 0.0843910, 0.0848500, 0.0851710, 0.0863110, 0.0849000, 0.0858410, 0.0847400, 0.0859610, 0.0942000, 0.0853510, 0.0823200, 0.0869810, 0.0849300, 0.0853610, 0.0851600, 0.0846610, 0.0842400, 0.0848510, 0.0851510, 0.0850710, 0.0841010, 0.0848410, 0.0850510, 0.0845700, 0.0847810, 0.0855900, 0.0839310, 0.0865110, 0.0849510, 0.0847110, 0.0851400, 0.0836410, 0.0859300, 0.0847110, 0.1066800, 0.0843210, 0.0845710, 0.0860710, 0.0850010, 0.0854600, 0.0855110, 0.0860200, 0.0854410, 0.0864200, 0.0845210, 0.0851000, 0.0857110, 0.0811810, 0.0848900, 0.0856210, 0.0853100, 0.0858310, 0.0862000, 0.0844410, 0.0846100, 0.0851810, 0.0857000, 0.0850010, 0.0855000, 0.0857210, 0.0848110, 0.0843610, 0.0843310, 0.0821610, 0.0847310, 0.0846010, 0.0853710, 0.0850100, 0.0843310, 0.0858100, 0.0854910, 0.0846110, 0.0843700, 0.0847810, 0.0843600, 0.0855510, 0.0853400, 0.0846510, 0.0852300, 0.0856010, 0.0852600, 0.0851810, 0.0850300, 0.0850510, 0.0854010, 0.0854600, 0.0844510 ],
"timesTransferFromDevice": [ 0.0191610, 0.0202800, 0.0202800, 0.0227200, 0.0236000, 0.0252210, 0.0236500, 0.0245500, 0.0226300, 0.0244100, 0.0244500, 0.0248700, 0.0245500, 0.0261000, 0.0249300, 0.0251900, 0.0237200, 0.0217600, 0.0236900, 0.0248110, 0.0240200, 0.0246110, 0.0217200, 0.0217210, 0.0249000, 0.0215610, 0.0248700, 0.0239400, 0.0236400, 0.0256200, 0.0236000, 0.0246900, 0.0245000, 0.0242600, 0.0241000, 0.0238400, 0.0254500, 0.0248300, 0.0249300, 0.0240200, 0.0241000, 0.0246800, 0.0218000, 0.0290500, 0.0243800, 0.0248510, 0.0238100, 0.0249200, 0.0249400, 0.0238500, 0.0239100, 0.0246700, 0.0240100, 0.0241300, 0.0245010, 0.0246200, 0.0228810, 0.0241900, 0.0248800, 0.0249500, 0.0241300, 0.0248000, 0.0249400, 0.0239710, 0.0227600, 0.0246710, 0.0246600, 0.0252710, 0.0241000, 0.0241600, 0.0244500, 0.0238600, 0.0241900, 0.0245000, 0.0243400, 0.0240700, 0.0237400, 0.0248400, 0.0243700, 0.0236100, 0.0244400, 0.0242000, 0.0249810, 0.0241300, 0.0252500, 0.0245300, 0.0234800, 0.0230410, 0.0239800, 0.0254410, 0.0249700, 0.0235810, 0.0235600, 0.0256300, 0.0249600, 0.0210800, 0.0245200, 0.0244600, 0.0245010, 0.0239700 ],
"bins": [ 0, 2097152, 0, 0, 0, 0, 0, 0, 0, 0, 0, 0, 0, 0, 0, 0, 0, 0, 0, 0, 0, 0, 0, 0, 0, 0, 0 ]
}
,