{
"inputLengthInCharacters": 4294967296,
"uniformInput": false,
"useMappingLetter": false,
"measurements": {
"histogram_atomic_private_stride": {
"timesTransferToDevice": [ 292.4615784, 294.0227051, 293.4983215, 294.0101318, 292.0865173, 292.5265198, 291.4212036, 292.1792297, 289.3331299, 292.0030518, 289.9125977, 291.8741150, 293.6060181, 290.2635803, 290.7494202, 290.9031982, 290.4189758, 293.1452332, 290.3833923, 293.2778015, 293.6415100, 291.5684204, 293.8067322, 289.7931824, 294.5127258, 292.4048767, 292.6701965, 293.5890503, 291.8503418, 292.3835754, 297.6687012, 295.0432434, 292.3570557, 291.1825562, 293.1644897, 292.6818542, 289.5163879, 291.8862305, 291.1204224, 293.8008118, 289.3967285, 291.2199707, 292.5347290, 291.7799377, 292.5015259, 290.3236389, 290.9686279, 290.4177856, 290.4688110, 289.7264404, 290.4238586, 289.8669434, 290.8859253, 290.1132507, 290.0597229, 289.7895813, 290.0699463, 291.8342285, 288.1428528, 290.2757263, 290.6018372, 290.3965149, 295.9120789, 293.4824524, 287.3009644, 288.2736816, 288.5207214, 289.1293335, 289.1032104, 292.3507080, 288.9227295, 292.2721252, 290.6605530, 290.8508606, 290.8253784, 289.8623962, 291.0169678, 291.0369263, 288.9098511, 292.3755188, 290.9619751, 288.3979797, 289.2560120, 288.0947876, 290.6356506, 288.8522339, 288.0643616, 288.8905945, 292.0183105, 289.1539917, 293.4103699, 290.0809937, 289.9293213, 292.5885315, 291.7129517, 289.8415833, 289.6653442, 288.4106750, 285.9111938, 290.6529846 ],
"timesExecution": [ 22.8034763, 22.7571144, 22.7647724, 22.7945118, 22.6949234, 22.7209129, 22.9127636, 22.8044319, 22.7661724, 23.0741634, 22.6636524, 22.7627125, 22.5718327, 22.8604336, 23.0537167, 22.8792934, 22.5173912, 22.6167316, 22.9167938, 22.7222919, 22.6186619, 22.9678745, 23.0567551, 22.6139622, 22.4834728, 22.8811035, 22.8396511, 22.7191620, 22.6365414, 23.0426331, 22.9317932, 22.5827923, 22.7032528, 22.9197636, 22.9207115, 22.7432728, 22.6852913, 22.8173637, 22.6299400, 22.6894321, 22.5460892, 22.9986935, 23.0001640, 22.1555386, 22.1539955, 22.5021400, 22.5402794, 22.2508183, 22.2207375, 22.3633671, 22.4846592, 22.3489799, 22.2424183, 22.3754005, 22.4618683, 22.3489399, 22.3263073, 22.4561596, 22.4988194, 22.2938786, 22.1379356, 22.3473682, 22.5219002, 22.2297077, 22.2661572, 22.3731880, 22.5175400, 22.3164272, 22.2338982, 22.4427605, 22.4439793, 22.3006687, 22.2207775, 22.3632679, 22.5323505, 22.2878571, 22.2092781, 22.4583874, 22.5170593, 22.4013405, 22.1345081, 22.4594193, 22.4354477, 22.3573074, 22.1712074, 22.4691010, 22.5659809, 22.3582993, 22.2973785, 22.4274483, 22.5203495, 22.3048077, 22.1717758, 22.4308681, 22.5655804, 22.2896481, 22.2381477, 22.4788208, 22.4926205, 22.3421478 ],
"timesTransferFromDevice": [ 0.3709430, 0.0188400, 0.0187200, 0.0177600, 0.0181600, 0.0179200, 0.0177600, 0.0178400, 0.0183600, 0.0220110, 0.0186010, 0.0176400, 0.0189600, 0.0176800, 0.0180010, 0.0191600, 0.0204000, 0.0188800, 0.0183600, 0.0185600, 0.0182800, 0.0189200, 0.0188400, 0.0225300, 0.0185600, 0.0184400, 0.0191210, 0.0184410, 0.0201600, 0.0193210, 0.0183600, 0.0196800, 0.0191600, 0.0174010, 0.0181610, 0.0183600, 0.0189200, 0.0179200, 0.0193200, 0.0181200, 0.0196000, 0.0187200, 0.0184800, 0.0187200, 0.0185600, 0.0193600, 0.0180800, 0.0179600, 0.0185600, 0.0185200, 0.0186400, 0.0194800, 0.0181200, 0.0186000, 0.0180810, 0.0198800, 0.0187610, 0.0178800, 0.0192800, 0.0190400, 0.0185600, 0.0185600, 0.0190400, 0.0182000, 0.0188800, 0.0185600, 0.0183600, 0.0183210, 0.0187600, 0.0189600, 0.0192400, 0.0185600, 0.0187200, 0.0184800, 0.0186400, 0.0186000, 0.0190400, 0.0179210, 0.0186000, 0.0190800, 0.0186400, 0.0182010, 0.0184400, 0.0191200, 0.0186010, 0.0188800, 0.0182400, 0.0189600, 0.0187600, 0.0183600, 0.0180400, 0.0188810, 0.0192010, 0.0221110, 0.0190400, 0.0188000, 0.0186000, 0.0183200, 0.0180000, 0.0186000 ],
"bins": [ 33554430, 33554432, 33554432, 33554432, 33554432, 33554433, 33554432, 33554432, 33554432, 33554432, 33554432, 33554432, 33554432, 33554432, 33554432, 33554432, 33554432, 33554432, 33554432, 33554432, 33554432, 33554432, 33554432, 33554432, 33554432, 33554432, 33554432, 33554432, 33554432, 33554432, 33554432, 33554432, 33554432, 33554432, 33554432, 33554432, 33554432, 33554432, 33554432, 33554432, 33554432, 33554433, 33554432, 33554432, 33554432, 33554432, 33554432, 33554432, 33554432, 33554432, 33554432, 33554432, 33554432, 33554432, 33554432, 33554432, 33554432, 33554432, 33554432, 33554432, 33554432, 33554432, 33554432, 33554432, 33554432, 33554432, 33554432, 33554432, 33554432, 33554432, 33554432, 33554432, 33554432, 33554432, 33554432, 33554432, 33554432, 33554432, 33554432, 33554432, 33554432, 33554432, 33554432, 33554432, 33554432, 33554432, 33554432, 33554432, 33554432, 33554432, 33554432, 33554432, 33554432, 33554432, 33554432, 33554432, 33554432, 33554432, 33554432, 33554432, 33554432, 33554432, 33554432, 33554432, 33554432, 33554432, 33554432, 33554432, 33554432, 33554432, 33554432, 33554432, 33554432, 33554432, 33554432, 33554432, 33554432, 33554433, 33554433, 33554432, 33554432, 33554432, 33554432, 33554432, 33554432, 33554432, 33554432, 33554430 ]
}
,
"histogram_atomic_global_stride": {
"timesTransferToDevice": [ 290.1356506, 290.8526917, 288.8009644, 289.7789307, 288.5684204, 291.8476868, 290.5502319, 290.5766907, 296.1557617, 295.3582153, 290.5072937, 290.0002747, 292.3588257, 294.9190979, 291.3826294, 291.0696106, 291.0298462, 290.0888367, 292.0278320, 293.9052734, 290.5206604, 290.0722656, 291.0448608, 289.8832703, 289.8230286, 289.4012756, 290.0244446, 289.9265747, 288.7980652, 291.3506165, 293.4078064, 287.3368225, 289.5498047, 287.0290833, 290.1589661, 291.4879150, 292.2282104, 291.4254456, 291.0292053, 289.6078796, 290.0395813, 291.9354248, 295.9508667, 294.6994324, 299.5843201, 288.2653503, 288.1082458, 292.3023682, 288.6423340, 294.4216003, 294.4063721, 295.7420044, 299.0895386, 296.4080200, 298.4092102, 297.0326843, 297.1336670, 296.9435730, 295.2262573, 291.4409485, 287.2257690, 286.4891052, 288.6303711, 288.9354858, 292.1040649, 293.2069397, 292.1091614, 287.0262146, 288.7714539, 287.0199890, 290.1034851, 288.2791138, 288.0657043, 291.0535278, 289.8554382, 289.5758057, 288.8809814, 286.9470215, 287.8294983, 288.8687439, 293.1341858, 288.0469055, 287.5132446, 289.5904846, 288.8030701, 289.5537415, 288.7218933, 288.0097961, 286.2977905, 288.2252197, 287.2679749, 289.3421631, 288.7313843, 288.1083374, 289.5921631, 289.4389648, 288.0966492, 293.3899231, 295.2180176, 292.9205322 ],
"timesExecution": [ 306.0539856, 305.4215698, 307.9423828, 305.6945801, 305.2645874, 306.2951660, 305.1587524, 305.1440430, 305.1388855, 305.2250061, 305.4676819, 305.7762451, 305.0965881, 306.4001160, 305.9043274, 306.0270691, 306.6695557, 305.7648010, 305.8827209, 305.1034546, 305.2396240, 305.3256836, 305.4256287, 306.1703491, 305.1889648, 305.4644165, 307.4954834, 304.9574280, 305.7536011, 305.2006226, 305.1764221, 305.9208984, 305.4518433, 305.6939087, 305.5053711, 305.0370178, 305.9447021, 306.0280762, 305.4587402, 306.5738831, 305.0727234, 305.1249695, 305.8893738, 305.1501770, 305.7636719, 305.3266296, 305.3110352, 305.2939148, 305.2334900, 305.4907532, 305.5611572, 304.9635925, 305.8361511, 305.5328674, 305.0945740, 304.8701172, 305.2712097, 306.1067505, 305.3619080, 305.7026062, 305.3937378, 305.2555237, 305.1885376, 305.0839233, 305.0836487, 305.6546631, 305.2630615, 305.8897095, 305.7923889, 305.0841980, 305.9487610, 306.0171204, 306.0592346, 305.2885742, 305.4325562, 305.2470093, 305.7562866, 305.2917480, 305.4922180, 306.0773315, 305.7019348, 305.1190186, 305.2169495, 306.0810852, 305.2693481, 306.4660950, 305.9877014, 305.0693359, 305.7126160, 305.9092102, 305.4296265, 305.4408569, 305.2048950, 305.2866211, 306.4019165, 305.0346985, 305.4456787, 305.2880859, 307.4342346, 304.9441528 ],