{
"inputLengthInCharacters": 65536,
"uniformInput": true,
"useMappingLetter": true,
"measurements": {
"histogram_atomic_global": {
"timesTransferToDevice": [ 0.4201030, 0.0261700, 0.0220000, 0.0221200, 0.0272100, 0.0228400, 0.0227600, 0.0242000, 0.0227200, 0.0239610, 0.0234410, 0.0515010, 0.0237600, 0.0253900, 0.0238800, 0.0234800, 0.0253700, 0.0232400, 0.0235200, 0.0234800, 0.0232000, 0.0238000, 0.0237200, 0.0252810, 0.0231600, 0.0235610, 0.0226410, 0.0235610, 0.0236810, 0.0229610, 0.0234410, 0.0237610, 0.0258510, 0.0258310, 0.0237200, 0.0255100, 0.0239200, 0.0236000, 0.0252000, 0.0240000, 0.0234800, 0.0253200, 0.0238400, 0.0254800, 0.0258400, 0.0230400, 0.0236400, 0.0240000, 0.0235600, 0.0234000, 0.0239200, 0.0253200, 0.0237600, 0.0236000, 0.0230400, 0.0228400, 0.0238000, 0.0252400, 0.0236400, 0.0236800, 0.0243600, 0.0229200, 0.0238800, 0.0237200, 0.0236400, 0.0230800, 0.0230400, 0.0238800, 0.0225600, 0.0242000, 0.0222400, 0.0254000, 0.0238800, 0.0256000, 0.0229200, 0.0635700, 0.0250400, 0.0223200, 0.0236000, 0.0238400, 0.0236400, 0.0242400, 0.0231200, 0.0240800, 0.0228800, 0.0236000, 0.0230000, 0.0238000, 0.0230800, 0.0236800, 0.0240000, 0.0254000, 0.0238800, 0.0239200, 0.0223600, 0.0234800, 0.0241600, 0.0245000, 0.0227200, 0.0225600 ],
"timesExecution": [ 0.0638600, 0.0614410, 0.0601610, 0.0626710, 0.0604810, 0.0624410, 0.0623710, 0.0627000, 0.0628200, 0.0628600, 0.0627700, 0.0622500, 0.0604800, 0.0600800, 0.0601200, 0.0624100, 0.0623200, 0.0629500, 0.0600800, 0.0621600, 0.0626400, 0.0604000, 0.0600800, 0.0617700, 0.0614000, 0.0600800, 0.0622500, 0.0599600, 0.0625400, 0.0607200, 0.0586900, 0.0628400, 0.0587300, 0.0606400, 0.0604400, 0.0605600, 0.0604400, 0.0607610, 0.0598800, 0.0620610, 0.0604810, 0.0603210, 0.0605610, 0.0602410, 0.0602810, 0.0604410, 0.0626110, 0.0607210, 0.0620010, 0.0629610, 0.0607610, 0.0599610, 0.0603210, 0.0620910, 0.0606010, 0.0618510, 0.0602410, 0.0599610, 0.0621710, 0.0620010, 0.0622010, 0.0623610, 0.0621710, 0.0623310, 0.0600410, 0.0629510, 0.0617210, 0.0602410, 0.0622510, 0.0604410, 0.0618500, 0.0601200, 0.0601200, 0.0622800, 0.0622100, 0.0622910, 0.0622010, 0.0604010, 0.0599610, 0.0620510, 0.0622010, 0.0626610, 0.0622410, 0.0620310, 0.0600410, 0.0627010, 0.0599610, 0.0621610, 0.0604800, 0.0604800, 0.0607200, 0.0601610, 0.0606400, 0.0601200, 0.0596000, 0.0600800, 0.0603200, 0.0621800, 0.0602400, 0.0620800 ],
"timesTransferFromDevice": [ 0.3940630, 0.0191600, 0.0188800, 0.0196000, 0.0193200, 0.0215600, 0.0199600, 0.0200800, 0.0208400, 0.0238100, 0.0212400, 0.0198410, 0.0199610, 0.0198010, 0.0196000, 0.0198400, 0.0196000, 0.0200800, 0.0195600, 0.0195200, 0.0194800, 0.0195200, 0.0198000, 0.0198000, 0.0197200, 0.0198800, 0.0196400, 0.0198400, 0.0198800, 0.0200400, 0.0198000, 0.0196400, 0.0202800, 0.0197200, 0.0196800, 0.0198800, 0.0197600, 0.0202800, 0.0199200, 0.0195200, 0.0196400, 0.0194000, 0.0198000, 0.0198800, 0.0198000, 0.0192400, 0.0196800, 0.0200400, 0.0199200, 0.0196800, 0.0209200, 0.0191200, 0.0208800, 0.0198400, 0.0210000, 0.0196400, 0.0195600, 0.0199200, 0.0194800, 0.0195200, 0.0193600, 0.0203200, 0.0195200, 0.0195200, 0.0195200, 0.0194400, 0.0194000, 0.0197200, 0.0199600, 0.0194000, 0.0204800, 0.0192800, 0.0195200, 0.0195200, 0.0211210, 0.0207200, 0.0197200, 0.0195600, 0.0195600, 0.0198800, 0.0195600, 0.0196000, 0.0195600, 0.0195200, 0.0204400, 0.0193200, 0.0207200, 0.0197600, 0.0196400, 0.0196400, 0.0198800, 0.0196800, 0.0193600, 0.0196000, 0.0193610, 0.0198810, 0.0195610, 0.0193610, 0.0191610, 0.0192810 ],
"bins": [ 0, 65536, 0, 0, 0, 0, 0, 0, 0, 0, 0, 0, 0, 0, 0, 0, 0, 0, 0, 0, 0, 0, 0, 0, 0, 0, 0 ]
}
,
"histogram_atomic_private": {
"timesTransferToDevice": [ 0.0190010, 0.0204800, 0.0202000, 0.0204400, 0.0224400, 0.0213200, 0.0216000, 0.0220000, 0.0226800, 0.0221600, 0.0225200, 0.0224400, 0.0231200, 0.0241610, 0.0222800, 0.0229200, 0.0230000, 0.0228010, 0.0239200, 0.0235600, 0.0230000, 0.0238400, 0.0232000, 0.0228800, 0.0236000, 0.0224400, 0.0236010, 0.0254800, 0.0230800, 0.0230800, 0.0254000, 0.0238410, 0.0237600, 0.0238400, 0.0236000, 0.0243310, 0.0252300, 0.0236800, 0.0223200, 0.0234000, 0.0228410, 0.0231600, 0.0238800, 0.0231600, 0.0234010, 0.0245200, 0.0230800, 0.0238400, 0.0231600, 0.0229610, 0.0238400, 0.0244400, 0.0256300, 0.0251200, 0.0232000, 0.0242400, 0.0255600, 0.0238000, 0.0237210, 0.0254700, 0.0242800, 0.0240000, 0.0231200, 0.0252400, 0.0239200, 0.0238810, 0.0239200, 0.0236000, 0.0230800, 0.0236800, 0.0242010, 0.0264700, 0.0247600, 0.0234000, 0.0241200, 0.0238010, 0.0237200, 0.0237200, 0.0227200, 0.0239210, 0.0239600, 0.0227200, 0.0236800, 0.0235200, 0.0232010, 0.0237200, 0.0234400, 0.0239200, 0.0240400, 0.0229210, 0.0236400, 0.0237200, 0.0237200, 0.0232000, 0.0231600, 0.0229600, 0.0231600, 0.0238000, 0.0232010, 0.0260400 ],
"timesExecution": [ 0.0286000, 0.0321810, 0.0311200, 0.0324100, 0.0328400, 0.0322400, 0.0316110, 0.0299600, 0.0308000, 0.0321700, 0.0304410, 0.0333200, 0.0340600, 0.0345400, 0.0335210, 0.0322000, 0.0322000, 0.0319200, 0.0313610, 0.0323200, 0.0335300, 0.0336800, 0.0333600, 0.0340410, 0.0335500, 0.0315600, 0.0319600, 0.0339310, 0.0338110, 0.0351600, 0.0315600, 0.0342900, 0.0320810, 0.0318400, 0.0323600, 0.0324000, 0.0317610, 0.0339210, 0.0320000, 0.0320800, 0.0340000, 0.0338410, 0.0316400, 0.0334000, 0.0318400, 0.0344300, 0.0322810, 0.0321200, 0.0322000, 0.0335700, 0.0338510, 0.0320800, 0.0336900, 0.0342300, 0.0325600, 0.0335610, 0.0339000, 0.0337200, 0.0341400, 0.0340900, 0.0861110, 0.0351600, 0.0320010, 0.0332700, 0.0318400, 0.0341700, 0.0340110, 0.0340910, 0.0321600, 0.0340800, 0.0341600, 0.0340910, 0.0343000, 0.0339300, 0.0341700, 0.0315200, 0.0341310, 0.0343700, 0.0343300, 0.0341800, 0.0343700, 0.0338410, 0.0334800, 0.0321600, 0.0341300, 0.0338900, 0.0338110, 0.0335700, 0.0322400, 0.0357700, 0.0312410, 0.0337600, 0.0337400, 0.0346100, 0.0340100, 0.0340910, 0.0342000, 0.0324000, 0.0339200, 0.0338500 ],
"timesTransferFromDevice": [ 0.0173600, 0.0168400, 0.0171610, 0.0185600, 0.0182000, 0.0186800, 0.0180800, 0.0182400, 0.0188400, 0.0189200, 0.0186800, 0.0192000, 0.0194000, 0.0200000, 0.0196000, 0.0192410, 0.0195200, 0.0204400, 0.0206800, 0.0194000, 0.0198400, 0.0197600, 0.0198800, 0.0194800, 0.0195210, 0.0222400, 0.0196400, 0.0193600, 0.0199200, 0.0194410, 0.0191200, 0.0196400, 0.0200400, 0.0189210, 0.0205200, 0.0198800, 0.0195200, 0.0229600, 0.0199210, 0.0203600, 0.0195200, 0.0195200, 0.0198410, 0.0209600, 0.0198400, 0.0195200, 0.0199600, 0.0192810, 0.0196800, 0.0196800, 0.0199600, 0.0201610, 0.0198800, 0.0198800, 0.0197600, 0.0198800, 0.0198010, 0.0198800, 0.0196000, 0.0199600, 0.0200000, 0.0194800, 0.0199600, 0.0199210, 0.0201600, 0.0199200, 0.0209200, 0.0199600, 0.0193610, 0.0190000, 0.0201600, 0.0196400, 0.0195200, 0.0195200, 0.0195200, 0.0196000, 0.0197600, 0.0198810, 0.0197200, 0.0196000, 0.0203600, 0.0198800, 0.0208010, 0.0197600, 0.0195200, 0.0196400, 0.0195200, 0.0194810, 0.0195200, 0.0196800, 0.0199600, 0.0197200, 0.0199600, 0.0194800, 0.0199200, 0.0197600, 0.0200410, 0.0195600, 0.0204000, 0.0195200 ],
"bins": [ 0, 65536, 0, 0, 0, 0, 0, 0, 0, 0, 0, 0, 0, 0, 0, 0, 0, 0, 0, 0, 0, 0, 0, 0, 0, 0, 0 ]
}
,