{
"inputLengthInCharacters": 2147483648,
"uniformInput": false,
"useMappingLetter": true,
"measurements": {
"histogram_atomic_global": {
"timesTransferToDevice": [ 196.1582184, 196.5070038, 192.6971130, 194.6469269, 195.4427643, 194.0824890, 195.4541779, 194.5952301, 193.1281891, 190.8072662, 193.1475830, 193.3247986, 195.6078033, 193.1020813, 190.9515381, 195.6852570, 191.6251068, 194.8379211, 192.1708527, 192.6713715, 192.8064575, 191.2178650, 195.8467102, 196.3287201, 193.8120728, 194.2275543, 195.3793945, 197.4876251, 191.7631531, 195.4901733, 195.8539276, 192.6105194, 192.9829254, 193.1443634, 194.6882782, 193.2121277, 194.3715668, 192.4945068, 192.8713989, 193.4598846, 193.9080048, 194.4443054, 193.2808533, 195.3864594, 197.0475464, 189.9200592, 193.5916443, 193.8596039, 192.6754608, 191.8270416, 195.6956024, 196.4871521, 194.8133392, 193.3075409, 192.5393066, 194.6627808, 194.0533752, 194.1185608, 195.1723938, 193.9529572, 192.7343292, 195.2973480, 196.0600281, 192.7285156, 193.2163239, 193.0420685, 192.9703522, 194.8466187, 194.0535736, 193.1976318, 194.2074127, 196.7457733, 192.4176788, 195.9086761, 193.9461975, 195.6267242, 192.5609283, 192.2417145, 195.9712677, 195.6290588, 195.8402252, 195.6302185, 194.9785004, 195.5415649, 192.9822083, 193.3014679, 195.1021423, 193.7850189, 194.2345581, 192.3782043, 195.1853027, 196.1352539, 193.0959778, 192.3780823, 195.3001251, 193.8483887, 195.1897583, 194.7687531, 194.0426178, 191.7487183 ],
"timesExecution": [ 580.3825684, 580.8205566, 580.5873413, 581.1696167, 580.1458130, 580.1915283, 579.9013672, 579.9672241, 579.9699707, 579.7804565, 580.0175171, 580.0546265, 579.8772583, 580.1716309, 580.0140381, 580.2216797, 580.2442017, 579.8105469, 580.0927734, 580.0482178, 579.8362427, 580.5491333, 580.6110229, 580.4996338, 580.2283325, 579.8908081, 580.2337646, 580.1262817, 580.2405396, 580.0303955, 580.1558838, 579.8117676, 580.1622314, 580.2011108, 580.0122070, 580.4371338, 580.1177368, 580.3943481, 580.3212280, 580.2886353, 580.4151001, 580.0690918, 580.1772461, 579.9365845, 579.9185791, 580.1768188, 580.1141968, 580.1757202, 580.2212524, 579.8827515, 580.1016235, 579.7058105, 580.0144043, 580.1421509, 580.7065430, 580.6354980, 580.0021362, 580.2100830, 579.8159180, 580.1867065, 580.2084961, 579.9475098, 580.1800537, 579.9205933, 580.2577515, 580.2489624, 579.8849487, 580.4244385, 579.6697388, 579.9847412, 580.0292358, 580.1705322, 580.1067505, 580.5227051, 580.7162476, 580.4318848, 580.3995972, 580.0068970, 580.0746460, 579.9294434, 580.0093384, 579.9180298, 580.1965942, 580.0031128, 579.8096924, 580.2039795, 579.9363403, 580.0517578, 580.1908569, 579.7470703, 580.1464844, 579.9798584, 580.4013672, 580.4484253, 580.4669800, 580.1699829, 579.9621582, 580.2777710, 579.9726562, 580.3914795 ],
"timesTransferFromDevice": [ 0.4843750, 0.0185600, 0.0197600, 0.0188000, 0.0188000, 0.0198400, 0.0188800, 0.0196400, 0.0193200, 0.0193600, 0.0220800, 0.0196800, 0.0196800, 0.0199200, 0.0196000, 0.0200400, 0.0198800, 0.0188400, 0.0196000, 0.0186400, 0.0198800, 0.0196000, 0.0197200, 0.0195600, 0.0194000, 0.0197200, 0.0196000, 0.0195200, 0.0202000, 0.0224400, 0.0199200, 0.0191600, 0.0197600, 0.0187200, 0.0194000, 0.0194800, 0.0194800, 0.0224000, 0.0192800, 0.0220400, 0.0187600, 0.0185200, 0.0218800, 0.0189600, 0.0184000, 0.0201200, 0.0184400, 0.0195600, 0.0196800, 0.0195600, 0.0223200, 0.0190000, 0.0225200, 0.0196800, 0.0196000, 0.0184800, 0.0193600, 0.0194800, 0.0194800, 0.0196800, 0.0192000, 0.0196000, 0.0194000, 0.0185600, 0.0198800, 0.0186000, 0.0200000, 0.0198400, 0.0196400, 0.0198400, 0.0194400, 0.0202800, 0.0198800, 0.0198400, 0.0196400, 0.0193200, 0.0224000, 0.0192800, 0.0196400, 0.0196800, 0.0197200, 0.0198400, 0.0198400, 0.0196000, 0.0192800, 0.0186400, 0.0194000, 0.0195600, 0.0194400, 0.0196800, 0.0197200, 0.0195600, 0.0194000, 0.0198400, 0.0196000, 0.0187200, 0.0198400, 0.0195200, 0.0193600, 0.0190000 ],
"bins": [ 1275068415, 33554432, 33554432, 33554432, 33554432, 33554432, 33554432, 33554432, 33554432, 33554432, 33554432, 33554432, 33554432, 33554432, 33554432, 33554432, 33554432, 33554432, 33554432, 33554432, 33554432, 33554432, 33554433, 33554432, 33554432, 33554432, 33554432 ]
}
,
"histogram_atomic_private": {
"timesTransferToDevice": [ 193.3072357, 193.6584473, 190.8735657, 192.1858978, 189.8480988, 194.0561981, 195.1593933, 195.4694824, 191.2426758, 192.3353119, 193.9929047, 194.0432739, 192.6535950, 193.9189758, 193.3373871, 193.9089508, 190.5761566, 193.8899536, 191.2495422, 197.0457001, 196.6098328, 192.4651642, 195.8576660, 193.6221161, 194.8321075, 194.0217590, 192.8827362, 198.0674896, 194.4944458, 193.2046967, 193.7410583, 191.6125488, 193.2247772, 193.7328644, 194.9525604, 192.8563080, 197.0560608, 193.2769470, 192.3058624, 197.2475739, 197.5230560, 194.6058197, 192.8666992, 195.9990387, 195.8245392, 193.8023529, 198.0390015, 193.3993988, 194.4089508, 194.3688812, 193.1829987, 195.0467072, 194.4073334, 196.4772186, 192.9962311, 195.4625702, 195.9688263, 194.3504181, 191.9393616, 191.5650635, 191.3046265, 195.4878387, 195.7905884, 192.0595245, 193.6346893, 196.2496948, 192.8201447, 191.7111664, 196.2523041, 193.0481110, 197.0695343, 192.6954346, 193.5747986, 194.2622528, 193.4720612, 195.2268982, 195.7889709, 192.8509064, 194.2272186, 193.4114380, 194.9674377, 192.5129242, 193.1576233, 193.2588654, 193.8647461, 197.3880005, 194.7414856, 193.8892517, 196.9868469, 194.7221527, 191.3907013, 193.2251587, 196.4515381, 193.3922272, 192.5977020, 193.2826996, 195.5707703, 192.9361725, 198.0792999, 194.8616638 ],
"timesExecution": [ 33.7365608, 33.5917587, 33.7025185, 33.6342010, 33.7216415, 33.5891991, 33.7092400, 33.9310455, 33.4527969, 33.8996010, 33.7016792, 33.5780411, 33.6913986, 33.6150017, 33.6618385, 33.8869591, 33.5126762, 33.8836403, 33.4247551, 33.9038811, 33.7539597, 33.9112396, 33.4088364, 33.9290009, 33.7502403, 33.6255188, 33.6941986, 33.9210014, 33.4568062, 33.8862801, 33.7330818, 33.6302795, 33.7109985, 33.6457596, 33.6513596, 33.9086418, 33.7448807, 33.5973167, 33.7403984, 33.9532738, 33.4856567, 33.6847191, 33.7536812, 33.8965187, 33.4586754, 33.9302788, 33.7484398, 33.6260376, 33.7407990, 33.8905602, 33.4893761, 33.8811989, 33.6851158, 33.8885994, 33.4115944, 33.8722382, 33.7068367, 33.6079178, 33.7236748, 33.6339569, 33.7061577, 33.9114418, 33.4169044, 33.9215202, 33.6686745, 33.6107178, 33.7146378, 33.9016800, 33.3837929, 33.8814888, 33.6878548, 33.6259575, 33.7144470, 33.9235191, 33.4273224, 33.8721619, 33.7401276, 33.6321259, 33.7526245, 33.9430466, 33.4481125, 33.9106407, 33.4163132, 33.8638344, 33.7045555, 33.9113998, 33.4340324, 33.8977203, 33.7217941, 33.9073181, 33.7448769, 33.9143562, 33.4791527, 33.8779945, 33.7165947, 33.6745567, 33.7344742, 33.9478798, 33.4381104, 33.7857170 ],
"timesTransferFromDevice": [ 0.0173200, 0.0193610, 0.0180800, 0.0190800, 0.0286000, 0.0180800, 0.0174800, 0.0244700, 0.0186810, 0.0184000, 0.0179200, 0.0178400, 0.0166800, 0.0188800, 0.0181600, 0.0174000, 0.0171600, 0.0179610, 0.0178400, 0.0169200, 0.0181600, 0.0168400, 0.0180000, 0.0167200, 0.0263400, 0.0185200, 0.0168800, 0.0173200, 0.0181600, 0.0181200, 0.0174400, 0.0186000, 0.0170400, 0.0180400, 0.0173600, 0.0179200, 0.0165600, 0.0178400, 0.0259000, 0.0168800, 0.0189600, 0.0179600, 0.0244900, 0.0167600, 0.0184410, 0.0171600, 0.0167600, 0.0182000, 0.0180000, 0.0178400, 0.0183200, 0.0178410, 0.0173200, 0.0173610, 0.0210400, 0.0178410, 0.0177600, 0.0188800, 0.0167210, 0.0179610, 0.0180000, 0.0170800, 0.0184000, 0.0174800, 0.0172810, 0.0185600, 0.0169200, 0.0177200, 0.0180000, 0.0186010, 0.0171600, 0.0183600, 0.0172010, 0.0178000, 0.0166810, 0.0183600, 0.0171600, 0.0168410, 0.0169600, 0.0188000, 0.0180800, 0.0178000, 0.0182400, 0.0166810, 0.0231310, 0.0170400, 0.0177600, 0.0169200, 0.0252700, 0.0167600, 0.0168800, 0.0166400, 0.0184800, 0.0185200, 0.0170410, 0.0175200, 0.0168810, 0.0178000, 0.0182800, 0.0172400 ],