{
"inputLengthInCharacters": 32768,
"uniformInput": true,
"useMappingLetter": true,
"measurements": {
"histogram_atomic_global": {
"timesTransferToDevice": [ 0.4202830, 0.0218800, 0.0208400, 0.0193600, 0.0248000, 0.0219200, 0.0219210, 0.0216410, 0.0215600, 0.0245700, 0.0214400, 0.0508200, 0.0219600, 0.0214800, 0.0213600, 0.0213200, 0.0210800, 0.0213200, 0.0223610, 0.0221200, 0.0210400, 0.0220000, 0.0222800, 0.0236800, 0.0210000, 0.0210800, 0.0214000, 0.0214800, 0.0220010, 0.0217610, 0.0215600, 0.0217600, 0.0215200, 0.0261400, 0.0224800, 0.0215600, 0.0213200, 0.0213600, 0.0210010, 0.0222000, 0.0218800, 0.0216000, 0.0215200, 0.0228400, 0.0212400, 0.0214000, 0.0214000, 0.0215210, 0.0214800, 0.0210400, 0.0222800, 0.0212800, 0.0214400, 0.0213600, 0.0214400, 0.0209200, 0.0235610, 0.0242400, 0.0223200, 0.0220400, 0.0226800, 0.0218800, 0.0219600, 0.0252900, 0.0217200, 0.0212810, 0.0210410, 0.0218000, 0.0221600, 0.0212800, 0.0215200, 0.0214400, 0.0225200, 0.0209200, 0.0214000, 0.0620710, 0.0222800, 0.0222800, 0.0212410, 0.0210800, 0.0249100, 0.0212800, 0.0220000, 0.0216000, 0.0210800, 0.0220800, 0.0214400, 0.0209610, 0.0214410, 0.0214000, 0.0215600, 0.0222400, 0.0214000, 0.0214000, 0.0219200, 0.0217200, 0.0210400, 0.0224000, 0.0244900, 0.0218800 ],
"timesExecution": [ 0.0457500, 0.0471110, 0.0439600, 0.0451000, 0.0448600, 0.0438400, 0.0449500, 0.0441800, 0.0425600, 0.0436910, 0.0441310, 0.0417610, 0.0420810, 0.0424010, 0.0422800, 0.0420800, 0.0444800, 0.0418800, 0.0420800, 0.0420800, 0.0442010, 0.0420410, 0.0424010, 0.0441810, 0.0421600, 0.0436400, 0.0420000, 0.0433900, 0.0437600, 0.0443300, 0.0419610, 0.0420810, 0.0490810, 0.0439810, 0.0424000, 0.0440600, 0.0421600, 0.0420400, 0.0439000, 0.0438500, 0.0422010, 0.0444710, 0.0440810, 0.0419200, 0.0436700, 0.0438400, 0.0443400, 0.0438100, 0.0421200, 0.0444410, 0.0441810, 0.0439810, 0.0439300, 0.0422400, 0.0440300, 0.0442400, 0.0419600, 0.0444700, 0.0436510, 0.0420810, 0.0446610, 0.0423200, 0.0423200, 0.0442900, 0.0441900, 0.0447200, 0.0422400, 0.0441800, 0.0443410, 0.0419610, 0.0446710, 0.0421600, 0.0442100, 0.0438600, 0.0455900, 0.0439000, 0.0425200, 0.0419600, 0.0421600, 0.0421200, 0.0436310, 0.0442510, 0.0424210, 0.0439000, 0.0424800, 0.0421600, 0.0423200, 0.0436400, 0.0438100, 0.0435600, 0.0421600, 0.0435510, 0.0445310, 0.0442210, 0.0453700, 0.0436900, 0.0442100, 0.0448500, 0.0435300, 0.0440000 ],
"timesTransferFromDevice": [ 0.3898330, 0.0185600, 0.0192800, 0.0194410, 0.0280610, 0.0201200, 0.0195200, 0.0192000, 0.0190800, 0.0233700, 0.0203200, 0.0204000, 0.0193200, 0.0210800, 0.0230500, 0.0229710, 0.0234210, 0.0194400, 0.0208400, 0.0205600, 0.0264200, 0.0228100, 0.0234600, 0.0200000, 0.0200400, 0.0208410, 0.0257100, 0.0230800, 0.0227700, 0.0212400, 0.0214400, 0.0195200, 0.0228500, 0.0227800, 0.0206800, 0.0204410, 0.0199200, 0.0195200, 0.0205200, 0.0196000, 0.0206800, 0.0196000, 0.0194800, 0.0230100, 0.0193210, 0.0191200, 0.0200400, 0.0213100, 0.0233100, 0.0194800, 0.0233800, 0.0198000, 0.0204400, 0.0196010, 0.0214400, 0.0202000, 0.0198000, 0.0195200, 0.0204000, 0.0229600, 0.0199200, 0.0199200, 0.0192010, 0.0205200, 0.0202400, 0.0206400, 0.0199200, 0.0195200, 0.0194000, 0.0204400, 0.0202400, 0.0193200, 0.0227610, 0.0203600, 0.0197600, 0.0207610, 0.0198400, 0.0203600, 0.0208000, 0.0192400, 0.0228200, 0.0199200, 0.0206000, 0.0206800, 0.0199610, 0.0234500, 0.0237900, 0.0227200, 0.0196000, 0.0201600, 0.0192400, 0.0195200, 0.0206400, 0.0198800, 0.0227300, 0.0264910, 0.0229310, 0.0234210, 0.0230200, 0.0195200 ],
"bins": [ 0, 32768, 0, 0, 0, 0, 0, 0, 0, 0, 0, 0, 0, 0, 0, 0, 0, 0, 0, 0, 0, 0, 0, 0, 0, 0, 0 ]
}
,
"histogram_atomic_private": {
"timesTransferToDevice": [ 0.0195600, 0.0189600, 0.0188410, 0.0188000, 0.0200800, 0.0202400, 0.0232110, 0.0200400, 0.0210000, 0.0204000, 0.0202410, 0.0200800, 0.0215200, 0.0214800, 0.0213600, 0.0213200, 0.0212000, 0.0217200, 0.0218800, 0.0220400, 0.0212400, 0.0220010, 0.0246800, 0.0215200, 0.0215600, 0.0220000, 0.0215600, 0.0213610, 0.0213200, 0.0222800, 0.0209600, 0.0215600, 0.0209210, 0.0214400, 0.0225200, 0.0212400, 0.0211600, 0.0214010, 0.0212000, 0.0214800, 0.0224400, 0.0214400, 0.0213610, 0.0212000, 0.0226800, 0.0214400, 0.0214400, 0.0217600, 0.0215210, 0.0224800, 0.0211600, 0.0215200, 0.0215600, 0.0220800, 0.0218810, 0.0214800, 0.0220400, 0.0215600, 0.0211200, 0.0242810, 0.0212400, 0.0238010, 0.0216400, 0.0211200, 0.0215600, 0.0210400, 0.0216000, 0.0212010, 0.0222400, 0.0211200, 0.0228000, 0.0210800, 0.0220400, 0.0214410, 0.0213200, 0.0244500, 0.0248900, 0.0217600, 0.0213200, 0.0221610, 0.0222000, 0.0215200, 0.0212000, 0.0222000, 0.0246410, 0.0220010, 0.0216000, 0.0212800, 0.0214400, 0.0218800, 0.0211610, 0.0243300, 0.0250200, 0.0249300, 0.0212400, 0.0211600, 0.0217200, 0.0232400, 0.0243500, 0.0218800 ],
"timesExecution": [ 0.0293600, 0.0308800, 0.0279200, 0.0310310, 0.0312600, 0.0293200, 0.0310100, 0.0298410, 0.0294800, 0.0320100, 0.0299200, 0.0326700, 0.0330910, 0.0344600, 0.0312400, 0.0325700, 0.0313600, 0.0308810, 0.0340800, 0.0328000, 0.0314000, 0.0317200, 0.0341200, 0.0331710, 0.0333000, 0.0333700, 0.0328700, 0.0335300, 0.0317210, 0.0340700, 0.0314400, 0.0337500, 0.0310000, 0.0335710, 0.0334610, 0.0325700, 0.0335900, 0.0334900, 0.0311600, 0.0312410, 0.0333900, 0.0335400, 0.0329300, 0.0311200, 0.0345410, 0.0344600, 0.0310000, 0.0332200, 0.0329700, 0.0341110, 0.0311210, 0.0350600, 0.0318000, 0.0334600, 0.0310000, 0.0330810, 0.0341010, 0.0311200, 0.0334900, 0.0335400, 0.0711200, 0.0350000, 0.0333400, 0.0341110, 0.0316800, 0.0317200, 0.0337100, 0.0330800, 0.0326900, 0.0333310, 0.0340800, 0.0314000, 0.0336600, 0.0334900, 0.0326810, 0.0330110, 0.0340300, 0.0338200, 0.0328400, 0.0330400, 0.0313210, 0.0313600, 0.0333400, 0.0331300, 0.0333800, 0.0338300, 0.0316010, 0.0311200, 0.0339000, 0.0332900, 0.0330100, 0.0309210, 0.0315210, 0.0338900, 0.0328400, 0.0312400, 0.0331800, 0.0332810, 0.0337500, 0.0325200 ],
"timesTransferFromDevice": [ 0.0165600, 0.0165200, 0.0168000, 0.0186400, 0.0184810, 0.0179200, 0.0185200, 0.0182400, 0.0219210, 0.0221300, 0.0226400, 0.0235300, 0.0202000, 0.0198410, 0.0196400, 0.0193600, 0.0237400, 0.0239000, 0.0238100, 0.0200410, 0.0214400, 0.0198400, 0.0209600, 0.0196800, 0.0217610, 0.0210800, 0.0215200, 0.0227900, 0.0199200, 0.0230900, 0.0204410, 0.0209600, 0.0227300, 0.0193200, 0.0229200, 0.0195610, 0.0195200, 0.0228100, 0.0213200, 0.0195600, 0.0193210, 0.0210800, 0.0200000, 0.0199600, 0.0224700, 0.0232900, 0.0209610, 0.0195200, 0.0213200, 0.0195600, 0.0204000, 0.0233810, 0.0257110, 0.0234200, 0.0199200, 0.0227700, 0.0199600, 0.0198810, 0.0231300, 0.0226000, 0.0226400, 0.0254800, 0.0197600, 0.0198400, 0.0234500, 0.0198010, 0.0214800, 0.0212800, 0.0242500, 0.0196800, 0.0204400, 0.0192400, 0.0198000, 0.0235000, 0.0201200, 0.0209200, 0.0227410, 0.0201600, 0.0205600, 0.0211200, 0.0195200, 0.0209600, 0.0214410, 0.0196000, 0.0227600, 0.0195200, 0.0204000, 0.0215600, 0.0231700, 0.0212400, 0.0237200, 0.0196000, 0.0195200, 0.0224910, 0.0209600, 0.0196000, 0.0196800, 0.0193200, 0.0195610, 0.0235100 ],
"bins": [ 0, 32768, 0, 0, 0, 0, 0, 0, 0, 0, 0, 0, 0, 0, 0, 0, 0, 0, 0, 0, 0, 0, 0, 0, 0, 0, 0 ]
}
,