{
"inputLengthInCharacters": 67108864,
"uniformInput": false,
"useMappingLetter": true,
"measurements": {
"histogram_atomic_global": {
"timesTransferToDevice": [ 5.8448801, 4.9052448, 4.8802838, 4.8268232, 4.8199129, 4.9340930, 4.8128929, 4.8195729, 4.8250031, 4.8327231, 4.8759642, 4.8323131, 4.8221831, 4.8275638, 4.8212042, 4.8293128, 4.8198628, 4.8228531, 4.8302031, 4.8343329, 4.8241429, 4.8247528, 4.8272042, 4.8133330, 4.8238530, 4.8200331, 4.8524332, 4.8244028, 4.8134232, 4.8099132, 4.8352728, 4.8662639, 4.8550439, 4.8155632, 4.8188930, 4.8312039, 4.8582830, 4.8188529, 4.8180928, 4.8628740, 4.8206639, 4.8300939, 4.8308129, 4.8128738, 4.8278532, 4.8212128, 4.8186030, 4.9348540, 4.8217130, 4.9476151, 4.8131442, 4.8320432, 4.9178839, 4.8193831, 4.9183640, 4.8466640, 4.8351941, 4.8173828, 4.8194628, 4.8241429, 4.8501639, 4.8115530, 4.8378930, 4.8087630, 4.8232231, 4.8185139, 4.8255730, 4.8271332, 4.8185039, 4.8349228, 4.8246942, 4.8297930, 4.8339028, 4.8443842, 4.8475528, 4.8259039, 4.8191729, 4.8179631, 4.8254828, 4.8106532, 4.8348832, 4.8720341, 4.8248029, 4.8044038, 4.8428931, 4.8222041, 4.8388739, 4.8252430, 4.8200641, 4.8236942, 4.8095832, 4.8608541, 4.8308330, 4.8008132, 4.8580842, 4.8258338, 4.8124328, 4.8145032, 4.8209529, 4.8419142 ],
"timesExecution": [ 18.3857803, 17.9555683, 18.2165737, 18.2190037, 17.9605122, 18.2205734, 18.2285137, 18.2199631, 18.2212563, 17.9561157, 18.2250862, 18.2251167, 18.2212353, 18.2220955, 17.9589443, 18.2235165, 18.2234364, 17.9582348, 18.2195282, 18.2214355, 18.2190266, 18.2173557, 17.9578762, 18.2196064, 18.2229557, 17.9561443, 18.2247257, 18.1735764, 18.2219563, 18.2192860, 17.9616432, 18.2213554, 18.2209854, 18.2168369, 18.2232265, 17.9566135, 18.2203369, 18.2220860, 17.9531937, 18.2209167, 18.2243156, 18.2231159, 18.2166767, 17.9597549, 18.2192860, 18.2156086, 17.9514751, 18.2185955, 17.9867153, 18.2166462, 18.2215652, 17.9537849, 18.2247963, 18.2212753, 18.2227955, 18.2191963, 17.9591446, 18.2239151, 18.2209473, 17.9551048, 18.2198162, 18.2248764, 18.2165756, 18.2216473, 17.9549847, 18.2206154, 18.2204762, 18.2168751, 18.2200451, 17.9581566, 18.2202168, 18.2164764, 17.9546757, 18.2150269, 18.2219563, 18.2201462, 18.2180862, 17.9549847, 18.2210064, 18.2156754, 17.9568844, 18.2167568, 18.2308369, 18.2181568, 18.2163467, 17.9554844, 18.2198257, 18.2217884, 18.2185154, 18.2203159, 17.9574165, 18.2237968, 18.2172451, 17.9581242, 18.2201557, 18.2253151, 18.2220364, 18.2194672, 17.9575958, 18.2243156 ],
"timesTransferFromDevice": [ 0.3860730, 0.0178810, 0.0188000, 0.0204400, 0.0198410, 0.0201200, 0.0210010, 0.0205200, 0.0204000, 0.0201600, 0.0491010, 0.0207200, 0.0206000, 0.0201200, 0.0204000, 0.0206000, 0.0202000, 0.0206400, 0.0198400, 0.0204000, 0.0210000, 0.0204400, 0.0201600, 0.0204400, 0.0203610, 0.0200000, 0.0212000, 0.0206010, 0.0200010, 0.0209600, 0.0205200, 0.0200400, 0.0204000, 0.0202000, 0.0200800, 0.0204800, 0.0204400, 0.0201200, 0.0219600, 0.0199200, 0.0206400, 0.0214400, 0.0212800, 0.0208410, 0.0206000, 0.0206000, 0.0206400, 0.0209200, 0.0201600, 0.0200800, 0.0202400, 0.0201200, 0.0199600, 0.0203600, 0.0200000, 0.0203200, 0.0202800, 0.0199600, 0.0199200, 0.0220400, 0.0202400, 0.0200000, 0.0228000, 0.0241600, 0.0201200, 0.0207600, 0.0203210, 0.0202400, 0.0204800, 0.0203200, 0.0206400, 0.0201200, 0.0199600, 0.0205210, 0.0615800, 0.0200400, 0.0204400, 0.0210000, 0.0209200, 0.0206410, 0.0201200, 0.0200410, 0.0198400, 0.0201200, 0.0200400, 0.0207200, 0.0205600, 0.0199200, 0.0209600, 0.0206400, 0.0199600, 0.0200400, 0.0207600, 0.0245300, 0.0210000, 0.0201600, 0.0200400, 0.0199200, 0.0200400, 0.0202400 ],
"bins": [ 39843942, 1049589, 1047821, 1048413, 1050094, 1048229, 1049407, 1049453, 1049644, 1046728, 1049250, 1047466, 1048164, 1048499, 1046659, 1051026, 1049865, 1049119, 1047466, 1047060, 1050626, 1048905, 1047599, 1047258, 1048976, 1048954, 1048652 ]
}
,
"histogram_atomic_private": {
"timesTransferToDevice": [ 4.8374429, 5.4585080, 5.3604770, 5.3453779, 5.3494568, 5.3514071, 5.3631072, 5.3447871, 5.3408971, 5.3714070, 5.3171368, 5.3829169, 5.3274469, 5.3039160, 5.3308172, 5.3545280, 5.3374071, 5.3366871, 5.3534970, 5.3348670, 5.3982172, 5.3214169, 5.3484068, 5.3284569, 5.3189368, 5.3269272, 5.3468671, 5.3417768, 5.3185272, 5.3249269, 5.3575268, 5.3181772, 5.3130059, 5.3603082, 5.3393469, 5.3275471, 5.3772569, 5.3159971, 5.3225069, 5.3429770, 5.3211370, 5.3313270, 5.3682470, 5.3478780, 5.3512669, 5.3680568, 5.3239069, 5.3975568, 5.3331280, 5.3165159, 5.3554578, 5.3284369, 5.3191462, 5.3705578, 5.3333468, 5.3210869, 5.3549271, 5.3191772, 5.3049569, 5.3301868, 5.3803878, 5.3378472, 5.3794971, 5.3130169, 5.3257170, 5.3782978, 5.3154359, 5.3230772, 5.3216672, 5.3546972, 5.3221369, 5.3172269, 5.3787270, 4.0147982, 5.3070269, 5.3287368, 5.3619771, 4.0169382, 5.3244171, 5.3306069, 5.3725772, 5.3291368, 5.3835568, 5.3145461, 5.3363671, 5.3305869, 5.3301768, 5.3195162, 5.3148270, 5.3741179, 5.3131762, 5.3219171, 5.3766479, 5.3313169, 5.3125572, 5.3762078, 5.3185568, 5.3198662, 5.3685579, 5.3367472 ],
"timesExecution": [ 0.9438570, 0.9430470, 0.9431660, 0.9480760, 0.9471260, 0.9478660, 0.9477470, 0.9452870, 0.9477570, 0.9464970, 0.9487170, 0.9466860, 0.9462760, 0.9472870, 0.9437170, 0.9459160, 0.9470360, 0.9461660, 0.9463960, 0.9473970, 0.9516770, 0.9472270, 0.9472560, 0.9474360, 0.9451860, 0.9476770, 0.9479170, 0.9466360, 0.9511260, 0.9470660, 0.9478470, 0.9473670, 0.9483560, 0.9484360, 0.9475570, 0.9469470, 0.9477170, 0.9475370, 0.9493070, 0.9443070, 0.9448870, 0.9454070, 0.9468760, 0.9458760, 0.9463160, 0.9484770, 0.9450570, 0.9447860, 0.9454460, 0.9473660, 0.9459660, 0.9470360, 0.9468160, 0.9439460, 0.9462160, 0.9470860, 0.9455270, 0.9461860, 0.9457060, 0.9439560, 0.9448260, 0.9467260, 0.9476860, 0.9465070, 0.9439270, 0.9471160, 0.9460060, 0.9465270, 0.9467070, 0.9467770, 0.9468870, 0.9464370, 0.9455160, 0.9465270, 0.9455970, 0.9463670, 0.9460870, 0.9460070, 0.9448760, 0.9460760, 0.9471160, 0.9477960, 0.9488770, 0.9468760, 0.9464060, 0.9491660, 0.9481660, 0.9473460, 0.9451570, 0.9499060, 0.9475260, 0.9456770, 0.9451960, 0.9470060, 0.9447570, 0.9466860, 0.9484760, 0.9463960, 0.9470760, 0.9474760 ],
"timesTransferFromDevice": [ 0.0187200, 0.0178400, 0.0189600, 0.0190800, 0.0192810, 0.0204400, 0.0206000, 0.0196000, 0.0191200, 0.0200800, 0.0201200, 0.0191600, 0.0209200, 0.0200400, 0.0196000, 0.0203600, 0.0194410, 0.0197610, 0.0198000, 0.0203600, 0.0196400, 0.0192400, 0.0243400, 0.0196410, 0.0198800, 0.0200800, 0.0204400, 0.0192800, 0.0212000, 0.0198410, 0.0196000, 0.0205200, 0.0195600, 0.0194000, 0.0202000, 0.0209200, 0.0196800, 0.0192400, 0.0204000, 0.0210400, 0.0196400, 0.0206000, 0.0218000, 0.0212810, 0.0199600, 0.0227400, 0.0228500, 0.0204400, 0.0207200, 0.0192400, 0.0228710, 0.0205210, 0.0192400, 0.0192410, 0.0206010, 0.0203610, 0.0192800, 0.0204810, 0.0205600, 0.0194800, 0.0199600, 0.0199200, 0.0201600, 0.0191600, 0.0198800, 0.0192000, 0.0227400, 0.0199200, 0.0196400, 0.0192000, 0.0212000, 0.0191200, 0.0197200, 0.0195600, 0.0224400, 0.0246100, 0.0199200, 0.0190400, 0.0193610, 0.0202000, 0.0227000, 0.0200010, 0.0201600, 0.0199600, 0.0197200, 0.0207600, 0.0208400, 0.0204000, 0.0199600, 0.0201200, 0.0206000, 0.0234200, 0.0209610, 0.0200000, 0.0225300, 0.0204010, 0.0206000, 0.0197200, 0.0208410, 0.0202010 ],
"bins": [ 39843942, 1049589, 1047821, 1048413, 1050094, 1048229, 1049407, 1049453, 1049644, 1046728, 1049250, 1047466, 1048164, 1048499, 1046659, 1051026, 1049865, 1049119, 1047466, 1047060, 1050626, 1048905, 1047599, 1047258, 1048976, 1048954, 1048652 ]
}
,