{
"inputLengthInCharacters": 16777216,
"uniformInput": true,
"useMappingLetter": false,
"measurements": {
"histogram_atomic_global": {
"timesTransferToDevice": [ 2.7784190, 2.0691249, 1.9455240, 1.9573539, 1.9465840, 1.9448140, 1.9520240, 2.0350940, 2.0645449, 1.9444439, 1.9333140, 1.9815240, 1.9483041, 1.9451940, 1.9507830, 1.9354330, 1.9422131, 1.9690040, 2.0275350, 2.0701749, 1.9401931, 1.9846240, 1.9467241, 1.9404740, 1.9364840, 1.9443541, 1.9552740, 1.9477839, 1.9356840, 2.0262139, 2.0801649, 1.9441640, 1.9480540, 1.9329940, 1.9488740, 1.9571340, 1.9439330, 1.9541740, 1.9396631, 1.9872839, 2.0209050, 2.0689240, 1.9317340, 1.9723740, 1.9454440, 1.9827040, 1.9495040, 1.9403640, 1.9395040, 1.9397540, 1.9559040, 2.0514441, 2.0632851, 1.9222341, 1.9446040, 1.9286140, 1.9632440, 1.9473840, 1.9369730, 1.9660240, 1.9474930, 1.9303941, 2.0401151, 2.0533140, 1.9439141, 1.9834840, 1.9518430, 1.9349240, 1.9483041, 1.9474030, 1.9389330, 1.9452940, 1.9469330, 2.0317450, 2.0771141, 1.9953740, 1.9421630, 1.9331230, 1.9397840, 1.9332629, 1.9353740, 1.9450940, 1.9488730, 1.9512540, 1.9830140, 2.0764141, 1.9381940, 1.9730740, 1.9376440, 1.9498140, 1.9344240, 1.9379530, 1.9825640, 2.0383439, 2.0549250, 1.9480840, 1.9621440, 1.9407640, 1.9532740, 1.9459040 ],
"timesExecution": [ 7.0795808, 7.1602521, 7.1594119, 7.1594620, 7.1616220, 7.1633210, 7.1618299, 6.8921590, 7.1617899, 6.8904390, 7.1591902, 6.8890791, 7.1600208, 7.1520991, 7.1652398, 7.1624198, 7.1577501, 7.1571102, 6.8912282, 7.1624999, 6.8899388, 7.1600308, 6.8889999, 7.1622910, 7.1566410, 7.1588111, 7.1630111, 7.1585102, 7.1582699, 6.8921089, 7.1591911, 6.8887391, 7.1540408, 6.8889489, 7.1607399, 7.1574798, 7.1552711, 7.1605601, 7.1590300, 7.1598511, 6.8918781, 7.1598101, 6.8894792, 7.1555209, 6.8882990, 7.1562309, 7.1527209, 7.1578512, 7.1522298, 7.1539102, 7.1631598, 6.8910689, 7.1597409, 6.9018788, 7.1614308, 6.8891978, 7.1573400, 7.1608400, 7.1552310, 7.1632199, 7.1720810, 7.1659598, 6.9037881, 7.1561909, 6.8880978, 7.1565199, 6.8882790, 7.1648011, 7.1617899, 7.1648102, 7.1581898, 7.1646800, 7.1756301, 6.8906579, 7.1597509, 6.8884482, 7.1597900, 6.8882689, 7.1613302, 7.1763110, 7.1709700, 7.1604800, 7.1599102, 7.1696601, 6.8899479, 7.1604309, 6.8878279, 7.1576109, 7.1550598, 7.1614509, 7.1602998, 7.1620698, 7.1638508, 6.8969178, 7.1710310, 6.8907080, 7.1638408, 6.8888679, 7.1623902, 7.1654811 ],
"timesTransferFromDevice": [ 0.4029230, 0.0188800, 0.0179200, 0.0196400, 0.0194400, 0.0194010, 0.0199200, 0.0198000, 0.0191600, 0.0196800, 0.0193200, 0.0199200, 0.0195200, 0.0198000, 0.0202800, 0.0200810, 0.0198400, 0.0202400, 0.0202800, 0.0198800, 0.0197600, 0.0197600, 0.0199200, 0.0194400, 0.0200000, 0.0200800, 0.0194800, 0.0200000, 0.0211610, 0.0203600, 0.0200400, 0.0199200, 0.0212800, 0.0201200, 0.0205200, 0.0199600, 0.0201600, 0.0202400, 0.0203600, 0.0200400, 0.0198000, 0.0206000, 0.0205600, 0.0204400, 0.0206800, 0.0200800, 0.0199600, 0.0201600, 0.0210800, 0.0202810, 0.0200410, 0.0199200, 0.0201600, 0.0199600, 0.0194800, 0.0210800, 0.0198400, 0.0203210, 0.0195600, 0.0194800, 0.0202000, 0.0199600, 0.0205600, 0.0207600, 0.0199200, 0.0200010, 0.0197600, 0.0195200, 0.0200400, 0.0211200, 0.0198400, 0.0199200, 0.0196400, 0.0196400, 0.0200000, 0.0204000, 0.0205600, 0.0200800, 0.0199600, 0.0205600, 0.0199200, 0.0205600, 0.0199600, 0.0200400, 0.0197610, 0.0198800, 0.0197600, 0.0202400, 0.0204400, 0.0198800, 0.0202000, 0.0197200, 0.0198000, 0.0205600, 0.0199600, 0.0216400, 0.0194000, 0.0203600, 0.0198800, 0.0201600 ],
"bins": [ 0, 0, 0, 0, 0, 0, 0, 0, 0, 0, 0, 0, 0, 0, 0, 0, 0, 0, 0, 0, 0, 0, 0, 0, 0, 0, 0, 0, 0, 0, 0, 0, 0, 0, 0, 0, 0, 0, 0, 0, 0, 0, 0, 0, 0, 0, 0, 0, 0, 0, 0, 0, 0, 0, 0, 0, 0, 0, 0, 0, 0, 0, 0, 0, 0, 0, 0, 0, 0, 0, 0, 0, 0, 0, 0, 0, 0, 0, 0, 0, 0, 0, 0, 0, 0, 0, 0, 0, 0, 0, 0, 0, 0, 0, 0, 0, 16777216, 0, 0, 0, 0, 0, 0, 0, 0, 0, 0, 0, 0, 0, 0, 0, 0, 0, 0, 0, 0, 0, 0, 0, 0, 0, 0, 0, 0, 0, 0, 0 ]
}
,
"histogram_atomic_private": {
"timesTransferToDevice": [ 1.9594940, 1.0590880, 1.0475570, 1.0482780, 1.0508970, 1.1208270, 1.0593270, 1.0511580, 1.0580380, 1.0473570, 1.0582080, 1.0515480, 1.0497971, 1.0450170, 1.0481369, 1.0465180, 1.0538080, 1.0481970, 1.0468870, 1.0481480, 1.0481770, 1.0503570, 1.0470380, 1.0506570, 1.0476069, 1.0517280, 1.0492170, 1.0522270, 1.0459681, 1.0586179, 1.0679671, 1.0510271, 1.0470580, 1.0503269, 1.1419880, 1.0510370, 1.0642869, 1.0549070, 1.1062180, 1.0490080, 1.0466870, 1.0483969, 1.0455281, 1.0522870, 1.0475470, 1.0473880, 1.0462570, 1.0547770, 1.0487880, 1.0505680, 1.0505770, 1.0481670, 1.0500580, 1.0495770, 1.0492070, 1.0534170, 1.0510870, 1.0521280, 1.0570970, 1.0469770, 1.0503780, 1.0512770, 1.0516580, 1.0513279, 1.0503870, 1.0476871, 1.0593280, 1.0513970, 1.0487770, 1.0504780, 1.0544569, 1.1341881, 1.0502371, 1.0631280, 1.0535080, 1.0652070, 1.0510271, 1.0776780, 1.0523781, 1.0545670, 1.0542769, 1.0500180, 1.0549771, 1.0489269, 1.0532080, 1.0532280, 1.0560470, 1.0579470, 1.0485080, 1.0487670, 1.0504470, 1.0493380, 1.0565670, 1.0535170, 1.0494280, 1.0608170, 1.0688770, 1.0522870, 1.0457180, 1.0500380 ],
"timesExecution": [ 0.3996030, 0.4004820, 0.4008030, 0.4024030, 0.4023830, 0.4023220, 0.4036130, 0.4022330, 0.4030720, 0.4043530, 0.4035530, 0.4028420, 0.4016130, 0.4025620, 0.4027530, 0.4023830, 0.4024730, 0.4018330, 0.4028230, 0.4025130, 0.4067030, 0.4017430, 0.4047630, 0.4039330, 0.4021930, 0.4033830, 0.4032520, 0.4035430, 0.4028630, 0.4030230, 0.4032630, 0.4019030, 0.4018630, 0.4028320, 0.4030430, 0.4029620, 0.4020030, 0.4025230, 0.4038330, 0.4013930, 0.4024820, 0.4019430, 0.4034630, 0.4023420, 0.4026330, 0.4023830, 0.4041620, 0.4023830, 0.4022630, 0.4022630, 0.4042130, 0.4029830, 0.4032430, 0.4072930, 0.4034420, 0.4017130, 0.4023230, 0.4023930, 0.4020630, 0.4016930, 0.4023230, 0.4029430, 0.4035130, 0.4034330, 0.4022330, 0.4025430, 0.4033130, 0.4020230, 0.4027930, 0.4025130, 0.4045330, 0.4049630, 0.4022930, 0.4023530, 0.4030030, 0.4030320, 0.4027930, 0.4026730, 0.4032630, 0.4031130, 0.4030530, 0.4039930, 0.4025520, 0.4024530, 0.4024430, 0.4024930, 0.4085030, 0.4021030, 0.4023530, 0.4023930, 0.4024230, 0.4029530, 0.4023030, 0.4015830, 0.4025430, 0.4030220, 0.4012620, 0.4020630, 0.4033230, 0.4029120 ],
"timesTransferFromDevice": [ 0.0187200, 0.0184800, 0.0182400, 0.0214400, 0.0244300, 0.0196810, 0.0213200, 0.0298700, 0.0229400, 0.0198800, 0.0278500, 0.0248400, 0.0209200, 0.0240200, 0.0231300, 0.0232300, 0.0193600, 0.0206800, 0.0230500, 0.0230500, 0.0204400, 0.0244600, 0.0194800, 0.0195610, 0.0204800, 0.0211200, 0.0210010, 0.0209200, 0.0214000, 0.0195600, 0.0238610, 0.0204800, 0.0209200, 0.0196410, 0.0240100, 0.0233910, 0.0204000, 0.0194400, 0.0234800, 0.0203200, 0.0231510, 0.0198400, 0.0199600, 0.0206010, 0.0229300, 0.0214000, 0.0235000, 0.0211200, 0.0199200, 0.0211200, 0.0213200, 0.0199600, 0.0202000, 0.0231010, 0.0228500, 0.0228100, 0.0193600, 0.0234000, 0.0242700, 0.0210800, 0.0198400, 0.0204400, 0.0214000, 0.0237900, 0.0227900, 0.0202000, 0.0204400, 0.0233900, 0.0202000, 0.0235900, 0.0232510, 0.0200000, 0.0210800, 0.0233400, 0.0196400, 0.0212010, 0.0209600, 0.0234700, 0.0228900, 0.0205610, 0.0230600, 0.0210400, 0.0206010, 0.0198800, 0.0228400, 0.0227600, 0.0208410, 0.0202000, 0.0199200, 0.0228000, 0.0238700, 0.0287400, 0.0192410, 0.0239500, 0.0230100, 0.0227600, 0.0255200, 0.0236200, 0.0231900, 0.0209200 ],
"bins": [ 0, 0, 0, 0, 0, 0, 0, 0, 0, 0, 0, 0, 0, 0, 0, 0, 0, 0, 0, 0, 0, 0, 0, 0, 0, 0, 0, 0, 0, 0, 0, 0, 0, 0, 0, 0, 0, 0, 0, 0, 0, 0, 0, 0, 0, 0, 0, 0, 0, 0, 0, 0, 0, 0, 0, 0, 0, 0, 0, 0, 0, 0, 0, 0, 0, 0, 0, 0, 0, 0, 0, 0, 0, 0, 0, 0, 0, 0, 0, 0, 0, 0, 0, 0, 0, 0, 0, 0, 0, 0, 0, 0, 0, 0, 0, 0, 16777216, 0, 0, 0, 0, 0, 0, 0, 0, 0, 0, 0, 0, 0, 0, 0, 0, 0, 0, 0, 0, 0, 0, 0, 0, 0, 0, 0, 0, 0, 0, 0 ]
}
,