{
"inputLengthInCharacters": 524288,
"uniformInput": false,
"useMappingLetter": false,
"measurements": {
"histogram_atomic_global": {
"timesTransferToDevice": [ 0.4720130, 0.0680910, 0.0546000, 0.0521400, 0.0528010, 0.0508400, 0.0520000, 0.0501600, 0.0553510, 0.0513400, 0.0500200, 0.0790310, 0.0499500, 0.0554510, 0.0490400, 0.0489600, 0.0495310, 0.0489710, 0.0487400, 0.0488800, 0.0486200, 0.0489910, 0.0485700, 0.0489900, 0.0529900, 0.0488410, 0.0487710, 0.0488700, 0.0486200, 0.0490200, 0.0487510, 0.0491900, 0.0491300, 0.0501600, 0.0485110, 0.0491110, 0.0493400, 0.0492700, 0.0482910, 0.0498310, 0.0498500, 0.0492500, 0.0483900, 0.0497010, 0.0518400, 0.0491200, 0.0493400, 0.0489810, 0.0492410, 0.0486200, 0.0491100, 0.0486110, 0.0487010, 0.0484100, 0.0487400, 0.0485400, 0.0488510, 0.0488610, 0.0487000, 0.0486900, 0.0507100, 0.0482810, 0.0484000, 0.0486300, 0.0493800, 0.0489810, 0.0493910, 0.0495600, 0.0489000, 0.0487300, 0.0485710, 0.0534200, 0.0486500, 0.0488300, 0.0486210, 0.0918010, 0.0535200, 0.0496810, 0.0491900, 0.0486700, 0.0493300, 0.0493610, 0.0491410, 0.0487900, 0.0493700, 0.0491300, 0.0491810, 0.0486900, 0.0492800, 0.0498800, 0.0488310, 0.0488410, 0.0506400, 0.0488200, 0.0491810, 0.0484510, 0.0490600, 0.0487000, 0.0489000, 0.0493010 ],
"timesExecution": [ 0.0690700, 0.0680710, 0.0659210, 0.0676210, 0.0676100, 0.0671200, 0.0660810, 0.0686500, 0.3391620, 0.0677710, 0.0674110, 0.0676500, 0.0678210, 0.0674000, 0.0674510, 0.0674110, 0.0675400, 0.0680700, 0.0675710, 0.0676010, 0.0676500, 0.0676500, 0.0675200, 0.0675210, 0.0675310, 0.0674400, 0.0679800, 0.0676610, 0.0671310, 0.0671200, 0.0676900, 0.0670500, 0.0642810, 0.0677710, 0.0675500, 0.0674500, 0.0675310, 0.0671710, 0.0674200, 0.0674900, 0.0675310, 0.0675410, 0.0676510, 0.0653200, 0.0676100, 0.0671710, 0.0674010, 0.0714200, 0.0678600, 0.0684910, 0.0681210, 0.0675700, 0.0674100, 0.0672010, 0.0674510, 0.0676010, 0.0678900, 0.0675000, 0.0674510, 0.0675010, 0.0676900, 0.0672000, 0.0672400, 0.0673810, 0.0676010, 0.0685800, 0.0671200, 0.0671310, 0.0674410, 0.0673300, 0.0673700, 0.0673700, 0.0675210, 0.0674210, 0.0680200, 0.0677010, 0.0675710, 0.0675300, 0.0674500, 0.0672810, 0.0673710, 0.0685300, 0.0672500, 0.0674410, 0.0675610, 0.0671300, 0.0680300, 0.0676200, 0.0678310, 0.0674610, 0.0679100, 0.0676500, 0.0676110, 0.0680410, 0.0671800, 0.0671200, 0.0676110, 0.0686110, 0.0675610, 0.0674800 ],
"timesTransferFromDevice": [ 0.3990820, 0.0182400, 0.0173200, 0.0204400, 0.0199200, 0.0234200, 0.0196800, 0.0206400, 0.0184810, 0.0195600, 0.0196800, 0.0204000, 0.0240000, 0.0194800, 0.0191600, 0.0201600, 0.0201200, 0.0201210, 0.0200000, 0.0194000, 0.0196000, 0.0200800, 0.0196000, 0.0196000, 0.0197200, 0.0201600, 0.0196010, 0.0195600, 0.0200000, 0.0193200, 0.0242510, 0.0196800, 0.0198400, 0.0196000, 0.0192000, 0.0200410, 0.0204800, 0.0196400, 0.0200400, 0.0201610, 0.0200000, 0.0202000, 0.0199600, 0.0195200, 0.0195600, 0.0195200, 0.0198400, 0.0196400, 0.0194410, 0.0196400, 0.0204400, 0.0200800, 0.0191610, 0.0200000, 0.0207600, 0.0200000, 0.0197200, 0.0195610, 0.0198400, 0.0201200, 0.0194800, 0.0200400, 0.0196800, 0.0199600, 0.0194800, 0.0196800, 0.0198010, 0.0196800, 0.0202000, 0.0199200, 0.0209600, 0.0197600, 0.0195200, 0.0199200, 0.0195600, 0.0196000, 0.0197200, 0.0195200, 0.0199200, 0.0192400, 0.0197600, 0.0194000, 0.0197210, 0.0197600, 0.0199200, 0.0198000, 0.0209200, 0.0197600, 0.0200400, 0.0199200, 0.0199200, 0.0197600, 0.0195200, 0.0198400, 0.0203600, 0.0194810, 0.0203600, 0.0196400, 0.0194800, 0.0196800 ],
"bins": [ 4041, 4072, 4062, 4049, 3998, 4126, 4087, 4028, 4088, 4089, 4183, 4042, 4194, 3995, 3984, 3995, 4196, 4123, 4159, 4101, 4084, 4129, 4094, 4118, 4067, 4087, 4043, 4006, 4076, 3998, 4084, 4169, 4145, 4205, 4045, 4023, 4218, 4128, 4092, 4062, 4115, 4078, 4107, 4132, 3997, 3989, 4145, 4108, 4142, 4072, 4121, 4092, 4167, 4107, 4033, 4211, 4227, 4097, 4046, 4164, 4040, 4072, 4107, 4176, 4206, 4066, 4068, 4035, 4095, 4077, 4036, 4010, 4093, 4083, 4101, 4068, 4145, 4082, 4038, 4078, 4141, 4047, 4205, 4172, 4118, 4204, 4219, 4045, 3968, 4171, 4183, 4176, 4097, 4172, 4042, 4112, 4089, 4038, 3884, 4135, 4070, 4091, 4087, 4049, 4148, 4168, 4210, 4119, 4102, 4078, 4151, 4033, 4120, 3966, 4154, 4107, 4088, 4071, 4004, 4122, 4071, 4118, 4071, 4143, 4114, 4090, 4131, 4083 ]
}
,
"histogram_atomic_private": {
"timesTransferToDevice": [ 0.0449700, 0.0458400, 0.0454100, 0.0462600, 0.0478000, 0.0479300, 0.0479100, 0.0482700, 0.0498300, 0.0475000, 0.0486900, 0.0486300, 0.0487010, 0.0487010, 0.0489510, 0.0485710, 0.0482810, 0.0484510, 0.0484910, 0.0490410, 0.0488710, 0.0482110, 0.0481300, 0.0484900, 0.0491700, 0.0484200, 0.0485000, 0.0483400, 0.0481500, 0.0481800, 0.0488300, 0.0488200, 0.0486900, 0.0487000, 0.0484100, 0.0485800, 0.0530900, 0.0492500, 0.0486510, 0.0493810, 0.0501310, 0.0488510, 0.0490010, 0.0488210, 0.0490610, 0.0482910, 0.0486610, 0.0496710, 0.0498900, 0.0496500, 0.0491000, 0.0532000, 0.0489100, 0.0486600, 0.0483000, 0.0492300, 0.0496800, 0.0483100, 0.0479000, 0.0490600, 0.0480900, 0.0494600, 0.0488200, 0.0485100, 0.0483900, 0.0485400, 0.0487100, 0.0482500, 0.0480500, 0.0488300, 0.0485000, 0.0492800, 0.0505000, 0.0511900, 0.0489800, 0.0480110, 0.0490910, 0.0484410, 0.0488310, 0.0488210, 0.0488610, 0.0488110, 0.0496810, 0.0493310, 0.0491700, 0.0494510, 0.0490310, 0.0492800, 0.0493300, 0.0481500, 0.0495300, 0.0488300, 0.0482200, 0.0487400, 0.0490000, 0.0491900, 0.0485300, 0.0480500, 0.0494400, 0.0490500 ],
"timesExecution": [ 0.0311300, 0.0289610, 0.0291310, 0.0295610, 0.0303310, 0.0298400, 0.0300900, 0.0306900, 0.0305600, 0.0299700, 0.0312000, 0.0313300, 0.0312400, 0.0350500, 0.0313200, 0.0313600, 0.0325800, 0.0316500, 0.0314800, 0.0310800, 0.0310000, 0.0313700, 0.0314900, 0.0317310, 0.0315710, 0.0310410, 0.0319710, 0.0317010, 0.0315010, 0.0327800, 0.0315100, 0.0311700, 0.0310900, 0.0312900, 0.0312900, 0.0312300, 0.0312100, 0.0320100, 0.0314200, 0.0314100, 0.0309700, 0.0316200, 0.0312500, 0.0313900, 0.0318100, 0.0321700, 0.0314400, 0.0313200, 0.0313300, 0.0312400, 0.0313210, 0.0312810, 0.0314810, 0.0313710, 0.0312910, 0.0312410, 0.0312410, 0.0315410, 0.0316900, 0.0314700, 0.0820310, 0.0321210, 0.0314510, 0.0310510, 0.0312910, 0.0321210, 0.0313200, 0.0311200, 0.0313300, 0.0311300, 0.0315400, 0.0309300, 0.0318100, 0.0313300, 0.0316400, 0.0312900, 0.0317200, 0.0323900, 0.0312400, 0.0314100, 0.0324500, 0.0308800, 0.0307600, 0.0311600, 0.0316400, 0.0311300, 0.0318100, 0.0319000, 0.0313700, 0.0312010, 0.0309710, 0.0309610, 0.0311710, 0.0326510, 0.0314000, 0.0337500, 0.0318000, 0.0318400, 0.0314500, 0.0313700 ],
"timesTransferFromDevice": [ 0.0167600, 0.0168800, 0.0166000, 0.0186800, 0.0198400, 0.0187600, 0.0179600, 0.0189610, 0.0190410, 0.0198400, 0.0194800, 0.0196400, 0.0197600, 0.0200400, 0.0198400, 0.0193600, 0.0194400, 0.0204000, 0.0205200, 0.0194800, 0.0199600, 0.0202000, 0.0196000, 0.0196800, 0.0194800, 0.0198000, 0.0196400, 0.0202800, 0.0199200, 0.0194800, 0.0194000, 0.0197610, 0.0203210, 0.0195610, 0.0205600, 0.0199200, 0.0196000, 0.0194800, 0.0196800, 0.0198000, 0.0194400, 0.0194000, 0.0202400, 0.0203200, 0.0196400, 0.0199600, 0.0193200, 0.0196000, 0.0195200, 0.0200400, 0.0209200, 0.0198800, 0.0196400, 0.0203200, 0.0196400, 0.0196000, 0.0204800, 0.0197200, 0.0199600, 0.0196810, 0.0198400, 0.0192800, 0.0194000, 0.0193200, 0.0195600, 0.0198000, 0.0212400, 0.0192800, 0.0198810, 0.0196010, 0.0197610, 0.0197200, 0.0198000, 0.0202000, 0.0194000, 0.0200800, 0.0196000, 0.0190800, 0.0195200, 0.0198000, 0.0198400, 0.0192400, 0.0204800, 0.0191600, 0.0195200, 0.0202800, 0.0198400, 0.0202000, 0.0190800, 0.0195600, 0.0194400, 0.0196400, 0.0198400, 0.0202400, 0.0196400, 0.0197600, 0.0196010, 0.0196810, 0.0200410, 0.0198810 ],