{
"inputLengthInCharacters": 2048,
"uniformInput": true,
"useMappingLetter": true,
"measurements": {
"histogram_atomic_global": {
"timesTransferToDevice": [ 0.0519100, 0.0281610, 0.0307000, 0.0328700, 0.0287100, 0.0319200, 0.0331500, 0.0241400, 0.0288600, 0.0317010, 0.0292310, 0.0302400, 0.0313900, 0.0291000, 0.0330400, 0.0312000, 0.0290600, 0.0270400, 0.0308300, 0.0308600, 0.0291910, 0.0288810, 0.0303210, 0.0303500, 0.0325400, 0.0304100, 0.0302500, 0.0310000, 0.0329500, 0.0288900, 0.0307310, 0.0297610, 0.0315600, 0.0320310, 0.0289700, 0.0302600, 0.0329400, 0.0303100, 0.0294000, 0.0294200, 0.0364300, 0.0320410, 0.0309710, 0.0286910, 0.0312600, 0.0296900, 0.0334200, 0.0271200, 0.0271000, 0.0311800, 0.0253900, 0.0328510, 0.0326110, 0.0321500, 0.0329700, 0.0300900, 0.0336200, 0.0280900, 0.0299500, 0.0322900, 0.0334110, 0.0326810, 0.0303300, 0.0289400, 0.0304700, 0.0317600, 0.0284400, 0.0271700, 0.0320900, 0.0311300, 0.0291610, 0.0266500, 0.0268000, 0.0327200, 0.0289100, 0.0298200, 0.0316000, 0.0294700, 0.0275400, 0.0327600, 0.0334900, 0.0289710, 0.0329610, 0.0290600, 0.0308400, 0.0326300, 0.0283500, 0.0291600, 0.0234000, 0.0295900, 0.0308810, 0.0297310, 0.0308100, 0.0297100, 0.0291300, 0.0302300, 0.0273200, 0.0289300, 0.0328700, 0.0300900 ],
"timesExecution": [ 0.0294000, 0.0318400, 0.0299200, 0.0324510, 0.0321210, 0.0322500, 0.0323200, 0.0318800, 0.0323000, 0.0338400, 0.0320500, 0.0483500, 0.0330600, 0.0308010, 0.0300410, 0.0327010, 0.0318800, 0.0318400, 0.0321100, 0.0325300, 0.0317600, 0.0317200, 0.0320300, 0.0325000, 0.0323310, 0.0302410, 0.0325000, 0.0303600, 0.0320200, 0.0324700, 0.0315100, 0.0318900, 0.0300010, 0.0323800, 0.0323900, 0.0302410, 0.0316810, 0.0332200, 0.0320900, 0.0319600, 0.0327200, 0.0318000, 0.0317100, 0.0327700, 0.0315600, 0.0325010, 0.0325210, 0.0326500, 0.0322800, 0.0304800, 0.0325800, 0.0310000, 0.0326000, 0.0318410, 0.0302810, 0.0329610, 0.0343700, 0.0322600, 0.0337400, 0.0338700, 0.0314400, 0.0323700, 0.0326100, 0.0323710, 0.0325510, 0.0322500, 0.0317900, 0.0301200, 0.0318900, 0.0318400, 0.0326000, 0.0318400, 0.0318510, 0.0314110, 0.0323000, 0.0553210, 0.0320500, 0.0325300, 0.0328000, 0.0320000, 0.0298400, 0.0299200, 0.0319300, 0.0316900, 0.0302810, 0.0303610, 0.0308000, 0.0302000, 0.0327300, 0.0328700, 0.0323000, 0.0316400, 0.0325400, 0.0306810, 0.0311610, 0.0308800, 0.0318400, 0.0316400, 0.0320000, 0.0321200 ],
"timesTransferFromDevice": [ 0.4178830, 0.0174400, 0.0182400, 0.0204800, 0.0208800, 0.0198000, 0.0229210, 0.0228000, 0.0224700, 0.0216000, 0.0207600, 0.0192400, 0.0235400, 0.0230000, 0.0207600, 0.0244600, 0.0239800, 0.0216010, 0.0192800, 0.0212800, 0.0270400, 0.0200000, 0.0213600, 0.0205200, 0.0209600, 0.0229300, 0.0196000, 0.0200810, 0.0235400, 0.0211200, 0.0230400, 0.0233400, 0.0569400, 0.0235500, 0.0233900, 0.0228800, 0.0212000, 0.0214800, 0.0196410, 0.0214800, 0.0206800, 0.0209600, 0.0243900, 0.0196800, 0.0213600, 0.0195200, 0.0234000, 0.0192800, 0.0215210, 0.0202400, 0.0193600, 0.0229900, 0.0203600, 0.0203200, 0.0218800, 0.0194800, 0.0210000, 0.0209210, 0.0208400, 0.0200000, 0.0190800, 0.0207200, 0.0213600, 0.0203200, 0.0210000, 0.0244500, 0.0227210, 0.0219610, 0.0239700, 0.0204000, 0.0199200, 0.0204400, 0.0238500, 0.0230600, 0.0244600, 0.0227900, 0.0212400, 0.0236210, 0.0226010, 0.0202000, 0.0289600, 0.0191200, 0.0213600, 0.0192000, 0.0211200, 0.0229600, 0.0195200, 0.0206010, 0.0232100, 0.0236100, 0.0245000, 0.0211800, 0.0209200, 0.0234500, 0.0268100, 0.0195600, 0.0212010, 0.0201200, 0.0232200, 0.0258400 ],
"bins": [ 0, 2048, 0, 0, 0, 0, 0, 0, 0, 0, 0, 0, 0, 0, 0, 0, 0, 0, 0, 0, 0, 0, 0, 0, 0, 0, 0 ]
}
,
"histogram_atomic_private": {
"timesTransferToDevice": [ 0.0277910, 0.0273600, 0.0312000, 0.0267600, 0.0276900, 0.0285310, 0.0310200, 0.0271300, 0.0300100, 0.0281300, 0.0307600, 0.0313010, 0.0282800, 0.0279500, 0.0279200, 0.0251500, 0.0295500, 0.0288100, 0.0342710, 0.0307510, 0.0303000, 0.0297700, 0.0287800, 0.0294800, 0.0299300, 0.0297600, 0.0290710, 0.0331210, 0.0289110, 0.0288000, 0.0263700, 0.0288200, 0.0301900, 0.0308700, 0.0289600, 0.0309910, 0.0312400, 0.0283200, 0.0314700, 0.0296500, 0.0309300, 0.0286000, 0.0328300, 0.0296810, 0.0289810, 0.0286100, 0.0320300, 0.0291100, 0.0293900, 0.0288500, 0.0308200, 0.0287700, 0.0297410, 0.0287710, 0.0286500, 0.0310000, 0.0300900, 0.0326300, 0.0287300, 0.0311300, 0.0327200, 0.0296800, 0.0287600, 0.0308500, 0.0298100, 0.0273300, 0.0294410, 0.0296900, 0.0282600, 0.0293600, 0.0296000, 0.0289600, 0.0326100, 0.0271800, 0.0314300, 0.0317110, 0.0273610, 0.0336700, 0.0290600, 0.0291800, 0.0292200, 0.0294600, 0.0325400, 0.0314700, 0.0296900, 0.0297710, 0.0319310, 0.0313000, 0.0287800, 0.0294700, 0.0310600, 0.0296900, 0.0323000, 0.0281200, 0.0328010, 0.0291510, 0.0280000, 0.0300400, 0.0307300, 0.0307600 ],
"timesExecution": [ 0.0270800, 0.0271610, 0.0274000, 0.0297800, 0.0296900, 0.0292800, 0.0292810, 0.0305300, 0.0306000, 0.0306100, 0.0303800, 0.0301500, 0.0303300, 0.0305810, 0.0287600, 0.0315400, 0.0311500, 0.0305200, 0.0300400, 0.0315300, 0.0299200, 0.0324110, 0.0317410, 0.0296000, 0.0300400, 0.0308000, 0.0316700, 0.0315200, 0.0302000, 0.0317410, 0.0298410, 0.0317800, 0.0312800, 0.0317200, 0.0297200, 0.0316400, 0.0324200, 0.0315610, 0.0315610, 0.0322700, 0.0318200, 0.0314500, 0.0313500, 0.0316900, 0.0316800, 0.0321100, 0.0304010, 0.0312010, 0.0295200, 0.0300000, 0.0316900, 0.0320000, 0.0304400, 0.0296000, 0.0321910, 0.0316510, 0.0324600, 0.0330700, 0.0311000, 0.0311200, 0.0317700, 0.0333400, 0.0296000, 0.0316900, 0.0326100, 0.0316400, 0.0327000, 0.0318900, 0.0326010, 0.0330510, 0.0322900, 0.0298800, 0.0313200, 0.0301600, 0.0322000, 0.0298000, 0.0298800, 0.0307600, 0.0311010, 0.0316810, 0.0322700, 0.0325300, 0.0317300, 0.0309500, 0.0316500, 0.0312800, 0.0316700, 0.0295600, 0.0317610, 0.0316410, 0.0314000, 0.0327400, 0.0325400, 0.0317200, 0.0305600, 0.0312400, 0.0297610, 0.0322410, 0.0327010, 0.0316500 ],
"timesTransferFromDevice": [ 0.0167600, 0.0165600, 0.0170000, 0.0188000, 0.0194800, 0.0182400, 0.0220300, 0.0183200, 0.0232310, 0.0206800, 0.0191600, 0.0222500, 0.0197600, 0.0217900, 0.0196800, 0.0289110, 0.0199200, 0.0206400, 0.0234800, 0.0212400, 0.0209600, 0.0243400, 0.0230800, 0.0201200, 0.0198410, 0.0232000, 0.0195200, 0.0233200, 0.0196000, 0.0200800, 0.0228000, 0.0227510, 0.0193600, 0.0259800, 0.0197600, 0.0197600, 0.0193200, 0.0225100, 0.0240500, 0.0214000, 0.0193610, 0.0227800, 0.0217600, 0.0237300, 0.0240200, 0.0205600, 0.0208000, 0.0234100, 0.0248200, 0.0208010, 0.0227200, 0.0257100, 0.0206800, 0.0194800, 0.0247400, 0.0206000, 0.0219200, 0.0230010, 0.0204410, 0.0197600, 0.0917310, 0.0242600, 0.0237810, 0.0210410, 0.0222900, 0.0209200, 0.0214400, 0.0235300, 0.0233800, 0.0216400, 0.0240800, 0.0211210, 0.0240410, 0.0211600, 0.0234100, 0.0200400, 0.0192400, 0.0237700, 0.0216800, 0.0235300, 0.0234400, 0.0211610, 0.0211210, 0.0222700, 0.0212400, 0.0212000, 0.0202800, 0.0198000, 0.0233700, 0.0238500, 0.0236200, 0.0209210, 0.0204000, 0.0196000, 0.0195600, 0.0199200, 0.0230900, 0.0243800, 0.0208800, 0.0197200 ],
"bins": [ 0, 2048, 0, 0, 0, 0, 0, 0, 0, 0, 0, 0, 0, 0, 0, 0, 0, 0, 0, 0, 0, 0, 0, 0, 0, 0, 0 ]
}
,