{
"inputLengthInCharacters": 134217728,
"uniformInput": false,
"useMappingLetter": true,
"measurements": {
"histogram_atomic_global": {
"timesTransferToDevice": [ 10.1699600, 9.0001535, 8.7976322, 8.8777733, 8.7658911, 8.7777319, 8.8048124, 8.7564220, 8.8406916, 8.8770828, 8.8927927, 8.8778934, 8.8767824, 8.8966532, 8.7751522, 8.7696924, 8.8194523, 8.7421722, 8.8397017, 8.8740530, 8.8804626, 8.8787527, 8.8778429, 8.8834028, 8.7862520, 8.8024921, 8.8261318, 8.7671719, 8.7640524, 8.8918133, 8.7803316, 8.7521124, 8.8098717, 8.7434616, 8.7121410, 8.7703323, 8.8331528, 8.7741232, 8.7646723, 8.8209019, 8.7384424, 8.8627234, 8.8886929, 8.7854328, 8.7558117, 8.7995529, 8.7545624, 8.8275928, 8.8687534, 8.8565331, 8.7752123, 8.7513123, 8.7296524, 8.8575916, 8.8449326, 8.8922739, 8.8922129, 8.8500633, 8.9235134, 8.8386326, 8.7891922, 8.7660217, 8.8123331, 8.7675428, 8.8176117, 8.8750935, 8.7585716, 8.7659931, 8.8276730, 8.7359724, 8.7219324, 8.7825918, 8.8798532, 8.7729921, 8.8034019, 8.8081427, 8.7377319, 8.8379326, 8.8921032, 8.7785931, 8.7494221, 8.8178129, 8.7560720, 8.8335829, 8.8276529, 8.9180641, 8.7841415, 8.7769232, 8.7731218, 8.7478628, 8.8391428, 8.8944340, 8.8507833, 8.8812828, 8.8831034, 8.8493128, 8.7986221, 8.8424120, 8.7779322, 8.7420521 ],
"timesExecution": [ 35.8853455, 36.1481743, 36.1545448, 35.8892937, 36.1406174, 36.1558838, 35.8861771, 36.1422348, 36.1516342, 36.1451454, 36.1475639, 36.1440048, 36.1452370, 35.8813515, 36.1462746, 36.1468964, 35.8831253, 36.1442833, 36.1476555, 36.1511269, 36.1470375, 36.1519623, 36.1572342, 35.8852730, 36.1526947, 36.1461754, 35.8876572, 36.1477852, 36.1522560, 35.8774834, 36.1514893, 36.1494446, 36.1550560, 36.1399345, 36.1505280, 36.1574097, 35.8886642, 36.1493683, 36.1548462, 35.8818855, 36.1456947, 36.1447945, 35.8806953, 36.1516571, 36.1472893, 36.1528664, 35.8879776, 36.1450081, 36.1547775, 35.8817024, 36.1469154, 36.1404877, 35.8836174, 36.1489372, 36.1496887, 36.1478958, 36.1519356, 36.1506958, 36.1554871, 35.8846054, 36.1488266, 36.1436577, 35.8870964, 36.1497269, 36.1507759, 35.8831749, 36.1551971, 36.1494179, 36.1478882, 36.1165085, 36.1506958, 36.1476479, 35.8854637, 36.1482162, 36.1466179, 35.8830376, 36.1432076, 36.1484947, 35.8855972, 36.1490097, 36.1453171, 36.1491470, 35.8875542, 36.1519279, 36.1488266, 35.8862762, 36.1575890, 36.1518745, 35.8906479, 36.1449471, 36.1492691, 36.1475754, 36.1511269, 36.1485291, 36.1524887, 35.8761253, 36.1560097, 36.1576462, 35.8896484, 36.1477280 ],
"timesTransferFromDevice": [ 0.4018330, 0.0193600, 0.0189200, 0.0194800, 0.0192000, 0.0190800, 0.0192400, 0.0191600, 0.0188400, 0.0188400, 0.0186800, 0.0191600, 0.0196000, 0.0192000, 0.0191600, 0.0193600, 0.0195610, 0.0194000, 0.0194400, 0.0191600, 0.0190800, 0.0206400, 0.0188800, 0.0190800, 0.0187610, 0.0190400, 0.0188000, 0.0189200, 0.0185600, 0.0199200, 0.0187600, 0.0194800, 0.0188400, 0.0194400, 0.0189200, 0.0190400, 0.0190000, 0.0195200, 0.0190400, 0.0186400, 0.0191200, 0.0199200, 0.0192800, 0.0189200, 0.0195200, 0.0190800, 0.0198400, 0.0193600, 0.0200800, 0.0195200, 0.0191610, 0.0195200, 0.0192010, 0.0188400, 0.0189600, 0.0191600, 0.0188400, 0.0192400, 0.0196400, 0.0189200, 0.0188000, 0.0191600, 0.0187200, 0.0194400, 0.0188800, 0.0195200, 0.0194400, 0.0194000, 0.0186000, 0.0190400, 0.0187600, 0.0191200, 0.0187600, 0.0201200, 0.0190400, 0.0196800, 0.0188000, 0.0194800, 0.0191600, 0.0198000, 0.0186000, 0.0197200, 0.0193600, 0.0197200, 0.0193600, 0.0198800, 0.0189600, 0.0195200, 0.0192400, 0.0190400, 0.0190000, 0.0188000, 0.0204400, 0.0195200, 0.0188800, 0.0192400, 0.0188400, 0.0190800, 0.0187200, 0.0194000 ],
"bins": [ 79688213, 2098012, 2093788, 2098921, 2097848, 2098597, 2096381, 2100257, 2098856, 2096493, 2097396, 2097403, 2095532, 2098047, 2095187, 2098478, 2100957, 2097301, 2096643, 2095627, 2097844, 2097921, 2094326, 2094812, 2098440, 2097857, 2096591 ]
}
,
"histogram_atomic_private": {
"timesTransferToDevice": [ 8.8157034, 8.7351818, 8.7601528, 8.7881317, 8.7311621, 8.7931032, 8.7758932, 8.7548428, 8.8017931, 8.7673120, 8.7233620, 8.8216228, 8.7770729, 8.7332315, 8.8009930, 8.7840624, 8.7310324, 8.8057518, 8.7761116, 8.7287416, 8.8058720, 8.7787924, 8.7419319, 8.7830019, 8.7835026, 8.7366018, 8.8203526, 8.7653618, 8.7430620, 8.7959633, 8.7808332, 8.7354918, 8.8081532, 8.7690020, 8.8029232, 8.7587233, 8.7844830, 8.7277231, 8.7690229, 8.7728720, 8.7592821, 8.7684631, 8.7785625, 8.7353220, 8.8213930, 8.7922421, 8.7299824, 8.7752018, 8.7850819, 8.7377720, 8.7959023, 8.7862320, 8.7451715, 8.7960529, 8.7739229, 8.7444220, 8.7826128, 8.7904119, 8.7182217, 8.8147430, 8.7645826, 8.7397823, 8.8103333, 8.7903223, 8.7278023, 8.7784319, 8.7841225, 8.7361517, 8.8116322, 8.7817316, 8.7196417, 8.8172321, 8.8019333, 8.7295218, 8.7894220, 8.7624922, 8.7464018, 8.7967224, 8.7683516, 8.7477322, 8.8072720, 8.8120518, 8.7180319, 8.7800322, 8.7889633, 8.7346125, 8.7889433, 8.7665424, 8.7565222, 8.7786531, 8.7883434, 8.7260723, 8.8244534, 8.7615824, 8.7488317, 8.7757416, 8.7873030, 8.7331724, 8.8166933, 8.7883720 ],
"timesExecution": [ 1.8653131, 1.8652329, 1.8675730, 1.8677230, 1.8651540, 1.8622730, 1.8634830, 1.8642830, 1.8658330, 1.8634830, 1.8618430, 1.8641630, 1.8667530, 1.8620740, 1.8650430, 1.8644730, 1.8683439, 1.8652830, 1.8643230, 1.8629529, 1.8673739, 1.8667430, 1.8645240, 1.8639730, 1.8633230, 1.8657640, 1.8622431, 1.8618129, 1.8675441, 1.8635730, 1.8731630, 1.8656930, 1.8633430, 1.8665330, 1.8629330, 1.8673630, 1.8654730, 1.8634030, 1.8655730, 1.8631630, 1.8654630, 1.8663030, 1.8662530, 1.8628740, 1.8731730, 1.8627230, 1.8664941, 1.8659540, 1.8642840, 1.8636841, 1.8634440, 1.8651429, 1.8649640, 1.8632430, 1.8657430, 1.8657830, 1.8656530, 1.8645630, 1.8677740, 1.8678730, 1.8649930, 1.8628740, 1.8626831, 1.8613430, 1.8656440, 1.8653340, 1.8656141, 1.8627630, 1.8649640, 1.8650830, 1.8666530, 1.8661230, 1.8631530, 1.8649340, 1.8666430, 1.8647230, 1.8659040, 1.8629940, 1.8645740, 1.8634530, 1.8649740, 1.8658431, 1.8641840, 1.8662940, 1.8643630, 1.8613230, 1.8651030, 1.8685030, 1.8658730, 1.8661931, 1.8637130, 1.8611240, 1.8659329, 1.8653530, 1.8641340, 1.8671041, 1.8652530, 1.8634740, 1.8638630, 1.8636130 ],
"timesTransferFromDevice": [ 0.0175200, 0.0171200, 0.0172800, 0.0170800, 0.0184000, 0.0175200, 0.0174400, 0.0180000, 0.0171610, 0.0172400, 0.0171200, 0.0171200, 0.0176400, 0.0173200, 0.0180400, 0.0174400, 0.0170400, 0.0171600, 0.0174800, 0.0180800, 0.0182800, 0.0172000, 0.0178800, 0.0175600, 0.0173600, 0.0178400, 0.0175600, 0.0166800, 0.0180000, 0.0172400, 0.0173200, 0.0173200, 0.0179600, 0.0170800, 0.0174800, 0.0170400, 0.0177200, 0.0175200, 0.0172400, 0.0181200, 0.0218200, 0.0172000, 0.0168800, 0.0170800, 0.0178400, 0.0175200, 0.0180000, 0.0174000, 0.0173200, 0.0182400, 0.0171200, 0.0170000, 0.0175600, 0.0176400, 0.0217000, 0.0170800, 0.0179200, 0.0172800, 0.0177600, 0.0173200, 0.0170000, 0.0184800, 0.0172400, 0.0171200, 0.0173200, 0.0173600, 0.0170000, 0.0176410, 0.0176400, 0.0169200, 0.0172400, 0.0173200, 0.0175600, 0.0176000, 0.0168800, 0.0169600, 0.0172800, 0.0178800, 0.0172000, 0.0181610, 0.0178400, 0.0169200, 0.0178000, 0.0177600, 0.0174400, 0.0171600, 0.0177200, 0.0173200, 0.0175200, 0.0175200, 0.0168000, 0.0172800, 0.0172000, 0.0174400, 0.0176400, 0.0177600, 0.0172800, 0.0178400, 0.0172800, 0.0167200 ],
"bins": [ 79688213, 2098012, 2093788, 2098921, 2097848, 2098597, 2096381, 2100257, 2098856, 2096493, 2097396, 2097403, 2095532, 2098047, 2095187, 2098478, 2100957, 2097301, 2096643, 2095627, 2097844, 2097921, 2094326, 2094812, 2098440, 2097857, 2096591 ]
}
,