{
"inputLengthInCharacters": 16,
"uniformInput": true,
"useMappingLetter": false,
"measurements": {
"histogram_atomic_global": {
"timesTransferToDevice": [ 0.0468600, 0.0233610, 0.0239200, 0.0198800, 0.0233400, 0.0270300, 0.0231300, 0.0270510, 0.0244300, 0.0312600, 0.0273000, 0.0232000, 0.0266100, 0.0240500, 0.0234800, 0.0258210, 0.0236800, 0.0272600, 0.0265700, 0.0233200, 0.0279300, 0.0259300, 0.0263910, 0.0246810, 0.0239700, 0.0247200, 0.0224400, 0.0241300, 0.0264900, 0.0232410, 0.0226000, 0.0212400, 0.0275400, 0.0249600, 0.0264000, 0.0260300, 0.0270100, 0.0253100, 0.0269510, 0.0239000, 0.0286100, 0.0249300, 0.0230100, 0.0267800, 0.0293200, 0.0233210, 0.0252900, 0.0229600, 0.0250100, 0.0248200, 0.0293000, 0.0246400, 0.0253810, 0.0305300, 0.0232000, 0.0252200, 0.0247200, 0.0253200, 0.0275200, 0.0247710, 0.0244300, 0.0246000, 0.0241800, 0.0255700, 0.0225200, 0.0250910, 0.0253800, 0.0267200, 0.0253000, 0.0256100, 0.0229200, 0.0258810, 0.0241210, 0.0234900, 0.0229600, 0.0251300, 0.0228400, 0.0268200, 0.0226600, 0.0231200, 0.0231910, 0.0243100, 0.0264500, 0.0251600, 0.0236400, 0.0231200, 0.0230810, 0.0557610, 0.0234410, 0.0244400, 0.0291000, 0.0243400, 0.0248600, 0.0242300, 0.0245600, 0.0244810, 0.0225200, 0.0254200, 0.0242100, 0.0228800 ],
"timesExecution": [ 0.0249600, 0.0258800, 0.0251210, 0.0274900, 0.0256800, 0.0276500, 0.0256400, 0.0278600, 0.0272800, 0.0270810, 0.0275800, 0.0443300, 0.0274800, 0.0256400, 0.0276900, 0.0276600, 0.0279000, 0.0277810, 0.0273210, 0.0271400, 0.0273800, 0.0266400, 0.0270400, 0.0268000, 0.0252010, 0.0275810, 0.0273200, 0.0254400, 0.0273000, 0.0252000, 0.0275400, 0.0276910, 0.0274600, 0.0251600, 0.0278200, 0.0273300, 0.0271600, 0.0254000, 0.0268800, 0.0252800, 0.0269210, 0.0277000, 0.0268900, 0.0269300, 0.0277800, 0.0256000, 0.0266500, 0.0275410, 0.0274600, 0.0272800, 0.0270100, 0.0267100, 0.0277400, 0.0269200, 0.0254010, 0.0273800, 0.0254800, 0.0274700, 0.0268500, 0.0265600, 0.0268400, 0.0248800, 0.0269600, 0.0250000, 0.0269300, 0.0276600, 0.0268000, 0.0277910, 0.0272500, 0.0268800, 0.0285000, 0.0255200, 0.0252000, 0.0275310, 0.0277510, 0.0550810, 0.0280300, 0.0271600, 0.0272200, 0.0254800, 0.0271000, 0.0282410, 0.0271210, 0.0250800, 0.0269500, 0.0273700, 0.0273100, 0.0251200, 0.0272500, 0.0272100, 0.0272210, 0.0250000, 0.0274100, 0.0282000, 0.0276000, 0.0254800, 0.0277700, 0.0268010, 0.0278700, 0.0268900 ],
"timesTransferFromDevice": [ 0.4139630, 0.0189200, 0.0184000, 0.0244900, 0.0208410, 0.0243800, 0.0228800, 0.0229700, 0.0233700, 0.0239700, 0.0236500, 0.0206800, 0.0267510, 0.0209600, 0.0230600, 0.0228800, 0.0238900, 0.0231700, 0.0229200, 0.0214410, 0.0253410, 0.0200000, 0.0228000, 0.0204800, 0.0258800, 0.0209600, 0.0210810, 0.0228700, 0.0226300, 0.0257900, 0.0211600, 0.0247000, 0.0537100, 0.0226400, 0.0209210, 0.0266510, 0.0259200, 0.0235700, 0.0213200, 0.0207600, 0.0303100, 0.0219200, 0.0266010, 0.0214410, 0.0194400, 0.0194400, 0.0227700, 0.0233300, 0.0228700, 0.0212810, 0.0196400, 0.0264800, 0.0231800, 0.0232100, 0.0236300, 0.0236600, 0.0194410, 0.0228400, 0.0196400, 0.0211200, 0.0196400, 0.0232900, 0.0227310, 0.0201200, 0.0198800, 0.0263700, 0.0234500, 0.0196800, 0.0224600, 0.0243810, 0.0207200, 0.0213600, 0.0234100, 0.0230100, 0.0212800, 0.0222400, 0.0210000, 0.0231610, 0.0234100, 0.0220500, 0.0262900, 0.0213200, 0.0234500, 0.0233710, 0.0227710, 0.0230400, 0.0262700, 0.0233400, 0.0230100, 0.0224800, 0.0224300, 0.0243800, 0.0245810, 0.0234500, 0.0238500, 0.0227700, 0.0233200, 0.0225500, 0.0231000, 0.0213210 ],
"bins": [ 0, 0, 0, 0, 0, 0, 0, 0, 0, 0, 0, 0, 0, 0, 0, 0, 0, 0, 0, 0, 0, 0, 0, 0, 0, 0, 0, 0, 0, 0, 0, 0, 0, 0, 0, 0, 0, 0, 0, 0, 0, 0, 0, 0, 0, 0, 0, 0, 0, 0, 0, 0, 0, 0, 0, 0, 0, 0, 0, 0, 0, 0, 0, 0, 0, 0, 0, 0, 0, 0, 0, 0, 0, 0, 0, 0, 0, 0, 0, 0, 0, 0, 0, 0, 0, 0, 0, 0, 0, 0, 0, 0, 0, 0, 0, 0, 16, 0, 0, 0, 0, 0, 0, 0, 0, 0, 0, 0, 0, 0, 0, 0, 0, 0, 0, 0, 0, 0, 0, 0, 0, 0, 0, 0, 0, 0, 0, 0 ]
}
,
"histogram_atomic_private": {
"timesTransferToDevice": [ 0.0167600, 0.0212400, 0.0208800, 0.0190800, 0.0226300, 0.0220500, 0.0237900, 0.0255710, 0.0254400, 0.0241800, 0.0261100, 0.0227800, 0.0254900, 0.0234210, 0.0250500, 0.0247300, 0.0250500, 0.0234400, 0.0241100, 0.0234410, 0.0289200, 0.0235200, 0.0273400, 0.0245500, 0.0249700, 0.0268500, 0.0248910, 0.0265400, 0.0274000, 0.0246200, 0.0229600, 0.0243700, 0.0247300, 0.0214810, 0.0253400, 0.0275200, 0.0259300, 0.0268900, 0.0278000, 0.0249810, 0.0246810, 0.0234000, 0.0233700, 0.0233300, 0.0264100, 0.0273200, 0.0249400, 0.0259210, 0.0269100, 0.0273100, 0.0231200, 0.0264500, 0.0261700, 0.0243000, 0.0269010, 0.0245110, 0.0264900, 0.0287300, 0.0222000, 0.0234100, 0.0246400, 0.0245900, 0.0248300, 0.0267500, 0.0270410, 0.0252700, 0.0248900, 0.0261500, 0.0264800, 0.0283700, 0.0266700, 0.0234410, 0.0213200, 0.0254200, 0.0245700, 0.0267300, 0.0265700, 0.0253810, 0.0230000, 0.0230800, 0.0299500, 0.0262500, 0.0245100, 0.0268500, 0.0252310, 0.0252810, 0.0250600, 0.0242100, 0.0222400, 0.0216600, 0.0262410, 0.0247700, 0.0263700, 0.0240700, 0.0234800, 0.0228100, 0.0256300, 0.0240310, 0.0272100, 0.0236400 ],
"timesExecution": [ 0.0232000, 0.0232400, 0.0229600, 0.0248400, 0.0232810, 0.0232400, 0.0255000, 0.0260900, 0.0261800, 0.0262010, 0.0274900, 0.0253600, 0.0276400, 0.0252000, 0.0266400, 0.0253610, 0.0268400, 0.0268900, 0.0274700, 0.0268100, 0.0268500, 0.0253610, 0.0271600, 0.0256000, 0.0269700, 0.0269600, 0.0271000, 0.0277400, 0.0275510, 0.0252800, 0.0274400, 0.0278600, 0.0252000, 0.0274100, 0.0280310, 0.0274610, 0.0270800, 0.0272000, 0.0276300, 0.0276300, 0.0274300, 0.0272410, 0.0270910, 0.0276300, 0.0276600, 0.0278400, 0.0272200, 0.0269100, 0.0277000, 0.0274610, 0.0288300, 0.0273000, 0.0254800, 0.0276200, 0.0276600, 0.0269300, 0.0269210, 0.0271310, 0.0256400, 0.0277400, 0.0255200, 0.0268800, 0.0246400, 0.0278400, 0.0277800, 0.0247200, 0.0280010, 0.0268400, 0.0268000, 0.0269300, 0.0282500, 0.0272600, 0.0274610, 0.0278310, 0.0252400, 0.0276500, 0.0277600, 0.0275000, 0.0253200, 0.0269610, 0.0272100, 0.0277100, 0.0282100, 0.0252400, 0.0274200, 0.0253600, 0.0296310, 0.0270100, 0.0268800, 0.0254400, 0.0268000, 0.0270100, 0.0253210, 0.0270510, 0.0247600, 0.0292000, 0.0254000, 0.0276500, 0.0275700, 0.0269710 ],
"timesTransferFromDevice": [ 0.0170400, 0.0171610, 0.0168800, 0.0212500, 0.0176000, 0.0213410, 0.0226700, 0.0234700, 0.0186000, 0.0225300, 0.0231210, 0.0209200, 0.0234400, 0.0222500, 0.0214400, 0.0264200, 0.0206800, 0.0204410, 0.0206400, 0.0192400, 0.0209200, 0.0235000, 0.0238800, 0.0210410, 0.0214000, 0.0230900, 0.0233800, 0.0217200, 0.0230400, 0.0216000, 0.0204010, 0.0212400, 0.0230300, 0.0205200, 0.0230200, 0.0212400, 0.0230100, 0.0198010, 0.0201200, 0.0278600, 0.0234100, 0.0226100, 0.0210400, 0.0214010, 0.0260310, 0.0234800, 0.0233600, 0.0194800, 0.0238400, 0.0237700, 0.0210000, 0.0242510, 0.0226400, 0.0235800, 0.0211600, 0.0243700, 0.0227200, 0.0216800, 0.0233310, 0.0204810, 0.0804610, 0.0233010, 0.0230400, 0.0200000, 0.0209200, 0.0233200, 0.0194000, 0.0213600, 0.0228110, 0.0230400, 0.0193600, 0.0231200, 0.0230200, 0.0213600, 0.0213210, 0.0202800, 0.0208000, 0.0233300, 0.0226000, 0.0229700, 0.0233800, 0.0199610, 0.0236600, 0.0224000, 0.0225600, 0.0232900, 0.0207600, 0.0208800, 0.0226310, 0.0211600, 0.0193600, 0.0228900, 0.0256400, 0.0235000, 0.0264910, 0.0211600, 0.0234200, 0.0267100, 0.0212000, 0.0200800 ],
"bins": [ 0, 0, 0, 0, 0, 0, 0, 0, 0, 0, 0, 0, 0, 0, 0, 0, 0, 0, 0, 0, 0, 0, 0, 0, 0, 0, 0, 0, 0, 0, 0, 0, 0, 0, 0, 0, 0, 0, 0, 0, 0, 0, 0, 0, 0, 0, 0, 0, 0, 0, 0, 0, 0, 0, 0, 0, 0, 0, 0, 0, 0, 0, 0, 0, 0, 0, 0, 0, 0, 0, 0, 0, 0, 0, 0, 0, 0, 0, 0, 0, 0, 0, 0, 0, 0, 0, 0, 0, 0, 0, 0, 0, 0, 0, 0, 0, 16, 0, 0, 0, 0, 0, 0, 0, 0, 0, 0, 0, 0, 0, 0, 0, 0, 0, 0, 0, 0, 0, 0, 0, 0, 0, 0, 0, 0, 0, 0, 0 ]
}
,