{
"inputLengthInCharacters": 512,
"uniformInput": true,
"useMappingLetter": true,
"measurements": {
"histogram_atomic_global": {
"timesTransferToDevice": [ 0.0464600, 0.0270810, 0.0270300, 0.0211200, 0.0269100, 0.0262900, 0.0267800, 0.0277210, 0.0271010, 0.0240200, 0.0230500, 0.0275800, 0.0270800, 0.0270700, 0.0246200, 0.0245000, 0.0235710, 0.0266100, 0.0273700, 0.0234200, 0.0237600, 0.0271400, 0.0244100, 0.0273210, 0.0273610, 0.0301200, 0.0251900, 0.0303800, 0.0254000, 0.0270300, 0.0275200, 0.0272910, 0.0236500, 0.0242210, 0.0237400, 0.0240300, 0.0267000, 0.0267400, 0.0259000, 0.0251300, 0.0257610, 0.0256500, 0.0254200, 0.0253200, 0.0256700, 0.0234400, 0.0230000, 0.0276910, 0.0275110, 0.0270710, 0.0271900, 0.0255900, 0.0249600, 0.0245700, 0.0238800, 0.0269100, 0.0251210, 0.0236300, 0.0266200, 0.0273700, 0.0255900, 0.0272800, 0.0273500, 0.0304810, 0.0238210, 0.0248400, 0.0229600, 0.0233600, 0.0267400, 0.0234900, 0.0249010, 0.0267710, 0.0258600, 0.0230400, 0.0237500, 0.0228000, 0.0241500, 0.0232400, 0.0251000, 0.0283410, 0.0302600, 0.0255400, 0.0292800, 0.0243200, 0.0252900, 0.0228400, 0.0254610, 0.0273900, 0.0260200, 0.0237600, 0.0290400, 0.0237900, 0.0271900, 0.0268110, 0.0238300, 0.0284800, 0.0279900, 0.0267100, 0.0291300, 0.0273000 ],
"timesExecution": [ 0.0288800, 0.0332200, 0.0297610, 0.0332500, 0.0325700, 0.0315000, 0.0301200, 0.0316600, 0.0316000, 0.0320510, 0.0292810, 0.0434910, 0.0310800, 0.0315200, 0.0313100, 0.0312300, 0.0310800, 0.0296800, 0.0292810, 0.0321400, 0.0302800, 0.0302100, 0.0295600, 0.0313700, 0.0309300, 0.0294800, 0.0314010, 0.0324600, 0.0309300, 0.0321000, 0.0317400, 0.0312100, 0.0333600, 0.0294400, 0.0311900, 0.0320610, 0.0317800, 0.0298800, 0.0313100, 0.0314500, 0.0314500, 0.0293600, 0.0321310, 0.0316510, 0.0313800, 0.0313400, 0.0296000, 0.0322000, 0.0317300, 0.0312900, 0.0294000, 0.0294810, 0.0311700, 0.0319400, 0.0309200, 0.0313200, 0.0309500, 0.0317800, 0.0308410, 0.0311610, 0.0293600, 0.0319200, 0.0317100, 0.0314900, 0.0295600, 0.0312910, 0.0314210, 0.0313200, 0.0330600, 0.0293200, 0.0318100, 0.0317400, 0.0318910, 0.0321610, 0.0344500, 0.0569000, 0.0308000, 0.0311900, 0.0315100, 0.0308700, 0.0317800, 0.0312010, 0.0317110, 0.0313600, 0.0324200, 0.0294400, 0.0308000, 0.0292400, 0.0292410, 0.0293600, 0.0300400, 0.0312400, 0.0292800, 0.0294400, 0.0310510, 0.0291610, 0.0310500, 0.0310500, 0.0292000, 0.0312500 ],
"timesTransferFromDevice": [ 0.4151830, 0.0188000, 0.0176000, 0.0220800, 0.0197610, 0.0209600, 0.0223200, 0.0227600, 0.0238200, 0.0232500, 0.0199600, 0.0203600, 0.0226410, 0.0287310, 0.0242600, 0.0227000, 0.0234000, 0.0214000, 0.0214000, 0.0225600, 0.0210810, 0.0233700, 0.0273400, 0.0264300, 0.0232800, 0.0238100, 0.0199600, 0.0236000, 0.0236910, 0.0236610, 0.0195600, 0.0225600, 0.0539300, 0.0229600, 0.0237600, 0.0198400, 0.0213600, 0.0212810, 0.0231300, 0.0237600, 0.0229100, 0.0272400, 0.0233300, 0.0238100, 0.0219610, 0.0231210, 0.0218000, 0.0509600, 0.0238400, 0.0198000, 0.0236500, 0.0230900, 0.0264400, 0.0244410, 0.0198800, 0.0242600, 0.0239000, 0.0255100, 0.0193600, 0.0228800, 0.0213610, 0.0197200, 0.0234600, 0.0237400, 0.0195600, 0.0216000, 0.0212400, 0.0228910, 0.0237310, 0.0238500, 0.0229600, 0.0217600, 0.0238600, 0.0234400, 0.0236700, 0.0211200, 0.0260810, 0.0213600, 0.0199200, 0.0232700, 0.0234800, 0.0209600, 0.0204400, 0.0196410, 0.0245110, 0.0204400, 0.0198000, 0.0212800, 0.0237600, 0.0240900, 0.0198410, 0.0210400, 0.0232100, 0.0238800, 0.0234200, 0.0225600, 0.0232800, 0.0194410, 0.0206400, 0.0225700 ],
"bins": [ 0, 512, 0, 0, 0, 0, 0, 0, 0, 0, 0, 0, 0, 0, 0, 0, 0, 0, 0, 0, 0, 0, 0, 0, 0, 0, 0 ]
}
,
"histogram_atomic_private": {
"timesTransferToDevice": [ 0.0174410, 0.0216400, 0.0186000, 0.0185600, 0.0248100, 0.0291500, 0.0198400, 0.0229000, 0.0253700, 0.0235810, 0.0244300, 0.0265400, 0.0249100, 0.0256700, 0.0244100, 0.0275010, 0.0238800, 0.0253300, 0.0298600, 0.0271600, 0.0294400, 0.0254200, 0.0241700, 0.0239810, 0.0235800, 0.0272900, 0.0264600, 0.0312200, 0.0249900, 0.0252900, 0.0267400, 0.0269410, 0.0274000, 0.0239500, 0.0265700, 0.0253300, 0.0270800, 0.0270110, 0.0273010, 0.0258500, 0.0238200, 0.0266000, 0.0228100, 0.0278400, 0.0259400, 0.0242510, 0.0269200, 0.0273400, 0.0245200, 0.0274600, 0.0272600, 0.0246710, 0.0233710, 0.0270800, 0.0241500, 0.0237100, 0.0239000, 0.0274300, 0.0272100, 0.0277210, 0.0235710, 0.0281800, 0.0313800, 0.0267410, 0.0254500, 0.0273400, 0.0252500, 0.0238800, 0.0250700, 0.0274700, 0.0237810, 0.0270910, 0.0269400, 0.0214000, 0.0245100, 0.0276400, 0.0239700, 0.0243610, 0.0263610, 0.0272300, 0.0234000, 0.0275400, 0.0273700, 0.0236300, 0.0233200, 0.0252210, 0.0246910, 0.0266900, 0.0228500, 0.0230100, 0.0235100, 0.0282800, 0.0278610, 0.0236210, 0.0251200, 0.0234900, 0.0271300, 0.0244800, 0.0258800, 0.0295600 ],
"timesExecution": [ 0.0265200, 0.0271210, 0.0266800, 0.0291800, 0.0289200, 0.0301210, 0.0296000, 0.0298800, 0.0291600, 0.0309900, 0.0314200, 0.0315210, 0.0313200, 0.0306700, 0.0294000, 0.0293600, 0.0319500, 0.0318810, 0.0314910, 0.0312100, 0.0310700, 0.0305600, 0.0310800, 0.0313300, 0.0298000, 0.0294410, 0.0313210, 0.0320500, 0.0295600, 0.0316300, 0.0312800, 0.0313100, 0.0328700, 0.0316110, 0.0315600, 0.0313200, 0.0296000, 0.0313300, 0.0313200, 0.0309110, 0.0289210, 0.0314400, 0.0312400, 0.0311300, 0.0293200, 0.0294400, 0.0308400, 0.0312810, 0.0322310, 0.0317800, 0.0316100, 0.0295200, 0.0297200, 0.0296400, 0.0318610, 0.0312000, 0.0317600, 0.0296400, 0.0297200, 0.0324200, 0.0293600, 0.0325200, 0.0315300, 0.0293600, 0.0331500, 0.0310410, 0.0296010, 0.0312400, 0.0316500, 0.0319500, 0.0310700, 0.0313300, 0.0318710, 0.0296410, 0.0317300, 0.0309600, 0.0310000, 0.0314100, 0.0316800, 0.0312900, 0.0320710, 0.0311500, 0.0298800, 0.0317500, 0.0298400, 0.0319900, 0.0315600, 0.0298400, 0.0314910, 0.0317400, 0.0297600, 0.0312000, 0.0315600, 0.0316500, 0.0319610, 0.0311610, 0.0323600, 0.0312500, 0.0298000, 0.0314800 ],
"timesTransferFromDevice": [ 0.0168400, 0.0166800, 0.0172000, 0.0189600, 0.0219500, 0.0220000, 0.0201610, 0.0196800, 0.0263200, 0.0251700, 0.0196000, 0.0198800, 0.0203600, 0.0202000, 0.0198000, 0.0234900, 0.0232600, 0.0257100, 0.0227200, 0.0197200, 0.0234110, 0.0227600, 0.0263400, 0.0265500, 0.0241500, 0.0191600, 0.0231300, 0.0213600, 0.0232510, 0.0233600, 0.0194400, 0.0214400, 0.0233300, 0.0223100, 0.0230100, 0.0193210, 0.0208000, 0.0225200, 0.0210800, 0.0231000, 0.0239700, 0.0242600, 0.0201210, 0.0267000, 0.0239300, 0.0226100, 0.0237000, 0.0239400, 0.0194400, 0.0203610, 0.0198000, 0.0234400, 0.0233300, 0.0248100, 0.0221400, 0.0235300, 0.0239710, 0.0205200, 0.0261900, 0.0259000, 0.0822910, 0.0237400, 0.0201600, 0.0216000, 0.0230400, 0.0226400, 0.0243500, 0.0202410, 0.0229610, 0.0242600, 0.0208400, 0.0198400, 0.0258800, 0.0236400, 0.0212000, 0.0216810, 0.0228400, 0.0234800, 0.0234500, 0.0263700, 0.0228400, 0.0213200, 0.0276310, 0.0234600, 0.0204000, 0.0259000, 0.0225900, 0.0200000, 0.0211600, 0.0228800, 0.0194810, 0.0196000, 0.0233400, 0.0198800, 0.0233400, 0.0235500, 0.0234200, 0.0263910, 0.0222000, 0.0209200 ],
"bins": [ 0, 512, 0, 0, 0, 0, 0, 0, 0, 0, 0, 0, 0, 0, 0, 0, 0, 0, 0, 0, 0, 0, 0, 0, 0, 0, 0 ]
}
,