{
"inputLengthInCharacters": 536870912,
"uniformInput": true,
"useMappingLetter": true,
"measurements": {
"histogram_atomic_global": {
"timesTransferToDevice": [ 45.0826073, 43.0542870, 44.0670319, 43.8914909, 43.6967812, 42.5900955, 43.5829391, 42.3686447, 42.2599335, 43.5240097, 43.5363922, 43.3190002, 42.0785332, 43.3479881, 43.3864899, 43.3830681, 43.8475189, 43.4686699, 41.9224815, 41.5702896, 41.4745369, 43.3902473, 41.7341194, 42.7926254, 42.7899437, 42.8775368, 42.7187042, 40.2040138, 42.5906563, 42.8368378, 41.4437752, 40.2146492, 42.6196823, 42.5153847, 42.6078033, 42.9261742, 41.6160812, 42.6508942, 41.2567291, 42.8607254, 42.5966644, 42.8726349, 42.6525917, 40.2009926, 41.5212173, 41.2313766, 42.6961746, 40.1840401, 42.8890152, 40.2485199, 41.2274399, 42.8132896, 42.9494743, 42.8573761, 41.6632881, 42.8275375, 42.8374329, 41.5146370, 42.9585342, 43.2618752, 43.2919884, 43.1602974, 43.0394249, 42.7585258, 42.8255539, 42.9938774, 41.3602028, 42.8211823, 43.0337830, 42.7561646, 41.4289169, 41.2263908, 42.6732445, 40.1615601, 42.9083939, 42.8252106, 41.4401169, 42.9499245, 42.8182106, 42.0118294, 41.6228752, 42.5686913, 42.6936302, 42.6000633, 43.1912231, 42.7373314, 43.0666542, 42.8652039, 41.4771576, 41.2527122, 41.5407677, 42.8429222, 43.0453110, 41.4784241, 42.5855598, 42.6042786, 40.2084541, 43.3278046, 43.1681824, 42.7668800 ],
"timesExecution": [ 221.8157654, 221.8247070, 221.8094330, 221.8523560, 221.8569946, 221.8627777, 221.6593018, 221.6417542, 221.8651581, 221.8376617, 221.8546295, 221.8663025, 221.8335724, 221.8280945, 221.6224670, 221.6220093, 221.6382294, 221.6619568, 221.8410187, 221.8304749, 221.8240051, 221.5696259, 221.5960236, 221.7735596, 221.8298340, 221.8124847, 221.8108826, 221.5651550, 221.5736694, 221.7909088, 221.8060303, 221.8130188, 221.5899506, 221.5519867, 221.8134766, 221.8283844, 221.8050995, 221.8166656, 221.5886230, 221.5892639, 221.8370667, 221.8563843, 221.8669434, 221.8529053, 221.5981903, 221.8241119, 221.8407898, 221.8754730, 221.8854675, 221.6589050, 221.8893280, 221.8700256, 221.8397064, 221.8065186, 221.5773468, 221.6043091, 221.5813141, 221.8349152, 221.8557892, 221.8631592, 221.8517914, 221.5568085, 221.5979309, 221.5994263, 221.8541412, 221.8560944, 221.8536682, 221.8800659, 221.8464661, 221.6355896, 221.6079407, 221.8518524, 221.8369751, 221.8688965, 221.6113434, 221.6172180, 221.8643036, 221.8423004, 221.8352966, 221.8686523, 221.6407776, 221.6239319, 221.8672943, 221.8567810, 221.8767853, 221.8564148, 221.9040680, 221.6600647, 221.7119904, 221.8655090, 221.8194275, 221.8272705, 221.8236084, 221.5994873, 221.5572205, 221.8215790, 221.8202209, 221.8220978, 221.8455658, 221.6498871 ],
"timesTransferFromDevice": [ 0.4789920, 0.0192400, 0.0195200, 0.0191600, 0.0195200, 0.0192800, 0.0194000, 0.0186400, 0.0193600, 0.0192400, 0.0192800, 0.0196400, 0.0192800, 0.0195200, 0.0199600, 0.0226000, 0.0181200, 0.0193600, 0.0183200, 0.0180800, 0.0189200, 0.0195200, 0.0594400, 0.0183200, 0.0192800, 0.0182800, 0.0180400, 0.0183600, 0.0186400, 0.0181200, 0.0180800, 0.0183200, 0.0186000, 0.0199200, 0.0182000, 0.0181600, 0.0192400, 0.0182000, 0.0187200, 0.0191600, 0.0178000, 0.0193200, 0.0193600, 0.0191600, 0.0191600, 0.0180800, 0.0182400, 0.0182800, 0.0184000, 0.0188000, 0.0180800, 0.0199600, 0.0186400, 0.0190400, 0.0182000, 0.0182000, 0.0187200, 0.0193200, 0.0182400, 0.0189200, 0.0182800, 0.0181200, 0.0182400, 0.0202400, 0.0181600, 0.0180800, 0.0181600, 0.0182400, 0.0188400, 0.0180000, 0.0180400, 0.0199600, 0.0186800, 0.0181200, 0.0201600, 0.0366400, 0.0183200, 0.0180000, 0.0193600, 0.0182000, 0.0183600, 0.0540800, 0.0192800, 0.0179200, 0.0181600, 0.0182400, 0.0180400, 0.0191600, 0.0261200, 0.0190000, 0.0180400, 0.0178000, 0.0181200, 0.0178800, 0.0208000, 0.0190800, 0.0183200, 0.0181200, 0.0199200, 0.0182000 ],
"bins": [ 0, 536870912, 0, 0, 0, 0, 0, 0, 0, 0, 0, 0, 0, 0, 0, 0, 0, 0, 0, 0, 0, 0, 0, 0, 0, 0, 0 ]
}
,
"histogram_atomic_private": {
"timesTransferToDevice": [ 42.8932533, 42.7682648, 41.2671051, 42.8309441, 42.7829323, 43.0127029, 42.7204323, 42.8395729, 42.7991104, 42.7976532, 41.3572159, 42.7200394, 42.6399612, 43.0048447, 42.9522514, 42.7619324, 43.0673103, 42.6360817, 40.2927170, 41.4041519, 42.8626709, 42.8075600, 43.0397110, 43.0555458, 42.7618332, 42.7620659, 42.7612381, 40.3252945, 41.6153450, 39.9390945, 41.4584961, 42.9123116, 42.5417290, 42.7318611, 42.6939201, 41.3492737, 42.6360130, 42.8474388, 42.3785667, 42.9008636, 42.7538414, 42.5118332, 42.4680862, 41.6755371, 42.9502449, 41.6632767, 42.7632523, 42.8508720, 42.7537727, 41.3496552, 42.7843056, 41.2266502, 42.9301834, 40.3763618, 42.6944389, 42.6532211, 42.8655205, 42.7657738, 42.7754211, 40.4194412, 41.5966949, 41.4911232, 42.7563019, 42.8574524, 43.1260147, 42.8140793, 42.7908707, 41.3847122, 41.8807144, 42.9395103, 42.4891014, 42.4090462, 42.7889786, 42.7309799, 42.7694397, 42.8861618, 42.5978737, 41.5690422, 41.5077515, 41.3581314, 41.4577522, 40.1480484, 41.6689262, 41.3904228, 42.9051208, 41.5588455, 41.7222824, 42.9241104, 42.6643105, 42.6810913, 42.9364929, 42.5736389, 42.8093414, 42.8505211, 41.5969238, 42.9890137, 43.0909424, 42.8452644, 42.0379562, 42.8328400 ],
"timesExecution": [ 13.3251553, 13.5399961, 13.4280767, 13.2594748, 13.4175959, 13.6053181, 13.2679548, 13.5357561, 13.5337172, 13.7255173, 13.6774368, 13.3973951, 13.3975153, 13.5230360, 13.2309551, 13.6152372, 13.0593529, 13.5405569, 13.4917955, 13.6223974, 13.2306747, 13.6013174, 13.3649950, 13.6306477, 13.3607550, 13.2372742, 13.6226368, 13.8125582, 13.1236744, 13.4070358, 13.6811171, 13.5138464, 13.4256763, 13.6052771, 13.3810749, 13.4651155, 13.4807959, 13.4034348, 13.7857580, 13.2842350, 13.2069139, 13.3547163, 13.8743582, 13.4367552, 13.3493547, 13.3098354, 13.2345943, 13.6395969, 13.5129557, 13.4453163, 13.4412756, 13.5129957, 13.1014338, 13.4991159, 13.4723558, 13.1952744, 13.3233547, 13.5793562, 13.5451956, 13.4277163, 13.2979155, 13.3698750, 13.5499172, 13.4860363, 13.0015926, 13.5090761, 12.9159527, 13.5859957, 13.4550762, 12.9118719, 13.3888750, 13.2685947, 13.2927952, 13.5028362, 13.2139149, 13.4538364, 13.3929949, 13.3938751, 13.0938730, 13.6925974, 13.5180359, 13.4005947, 13.0250731, 13.5515966, 13.4333553, 13.0921125, 13.5373974, 13.3969946, 13.2748337, 13.3666353, 13.5405159, 13.6897173, 13.5366373, 13.2246742, 13.4526348, 13.5705566, 13.3229151, 13.5446358, 13.5920773, 13.2616739 ],
"timesTransferFromDevice": [ 0.0183600, 0.0188000, 0.0268400, 0.0177200, 0.0178800, 0.0184000, 0.0180800, 0.0177600, 0.0189600, 0.0178000, 0.0184800, 0.0182000, 0.0182010, 0.0198000, 0.0192400, 0.0181600, 0.0184000, 0.0191200, 0.0179600, 0.0180000, 0.0180400, 0.0180000, 0.0185200, 0.0179600, 0.0178400, 0.0173200, 0.0177600, 0.0180800, 0.0178000, 0.0192000, 0.0186800, 0.0195200, 0.0180800, 0.0178800, 0.0181200, 0.0188400, 0.0182000, 0.0190400, 0.0175610, 0.0180000, 0.0173200, 0.0189200, 0.0184400, 0.0181200, 0.0182000, 0.0180000, 0.0202400, 0.0178000, 0.0181600, 0.0195600, 0.0179600, 0.0177600, 0.0180000, 0.0178010, 0.0180000, 0.0180400, 0.0182010, 0.0176800, 0.0177600, 0.0180800, 0.0184000, 0.0182800, 0.0178800, 0.0178800, 0.0183600, 0.0178800, 0.0181200, 0.0179200, 0.0181610, 0.0181200, 0.0179200, 0.0188000, 0.0190000, 0.0190400, 0.0179200, 0.0192800, 0.0179200, 0.0180800, 0.0191200, 0.0180400, 0.0180000, 0.0184000, 0.0194800, 0.0180400, 0.0220000, 0.0182400, 0.0181600, 0.0179600, 0.0182800, 0.0180800, 0.0190800, 0.0194000, 0.0185200, 0.0189200, 0.0182400, 0.0182400, 0.0181200, 0.0180400, 0.0190800, 0.0180810 ],
"bins": [ 0, 536870912, 0, 0, 0, 0, 0, 0, 0, 0, 0, 0, 0, 0, 0, 0, 0, 0, 0, 0, 0, 0, 0, 0, 0, 0, 0 ]
}
,