{
"inputLengthInCharacters": 131072,
"uniformInput": true,
"useMappingLetter": true,
"measurements": {
"histogram_atomic_global": {
"timesTransferToDevice": [ 0.4430630, 0.0292900, 0.0242400, 0.0244000, 0.0285300, 0.0281000, 0.0276900, 0.0301700, 0.0277700, 0.0274410, 0.0276800, 0.0574700, 0.0286900, 0.0280700, 0.0293900, 0.0265210, 0.0289400, 0.0276000, 0.0279000, 0.0277610, 0.0280800, 0.0281300, 0.0281700, 0.0286610, 0.0285100, 0.0293500, 0.0278100, 0.0288900, 0.0276810, 0.0283000, 0.0280400, 0.0281300, 0.0279010, 0.0284500, 0.0278500, 0.0323600, 0.0282200, 0.0282610, 0.0277100, 0.0283400, 0.0284600, 0.0319310, 0.0282300, 0.0283500, 0.0282900, 0.0280600, 0.0335000, 0.0285400, 0.0283800, 0.0287510, 0.0280800, 0.0282100, 0.0283000, 0.0284900, 0.0288710, 0.0276400, 0.0285000, 0.0277400, 0.0283810, 0.0279200, 0.0277900, 0.0283500, 0.0283700, 0.0276510, 0.0279800, 0.0290000, 0.0279300, 0.0279810, 0.0278900, 0.0280600, 0.0281700, 0.0279700, 0.0289710, 0.0283300, 0.0278000, 0.0663810, 0.0279800, 0.0277100, 0.0277500, 0.0276000, 0.0284710, 0.0300600, 0.0285900, 0.0278600, 0.0282510, 0.0284700, 0.0283000, 0.0282500, 0.0303000, 0.0284610, 0.0281000, 0.0275200, 0.0280700, 0.0281010, 0.0308800, 0.0279300, 0.0283400, 0.0293900, 0.0283810, 0.0284100 ],
"timesExecution": [ 0.0894000, 0.0894910, 0.0868010, 0.0886510, 0.0868800, 0.0884500, 0.0880810, 0.0883510, 0.0870000, 0.0865600, 0.0884110, 0.0864810, 0.0887100, 0.0892610, 0.0891110, 0.0885500, 0.0889610, 0.0884910, 0.0889200, 0.0878400, 0.0884010, 0.0864410, 0.0880610, 0.0883000, 0.0863610, 0.0885210, 0.0863210, 0.0870400, 0.0863200, 0.0889010, 0.0863610, 0.0884410, 0.0887700, 0.0870400, 0.0867210, 0.0882510, 0.0864400, 0.0865200, 0.0867610, 0.0864010, 0.0863610, 0.0880800, 0.0885600, 0.0869610, 0.0862010, 0.2522810, 0.0881910, 0.0864410, 0.0861210, 0.0950000, 0.0868410, 0.0861610, 0.0868410, 0.0887700, 0.0894300, 0.0862810, 0.0863610, 0.0879210, 0.0862400, 0.0882000, 0.0879210, 0.0862010, 0.0864010, 0.0884400, 0.0861610, 0.0879610, 0.0862410, 0.0864400, 0.0863600, 0.0880510, 0.0890710, 0.0880910, 0.0887800, 0.0862410, 0.0863610, 0.0884100, 0.0870000, 0.0879610, 0.0881710, 0.0880810, 0.0882400, 0.0866410, 0.0862010, 0.0864010, 0.0883800, 0.0863200, 0.0889110, 0.0880110, 0.0861210, 0.0880000, 0.0864410, 0.0869210, 0.0863610, 0.0882900, 0.0863600, 0.0876410, 0.0864810, 0.0871410, 0.0864000, 0.0862410 ],
"timesTransferFromDevice": [ 0.4064330, 0.0187200, 0.0183200, 0.0202000, 0.0227700, 0.0196000, 0.0226700, 0.0212400, 0.0195200, 0.0191610, 0.0229600, 0.0228400, 0.0210000, 0.0200400, 0.0202000, 0.0202810, 0.0247000, 0.0192800, 0.0203200, 0.0194010, 0.0197600, 0.0196800, 0.0213600, 0.0199210, 0.0197200, 0.0192800, 0.0198000, 0.0200000, 0.0273610, 0.0196800, 0.0193600, 0.0196000, 0.0194410, 0.0198000, 0.0234100, 0.0198000, 0.0199600, 0.0194810, 0.0195600, 0.0204000, 0.0198800, 0.0204810, 0.0204000, 0.0196400, 0.0194800, 0.0196410, 0.0200800, 0.0197600, 0.0199600, 0.0192010, 0.0201200, 0.0202400, 0.0205200, 0.0202000, 0.0195600, 0.0200000, 0.0198800, 0.0199600, 0.0198400, 0.0205600, 0.0192800, 0.0199600, 0.0199600, 0.0195210, 0.0196400, 0.0197200, 0.0205200, 0.0196000, 0.0200000, 0.0192000, 0.0199200, 0.0193200, 0.0193610, 0.0191600, 0.0198400, 0.0250010, 0.0198400, 0.0196400, 0.0193600, 0.0198800, 0.0196810, 0.0206400, 0.0203200, 0.0199200, 0.0200000, 0.0197200, 0.0200400, 0.0198800, 0.0196000, 0.0194810, 0.0199200, 0.0200800, 0.0198400, 0.0192800, 0.0194000, 0.0194800, 0.0203600, 0.0201600, 0.0196010, 0.0211200 ],
"bins": [ 0, 131072, 0, 0, 0, 0, 0, 0, 0, 0, 0, 0, 0, 0, 0, 0, 0, 0, 0, 0, 0, 0, 0, 0, 0, 0, 0 ]
}
,
"histogram_atomic_private": {
"timesTransferToDevice": [ 0.0230000, 0.0236410, 0.0233200, 0.0236000, 0.0268200, 0.0266000, 0.0270500, 0.0279810, 0.0270900, 0.0288700, 0.0280700, 0.0273000, 0.0272600, 0.0285010, 0.0281800, 0.0277700, 0.0281800, 0.0277700, 0.0279810, 0.0313310, 0.0277700, 0.0277600, 0.0281800, 0.0279700, 0.0284410, 0.0279000, 0.0282600, 0.0281000, 0.0276900, 0.0292500, 0.0280910, 0.0282900, 0.0259200, 0.0278400, 0.0279400, 0.0283000, 0.0283010, 0.0280200, 0.0278900, 0.0282700, 0.0283500, 0.0282100, 0.0280210, 0.0281500, 0.0288200, 0.0290100, 0.0284200, 0.0280510, 0.0283010, 0.0277200, 0.0281700, 0.0282200, 0.0282600, 0.0279810, 0.0279600, 0.0280200, 0.0283800, 0.0288800, 0.0285500, 0.0282610, 0.0283900, 0.0296810, 0.0284600, 0.0285400, 0.0279400, 0.0280000, 0.0277910, 0.0283210, 0.0282500, 0.0283400, 0.0278500, 0.0280100, 0.0284600, 0.0277310, 0.0279700, 0.0280900, 0.0279300, 0.0289200, 0.0280910, 0.0279800, 0.0282900, 0.0285000, 0.0283800, 0.0284300, 0.0282610, 0.0280410, 0.0279400, 0.0281000, 0.0284900, 0.0278900, 0.0283810, 0.0279700, 0.0283000, 0.0288600, 0.0284300, 0.0279800, 0.0281410, 0.0283800, 0.0278200, 0.0284700 ],
"timesExecution": [ 0.0293200, 0.0324400, 0.0331610, 0.0337500, 0.0331100, 0.0333900, 0.0332600, 0.0341800, 0.0339400, 0.0349910, 0.0316000, 0.0318800, 0.0318000, 0.0324000, 0.0348810, 0.0331200, 0.0351700, 0.0333200, 0.0353000, 0.0350900, 0.0334410, 0.0349310, 0.0331600, 0.0346300, 0.0352100, 0.0352900, 0.0328010, 0.0344300, 0.0335600, 0.0335600, 0.0344600, 0.0348900, 0.0328010, 0.0327200, 0.0362300, 0.0373100, 0.0352500, 0.0350400, 0.0334010, 0.0349600, 0.0336000, 0.0350000, 0.0330000, 0.0328810, 0.0351310, 0.0331600, 0.0352500, 0.0336400, 0.0334400, 0.0330810, 0.0357500, 0.0330800, 0.0330000, 0.0351300, 0.0336000, 0.0332010, 0.0330400, 0.0332000, 0.0332800, 0.0348500, 0.0742710, 0.0347200, 0.0356010, 0.0347710, 0.0332800, 0.0334400, 0.0353800, 0.0329200, 0.0333610, 0.0352900, 0.0392800, 0.0352600, 0.0330000, 0.0352100, 0.0330410, 0.0330800, 0.0330000, 0.0336400, 0.0334000, 0.0333200, 0.0330810, 0.0346000, 0.0408400, 0.0332800, 0.0333600, 0.0334000, 0.0353210, 0.0348700, 0.0351600, 0.0359300, 0.0329200, 0.0332400, 0.0327210, 0.0332000, 0.0331600, 0.0335600, 0.0331600, 0.0352010, 0.0354710, 0.0346900 ],
"timesTransferFromDevice": [ 0.0170400, 0.0167600, 0.0166800, 0.0187200, 0.0185610, 0.0188000, 0.0192400, 0.0198000, 0.0189600, 0.0189600, 0.0188000, 0.0188000, 0.0190400, 0.0199200, 0.0194800, 0.0196400, 0.0196010, 0.0199200, 0.0199200, 0.0196800, 0.0196000, 0.0198000, 0.0194010, 0.0202800, 0.0194400, 0.0196000, 0.0198400, 0.0200800, 0.0200010, 0.0196400, 0.0199600, 0.0195200, 0.0202000, 0.0198010, 0.0200000, 0.0196800, 0.0201200, 0.0196000, 0.0199600, 0.0198810, 0.0195600, 0.0196400, 0.0198800, 0.0199200, 0.0198400, 0.0198810, 0.0197200, 0.0196800, 0.0194000, 0.0194800, 0.0200000, 0.0205210, 0.0190800, 0.0204000, 0.0192800, 0.0206800, 0.0196010, 0.0195200, 0.0195200, 0.0196000, 0.0201200, 0.0256400, 0.0197600, 0.0202000, 0.0205210, 0.0193200, 0.0199200, 0.0198400, 0.0198000, 0.0194400, 0.0198010, 0.0211200, 0.0191200, 0.0197600, 0.0196400, 0.0195200, 0.0196810, 0.0198000, 0.0197200, 0.0196800, 0.0199600, 0.0191610, 0.0196010, 0.0199600, 0.0197200, 0.0195200, 0.0191600, 0.0202400, 0.0199210, 0.0196800, 0.0192000, 0.0197200, 0.0196400, 0.0198400, 0.0197200, 0.0190800, 0.0199600, 0.0194400, 0.0197200, 0.0198410 ],
"bins": [ 0, 131072, 0, 0, 0, 0, 0, 0, 0, 0, 0, 0, 0, 0, 0, 0, 0, 0, 0, 0, 0, 0, 0, 0, 0, 0, 0 ]
}
,