{
"inputLengthInCharacters": 131072,
"uniformInput": false,
"useMappingLetter": true,
"measurements": {
"histogram_atomic_global": {
"timesTransferToDevice": [ 0.4373430, 0.0295510, 0.0276000, 0.0250800, 0.0280100, 0.0287800, 0.0301200, 0.0291110, 0.0292700, 0.0288800, 0.0283400, 0.0621110, 0.0285200, 0.0295200, 0.0286000, 0.0292400, 0.0293910, 0.0277310, 0.0295800, 0.0303600, 0.0284300, 0.0304500, 0.0280610, 0.0279700, 0.0292300, 0.0288400, 0.0283000, 0.0287800, 0.0286110, 0.0283000, 0.0285800, 0.0293700, 0.0280700, 0.0288410, 0.0290100, 0.0283800, 0.0297600, 0.0282500, 0.0281600, 0.0298110, 0.0300600, 0.0290900, 0.0285800, 0.0300700, 0.0336810, 0.0292600, 0.0280500, 0.0288600, 0.0286000, 0.0289300, 0.0279710, 0.0307500, 0.0276800, 0.0287100, 0.0281010, 0.0315800, 0.0275900, 0.0287200, 0.0279200, 0.0283400, 0.0312010, 0.0280900, 0.0300000, 0.0281700, 0.0278000, 0.0287400, 0.0275710, 0.0274100, 0.0281700, 0.0277000, 0.0303700, 0.0292810, 0.0289300, 0.0281300, 0.0291200, 0.0711010, 0.0300200, 0.0343000, 0.0298800, 0.0324700, 0.0278110, 0.0293400, 0.0293400, 0.0288500, 0.0287600, 0.0284700, 0.0293310, 0.0279300, 0.0284400, 0.0283800, 0.0280800, 0.0296310, 0.0313000, 0.0279300, 0.0277600, 0.0279700, 0.0287100, 0.0290110, 0.0278100, 0.0283400 ],
"timesExecution": [ 0.0712500, 0.0709700, 0.0684400, 0.0705700, 0.0699510, 0.0704510, 0.0681610, 0.0702900, 0.0698700, 0.0705910, 0.0708110, 0.0708000, 0.0697300, 0.0701510, 0.0684010, 0.0702410, 0.0694500, 0.0708800, 0.0698800, 0.0699610, 0.0699710, 0.0692810, 0.0680000, 0.0697600, 0.0698910, 0.0705910, 0.0697410, 0.0699200, 0.0693600, 0.0705200, 0.0697210, 0.0697110, 0.0664000, 0.0692800, 0.0703900, 0.0697410, 0.0700510, 0.0693610, 0.0697700, 0.0702300, 0.0703500, 0.0696510, 0.0693210, 0.0676410, 0.0699800, 0.0694900, 0.0681600, 0.0699710, 0.0696910, 0.0711100, 0.1027900, 0.0676010, 0.0701310, 0.0697310, 0.0699200, 0.0702700, 0.0693200, 0.0694010, 0.0692510, 0.0696100, 0.0701100, 0.0698400, 0.0700410, 0.0675210, 0.0681210, 0.0706900, 0.0677600, 0.0700300, 0.0703010, 0.0677210, 0.0697710, 0.0696900, 0.0697600, 0.0697300, 0.0699510, 0.0695200, 0.0696500, 0.0692410, 0.0702210, 0.0696510, 0.0695300, 0.0706900, 0.0700910, 0.0679210, 0.0679210, 0.0699900, 0.0701700, 0.0692400, 0.0702910, 0.0693310, 0.0695010, 0.0694900, 0.0701900, 0.0692110, 0.0700510, 0.0697810, 0.0700100, 0.0708900, 0.0703100, 0.0698810 ],
"timesTransferFromDevice": [ 0.4185730, 0.0196000, 0.0192810, 0.0241800, 0.0238000, 0.0230500, 0.0236500, 0.0291600, 0.0233010, 0.0230600, 0.0235100, 0.0218000, 0.0283910, 0.0231200, 0.0234600, 0.0233900, 0.0212000, 0.0215610, 0.0230500, 0.0219600, 0.0224400, 0.0272100, 0.0234600, 0.0233910, 0.0231000, 0.0230400, 0.0232500, 0.0261800, 0.0254110, 0.0226800, 0.0272000, 0.0240800, 0.0228200, 0.0230900, 0.0265610, 0.0234300, 0.0210400, 0.0240400, 0.0231600, 0.0233110, 0.0218000, 0.0230300, 0.0222000, 0.0231400, 0.0230900, 0.0229410, 0.0264700, 0.0237500, 0.0235700, 0.0232700, 0.0279700, 0.0216400, 0.0232800, 0.0212000, 0.0238000, 0.0213610, 0.0207200, 0.0231400, 0.0258100, 0.0215600, 0.0228900, 0.0229310, 0.0265000, 0.0233900, 0.0278500, 0.0273900, 0.0234610, 0.0213600, 0.0213200, 0.0239100, 0.0259400, 0.0231200, 0.0230310, 0.0234600, 0.0235200, 0.0220000, 0.0244710, 0.0238300, 0.0261700, 0.0225200, 0.0218400, 0.0229310, 0.0234500, 0.0244200, 0.0226800, 0.0230900, 0.0241700, 0.0233810, 0.0235200, 0.0230900, 0.0259700, 0.0216400, 0.0229710, 0.0236800, 0.0253400, 0.0234200, 0.0233000, 0.0224010, 0.0228500, 0.0228500 ],
"bins": [ 77847, 2019, 2065, 1943, 2089, 1941, 2013, 2039, 2015, 2105, 2095, 2102, 2110, 2070, 2048, 2056, 2022, 2082, 2004, 2067, 2047, 1990, 2068, 2076, 2009, 2061, 2089 ]
}
,
"histogram_atomic_private": {
"timesTransferToDevice": [ 0.0260500, 0.0240000, 0.0233600, 0.0245210, 0.0265300, 0.0265500, 0.0281300, 0.0262900, 0.0294800, 0.0270500, 0.0270210, 0.0277410, 0.0269200, 0.0330400, 0.0285800, 0.0293300, 0.0276900, 0.0288400, 0.0296900, 0.0282500, 0.0281300, 0.0278810, 0.0286110, 0.0298500, 0.0291900, 0.0285600, 0.0282200, 0.0283700, 0.0283700, 0.0291200, 0.0280000, 0.0278000, 0.0279310, 0.0293110, 0.0284610, 0.0287500, 0.0293400, 0.0278800, 0.0326100, 0.0295700, 0.0302300, 0.0321600, 0.0280500, 0.0287400, 0.0284100, 0.0282110, 0.0282910, 0.0280900, 0.0299100, 0.0284100, 0.0288500, 0.0293500, 0.0278500, 0.0295800, 0.0288200, 0.0283400, 0.0303700, 0.0282910, 0.0286410, 0.0280000, 0.0287600, 0.0299710, 0.0285910, 0.0342010, 0.0321710, 0.0276800, 0.0294600, 0.0280900, 0.0297500, 0.0284600, 0.0290900, 0.0284900, 0.0333000, 0.0283000, 0.0291510, 0.0300410, 0.0279310, 0.0279600, 0.0293800, 0.0292900, 0.0282100, 0.0280900, 0.0325500, 0.0289000, 0.0283200, 0.0283300, 0.0281000, 0.0286000, 0.0305310, 0.0282110, 0.0278100, 0.0291600, 0.0291100, 0.0293900, 0.0277700, 0.0279500, 0.0288100, 0.0289800, 0.0279600, 0.0292510 ],
"timesExecution": [ 0.0289610, 0.0280400, 0.0316800, 0.0316600, 0.0310500, 0.0311310, 0.0312200, 0.0325300, 0.0325100, 0.0326200, 0.0320900, 0.0325600, 0.0322510, 0.0336110, 0.0334010, 0.0343100, 0.0337000, 0.0333300, 0.0338700, 0.0338600, 0.0334900, 0.0344200, 0.0337500, 0.0336600, 0.0336110, 0.0354910, 0.0337410, 0.0312800, 0.0341600, 0.0350400, 0.0319600, 0.0334900, 0.0338200, 0.0339100, 0.0340000, 0.0341100, 0.0339410, 0.0341310, 0.0347910, 0.0341400, 0.0346800, 0.0333900, 0.0334900, 0.0341000, 0.0334900, 0.0348500, 0.0339700, 0.0343000, 0.0336400, 0.0337710, 0.0333210, 0.0339010, 0.0321200, 0.0343500, 0.0338500, 0.0342000, 0.0338500, 0.0336200, 0.0334800, 0.0321200, 0.0854610, 0.0358000, 0.0332800, 0.0337700, 0.0339500, 0.0343900, 0.0322410, 0.0336410, 0.0339410, 0.0339800, 0.0340600, 0.0339700, 0.0332300, 0.0341600, 0.0329800, 0.0342700, 0.0338600, 0.0351800, 0.0338110, 0.0332410, 0.0336110, 0.0320400, 0.0341900, 0.0339600, 0.0338500, 0.0341800, 0.0342100, 0.0337800, 0.0339400, 0.0338200, 0.0318800, 0.0341910, 0.0339910, 0.0346910, 0.0340500, 0.0317200, 0.0342600, 0.0341300, 0.0341700, 0.0345700 ],
"timesTransferFromDevice": [ 0.0177600, 0.0177610, 0.0171200, 0.0220500, 0.0219400, 0.0218800, 0.0213800, 0.0227010, 0.0221000, 0.0221000, 0.0215600, 0.0217900, 0.0224600, 0.0236300, 0.0232100, 0.0214000, 0.0228810, 0.0243110, 0.0244100, 0.0230500, 0.0234500, 0.0211600, 0.0231400, 0.0210800, 0.0235400, 0.0224800, 0.0216400, 0.0238900, 0.0233810, 0.0268010, 0.0233500, 0.0229400, 0.0227200, 0.0265500, 0.0242400, 0.0235100, 0.0219600, 0.0230100, 0.0211600, 0.0242200, 0.0215210, 0.0233810, 0.0234300, 0.0237900, 0.0238200, 0.0237500, 0.0234600, 0.0260200, 0.0221600, 0.0233700, 0.0256500, 0.0234100, 0.0234500, 0.0223610, 0.0209210, 0.0230100, 0.0226100, 0.0229600, 0.0230200, 0.0244300, 0.0239900, 0.0231100, 0.0236800, 0.0229000, 0.0225100, 0.0229600, 0.0241700, 0.0235000, 0.0261300, 0.0215600, 0.0228710, 0.0235910, 0.0232600, 0.0258400, 0.0216000, 0.0231300, 0.0232200, 0.0239800, 0.0235100, 0.0233800, 0.0233500, 0.0220800, 0.0271710, 0.0233810, 0.0243010, 0.0233010, 0.0217600, 0.0217600, 0.0231800, 0.0234200, 0.0223600, 0.0238300, 0.0230500, 0.0218800, 0.0218800, 0.0214010, 0.0233410, 0.0234600, 0.0224800, 0.0240900 ],
"bins": [ 77847, 2019, 2065, 1943, 2089, 1941, 2013, 2039, 2015, 2105, 2095, 2102, 2110, 2070, 2048, 2056, 2022, 2082, 2004, 2067, 2047, 1990, 2068, 2076, 2009, 2061, 2089 ]
}
,