{
"inputLengthInCharacters": 4294967296,
"uniformInput": false,
"useMappingLetter": true,
"measurements": {
"histogram_atomic_private_stride": {
"timesTransferToDevice": [ 300.1982117, 302.3541260, 301.3179016, 298.0767822, 301.6047668, 295.6427307, 296.0973206, 297.6975403, 297.6316223, 299.0414734, 299.1907654, 297.9208984, 296.5130920, 298.2314453, 297.3499146, 298.0325623, 296.1381226, 301.9902954, 300.2987061, 301.2005005, 297.5931702, 296.1699524, 300.3263245, 297.6381836, 296.3054199, 297.7658691, 295.5096436, 300.0311890, 300.7965698, 300.8631592, 299.5915222, 297.8276672, 298.0381470, 297.8443298, 296.5692139, 297.3980713, 299.9554443, 297.1695862, 299.9967651, 298.0968018, 300.4817505, 296.3178711, 300.4624329, 298.7961731, 297.9655457, 298.0095215, 298.3833008, 297.9489136, 299.2818298, 300.0968323, 298.5585327, 300.6562805, 300.4653320, 299.2735596, 298.6120300, 296.3591003, 298.3136902, 301.3851624, 299.6391907, 301.1964111, 296.8698730, 300.9959412, 298.9124756, 298.0897827, 299.8258972, 298.2893677, 299.2786560, 300.0782166, 300.2489319, 299.5343018, 297.8632812, 301.1869812, 296.3497009, 300.1296692, 297.5127563, 298.6870422, 300.9965820, 301.0021973, 297.4168091, 296.9546814, 300.6449890, 301.5487366, 296.0296326, 302.3065186, 299.1090698, 296.9699097, 298.0287781, 300.0852661, 297.0967102, 299.6437988, 298.8782959, 298.7198792, 298.9189148, 299.4691162, 297.3139954, 300.2243958, 298.7955322, 297.5518494, 299.3018188, 298.1062927 ],
"timesExecution": [ 36.9885788, 37.1419449, 36.2292099, 36.2529335, 37.0738297, 37.0458412, 37.0300217, 36.2207108, 36.1232948, 37.1254196, 36.1887054, 37.1395798, 37.2658539, 36.3577423, 37.0787849, 36.3456573, 37.2113724, 37.1688309, 37.1361923, 37.1659737, 37.0436707, 37.1127853, 36.2291527, 37.1734581, 37.0801392, 36.2241440, 37.1285591, 36.1909332, 36.1782722, 37.1164665, 37.0453072, 36.1907310, 36.1892738, 37.1166801, 37.1037331, 37.1639938, 37.1594315, 37.1806755, 36.1226273, 37.1042633, 36.2474594, 37.0752869, 37.0940628, 37.0738373, 37.1062355, 36.1911125, 36.2206993, 36.1694336, 36.3348122, 36.3494720, 37.1042404, 37.0104294, 36.1175842, 36.2540131, 36.3927040, 36.9773064, 37.0747414, 36.2360573, 36.1010857, 36.2275047, 37.0553207, 37.0625610, 37.1326904, 37.1209831, 36.1947556, 37.0337410, 36.3205032, 36.2265053, 36.2908363, 36.3150978, 36.2091560, 36.2180252, 36.2595444, 37.0587120, 37.0724907, 37.1971512, 37.1092224, 37.1307716, 37.1731377, 37.0022736, 37.0324059, 37.1590576, 37.1154022, 36.1957359, 36.1702690, 36.3205757, 36.2609482, 36.2567368, 37.1402321, 37.0203133, 36.1414299, 37.1485367, 36.1179962, 37.1375046, 36.1723557, 36.9498329, 36.1373367, 36.2186394, 37.2121849, 36.2071495 ],
"timesTransferFromDevice": [ 0.3771630, 0.0200400, 0.0179200, 0.0194400, 0.0190400, 0.0204000, 0.0192010, 0.0184400, 0.0191200, 0.0195200, 0.0191210, 0.0196800, 0.0206800, 0.0185600, 0.0198810, 0.0185600, 0.0196800, 0.0205600, 0.0201600, 0.0207600, 0.0195600, 0.0205200, 0.0188400, 0.0198000, 0.0199200, 0.0190800, 0.0192000, 0.0178400, 0.0186010, 0.0194000, 0.0196800, 0.0183200, 0.0190400, 0.0210800, 0.0198400, 0.0185200, 0.0192800, 0.0205200, 0.0205200, 0.0190800, 0.0192400, 0.0194800, 0.0197600, 0.0201200, 0.0198810, 0.0184800, 0.0185600, 0.0198800, 0.0185600, 0.0183200, 0.0187600, 0.0195600, 0.0190000, 0.0182800, 0.0176410, 0.0195610, 0.0213200, 0.0196000, 0.0185600, 0.0182400, 0.0211200, 0.0196800, 0.0185610, 0.0187600, 0.0184800, 0.0190010, 0.0184000, 0.0183200, 0.0186400, 0.0186400, 0.0177200, 0.0182800, 0.0202800, 0.0190800, 0.0189600, 0.0195600, 0.0189200, 0.0192000, 0.0196400, 0.0194400, 0.0197600, 0.0194000, 0.0203600, 0.0192400, 0.0190000, 0.0183200, 0.0187200, 0.0195600, 0.0198810, 0.0194800, 0.0185600, 0.0196400, 0.0188800, 0.0198800, 0.0180400, 0.0185600, 0.0194000, 0.0186000, 0.0200800, 0.0184000 ],
"bins": [ 2550136830, 67108864, 67108864, 67108864, 67108864, 67108864, 67108864, 67108864, 67108864, 67108864, 67108864, 67108864, 67108864, 67108864, 67108864, 67108864, 67108864, 67108864, 67108864, 67108864, 67108864, 67108864, 67108865, 67108865, 67108864, 67108864, 67108864 ]
}
,
"histogram_atomic_global_stride": {
"timesTransferToDevice": [ 299.0151367, 296.2814636, 301.0197449, 299.6437988, 300.5621033, 299.0857544, 299.9508667, 300.8588867, 299.6640625, 301.6589966, 296.7715149, 298.5983582, 300.7503357, 298.2856140, 297.9782104, 300.4049072, 298.9970093, 299.7861023, 297.5651245, 296.0046082, 300.1000061, 299.9150085, 297.5521851, 298.8560791, 299.9906616, 300.9809875, 298.9076538, 297.9883118, 300.0945129, 300.6791992, 298.1600342, 299.4471741, 298.7899475, 298.1199036, 298.8778992, 300.3685303, 300.0089111, 297.2951050, 298.6044617, 298.5712585, 292.8883972, 298.4146118, 295.5446777, 296.4479065, 300.0437622, 299.6161194, 300.6023254, 298.3490601, 298.9705811, 296.9889526, 299.0751953, 299.2167053, 298.5938416, 299.5879211, 299.6356201, 298.7172241, 299.2531738, 297.9596252, 299.6142578, 300.7568970, 295.3217773, 299.2602539, 296.4757996, 297.2075195, 298.9210205, 297.9993896, 298.8739624, 298.0578003, 298.5285034, 299.7086792, 298.4356995, 299.9343262, 300.0012207, 300.6272278, 297.2065430, 301.8546143, 299.2734985, 299.6783752, 297.9774475, 298.5865173, 298.2645874, 296.3482056, 297.6313477, 301.0286255, 298.3944092, 298.0184631, 297.0934143, 298.9035645, 291.0025940, 291.0938110, 292.5011597, 293.0082092, 297.6936646, 297.5637207, 297.8813782, 298.0263977, 300.9112244, 298.5792542, 296.8764343, 300.6270447 ],
"timesExecution": [ 1180.0555420, 1177.2812500, 1183.4539795, 1178.5229492, 1180.3800049, 1177.7381592, 1182.5291748, 1179.8100586, 1182.2847900, 1178.1627197, 1180.1527100, 1178.9921875, 1181.8468018, 1179.0806885, 1183.4780273, 1180.7474365, 1182.0910645, 1178.8533936, 1182.9350586, 1179.8630371, 1182.8940430, 1180.9373779, 1183.1148682, 1179.5476074, 1181.7767334, 1179.9742432, 1184.6505127, 1181.7254639, 1186.0722656, 1180.3243408, 1183.3294678, 1181.1467285, 1181.8295898, 1182.2229004, 1181.2039795, 1180.9665527, 1183.9599609, 1183.0025635, 1184.4006348, 1179.3891602, 1179.6503906, 1179.9193115, 1181.5782471, 1179.4293213, 1183.1467285, 1178.1403809, 1179.6949463, 1179.1064453, 1184.0185547, 1180.0852051, 1182.0043945, 1178.8275146, 1182.8377686, 1180.1285400, 1183.2403564, 1179.2877197, 1183.4543457, 1180.2011719, 1181.1845703, 1179.7711182, 1182.5924072, 1180.1099854, 1185.2281494, 1181.1538086, 1183.4993896, 1178.9528809, 1183.7073975, 1180.2803955, 1180.1574707, 1179.3153076, 1182.5435791, 1179.9400635, 1185.9499512, 1178.6274414, 1184.0971680, 1175.0433350, 1177.5534668, 1179.7850342, 1180.2352295, 1178.9324951, 1180.5155029, 1179.2116699, 1187.7764893, 1181.3309326, 1183.8719482, 1181.1320801, 1183.6046143, 1180.2961426, 1181.5529785, 1181.1778564, 1182.5581055, 1180.3164062, 1184.5878906, 1178.7675781, 1183.7297363, 1179.8259277, 1183.1661377, 1180.3354492, 1180.6662598, 1180.3566895 ],