{
"inputLengthInCharacters": 4096,
"uniformInput": false,
"useMappingLetter": true,
"measurements": {
"histogram_atomic_global": {
"timesTransferToDevice": [ 0.0532100, 0.0224410, 0.0306400, 0.0276000, 0.0303800, 0.0293100, 0.0289500, 0.0311900, 0.0300910, 0.0327610, 0.0311310, 0.0272200, 0.0290700, 0.0298600, 0.0298100, 0.0280300, 0.0316100, 0.0282800, 0.0311000, 0.0322410, 0.0287310, 0.0293300, 0.0289800, 0.0310500, 0.0327500, 0.0293800, 0.0287000, 0.0292200, 0.0294710, 0.0288210, 0.0303400, 0.0306900, 0.0294400, 0.0294400, 0.0303000, 0.0309700, 0.0310200, 0.0314400, 0.0294800, 0.0330510, 0.0312610, 0.0277000, 0.0291800, 0.0314700, 0.0295500, 0.0305500, 0.0295000, 0.0291300, 0.0271700, 0.0302010, 0.0289010, 0.0272600, 0.0314800, 0.0295900, 0.0315200, 0.0310900, 0.0287900, 0.0293900, 0.0273400, 0.0295710, 0.0292310, 0.0288500, 0.0293500, 0.0305200, 0.0336200, 0.0301200, 0.0292000, 0.0281800, 0.0286610, 0.0297110, 0.0277010, 0.0273000, 0.0311600, 0.0303400, 0.0292500, 0.0296900, 0.0297200, 0.0311000, 0.0286800, 0.0315500, 0.0298310, 0.0291510, 0.0291800, 0.0299700, 0.0302600, 0.0293500, 0.0296900, 0.0331300, 0.0293500, 0.0316010, 0.0328810, 0.0302310, 0.0295600, 0.0296000, 0.0295500, 0.0309300, 0.0325600, 0.0313000, 0.0290900, 0.0291510 ],
"timesExecution": [ 0.0306400, 0.0384700, 0.0304810, 0.0338110, 0.0330800, 0.0332900, 0.0330100, 0.0336600, 0.0321600, 0.0337100, 0.0332900, 0.0436010, 0.0314010, 0.0318010, 0.0316800, 0.0328400, 0.0339500, 0.0321200, 0.0337300, 0.0332800, 0.0311600, 0.0317210, 0.0326010, 0.0329600, 0.0308000, 0.0343900, 0.0334600, 0.0334100, 0.0326900, 0.0314400, 0.0332400, 0.0329710, 0.0312410, 0.0311610, 0.0325510, 0.0330100, 0.0335100, 0.0346200, 0.0310800, 0.0332500, 0.0316800, 0.0336400, 0.0329510, 0.0331610, 0.0343910, 0.0333000, 0.0338200, 0.0330400, 0.0337400, 0.0338800, 0.0334400, 0.0331300, 0.0330010, 0.0337310, 0.0332200, 0.0328100, 0.0335800, 0.0326000, 0.0326300, 0.0331600, 0.0326100, 0.0336100, 0.0328110, 0.0314010, 0.0330800, 0.0332100, 0.0317200, 0.0336600, 0.0328400, 0.0338500, 0.0309600, 0.0309210, 0.0332010, 0.0330810, 0.0329300, 0.0546610, 0.0331700, 0.0332900, 0.0311200, 0.0330200, 0.0328000, 0.0331300, 0.0326100, 0.0312010, 0.0312810, 0.0332300, 0.0325900, 0.0308400, 0.0312400, 0.0307200, 0.0312000, 0.0339500, 0.0309600, 0.0322810, 0.0317210, 0.0318800, 0.0330500, 0.0332000, 0.0313200, 0.0336400 ],
"timesTransferFromDevice": [ 0.4179330, 0.0187200, 0.0179200, 0.0205200, 0.0228400, 0.0234510, 0.0204400, 0.0241700, 0.0243800, 0.0258400, 0.0213200, 0.0256200, 0.0223000, 0.0232100, 0.0264300, 0.0193610, 0.0207200, 0.0276300, 0.0193600, 0.0228000, 0.0227200, 0.0231300, 0.0204400, 0.0234700, 0.0256610, 0.0217210, 0.0253100, 0.0234600, 0.0233200, 0.0223300, 0.0234200, 0.0228500, 0.0537600, 0.0238100, 0.0195200, 0.0268500, 0.0233810, 0.0225210, 0.0217200, 0.0236100, 0.0233400, 0.0239300, 0.0225600, 0.0239300, 0.0197200, 0.0228400, 0.0234110, 0.0237800, 0.0207600, 0.0268400, 0.0233700, 0.0233800, 0.0231000, 0.0234200, 0.0213200, 0.0233610, 0.0263110, 0.0215200, 0.0246400, 0.0233300, 0.0232300, 0.0211200, 0.0203600, 0.0228300, 0.0245000, 0.0233410, 0.0228410, 0.0199200, 0.0229700, 0.0259900, 0.0234700, 0.0228700, 0.0268000, 0.0214000, 0.0255900, 0.0230500, 0.0196000, 0.0255210, 0.0226700, 0.0230500, 0.0229300, 0.0237100, 0.0234100, 0.0215200, 0.0211200, 0.0212010, 0.0207210, 0.0262600, 0.0227500, 0.0257200, 0.0242200, 0.0230600, 0.0200400, 0.0257400, 0.0204000, 0.0197610, 0.0215210, 0.0265300, 0.0261100, 0.0229700 ],
"bins": [ 2463, 68, 73, 66, 66, 63, 60, 74, 61, 61, 68, 60, 70, 53, 66, 63, 53, 55, 53, 69, 63, 63, 59, 59, 57, 61, 69 ]
}
,
"histogram_atomic_private": {
"timesTransferToDevice": [ 0.0171200, 0.0267200, 0.0266400, 0.0182400, 0.0251910, 0.0274500, 0.0283400, 0.0279800, 0.0274800, 0.0286400, 0.0282310, 0.0278010, 0.0275300, 0.0294100, 0.0275000, 0.0291400, 0.0293800, 0.0311900, 0.0298210, 0.0292810, 0.0307300, 0.0291200, 0.0297600, 0.0296800, 0.0312500, 0.0323300, 0.0315200, 0.0292810, 0.0293310, 0.0301800, 0.0309000, 0.0320500, 0.0300900, 0.0312100, 0.0327600, 0.0292700, 0.0289010, 0.0275510, 0.0326800, 0.0321300, 0.0326000, 0.0292600, 0.0325100, 0.0288400, 0.0310900, 0.0301410, 0.0287410, 0.0310200, 0.0272400, 0.0273700, 0.0311100, 0.0291900, 0.0273000, 0.0312200, 0.0318410, 0.0312410, 0.0327500, 0.0312200, 0.0311000, 0.0316300, 0.0269800, 0.0275600, 0.0310500, 0.0296200, 0.0310500, 0.0321200, 0.0288500, 0.0292710, 0.0294810, 0.0264100, 0.0274400, 0.0268500, 0.0302100, 0.0290700, 0.0293500, 0.0292210, 0.0296800, 0.0295900, 0.0293100, 0.0293400, 0.0326900, 0.0295400, 0.0292200, 0.0318800, 0.0273310, 0.0271010, 0.0307700, 0.0304000, 0.0304100, 0.0295500, 0.0306500, 0.0301000, 0.0298000, 0.0273310, 0.0291910, 0.0297800, 0.0303300, 0.0326500, 0.0320700, 0.0289800 ],
"timesExecution": [ 0.0277200, 0.0282400, 0.0270400, 0.0306300, 0.0300600, 0.0283200, 0.0274410, 0.0281200, 0.0309300, 0.0313300, 0.0311700, 0.0303200, 0.0308910, 0.0312510, 0.0306500, 0.0324100, 0.0302800, 0.0320500, 0.0328700, 0.0322800, 0.0299600, 0.0326910, 0.0316810, 0.0317600, 0.0306000, 0.0334100, 0.0299200, 0.0305200, 0.0313800, 0.0319300, 0.0317210, 0.0306010, 0.0303200, 0.0323000, 0.0302000, 0.0308400, 0.0331600, 0.0306400, 0.0305200, 0.0304810, 0.0302410, 0.0307200, 0.0317500, 0.0322900, 0.0307200, 0.0328200, 0.0304400, 0.0328900, 0.0306810, 0.0330610, 0.0300000, 0.0318000, 0.0348500, 0.0328800, 0.0327900, 0.0302800, 0.0303200, 0.0320410, 0.0324910, 0.0326600, 0.0321500, 0.0310010, 0.0331310, 0.0300800, 0.0318000, 0.0326600, 0.0322400, 0.0300800, 0.0304000, 0.0300810, 0.0305600, 0.0324100, 0.0315200, 0.0312000, 0.0322500, 0.0331900, 0.0302400, 0.0308010, 0.0304810, 0.0300800, 0.0299200, 0.0305200, 0.0327400, 0.0328400, 0.0306800, 0.0319600, 0.0323700, 0.0300810, 0.0322110, 0.0306000, 0.0321300, 0.0329600, 0.0338400, 0.0322300, 0.0325400, 0.0319200, 0.0304810, 0.0330310, 0.0315600, 0.0324400 ],
"timesTransferFromDevice": [ 0.0166400, 0.0168800, 0.0166800, 0.0177200, 0.0218700, 0.0213700, 0.0190000, 0.0193600, 0.0228110, 0.0227700, 0.0204000, 0.0222900, 0.0222000, 0.0217200, 0.0260510, 0.0241710, 0.0217600, 0.0238400, 0.0260300, 0.0235800, 0.0232900, 0.0231100, 0.0272400, 0.0231700, 0.0227110, 0.0206010, 0.0208400, 0.0226700, 0.0232500, 0.0233800, 0.0209600, 0.0228800, 0.0231000, 0.0195210, 0.0212800, 0.0258800, 0.0212800, 0.0202400, 0.0272900, 0.0199600, 0.0230500, 0.0194800, 0.0234910, 0.0206800, 0.0272800, 0.0233600, 0.0242200, 0.0235700, 0.0198400, 0.0231800, 0.0266300, 0.0232010, 0.0198800, 0.0199600, 0.0232000, 0.0215200, 0.0230000, 0.0232200, 0.0192800, 0.0253800, 0.0804610, 0.0204800, 0.0209600, 0.0209600, 0.0221810, 0.0237800, 0.0230000, 0.0233300, 0.0200400, 0.0191200, 0.0245700, 0.0269410, 0.0240410, 0.0227900, 0.0192800, 0.0232200, 0.0234000, 0.0232800, 0.0207600, 0.0230200, 0.0260410, 0.0257910, 0.0253900, 0.0230500, 0.0200000, 0.0227100, 0.0229600, 0.0263100, 0.0218000, 0.0224210, 0.0213610, 0.0232400, 0.0268900, 0.0234100, 0.0234100, 0.0200000, 0.0219200, 0.0203200, 0.0225500, 0.0228010 ],
"bins": [ 2463, 68, 73, 66, 66, 63, 60, 74, 61, 61, 68, 60, 70, 53, 66, 63, 53, 55, 53, 69, 63, 63, 59, 59, 57, 61, 69 ]
}
,