{
"inputLengthInCharacters": 2048,
"uniformInput": false,
"useMappingLetter": false,
"measurements": {
"histogram_atomic_global": {
"timesTransferToDevice": [ 0.0531400, 0.0283500, 0.0311500, 0.0305500, 0.0307200, 0.0307300, 0.0307700, 0.0311710, 0.0323410, 0.0288900, 0.0291100, 0.0299700, 0.0321400, 0.0296500, 0.0268400, 0.0301300, 0.0307910, 0.0306810, 0.0280500, 0.0291800, 0.0264400, 0.0296400, 0.0308800, 0.0306410, 0.0291010, 0.0301400, 0.0296000, 0.0299800, 0.0291600, 0.0287300, 0.0291000, 0.0301210, 0.0316310, 0.0294210, 0.0297010, 0.0287700, 0.0313400, 0.0287700, 0.0311300, 0.0306600, 0.0311800, 0.0295210, 0.0302000, 0.0301500, 0.0313500, 0.0292900, 0.0288800, 0.0265800, 0.0292300, 0.0293810, 0.0312110, 0.0290600, 0.0291800, 0.0293500, 0.0270000, 0.0309500, 0.0291400, 0.0315310, 0.0291210, 0.0311400, 0.0296600, 0.0287000, 0.0301700, 0.0312200, 0.0286100, 0.0300710, 0.0292310, 0.0312000, 0.0292300, 0.0300100, 0.0287600, 0.0287600, 0.0293000, 0.0290110, 0.0293810, 0.0290000, 0.0315900, 0.0287400, 0.0323500, 0.0330700, 0.0297100, 0.0283300, 0.0293010, 0.0292300, 0.0297500, 0.0317500, 0.0321800, 0.0285000, 0.0297300, 0.0301510, 0.0330610, 0.0291310, 0.0295900, 0.0291200, 0.0291800, 0.0315100, 0.0291900, 0.0304300, 0.0291110, 0.0291710 ],
"timesExecution": [ 0.0255600, 0.0296500, 0.0265210, 0.0284200, 0.0287100, 0.0283700, 0.0268800, 0.0293600, 0.0277600, 0.0286900, 0.0264010, 0.0439610, 0.0277200, 0.0285000, 0.0276700, 0.0281600, 0.0277600, 0.0272400, 0.0280510, 0.0285510, 0.0263200, 0.0278500, 0.0289000, 0.0281700, 0.0277200, 0.0259210, 0.0274710, 0.0285100, 0.0282400, 0.0286100, 0.0278000, 0.0277100, 0.0280800, 0.0287400, 0.0283200, 0.0263610, 0.0288810, 0.0275700, 0.0281400, 0.0284200, 0.0274000, 0.0287100, 0.0261600, 0.0285310, 0.0267610, 0.0278400, 0.0286800, 0.0271900, 0.0280200, 0.0276800, 0.0276400, 0.0278100, 0.0277710, 0.0276500, 0.0280500, 0.0294500, 0.0261600, 0.0283300, 0.0260400, 0.0285700, 0.0279310, 0.0280500, 0.0273200, 0.0288500, 0.0259600, 0.0286500, 0.0283300, 0.0258010, 0.0287310, 0.0283600, 0.0286100, 0.0282300, 0.0263200, 0.0277500, 0.0274400, 0.0546710, 0.0295100, 0.0279910, 0.0258800, 0.0283800, 0.0261200, 0.0278800, 0.0266400, 0.0279400, 0.0289510, 0.0257610, 0.0261200, 0.0259200, 0.0280100, 0.0258800, 0.0277600, 0.0263600, 0.0278110, 0.0278410, 0.0261600, 0.0278500, 0.0278900, 0.0264400, 0.0281300, 0.0280500 ],
"timesTransferFromDevice": [ 0.4044130, 0.0188800, 0.0184000, 0.0203200, 0.0207210, 0.0221600, 0.0201200, 0.0231200, 0.0228600, 0.0212400, 0.0198800, 0.0211200, 0.0235100, 0.0240210, 0.0209600, 0.0239300, 0.0223200, 0.0199600, 0.0242000, 0.0198000, 0.0194410, 0.0228000, 0.0204800, 0.0206400, 0.0234900, 0.0232200, 0.0265700, 0.0265100, 0.0229910, 0.0259410, 0.0243000, 0.0207600, 0.0546500, 0.0213200, 0.0228200, 0.0226600, 0.0240000, 0.0193200, 0.0208010, 0.0231700, 0.0242900, 0.0204800, 0.0235400, 0.0212800, 0.0240200, 0.0209610, 0.0230510, 0.0258200, 0.0244200, 0.0268100, 0.0241800, 0.0232800, 0.0234500, 0.0226500, 0.0210810, 0.0256210, 0.0234900, 0.0255600, 0.0192400, 0.0211200, 0.0236700, 0.0204000, 0.0239310, 0.0224410, 0.0199600, 0.0226700, 0.0210000, 0.0221200, 0.0225100, 0.0262500, 0.0230910, 0.0240200, 0.0235500, 0.0244400, 0.0216800, 0.0233800, 0.0236100, 0.0200400, 0.0228100, 0.0193210, 0.0215600, 0.0194400, 0.0232600, 0.0234100, 0.0192000, 0.0210000, 0.0227210, 0.0270410, 0.0212800, 0.0218800, 0.0238400, 0.0230800, 0.0262100, 0.0230600, 0.0200800, 0.0253510, 0.0265100, 0.0242200, 0.0228000, 0.0228100 ],
"bins": [ 13, 19, 18, 9, 12, 20, 19, 16, 13, 22, 13, 10, 19, 9, 18, 18, 14, 18, 16, 11, 14, 13, 11, 13, 17, 17, 11, 12, 19, 13, 19, 14, 14, 20, 25, 19, 19, 16, 17, 12, 16, 22, 18, 14, 16, 12, 14, 18, 21, 18, 15, 14, 15, 12, 15, 21, 13, 23, 21, 19, 16, 19, 11, 17, 17, 16, 19, 13, 19, 16, 23, 14, 11, 17, 14, 13, 18, 21, 14, 19, 16, 11, 16, 20, 15, 14, 12, 19, 16, 17, 17, 15, 16, 19, 17, 11, 17, 20, 18, 21, 13, 15, 17, 15, 17, 16, 13, 14, 11, 17, 18, 12, 19, 16, 18, 15, 12, 16, 15, 16, 17, 19, 13, 12, 20, 22, 16, 11 ]
}
,
"histogram_atomic_private": {
"timesTransferToDevice": [ 0.0170800, 0.0289100, 0.0188000, 0.0182800, 0.0287200, 0.0284600, 0.0268110, 0.0279100, 0.0279300, 0.0289200, 0.0289300, 0.0305900, 0.0320500, 0.0293900, 0.0286110, 0.0292110, 0.0298400, 0.0291400, 0.0278000, 0.0296800, 0.0289000, 0.0269700, 0.0301810, 0.0301500, 0.0292900, 0.0291400, 0.0312500, 0.0316000, 0.0272800, 0.0298410, 0.0281610, 0.0325900, 0.0300100, 0.0295300, 0.0291500, 0.0299700, 0.0328110, 0.0293110, 0.0268500, 0.0308500, 0.0306100, 0.0306800, 0.0293800, 0.0315410, 0.0287310, 0.0305600, 0.0289300, 0.0295100, 0.0312200, 0.0295500, 0.0311800, 0.0291510, 0.0290310, 0.0302200, 0.0290600, 0.0291800, 0.0286900, 0.0323200, 0.0295000, 0.0317010, 0.0313010, 0.0300100, 0.0287000, 0.0290810, 0.0284410, 0.0323000, 0.0297100, 0.0293700, 0.0290200, 0.0291000, 0.0290700, 0.0288910, 0.0309100, 0.0302100, 0.0292300, 0.0309800, 0.0309300, 0.0288600, 0.0299410, 0.0291410, 0.0271300, 0.0292700, 0.0289300, 0.0272600, 0.0297300, 0.0291800, 0.0316210, 0.0284900, 0.0315000, 0.0314300, 0.0325900, 0.0307200, 0.0272900, 0.0293010, 0.0294610, 0.0316400, 0.0288100, 0.0313900, 0.0282900, 0.0305300 ],
"timesExecution": [ 0.0274500, 0.0227200, 0.0244400, 0.0254900, 0.0263600, 0.0237200, 0.0260700, 0.0274200, 0.0249610, 0.0262400, 0.0284300, 0.0258400, 0.0267400, 0.0278800, 0.0272800, 0.0281500, 0.0291900, 0.0256810, 0.0258000, 0.0274300, 0.0257600, 0.0257200, 0.0257200, 0.0277600, 0.0267610, 0.0253600, 0.0255600, 0.0277800, 0.0274400, 0.0258800, 0.0279200, 0.0278110, 0.0291110, 0.0256400, 0.0256800, 0.0284800, 0.0274000, 0.0272000, 0.0259610, 0.0259610, 0.0264800, 0.0272800, 0.0274400, 0.0254800, 0.0271700, 0.0274810, 0.0273110, 0.0272800, 0.0292300, 0.0256400, 0.0281600, 0.0276400, 0.0271600, 0.0284910, 0.0285410, 0.0276500, 0.0272900, 0.0276400, 0.0291300, 0.0287900, 0.0294300, 0.0256400, 0.0272000, 0.0279200, 0.0287400, 0.0281910, 0.0277710, 0.0281200, 0.0302100, 0.0271600, 0.0276800, 0.0254400, 0.0277800, 0.0269610, 0.0278100, 0.0258000, 0.0273900, 0.0272400, 0.0256400, 0.0258000, 0.0288010, 0.0285710, 0.0269200, 0.0282300, 0.0260800, 0.0273600, 0.0259600, 0.0284100, 0.0275310, 0.0272700, 0.0268300, 0.0287700, 0.0266000, 0.0274800, 0.0271300, 0.0257210, 0.0283110, 0.0265600, 0.0257600, 0.0254800 ],
"timesTransferFromDevice": [ 0.0171600, 0.0173600, 0.0173200, 0.0225200, 0.0211010, 0.0256500, 0.0229300, 0.0228900, 0.0198000, 0.0220410, 0.0262510, 0.0240510, 0.0230800, 0.0242700, 0.0228000, 0.0236300, 0.0234200, 0.0211200, 0.0247600, 0.0262610, 0.0234400, 0.0220800, 0.0205200, 0.0228000, 0.0231700, 0.0233900, 0.0199210, 0.0245800, 0.0213600, 0.0234600, 0.0195600, 0.0206400, 0.0234200, 0.0240810, 0.0214800, 0.0190400, 0.0209600, 0.0244400, 0.0234600, 0.0239300, 0.0234610, 0.0236610, 0.0201200, 0.0212400, 0.0199600, 0.0208800, 0.0237900, 0.0210000, 0.0234410, 0.0233100, 0.0231100, 0.0242200, 0.0205200, 0.0237500, 0.0239000, 0.0269100, 0.0237810, 0.0249100, 0.0194800, 0.0233300, 0.0829210, 0.0246100, 0.0228800, 0.0271100, 0.0200000, 0.0262400, 0.0212400, 0.0234100, 0.0237810, 0.0242300, 0.0216800, 0.0201200, 0.0200400, 0.0227100, 0.0202000, 0.0208410, 0.0234400, 0.0257500, 0.0258200, 0.0216800, 0.0214000, 0.0231200, 0.0234510, 0.0235810, 0.0201600, 0.0211600, 0.0195600, 0.0238000, 0.0214800, 0.0201200, 0.0231310, 0.0226800, 0.0232100, 0.0228400, 0.0233000, 0.0227100, 0.0233700, 0.0201610, 0.0200400, 0.0233500 ],
"bins": [ 13, 19, 18, 9, 12, 20, 19, 16, 13, 22, 13, 10, 19, 9, 18, 18, 14, 18, 16, 11, 14, 13, 11, 13, 17, 17, 11, 12, 19, 13, 19, 14, 14, 20, 25, 19, 19, 16, 17, 12, 16, 22, 18, 14, 16, 12, 14, 18, 21, 18, 15, 14, 15, 12, 15, 21, 13, 23, 21, 19, 16, 19, 11, 17, 17, 16, 19, 13, 19, 16, 23, 14, 11, 17, 14, 13, 18, 21, 14, 19, 16, 11, 16, 20, 15, 14, 12, 19, 16, 17, 17, 15, 16, 19, 17, 11, 17, 20, 18, 21, 13, 15, 17, 15, 17, 16, 13, 14, 11, 17, 18, 12, 19, 16, 18, 15, 12, 16, 15, 16, 17, 19, 13, 12, 20, 22, 16, 11 ]
}
,