{
"inputLengthInCharacters": 262144,
"uniformInput": true,
"useMappingLetter": false,
"measurements": {
"histogram_atomic_global": {
"timesTransferToDevice": [ 0.4497730, 0.0452300, 0.0351310, 0.0345300, 0.0390010, 0.0343500, 0.0355600, 0.0356900, 0.0348200, 0.0352710, 0.0360900, 0.0663100, 0.0367910, 0.0414700, 0.0349200, 0.0353610, 0.0356700, 0.0352800, 0.0357510, 0.0354500, 0.0346900, 0.0353700, 0.0350400, 0.0360500, 0.0347900, 0.0360100, 0.0346310, 0.0342800, 0.0359200, 0.0380000, 0.0360800, 0.0361610, 0.0346400, 0.0381200, 0.0348610, 0.0353500, 0.0341900, 0.0345200, 0.0350700, 0.0343510, 0.0339400, 0.0352200, 0.0362100, 0.0347400, 0.0371710, 0.0343500, 0.0346800, 0.0358300, 0.0362000, 0.0340310, 0.0344800, 0.0348300, 0.0349600, 0.0342300, 0.0341010, 0.0347300, 0.0352810, 0.0341600, 0.0350700, 0.0343010, 0.0366600, 0.0355600, 0.0348300, 0.0339100, 0.0350410, 0.0353700, 0.0351910, 0.0348100, 0.0344500, 0.0350810, 0.0345500, 0.0358300, 0.0347700, 0.0359800, 0.0342410, 0.0744000, 0.0360100, 0.0357110, 0.0348300, 0.0357100, 0.0349900, 0.0347300, 0.0346710, 0.0350000, 0.0452200, 0.0347100, 0.0342800, 0.0376410, 0.0340300, 0.0353000, 0.0352700, 0.0351600, 0.0359610, 0.0343500, 0.0373500, 0.0343600, 0.0343500, 0.0355110, 0.0343600, 0.0346900 ],
"timesExecution": [ 0.1373210, 0.1387110, 0.1361610, 0.1385910, 0.1360810, 0.1381310, 0.1381410, 0.1361610, 0.1377210, 0.1361210, 0.1360810, 0.1359210, 0.1377210, 0.1377110, 0.1381810, 0.1374910, 0.1418510, 0.1385510, 0.1379410, 0.1378410, 0.1382310, 0.1379710, 0.1373510, 0.1360410, 0.1381010, 0.1381710, 0.1359610, 0.1358810, 0.1378010, 0.1376700, 0.1379710, 0.1384510, 0.1383810, 0.1385510, 0.1359210, 0.1376110, 0.1362410, 0.1376510, 0.1362810, 0.1375210, 0.1360410, 0.1379010, 0.1371810, 0.1377210, 0.1376110, 0.1360010, 0.1378810, 0.1378310, 0.1381310, 0.1382210, 0.1375710, 0.1372310, 0.1357600, 0.1358010, 0.1380210, 0.1356010, 0.1377310, 0.1359210, 0.1360010, 0.1356010, 0.1381410, 0.1386810, 0.1373510, 0.1397610, 0.1360410, 0.1382810, 0.1357610, 0.1358810, 0.1377210, 0.1379810, 0.1372410, 0.1357210, 0.1359610, 0.1361210, 0.1380210, 0.1384200, 0.1381710, 0.1378010, 0.1377210, 0.1358010, 0.1358010, 0.1391110, 0.1361210, 0.1360410, 0.1361610, 0.1374410, 0.1359210, 0.1384710, 0.1373610, 0.1386110, 0.1378100, 0.1375710, 0.1360410, 0.1357210, 0.1358010, 0.1378910, 0.1358810, 0.1387610, 0.1360410, 0.1372410 ],
"timesTransferFromDevice": [ 0.4058830, 0.0190000, 0.0188400, 0.0226000, 0.0202400, 0.0229210, 0.0200000, 0.0208000, 0.0192800, 0.0194400, 0.0235800, 0.0196000, 0.0234300, 0.0233510, 0.0202000, 0.0202800, 0.0230600, 0.0203600, 0.0255800, 0.0206000, 0.0208800, 0.0268500, 0.0225200, 0.0214400, 0.0231710, 0.0233000, 0.0196800, 0.0229700, 0.0225500, 0.0210800, 0.0212000, 0.0236400, 0.0244810, 0.0196000, 0.0245600, 0.0230700, 0.0199200, 0.0230510, 0.0231900, 0.0231300, 0.0265710, 0.0226500, 0.0229600, 0.0196000, 0.0211200, 0.0228410, 0.0197200, 0.0203200, 0.0206800, 0.0228900, 0.0230110, 0.0205200, 0.0199200, 0.0193200, 0.0206400, 0.0196000, 0.0232600, 0.0203610, 0.0229500, 0.0194800, 0.0230100, 0.0194400, 0.0194410, 0.0267000, 0.0193200, 0.0231200, 0.0232600, 0.0260310, 0.0236800, 0.0201200, 0.0245700, 0.0270400, 0.0238600, 0.0203200, 0.0225100, 0.0235000, 0.0196400, 0.0233000, 0.0194800, 0.0195200, 0.0242910, 0.0240200, 0.0195200, 0.0200400, 0.0194800, 0.0196800, 0.0210000, 0.0233300, 0.0230400, 0.0227600, 0.0196800, 0.0208400, 0.0193600, 0.0203600, 0.0193600, 0.0213610, 0.0202800, 0.0272800, 0.0228800, 0.0220800 ],
"bins": [ 0, 0, 0, 0, 0, 0, 0, 0, 0, 0, 0, 0, 0, 0, 0, 0, 0, 0, 0, 0, 0, 0, 0, 0, 0, 0, 0, 0, 0, 0, 0, 0, 0, 0, 0, 0, 0, 0, 0, 0, 0, 0, 0, 0, 0, 0, 0, 0, 0, 0, 0, 0, 0, 0, 0, 0, 0, 0, 0, 0, 0, 0, 0, 0, 0, 0, 0, 0, 0, 0, 0, 0, 0, 0, 0, 0, 0, 0, 0, 0, 0, 0, 0, 0, 0, 0, 0, 0, 0, 0, 0, 0, 0, 0, 0, 0, 262144, 0, 0, 0, 0, 0, 0, 0, 0, 0, 0, 0, 0, 0, 0, 0, 0, 0, 0, 0, 0, 0, 0, 0, 0, 0, 0, 0, 0, 0, 0, 0 ]
}
,
"histogram_atomic_private": {
"timesTransferToDevice": [ 0.0335110, 0.0317100, 0.0317400, 0.0317200, 0.0332110, 0.0342510, 0.0328900, 0.0325500, 0.0346500, 0.0333600, 0.0338800, 0.0334810, 0.0329100, 0.0347100, 0.0342000, 0.0340300, 0.0341100, 0.0347200, 0.0354810, 0.0356710, 0.0348410, 0.0341600, 0.0363800, 0.0343100, 0.0369500, 0.0357200, 0.0347700, 0.0343500, 0.0362610, 0.0356510, 0.0343100, 0.0353200, 0.0348000, 0.0361800, 0.0355500, 0.0352810, 0.0355910, 0.0353200, 0.0356800, 0.0348500, 0.0368700, 0.0356900, 0.0351500, 0.0367410, 0.0344810, 0.0346500, 0.0356400, 0.0350700, 0.0347200, 0.0351700, 0.0342700, 0.0352000, 0.0349610, 0.0344010, 0.0342810, 0.0343600, 0.0356300, 0.0356400, 0.0351700, 0.0345200, 0.0371300, 0.0367100, 0.0346500, 0.0344400, 0.0354910, 0.0354010, 0.0347200, 0.0350800, 0.0352700, 0.0344700, 0.0346100, 0.0340700, 0.0379500, 0.0362110, 0.0360910, 0.0345310, 0.0347600, 0.0353200, 0.0344800, 0.0355200, 0.0350500, 0.0352800, 0.0346110, 0.0344010, 0.0350300, 0.0345700, 0.0387200, 0.0361600, 0.0384000, 0.0354400, 0.0352000, 0.0342400, 0.0339110, 0.0345500, 0.0345700, 0.0348800, 0.0350700, 0.0350700, 0.0349500, 0.0355710 ],
"timesExecution": [ 0.0288000, 0.0319710, 0.0314800, 0.0315300, 0.0320100, 0.0294000, 0.0316110, 0.0318110, 0.0314800, 0.0311200, 0.0311600, 0.0334600, 0.0308000, 0.0336210, 0.0334910, 0.0322400, 0.0347000, 0.0320400, 0.0344300, 0.0330000, 0.0324000, 0.0341200, 0.0350310, 0.0326810, 0.0338800, 0.0336500, 0.0321600, 0.0338800, 0.0338600, 0.0348700, 0.0326410, 0.0322410, 0.0341200, 0.0318400, 0.0322800, 0.0337700, 0.0322000, 0.0336000, 0.0337210, 0.0338410, 0.0319600, 0.0321600, 0.0323600, 0.0325600, 0.0343900, 0.0350100, 0.0337500, 0.0340310, 0.0334400, 0.0377500, 0.0335200, 0.0323600, 0.0336700, 0.0342700, 0.0341000, 0.0336410, 0.0334510, 0.0337400, 0.0339600, 0.0337300, 0.0720800, 0.0346200, 0.0343300, 0.0318400, 0.0321600, 0.0322400, 0.0335200, 0.0323210, 0.0326010, 0.0338000, 0.0338600, 0.0322400, 0.0340100, 0.0336400, 0.0332400, 0.0330700, 0.0319610, 0.0347910, 0.0318800, 0.0321600, 0.0370200, 0.0344300, 0.0317200, 0.0334000, 0.0340200, 0.0337110, 0.0349010, 0.0341910, 0.0343200, 0.0320800, 0.0338100, 0.0316800, 0.0321200, 0.0348800, 0.0326410, 0.0322010, 0.0317600, 0.0333700, 0.0322000, 0.0337700 ],
"timesTransferFromDevice": [ 0.0172800, 0.0165200, 0.0180010, 0.0235800, 0.0213700, 0.0195200, 0.0223300, 0.0220900, 0.0198400, 0.0194800, 0.0199600, 0.0202400, 0.0189200, 0.0224200, 0.0199200, 0.0200410, 0.0267510, 0.0201200, 0.0279900, 0.0232900, 0.0259200, 0.0204000, 0.0202400, 0.0202000, 0.0229610, 0.0253310, 0.0195200, 0.0197600, 0.0233500, 0.0210800, 0.0198400, 0.0199200, 0.0192800, 0.0194010, 0.0211600, 0.0194400, 0.0231200, 0.0232200, 0.0239500, 0.0205200, 0.0204000, 0.0196000, 0.0214800, 0.0200400, 0.0230400, 0.0271500, 0.0194800, 0.0210800, 0.0216400, 0.0232210, 0.0250610, 0.0192400, 0.0204000, 0.0226800, 0.0192800, 0.0236100, 0.0190400, 0.0233900, 0.0243110, 0.0235310, 0.0223100, 0.0230510, 0.0242510, 0.0196000, 0.0230100, 0.0198800, 0.0218400, 0.0210000, 0.0233800, 0.0232600, 0.0230110, 0.0211600, 0.0272900, 0.0214400, 0.0225500, 0.0198400, 0.0193200, 0.0241500, 0.0260510, 0.0206010, 0.0236500, 0.0233800, 0.0209600, 0.0258500, 0.0235900, 0.0260000, 0.0197200, 0.0196000, 0.0212000, 0.0208010, 0.0227500, 0.0212800, 0.0233700, 0.0229600, 0.0206800, 0.0208800, 0.0192810, 0.0255100, 0.0246000, 0.0212400 ],
"bins": [ 0, 0, 0, 0, 0, 0, 0, 0, 0, 0, 0, 0, 0, 0, 0, 0, 0, 0, 0, 0, 0, 0, 0, 0, 0, 0, 0, 0, 0, 0, 0, 0, 0, 0, 0, 0, 0, 0, 0, 0, 0, 0, 0, 0, 0, 0, 0, 0, 0, 0, 0, 0, 0, 0, 0, 0, 0, 0, 0, 0, 0, 0, 0, 0, 0, 0, 0, 0, 0, 0, 0, 0, 0, 0, 0, 0, 0, 0, 0, 0, 0, 0, 0, 0, 0, 0, 0, 0, 0, 0, 0, 0, 0, 0, 0, 0, 262144, 0, 0, 0, 0, 0, 0, 0, 0, 0, 0, 0, 0, 0, 0, 0, 0, 0, 0, 0, 0, 0, 0, 0, 0, 0, 0, 0, 0, 0, 0, 0 ]
}
,