{
"inputLengthInCharacters": 131072,
"uniformInput": false,
"useMappingLetter": false,
"measurements": {
"histogram_atomic_global": {
"timesTransferToDevice": [ 0.4477730, 0.0321210, 0.0260010, 0.0254400, 0.0308900, 0.0285400, 0.0289300, 0.0282100, 0.0294300, 0.0295000, 0.0289200, 0.0641100, 0.0302700, 0.0288000, 0.0304400, 0.0305700, 0.0274000, 0.0293400, 0.0286100, 0.0292200, 0.0286600, 0.0303500, 0.0293800, 0.0301000, 0.0290210, 0.0294810, 0.0301410, 0.0293110, 0.0281600, 0.0291000, 0.0288700, 0.0284100, 0.0288600, 0.0291200, 0.0293500, 0.0291300, 0.0293000, 0.0300700, 0.0282900, 0.0300600, 0.0336700, 0.0280900, 0.0290200, 0.0282900, 0.0329100, 0.0296600, 0.0292200, 0.0288410, 0.0285810, 0.0281210, 0.0280010, 0.0280500, 0.0282900, 0.0278900, 0.0296900, 0.0296700, 0.0289400, 0.0293100, 0.0333300, 0.0289000, 0.0322400, 0.0278800, 0.0286100, 0.0299800, 0.0288600, 0.0292910, 0.0329210, 0.0304210, 0.0294110, 0.0303410, 0.0284900, 0.0296200, 0.0288000, 0.0290100, 0.0287000, 0.0721810, 0.0298900, 0.0297500, 0.0301700, 0.0284500, 0.0280100, 0.0298900, 0.0301900, 0.0294300, 0.0291000, 0.0289300, 0.0282600, 0.0287600, 0.0284200, 0.0289400, 0.0299400, 0.0291800, 0.0314110, 0.0294210, 0.0287710, 0.0292910, 0.0282900, 0.0292900, 0.0279200, 0.0289900 ],
"timesExecution": [ 0.0373800, 0.0372900, 0.0361700, 0.0360000, 0.0359610, 0.0352610, 0.0360410, 0.0362910, 0.0356310, 0.0360400, 0.0365800, 0.0359310, 0.0368710, 0.0358210, 0.0356910, 0.0343200, 0.0360100, 0.0363400, 0.0357700, 0.0360700, 0.0356800, 0.0361200, 0.0361000, 0.0342400, 0.0364300, 0.0340800, 0.0364600, 0.0356800, 0.0363500, 0.0357700, 0.0359510, 0.0357310, 0.0506110, 0.0366710, 0.0358910, 0.0358010, 0.0380110, 0.0354810, 0.0346500, 0.0361400, 0.0359600, 0.0361300, 0.0362600, 0.0357600, 0.0356500, 0.0363400, 0.0341200, 0.0358400, 0.0357900, 0.0376700, 0.0365600, 0.0355900, 0.0342400, 0.0356010, 0.0354910, 0.0360610, 0.0359410, 0.0362300, 0.0338800, 0.0358200, 0.0361700, 0.0357200, 0.0359400, 0.0356800, 0.0356000, 0.0364700, 0.0355600, 0.0361000, 0.0340800, 0.0366300, 0.0354700, 0.0338800, 0.0363410, 0.0362210, 0.0359810, 0.0361100, 0.0363400, 0.0356100, 0.0355710, 0.0341210, 0.0359010, 0.0371010, 0.0364310, 0.0340410, 0.0361800, 0.0364000, 0.0363900, 0.0362200, 0.0358500, 0.0361800, 0.0359700, 0.0365500, 0.0368400, 0.0363000, 0.0357200, 0.0357200, 0.0361700, 0.0373000, 0.0356000, 0.0360210 ],
"timesTransferFromDevice": [ 0.4364030, 0.0192800, 0.0193600, 0.0233400, 0.0247100, 0.0240800, 0.0235400, 0.0231400, 0.0221200, 0.0239300, 0.0285800, 0.0200800, 0.0233300, 0.0291200, 0.0229000, 0.0219600, 0.0236700, 0.0236810, 0.0240110, 0.0234510, 0.0237410, 0.0239300, 0.0225200, 0.0228800, 0.0281800, 0.0221600, 0.0226800, 0.0230900, 0.0237500, 0.0218400, 0.0241100, 0.0274200, 0.0240800, 0.0236500, 0.0243400, 0.0240200, 0.0233300, 0.0230100, 0.0235400, 0.0227200, 0.0240310, 0.0233510, 0.0235110, 0.0230010, 0.0240310, 0.0229300, 0.0234800, 0.0216000, 0.0230400, 0.0211600, 0.0230500, 0.0229700, 0.0233400, 0.0234400, 0.0219300, 0.0225200, 0.0236500, 0.0235000, 0.0237100, 0.0233710, 0.0231010, 0.0236810, 0.0229610, 0.0243900, 0.0216400, 0.0232400, 0.0234100, 0.0235100, 0.0233100, 0.0262400, 0.0250900, 0.0231300, 0.0236100, 0.0229100, 0.0246500, 0.0236500, 0.0214000, 0.0242600, 0.0227200, 0.0234100, 0.0230200, 0.0291100, 0.0235700, 0.0232200, 0.0237000, 0.0234210, 0.0246410, 0.0220410, 0.0219600, 0.0241100, 0.0218400, 0.0236100, 0.0220000, 0.0233200, 0.0235600, 0.0227800, 0.0310100, 0.0215600, 0.0212400, 0.0238600 ],
"bins": [ 1053, 1033, 1020, 989, 1013, 1056, 1009, 1034, 1004, 1036, 1040, 1001, 1057, 974, 1016, 1012, 1042, 1069, 1072, 1005, 997, 992, 1053, 1032, 1024, 1055, 982, 1003, 997, 984, 1061, 1052, 1035, 1030, 1006, 1037, 1055, 1041, 1023, 1027, 1030, 974, 983, 1019, 995, 969, 1022, 1003, 1066, 1038, 1037, 1034, 1005, 1025, 963, 1043, 1057, 1003, 992, 1039, 1004, 1038, 1050, 1002, 1042, 1008, 1000, 1056, 967, 1014, 1018, 979, 1055, 1044, 1011, 1025, 1039, 1037, 997, 1031, 1047, 1024, 1033, 1038, 1038, 1049, 1061, 991, 1014, 1033, 1074, 1089, 993, 1029, 1033, 1047, 977, 1057, 943, 1033, 974, 999, 1021, 1036, 1050, 1051, 1091, 1085, 1031, 1011, 1059, 991, 1035, 980, 1034, 1009, 952, 1019, 1015, 1018, 1047, 1056, 1036, 1061, 1012, 984, 973, 1104 ]
}
,
"histogram_atomic_private": {
"timesTransferToDevice": [ 0.0263410, 0.0246800, 0.0240400, 0.0239200, 0.0267900, 0.0262810, 0.0287200, 0.0274200, 0.0293800, 0.0271700, 0.0284800, 0.0278900, 0.0273110, 0.0272900, 0.0280000, 0.0288400, 0.0291700, 0.0282900, 0.0299300, 0.0286600, 0.0287710, 0.0279710, 0.0287600, 0.0293210, 0.0319200, 0.0289100, 0.0295700, 0.0290600, 0.0296100, 0.0280200, 0.0299600, 0.0293110, 0.0289110, 0.0281200, 0.0283000, 0.0290900, 0.0283300, 0.0280000, 0.0276800, 0.0288810, 0.0304010, 0.0280400, 0.0290200, 0.0293600, 0.0287600, 0.0281800, 0.0300100, 0.0280800, 0.0288600, 0.0286000, 0.0282600, 0.0293000, 0.0288310, 0.0286910, 0.0289300, 0.0286600, 0.0300800, 0.0281700, 0.0291300, 0.0296800, 0.0294400, 0.0294400, 0.0283000, 0.0295800, 0.0292400, 0.0308010, 0.0293810, 0.0295200, 0.0301200, 0.0292200, 0.0290000, 0.0281300, 0.0306600, 0.0281800, 0.0302110, 0.0320110, 0.0284100, 0.0288800, 0.0294000, 0.0282600, 0.0283400, 0.0295600, 0.0286400, 0.0283710, 0.0293500, 0.0298600, 0.0285800, 0.0302900, 0.0302200, 0.0293500, 0.0280500, 0.0294500, 0.0284210, 0.0301810, 0.0296400, 0.0301000, 0.0288800, 0.0300100, 0.0292300, 0.0302100 ],
"timesExecution": [ 0.0251600, 0.0243200, 0.0249600, 0.0266500, 0.0274100, 0.0267700, 0.0274600, 0.0276910, 0.0281400, 0.0277300, 0.0280300, 0.0276200, 0.0283100, 0.0295700, 0.0286410, 0.0287610, 0.0266400, 0.0283200, 0.0292900, 0.0290400, 0.0287200, 0.0288400, 0.0271200, 0.0269600, 0.0289600, 0.0289110, 0.0286410, 0.0291000, 0.0268000, 0.0293100, 0.0292800, 0.0284000, 0.0286900, 0.0289800, 0.0283310, 0.0266800, 0.0291600, 0.0292100, 0.0290600, 0.0269600, 0.0289700, 0.0269600, 0.0269210, 0.0271610, 0.0289000, 0.0296100, 0.0292600, 0.2253820, 0.0289400, 0.0276400, 0.0292500, 0.0293400, 0.0286800, 0.0285900, 0.0288500, 0.0287310, 0.0296710, 0.0288000, 0.0288400, 0.0290800, 0.0773100, 0.0303000, 0.0298400, 0.0290300, 0.0288000, 0.0296500, 0.0289400, 0.0286900, 0.0275610, 0.0289700, 0.0288400, 0.0288500, 0.0292200, 0.0291000, 0.0291000, 0.0288400, 0.0294200, 0.0294010, 0.0287310, 0.0294900, 0.0269600, 0.0282800, 0.0288000, 0.0291300, 0.0290600, 0.0288000, 0.0287310, 0.0287810, 0.0267600, 0.0288200, 0.0289200, 0.0288500, 0.0287600, 0.0302600, 0.0286400, 0.0270810, 0.0270010, 0.0272000, 0.0288400, 0.0288100 ],
"timesTransferFromDevice": [ 0.0171200, 0.0167200, 0.0181200, 0.0218800, 0.0256500, 0.0218200, 0.0227000, 0.0225000, 0.0260200, 0.0207610, 0.0212400, 0.0246500, 0.0230400, 0.0244700, 0.0256600, 0.0226400, 0.0214000, 0.0241010, 0.0252800, 0.0231800, 0.0232700, 0.0213600, 0.0560500, 0.0237700, 0.0241100, 0.0269300, 0.0231400, 0.0233500, 0.0233410, 0.0215100, 0.0234500, 0.0234600, 0.0227700, 0.0212800, 0.0241700, 0.0228700, 0.0216810, 0.0233410, 0.0235000, 0.0209200, 0.0220400, 0.0241400, 0.0248100, 0.0263000, 0.0239400, 0.0241710, 0.0241710, 0.0240300, 0.0249900, 0.0228410, 0.0230400, 0.0238800, 0.0265000, 0.0244300, 0.0250700, 0.0233100, 0.0214000, 0.0235000, 0.0233610, 0.0233410, 0.0240900, 0.0241810, 0.0233410, 0.0205200, 0.0228500, 0.0219200, 0.0237400, 0.0232400, 0.0213200, 0.0276500, 0.0234010, 0.0237010, 0.0216800, 0.0230800, 0.0224000, 0.0229300, 0.0233200, 0.0237400, 0.0244100, 0.0244410, 0.0216010, 0.0228100, 0.0239300, 0.0216800, 0.0241100, 0.0231600, 0.0232900, 0.0211200, 0.0259800, 0.0229710, 0.0219600, 0.0237700, 0.0233300, 0.0234700, 0.0241900, 0.0259700, 0.0232900, 0.0215210, 0.0247310, 0.0230900 ],