{
"inputLengthInCharacters": 16777216,
"uniformInput": true,
"useMappingLetter": true,
"measurements": {
"histogram_atomic_global": {
"timesTransferToDevice": [ 2.4266930, 2.0365920, 1.9576410, 1.9613611, 1.9467421, 2.0121019, 2.0601521, 2.0371521, 1.9634610, 1.9498210, 1.9550710, 2.0844619, 2.0437009, 2.0595920, 1.9445310, 1.9713110, 1.9514019, 2.0094919, 1.9549021, 1.9525020, 1.9465320, 1.9639220, 2.0672820, 1.9517720, 1.9427119, 1.9532620, 1.9543320, 1.9603220, 1.9568419, 1.9512920, 1.9515620, 1.9617920, 1.9541420, 2.0390620, 1.9634320, 1.9440320, 1.9535320, 1.9438120, 1.9634520, 1.9538720, 1.9473320, 1.9471520, 2.0280919, 2.0208831, 1.9670420, 1.9557120, 1.9450320, 1.9387020, 1.9635520, 1.9582520, 1.9519020, 1.9585021, 1.9880830, 1.9322129, 1.9445130, 1.9610330, 1.9612020, 1.9505520, 1.9550920, 1.9764020, 1.9377230, 1.9701120, 2.0247431, 1.9395720, 1.9652930, 1.9629230, 1.9487520, 1.9665130, 1.9603730, 2.0329230, 2.0657129, 2.0164831, 1.9641720, 1.9556030, 1.9501430, 2.0664930, 2.0225530, 2.0364430, 1.9495120, 1.9631031, 1.9613630, 1.9540820, 1.9591531, 1.9481220, 2.0645831, 2.0242629, 1.9596130, 1.9555629, 1.9522020, 1.9512920, 1.9554729, 1.9548531, 1.9702220, 2.1376441, 1.9531420, 1.9583920, 1.9475930, 1.9585930, 1.9599230, 1.9443830 ],
"timesExecution": [ 7.4476142, 7.0310822, 7.1653619, 6.9396911, 7.1638422, 6.8915100, 7.1612310, 7.1636009, 7.1629710, 7.1608720, 7.1632018, 7.1619110, 6.8937001, 7.1631122, 6.8927412, 7.1625829, 6.8913808, 7.1621032, 7.1562619, 7.1648731, 7.1736422, 7.1632218, 7.1599231, 6.9074011, 7.1658430, 6.8908210, 7.1620631, 6.8907418, 7.1605139, 7.1632142, 7.1604338, 7.1611438, 7.1605740, 7.1597939, 6.8943119, 7.1757841, 6.9064021, 7.1704941, 6.8985529, 7.1747441, 7.1736450, 7.1764240, 7.1765552, 7.1751451, 7.1728349, 6.9066329, 7.1804538, 6.9053831, 7.1796350, 7.1677060, 7.1651058, 7.1684861, 7.1739650, 7.1837950, 6.9901042, 7.1804752, 6.8939838, 7.1751161, 6.9048328, 7.1784759, 7.1732659, 7.1773758, 7.1729159, 7.1746669, 7.1653461, 6.8953438, 7.1810770, 6.9061441, 7.1757159, 6.9055939, 7.1752372, 7.1722260, 7.1730371, 7.1693759, 7.1709461, 7.1792359, 6.9087539, 7.1620259, 6.9060650, 7.1803470, 6.9056640, 7.1785259, 7.1750369, 7.1836772, 7.1754770, 7.1750169, 7.1631870, 6.9074049, 7.1757970, 6.9055352, 7.1795559, 7.1715860, 7.1774459, 7.1762261, 7.1793170, 7.1809068, 6.9094748, 7.1737161, 6.9075150, 7.1788068 ],
"timesTransferFromDevice": [ 0.4028320, 0.0191600, 0.0188800, 0.0204800, 0.0204400, 0.0199610, 0.0200000, 0.0206400, 0.0202800, 0.0200400, 0.0200800, 0.0205200, 0.0204000, 0.0203200, 0.0204810, 0.0199600, 0.0206000, 0.0199200, 0.0201600, 0.0201200, 0.0203600, 0.0201610, 0.0206400, 0.0199600, 0.0203200, 0.0202000, 0.0203600, 0.0210000, 0.0205200, 0.0198800, 0.0204800, 0.0205600, 0.0209200, 0.0205200, 0.0200000, 0.0197600, 0.0205210, 0.0198000, 0.0200400, 0.0197200, 0.0201600, 0.0203200, 0.0236500, 0.0237900, 0.0206800, 0.0198400, 0.0200810, 0.0208000, 0.0203600, 0.0202400, 0.0204400, 0.0198000, 0.0200800, 0.0201200, 0.0204400, 0.0201600, 0.0204000, 0.0199600, 0.0202000, 0.0240100, 0.0204400, 0.0200400, 0.0206000, 0.0206800, 0.0203600, 0.0198810, 0.0201600, 0.0200000, 0.0201200, 0.0196800, 0.0196400, 0.0198000, 0.0199200, 0.0202000, 0.0206400, 0.0232110, 0.0206400, 0.0199200, 0.0202000, 0.0203200, 0.0198400, 0.0203200, 0.0202800, 0.0200400, 0.0216010, 0.0200000, 0.0202400, 0.0204810, 0.0200000, 0.0199200, 0.0203600, 0.0216810, 0.0203200, 0.0197210, 0.0198000, 0.0197600, 0.0200000, 0.0200000, 0.0196400, 0.0204400 ],
"bins": [ 0, 16777216, 0, 0, 0, 0, 0, 0, 0, 0, 0, 0, 0, 0, 0, 0, 0, 0, 0, 0, 0, 0, 0, 0, 0, 0, 0 ]
}
,
"histogram_atomic_private": {
"timesTransferToDevice": [ 1.9587229, 1.0716170, 1.0589970, 1.0612971, 1.0553470, 1.0641969, 1.0558170, 1.0753870, 1.0610670, 1.0990371, 1.0638371, 1.0561171, 1.0652670, 1.0577670, 1.0622170, 1.0582470, 1.0670570, 1.0568070, 1.1050270, 1.0621769, 1.1358380, 1.0604270, 1.0583570, 1.0601870, 1.0579571, 1.0594471, 1.0601970, 1.0595770, 1.0566170, 1.1075280, 1.0593770, 1.0797770, 1.0596870, 1.0727080, 1.0777370, 1.0590270, 1.0689270, 1.0580970, 1.0586070, 1.0570070, 1.0785871, 1.0601670, 1.1021780, 1.0664170, 1.0585370, 1.0627670, 1.0576770, 1.0652170, 1.0583570, 1.0576470, 1.0587070, 1.0937370, 1.0596271, 1.0579571, 1.0627970, 1.0614470, 1.0602469, 1.0559870, 1.0766280, 1.0575070, 1.0621670, 1.0611370, 1.0590670, 1.0565870, 1.0772370, 1.0583169, 1.1098980, 1.0611070, 1.0556870, 1.0632670, 1.0582470, 1.0569870, 1.0576470, 1.0675670, 1.0558670, 1.0591270, 1.0634670, 1.0620570, 1.0593070, 1.0704970, 1.0617369, 1.0583971, 1.0579070, 1.0568070, 1.0571170, 1.0570370, 1.0629970, 1.0615571, 1.0569770, 1.0625970, 1.0562370, 1.0602170, 1.0933970, 1.0629970, 1.0567970, 1.0594569, 1.0881270, 1.0811470, 1.0591670, 1.1171570 ],
"timesExecution": [ 0.4123230, 0.4118830, 0.4125230, 0.4159530, 0.4147130, 0.4163230, 0.4152330, 0.4162230, 0.4151420, 0.4141130, 0.4150330, 0.4157630, 0.4142320, 0.4167620, 0.4159830, 0.4152730, 0.4158230, 0.4155430, 0.4139730, 0.4163230, 0.4149630, 0.4150230, 0.4149930, 0.4144230, 0.4161220, 0.4157020, 0.4155130, 0.4153930, 0.4157730, 0.4156520, 0.4150430, 0.4158430, 0.4151530, 0.4161620, 0.4159530, 0.4163230, 0.4145530, 0.4138330, 0.4154320, 0.4155230, 0.4154430, 0.4159830, 0.4153220, 0.4149130, 0.4201430, 0.4162730, 0.4148130, 0.4163620, 0.4163930, 0.4150330, 0.4163130, 0.4168920, 0.4159720, 0.4157820, 0.4160230, 0.4151130, 0.4157230, 0.4154730, 0.4155420, 0.4171330, 0.4158330, 0.4162730, 0.4147820, 0.4160420, 0.4158930, 0.4151230, 0.4161220, 0.4147230, 0.4152330, 0.4156730, 0.4160330, 0.4165820, 0.4140730, 0.4151430, 0.4160530, 0.4163530, 0.4143620, 0.4153130, 0.4155930, 0.4149830, 0.4162230, 0.4167120, 0.4147230, 0.4228430, 0.4161130, 0.4145830, 0.4154320, 0.4159230, 0.4145430, 0.4155930, 0.4158430, 0.4162620, 0.4159830, 0.4169130, 0.4187420, 0.4165930, 0.4145730, 0.4154320, 0.4163030, 0.4160030 ],
"timesTransferFromDevice": [ 0.0190400, 0.0175200, 0.0193200, 0.0244600, 0.0228400, 0.0235000, 0.0308200, 0.0243400, 0.0227600, 0.0210400, 0.0236500, 0.0248300, 0.0234510, 0.0235000, 0.0216400, 0.0243700, 0.0240500, 0.0245000, 0.0246800, 0.0245500, 0.0231500, 0.0235400, 0.0232600, 0.0245600, 0.0279610, 0.0233100, 0.0207600, 0.0230800, 0.0228900, 0.0234300, 0.0237700, 0.0237400, 0.0236800, 0.0240710, 0.0231000, 0.0235000, 0.0244400, 0.0231200, 0.0229410, 0.0247900, 0.0237800, 0.0242500, 0.0209200, 0.0241800, 0.0229700, 0.0245200, 0.0202400, 0.0236810, 0.0245100, 0.0238200, 0.0233200, 0.0241710, 0.0230800, 0.0279410, 0.0232700, 0.0240300, 0.0241600, 0.0229700, 0.0242100, 0.0249000, 0.0233800, 0.0238900, 0.0229010, 0.0284300, 0.0242300, 0.0232300, 0.0211200, 0.0233700, 0.0202000, 0.0226800, 0.0289600, 0.0246910, 0.0234400, 0.0241900, 0.0240700, 0.0234500, 0.0216400, 0.0244200, 0.0237800, 0.0206400, 0.0235200, 0.0235200, 0.0233800, 0.0229700, 0.0240700, 0.0277810, 0.0229700, 0.0250900, 0.0249500, 0.0241000, 0.0206800, 0.0238600, 0.0227200, 0.0249200, 0.0247610, 0.0243000, 0.0232100, 0.0241310, 0.0241000, 0.0235300 ],
"bins": [ 0, 16777216, 0, 0, 0, 0, 0, 0, 0, 0, 0, 0, 0, 0, 0, 0, 0, 0, 0, 0, 0, 0, 0, 0, 0, 0, 0 ]
}
,