{
"inputLengthInCharacters": 524288,
"uniformInput": true,
"useMappingLetter": false,
"measurements": {
"histogram_atomic_global": {
"timesTransferToDevice": [ 0.4582170, 0.0572700, 0.0547090, 0.0541700, 0.0526300, 0.0505100, 0.0498200, 0.0502800, 0.0496200, 0.0495000, 0.0498790, 0.0904800, 0.0497900, 0.0493300, 0.0528900, 0.0489500, 0.0489290, 0.0489600, 0.0486700, 0.0484600, 0.0524600, 0.0491000, 0.0489000, 0.0492790, 0.0502800, 0.0492400, 0.0499000, 0.0488100, 0.0483100, 0.0485500, 0.0482990, 0.0488600, 0.0485500, 0.0500700, 0.0492800, 0.0490600, 0.0487000, 0.0491090, 0.0486800, 0.0484300, 0.0488800, 0.0485900, 0.0480600, 0.0491600, 0.0496690, 0.0488100, 0.0489300, 0.0485000, 0.0486200, 0.0496500, 0.0487400, 0.0491890, 0.0485500, 0.0483000, 0.0487000, 0.0495600, 0.0482200, 0.0491200, 0.0492690, 0.0487500, 0.0485500, 0.0485400, 0.0493400, 0.0494100, 0.0500800, 0.0491690, 0.0491990, 0.0494200, 0.0483400, 0.0488900, 0.0483800, 0.0492200, 0.0527490, 0.0486290, 0.0487500, 0.0877900, 0.0489500, 0.0486600, 0.0494900, 0.0478890, 0.0487100, 0.0542200, 0.0543100, 0.0493700, 0.0536890, 0.0529100, 0.0497300, 0.0486900, 0.0489700, 0.0486600, 0.0488800, 0.0487490, 0.0492900, 0.0486200, 0.0485100, 0.0486300, 0.0492700, 0.0484600, 0.0500590, 0.0485000 ],
"timesExecution": [ 0.2425990, 0.2425190, 0.2413600, 0.2445290, 0.2436590, 0.4598780, 0.2425190, 0.2422390, 0.2426790, 0.2438690, 0.2443100, 0.2448390, 0.2446090, 0.2439090, 0.2423190, 0.2438290, 0.2429600, 0.2423590, 0.2423190, 0.2423990, 0.2423990, 0.2432190, 0.2439990, 0.2421600, 0.2421990, 0.2443890, 0.2444490, 0.2439090, 0.2437090, 0.2423990, 0.2441500, 0.2421990, 0.2439290, 0.2421990, 0.2423590, 0.2422790, 0.2422790, 0.2425200, 0.2438390, 0.2423990, 0.2425590, 0.2435990, 0.2425590, 0.2423190, 0.2421600, 0.2441090, 0.2438290, 0.2420790, 0.2441590, 0.2419990, 0.2420390, 0.2442800, 0.2422790, 0.2435890, 0.2437090, 0.2424790, 0.2439590, 0.2438790, 0.2421600, 0.2424790, 0.2438690, 0.2419990, 0.2424790, 0.2436590, 0.2437490, 0.2425600, 0.2420400, 0.2420790, 0.2427690, 0.2423990, 0.2420390, 0.2421190, 0.2429600, 0.2424800, 0.2441390, 0.2421990, 0.2434990, 0.2439490, 0.2421200, 0.2418400, 0.2436790, 0.2437790, 0.2423990, 0.2421190, 0.2438300, 0.2424390, 0.2438290, 0.2421990, 0.2422790, 0.2423590, 0.2418800, 0.2439100, 0.2424790, 0.2421190, 0.2439590, 0.2437490, 0.2423990, 0.2421600, 0.2419600, 0.2440290 ],
"timesTransferFromDevice": [ 0.3941590, 0.0184000, 0.0173190, 0.0202400, 0.0199600, 0.0194800, 0.0197600, 0.0206000, 0.0202000, 0.0196400, 0.0204800, 0.0202000, 0.0202400, 0.0212000, 0.0201600, 0.0198400, 0.0196000, 0.0196800, 0.0205600, 0.0203600, 0.0208800, 0.0203600, 0.0205600, 0.0200390, 0.0208800, 0.0205600, 0.0193600, 0.0204800, 0.0198800, 0.0205600, 0.0199990, 0.0202800, 0.0196800, 0.0200000, 0.0205600, 0.0202400, 0.0200000, 0.0203990, 0.0195600, 0.0202000, 0.0202000, 0.0198000, 0.0193600, 0.0200800, 0.0200000, 0.0202800, 0.0199600, 0.0196800, 0.0206400, 0.0199600, 0.0198400, 0.0206400, 0.0200400, 0.0192000, 0.0200800, 0.0201600, 0.0204800, 0.0201600, 0.0204800, 0.0204400, 0.0202400, 0.0198800, 0.0194000, 0.0200400, 0.0200800, 0.0201200, 0.0199600, 0.0195200, 0.0205200, 0.0198800, 0.0205200, 0.0204000, 0.0194400, 0.0202000, 0.0207200, 0.0200800, 0.0209200, 0.0213200, 0.0200400, 0.0203200, 0.0243800, 0.0243200, 0.0243000, 0.0245400, 0.0241600, 0.0243700, 0.0196400, 0.0203600, 0.0206800, 0.0202000, 0.0196800, 0.0196000, 0.0229900, 0.0201200, 0.0200400, 0.0198000, 0.0202800, 0.0203200, 0.0199990, 0.0197200 ],
"bins": [ 0, 0, 0, 0, 0, 0, 0, 0, 0, 0, 0, 0, 0, 0, 0, 0, 0, 0, 0, 0, 0, 0, 0, 0, 0, 0, 0, 0, 0, 0, 0, 0, 0, 0, 0, 0, 0, 0, 0, 0, 0, 0, 0, 0, 0, 0, 0, 0, 0, 0, 0, 0, 0, 0, 0, 0, 0, 0, 0, 0, 0, 0, 0, 0, 0, 0, 0, 0, 0, 0, 0, 0, 0, 0, 0, 0, 0, 0, 0, 0, 0, 0, 0, 0, 0, 0, 0, 0, 0, 0, 0, 0, 0, 0, 0, 0, 524288, 0, 0, 0, 0, 0, 0, 0, 0, 0, 0, 0, 0, 0, 0, 0, 0, 0, 0, 0, 0, 0, 0, 0, 0, 0, 0, 0, 0, 0, 0, 0 ]
}
,
"histogram_atomic_private": {
"timesTransferToDevice": [ 0.0474600, 0.0453490, 0.0459900, 0.0456200, 0.0481300, 0.0486400, 0.0511400, 0.0489400, 0.0478400, 0.0473800, 0.0477700, 0.0476200, 0.0481290, 0.0481300, 0.0492590, 0.0521900, 0.0496190, 0.0481400, 0.0489000, 0.0487000, 0.0531300, 0.0486800, 0.0481000, 0.0490700, 0.0490800, 0.0490400, 0.0486400, 0.0483390, 0.0487100, 0.0485790, 0.0502000, 0.0490300, 0.0497200, 0.0492500, 0.0492800, 0.0506200, 0.0491200, 0.0492400, 0.0486600, 0.0489500, 0.0496700, 0.0496100, 0.0489100, 0.0483900, 0.0486000, 0.0491200, 0.0493400, 0.0483400, 0.0490400, 0.0497600, 0.0490800, 0.0490500, 0.0494200, 0.0493600, 0.0494100, 0.0505500, 0.0496300, 0.0492100, 0.0489100, 0.0485900, 0.0483800, 0.0500900, 0.0500100, 0.0511800, 0.0481800, 0.0485500, 0.0487300, 0.0489900, 0.0485100, 0.0485500, 0.0482200, 0.0490100, 0.0492600, 0.0501100, 0.0489500, 0.0485900, 0.0492500, 0.0528800, 0.0489700, 0.0487400, 0.0487000, 0.0486690, 0.0488700, 0.0481790, 0.0490000, 0.0487190, 0.0484300, 0.0489090, 0.0485800, 0.0500490, 0.0490400, 0.0492590, 0.0497700, 0.0485490, 0.0491000, 0.0488690, 0.0487500, 0.0483490, 0.0487500, 0.0492100 ],
"timesExecution": [ 0.0376300, 0.0368400, 0.0374100, 0.0381890, 0.0378700, 0.0378590, 0.0396500, 0.0394690, 0.0382800, 0.0381700, 0.0389000, 0.0380900, 0.0399700, 0.0390000, 0.0396800, 0.0376800, 0.0375200, 0.0397300, 0.0387490, 0.0376800, 0.0377990, 0.0394400, 0.0392000, 0.0398400, 0.0392700, 0.0392500, 0.0389600, 0.0391200, 0.0396900, 0.0399300, 0.0392400, 0.0396100, 0.0399000, 0.0390400, 0.0397300, 0.0396900, 0.0399500, 0.0397300, 0.0400090, 0.0395100, 0.0394390, 0.0401500, 0.0396490, 0.0395500, 0.0389990, 0.0398500, 0.0395290, 0.0403100, 0.0425090, 0.0392100, 0.0391190, 0.0374800, 0.0388690, 0.0391200, 0.0396100, 0.0394400, 0.0389600, 0.0393200, 0.0393900, 0.0388700, 0.0811590, 0.0378800, 0.0394390, 0.0393200, 0.0390690, 0.0395100, 0.0388290, 0.0375100, 0.0391900, 0.0375200, 0.0395900, 0.0392800, 0.0393700, 0.0395600, 0.0384700, 0.0385100, 0.0396800, 0.0391200, 0.0391500, 0.0389600, 0.0393900, 0.0391600, 0.0390000, 0.0390000, 0.0396200, 0.0387400, 0.0373200, 0.0396500, 0.0392400, 0.0394500, 0.0394000, 0.0394100, 0.0380800, 0.0399700, 0.0395600, 0.0396500, 0.0390300, 0.0393700, 0.0397100, 0.0398600 ],
"timesTransferFromDevice": [ 0.0171200, 0.0170000, 0.0168800, 0.0227400, 0.0188400, 0.0191200, 0.0199600, 0.0197200, 0.0196400, 0.0191190, 0.0194800, 0.0201200, 0.0194400, 0.0225500, 0.0197600, 0.0199200, 0.0204000, 0.0205200, 0.0206000, 0.0202400, 0.0202400, 0.0198400, 0.0209190, 0.0199200, 0.0213600, 0.0200800, 0.0229600, 0.0196800, 0.0196800, 0.0200400, 0.0206000, 0.0204000, 0.0196800, 0.0203600, 0.0202000, 0.0198800, 0.0207600, 0.0197200, 0.0204400, 0.0197200, 0.0212000, 0.0205200, 0.0199600, 0.0196000, 0.0202800, 0.0202000, 0.0198800, 0.0200000, 0.0204000, 0.0204800, 0.0199600, 0.0196400, 0.0200400, 0.0206400, 0.0207200, 0.0196000, 0.0209600, 0.0204800, 0.0207190, 0.0198400, 0.0205200, 0.0206400, 0.0197600, 0.0198000, 0.0202400, 0.0195200, 0.0200800, 0.0200400, 0.0196000, 0.0199200, 0.0201990, 0.0196800, 0.0218790, 0.0195600, 0.0199590, 0.0194400, 0.0200000, 0.0200000, 0.0205600, 0.0200400, 0.0200800, 0.0194800, 0.0202000, 0.0202800, 0.0200000, 0.0246000, 0.0205600, 0.0204000, 0.0206000, 0.0199600, 0.0197200, 0.0199200, 0.0198800, 0.0200800, 0.0198400, 0.0198800, 0.0195200, 0.0202000, 0.0199600, 0.0192400 ],
"bins": [ 0, 0, 0, 0, 0, 0, 0, 0, 0, 0, 0, 0, 0, 0, 0, 0, 0, 0, 0, 0, 0, 0, 0, 0, 0, 0, 0, 0, 0, 0, 0, 0, 0, 0, 0, 0, 0, 0, 0, 0, 0, 0, 0, 0, 0, 0, 0, 0, 0, 0, 0, 0, 0, 0, 0, 0, 0, 0, 0, 0, 0, 0, 0, 0, 0, 0, 0, 0, 0, 0, 0, 0, 0, 0, 0, 0, 0, 0, 0, 0, 0, 0, 0, 0, 0, 0, 0, 0, 0, 0, 0, 0, 0, 0, 0, 0, 524288, 0, 0, 0, 0, 0, 0, 0, 0, 0, 0, 0, 0, 0, 0, 0, 0, 0, 0, 0, 0, 0, 0, 0, 0, 0, 0, 0, 0, 0, 0, 0 ]
}
,