{
"inputLengthInCharacters": 1048576,
"uniformInput": false,
"useMappingLetter": false,
"measurements": {
"histogram_atomic_global": {
"timesTransferToDevice": [ 0.5506370, 0.0958800, 0.0915000, 0.0912790, 0.0944000, 0.0990000, 0.0928890, 0.0929700, 0.0962400, 0.0984700, 0.0940090, 0.1286090, 0.0926800, 0.0927900, 0.0949000, 0.0926990, 0.0928000, 0.0920700, 0.0937600, 0.0937690, 0.0942590, 0.0936300, 0.0957200, 0.0937500, 0.0929690, 0.0936500, 0.0945300, 0.0922500, 0.0975990, 0.0933090, 0.0939800, 0.0975700, 0.0920500, 0.0939390, 0.0928900, 0.0926300, 0.0940900, 0.0944290, 0.0930400, 0.0921100, 0.0930500, 0.0936100, 0.0937290, 0.0940200, 0.0937300, 0.0926800, 0.0941690, 0.0920400, 0.0941600, 0.0926800, 0.0942600, 0.0924490, 0.0947400, 0.0928600, 0.0950800, 0.0929190, 0.0944200, 0.0943700, 0.0939600, 0.0939090, 0.0929890, 0.0920000, 0.0935900, 0.0933800, 0.0939590, 0.0924400, 0.0954400, 0.0938500, 0.0928690, 0.0931700, 0.0938500, 0.0934900, 0.0919490, 0.0953290, 0.0938300, 0.1358300, 0.0921500, 0.0998990, 0.0928090, 0.0937600, 0.0938000, 0.0932000, 0.0948190, 0.0936800, 0.0944600, 0.0930700, 0.0928390, 0.0938500, 0.0941800, 0.0931700, 0.0935200, 0.0943690, 0.0939300, 0.0927700, 0.0927200, 0.0919190, 0.0928800, 0.0942900, 0.0955300, 0.0926090 ],
"timesExecution": [ 0.1033200, 0.1045190, 0.1007600, 0.1039700, 0.1044890, 0.2630890, 0.1045300, 0.1032590, 0.1020400, 0.1038500, 0.1037100, 0.1038400, 0.1037590, 0.1022800, 0.1033100, 0.1019600, 0.1020790, 0.1035990, 0.1020000, 0.1036500, 0.1037600, 0.1020390, 0.1032300, 0.1019200, 0.1037500, 0.1037590, 0.1021590, 0.1019200, 0.1041500, 0.1038000, 0.1039190, 0.1019200, 0.1044200, 0.1040400, 0.1035990, 0.1033890, 0.1033100, 0.1018400, 0.1011600, 0.1037690, 0.1035200, 0.1019600, 0.1036800, 0.1037690, 0.1019600, 0.1033200, 0.1046400, 0.1037600, 0.1025990, 0.1040900, 0.1044000, 0.1036400, 0.1036990, 0.1018000, 0.1039700, 0.1041700, 0.1038290, 0.1015990, 0.1017600, 0.1040400, 0.1037600, 0.1018790, 0.1018800, 0.1043000, 0.1020800, 0.1037590, 0.1017590, 0.1019000, 0.1018800, 0.1036790, 0.1038490, 0.1048300, 0.1026000, 0.1035100, 0.1021190, 0.1035990, 0.1037100, 0.1038800, 0.1041300, 0.1033890, 0.1038000, 0.1037200, 0.1019400, 0.1019590, 0.1018390, 0.1031100, 0.1023200, 0.1041300, 0.1036090, 0.1019600, 0.1033600, 0.1035700, 0.1043290, 0.1018000, 0.1032700, 0.1029400, 0.1036290, 0.1037690, 0.1036000, 0.1037200 ],
"timesTransferFromDevice": [ 0.4501590, 0.0189200, 0.0190800, 0.0239500, 0.0290000, 0.0234100, 0.0230000, 0.0205600, 0.0230790, 0.0236700, 0.0234200, 0.0243500, 0.0235500, 0.0299390, 0.0234200, 0.0234500, 0.0233800, 0.0227600, 0.0224700, 0.0241100, 0.0237100, 0.0230000, 0.0237390, 0.0233800, 0.0231200, 0.0234200, 0.0204800, 0.0233800, 0.0225600, 0.0231300, 0.0231300, 0.0229090, 0.0235400, 0.0232500, 0.0231300, 0.0227500, 0.0237700, 0.0235000, 0.0246300, 0.0239800, 0.0236490, 0.0220400, 0.0206400, 0.0234200, 0.0244600, 0.0227100, 0.0241000, 0.0203200, 0.0240000, 0.0234400, 0.0238100, 0.0235300, 0.0227900, 0.0211990, 0.0234400, 0.0235700, 0.0241800, 0.0246900, 0.0232500, 0.0237700, 0.0228800, 0.0245300, 0.0199990, 0.0237800, 0.0263600, 0.0224000, 0.0204800, 0.0212400, 0.0228500, 0.0211600, 0.0228400, 0.0234100, 0.0214400, 0.0222000, 0.0234400, 0.0233600, 0.0241900, 0.0234300, 0.0221600, 0.0246600, 0.0223590, 0.0228700, 0.0232100, 0.0239000, 0.0235200, 0.0205200, 0.0213200, 0.0216000, 0.0233200, 0.0234300, 0.0231600, 0.0228000, 0.0240900, 0.0233300, 0.0235400, 0.0231100, 0.0256400, 0.0234600, 0.0234300, 0.0234500 ],
"bins": [ 8214, 8159, 8157, 8120, 8184, 8153, 8004, 8109, 8257, 8150, 8246, 8160, 8224, 8089, 8071, 8001, 8328, 8272, 8286, 8088, 8247, 8270, 8206, 8201, 8190, 8200, 8202, 8047, 8170, 8120, 8245, 8135, 8274, 8336, 8087, 8157, 8276, 8168, 8217, 8197, 8193, 8138, 8228, 8249, 8033, 8122, 8344, 8193, 8219, 8157, 8295, 8056, 8273, 8183, 8062, 8251, 8182, 8195, 8118, 8189, 8066, 8272, 8195, 8300, 8287, 8113, 8177, 8149, 8144, 8206, 8176, 8030, 8094, 8176, 8149, 8197, 8343, 8138, 8236, 8142, 8211, 8227, 8402, 8274, 8209, 8399, 8390, 8213, 8056, 8385, 8279, 8263, 8285, 8304, 8110, 8136, 8122, 8192, 7882, 8263, 8133, 8232, 8231, 8020, 8281, 8209, 8379, 8207, 8154, 8202, 8338, 8101, 8252, 8114, 8127, 8162, 8054, 8102, 8101, 8241, 8184, 8171, 8246, 8283, 8214, 8211, 8306, 8232 ]
}
,
"histogram_atomic_private": {
"timesTransferToDevice": [ 0.0893200, 0.0900700, 0.0890200, 0.0895500, 0.0910900, 0.0930290, 0.0915300, 0.0948390, 0.0910700, 0.0939200, 0.0946300, 0.0919200, 0.0925900, 0.0929000, 0.0972590, 0.0930500, 0.0930500, 0.0937400, 0.0943600, 0.0933000, 0.0958200, 0.0924090, 0.0923600, 0.0923800, 0.0936600, 0.0943000, 0.0936700, 0.0930300, 0.0945690, 0.0944400, 0.0978790, 0.0938000, 0.0921700, 0.0921300, 0.0930900, 0.0945390, 0.0941200, 0.0929990, 0.0947300, 0.0935500, 0.0954200, 0.0940300, 0.0928190, 0.0920800, 0.0947690, 0.0935400, 0.0960200, 0.0933900, 0.0931300, 0.0943290, 0.0933300, 0.0930790, 0.0931100, 0.0939700, 0.0927700, 0.0935700, 0.0933490, 0.0926100, 0.0938790, 0.0927800, 0.0930800, 0.1025390, 0.0953900, 0.0982890, 0.0928300, 0.0926000, 0.0920000, 0.0929300, 0.0929200, 0.0941800, 0.0934290, 0.0940100, 0.0956800, 0.0924100, 0.0927400, 0.0933090, 0.0924100, 0.0957690, 0.0978500, 0.0934300, 0.0932700, 0.0935600, 0.0933690, 0.0933000, 0.0974490, 0.0940100, 0.0969100, 0.0935600, 0.0936100, 0.0933890, 0.0942200, 0.0928890, 0.0920600, 0.0938200, 0.0963900, 0.0919900, 0.0921990, 0.0943000, 0.0928300, 0.0938400 ],
"timesExecution": [ 0.0303600, 0.0309990, 0.0311600, 0.0336390, 0.0339700, 0.0327200, 0.0344800, 0.0340300, 0.0343900, 0.0351600, 0.0348700, 0.0356200, 0.0350300, 0.0349900, 0.0349900, 0.0335200, 0.0359200, 0.0339590, 0.0354500, 0.0362000, 0.0354100, 0.0352100, 0.0356300, 0.0356000, 0.0334400, 0.0332000, 0.0331600, 0.0347200, 0.0356100, 0.0352300, 0.0355600, 0.0350800, 0.0353100, 0.0347600, 0.0334800, 0.0362400, 0.0334000, 0.0358100, 0.0351200, 0.0358600, 0.0335200, 0.0349600, 0.0354500, 0.0348000, 0.0342000, 0.0334400, 0.0358500, 0.0357190, 0.0333200, 0.0356100, 0.0335200, 0.0358100, 0.0354700, 0.0352000, 0.0335990, 0.0351900, 0.0347200, 0.0351200, 0.0355200, 0.0330800, 0.0801200, 0.0356100, 0.0350800, 0.0331600, 0.0334400, 0.0357300, 0.0356990, 0.0353800, 0.0337200, 0.0349500, 0.0335600, 0.0334000, 0.0357500, 0.0332790, 0.0356400, 0.0351300, 0.0336000, 0.0353300, 0.0339600, 0.0353300, 0.0336790, 0.0353300, 0.0330000, 0.0363100, 0.0350400, 0.0351600, 0.0353400, 0.0343200, 0.0352700, 0.0349200, 0.0351500, 0.0352900, 0.0358000, 0.0354000, 0.0363200, 0.0351500, 0.0347500, 0.0351600, 0.0351100, 0.0353300 ],
"timesTransferFromDevice": [ 0.0167600, 0.0164000, 0.0166000, 0.0223400, 0.0222000, 0.0229400, 0.0208000, 0.0227600, 0.0231100, 0.0197200, 0.0231200, 0.0233700, 0.0237300, 0.0228400, 0.0282900, 0.0231900, 0.0229200, 0.0213600, 0.0234800, 0.0236400, 0.0233300, 0.0229600, 0.0228300, 0.0234000, 0.0242100, 0.0224800, 0.0201600, 0.0216400, 0.0229500, 0.0234400, 0.0231700, 0.0236000, 0.0228300, 0.0238400, 0.0232500, 0.0231600, 0.0232500, 0.0229500, 0.0230000, 0.0240100, 0.0235300, 0.0214400, 0.0235400, 0.0200400, 0.0212000, 0.0262690, 0.0228800, 0.0212800, 0.0234400, 0.0249000, 0.0229300, 0.0234300, 0.0218790, 0.0210400, 0.0216800, 0.0229100, 0.0209200, 0.0237700, 0.0223500, 0.0231090, 0.0234800, 0.0229200, 0.0233800, 0.0208000, 0.0229090, 0.0234400, 0.0204800, 0.0200000, 0.0233300, 0.0223900, 0.0228800, 0.0231300, 0.0283900, 0.0271500, 0.0229300, 0.0226800, 0.0228100, 0.0238000, 0.0240690, 0.0232600, 0.0230000, 0.0239200, 0.0229500, 0.0230100, 0.0231700, 0.0261400, 0.0210400, 0.0216000, 0.0243400, 0.0206400, 0.0234800, 0.0229100, 0.0216800, 0.0236200, 0.0234800, 0.0233600, 0.0234300, 0.0239200, 0.0232300, 0.0238000 ],