{
"inputLengthInCharacters": 524288,
"uniformInput": false,
"useMappingLetter": true,
"measurements": {
"histogram_atomic_global": {
"timesTransferToDevice": [ 0.5040670, 0.0615000, 0.0545200, 0.0551000, 0.0602800, 0.0561200, 0.0557800, 0.0623000, 0.0558500, 0.0537390, 0.0648890, 0.0823790, 0.0521100, 0.0503600, 0.0515900, 0.0503500, 0.0510000, 0.0529900, 0.0517300, 0.0503600, 0.0497100, 0.0501590, 0.0500000, 0.0493100, 0.0492100, 0.0502100, 0.0512500, 0.0502200, 0.0497200, 0.0503300, 0.0502590, 0.0490190, 0.0507500, 0.0512600, 0.0498800, 0.0502600, 0.0493500, 0.0501700, 0.0499000, 0.0499400, 0.0494690, 0.0497100, 0.0498000, 0.0502900, 0.0500800, 0.0501900, 0.0507000, 0.0502500, 0.0501000, 0.0525690, 0.0496390, 0.0498200, 0.0499600, 0.0494200, 0.0491000, 0.0494100, 0.0529300, 0.0505200, 0.0489000, 0.0498090, 0.0494700, 0.0494800, 0.0486500, 0.0490100, 0.0495100, 0.0490300, 0.0478500, 0.0489000, 0.0501490, 0.0487700, 0.0527500, 0.0491900, 0.0498000, 0.0496700, 0.0496300, 0.0975300, 0.0497600, 0.0566400, 0.0494300, 0.0502890, 0.0486600, 0.0504100, 0.0488400, 0.0490900, 0.0490900, 0.0502000, 0.0489800, 0.0497400, 0.0499590, 0.0489300, 0.0502200, 0.0503400, 0.0500200, 0.0485100, 0.0554000, 0.0496400, 0.0497100, 0.0511990, 0.0483790, 0.0487200 ],
"timesExecution": [ 0.1750490, 0.1740390, 0.1749190, 0.1742490, 0.1741590, 0.1742390, 0.1747000, 0.1745000, 0.1739200, 0.1747800, 0.1746500, 0.1741200, 0.1750890, 0.1741590, 0.1750190, 0.1743090, 0.1740790, 0.1748090, 0.1743300, 0.1738000, 0.1750900, 0.1742800, 0.1742400, 0.1720390, 0.1740790, 0.1742590, 0.1738390, 0.1741990, 0.1727200, 0.1738400, 0.1724000, 0.1736400, 0.1741290, 0.1734690, 0.1740790, 0.1743390, 0.1742490, 0.1737700, 0.1740600, 0.1718800, 0.1721600, 0.1748090, 0.1739890, 0.1739290, 0.1722790, 0.1741290, 0.1742500, 0.1723200, 0.1737600, 0.1721600, 0.1722000, 0.1742590, 0.1741690, 0.1721990, 0.1745290, 0.1758990, 0.1746100, 0.1740800, 0.1740800, 0.1738800, 0.1739590, 0.1743190, 0.1721590, 0.1737190, 0.1738890, 0.1744700, 0.1722800, 0.1737600, 0.1739600, 0.1740000, 0.1748990, 0.1744590, 0.1721590, 0.1721990, 0.1739890, 0.1721590, 0.1744400, 0.1737200, 0.1740400, 0.1737500, 0.1742090, 0.1718390, 0.1719190, 0.1725190, 0.1748390, 0.1736500, 0.1725600, 0.1742500, 0.1716400, 0.1735990, 0.1742990, 0.1734290, 0.1743690, 0.1742090, 0.1721990, 0.1718000, 0.1722400, 0.1739500, 0.1744500, 0.1746190 ],
"timesTransferFromDevice": [ 0.4522690, 0.0186000, 0.0186400, 0.0289500, 0.0225800, 0.0206400, 0.0210390, 0.0240900, 0.0211600, 0.0233100, 0.0241500, 0.0241700, 0.0208400, 0.0230400, 0.0210800, 0.0276300, 0.0230000, 0.0261000, 0.0212400, 0.0230400, 0.0235200, 0.0268900, 0.0210000, 0.0239300, 0.0236900, 0.0267200, 0.0229100, 0.0263600, 0.0202390, 0.0237700, 0.0210000, 0.0238900, 0.0232900, 0.0231600, 0.0240000, 0.0227600, 0.0210800, 0.0228500, 0.0215600, 0.0239800, 0.0211600, 0.0212800, 0.0237400, 0.0242500, 0.0206000, 0.0232800, 0.0215600, 0.0284290, 0.0243700, 0.0232600, 0.0199200, 0.0222400, 0.0258600, 0.0244900, 0.0241400, 0.0235500, 0.0267390, 0.0208800, 0.0225100, 0.0219500, 0.0239000, 0.0239100, 0.0231200, 0.0204800, 0.0212400, 0.0230100, 0.0237300, 0.0259800, 0.0234100, 0.0247300, 0.0258100, 0.0200000, 0.0226400, 0.0240800, 0.0234000, 0.0230500, 0.0233000, 0.0239090, 0.0196000, 0.0201200, 0.0233900, 0.0231800, 0.0208800, 0.0227600, 0.0207600, 0.0237900, 0.0230800, 0.0227100, 0.0245700, 0.0197600, 0.0262300, 0.0236900, 0.0229100, 0.0231700, 0.0214800, 0.0261890, 0.0232000, 0.0238300, 0.0204400, 0.0209200 ],
"bins": [ 311444, 8295, 8104, 7952, 8170, 8165, 8168, 8123, 8059, 8241, 8251, 8311, 8187, 8247, 8160, 8189, 8111, 8261, 8013, 8359, 8279, 8206, 8275, 8223, 8167, 8039, 8289 ]
}
,
"histogram_atomic_private": {
"timesTransferToDevice": [ 0.0473200, 0.0464490, 0.0463900, 0.0458300, 0.0472600, 0.0488000, 0.0497500, 0.0494600, 0.0551600, 0.0477900, 0.0486290, 0.0494300, 0.0488090, 0.0499500, 0.0503600, 0.0486900, 0.0486900, 0.0482600, 0.0484200, 0.0500600, 0.0500000, 0.0488800, 0.0485400, 0.0498400, 0.0545700, 0.0528900, 0.0508000, 0.0505790, 0.0487800, 0.0485790, 0.0493800, 0.0500390, 0.0487000, 0.0492000, 0.0500500, 0.0508900, 0.0494200, 0.0494600, 0.0481700, 0.0521900, 0.0492600, 0.0494200, 0.0637100, 0.0496400, 0.0495700, 0.0487800, 0.0492200, 0.0481000, 0.0491790, 0.0488200, 0.0481390, 0.0507300, 0.0488090, 0.0487000, 0.0488900, 0.0496400, 0.0507900, 0.0501300, 0.0540600, 0.0505500, 0.0535580, 0.0502200, 0.0501600, 0.0487800, 0.0507500, 0.0483300, 0.0506990, 0.0493000, 0.0507590, 0.0489300, 0.0515290, 0.0495800, 0.0502090, 0.0507100, 0.0491900, 0.0497200, 0.0505000, 0.0495900, 0.0488200, 0.0550200, 0.0496700, 0.0490700, 0.0500600, 0.0541500, 0.0517400, 0.0494300, 0.0491500, 0.0500700, 0.0495500, 0.0572500, 0.0509200, 0.0475200, 0.0488600, 0.0489290, 0.0480400, 0.0484090, 0.0503300, 0.0493400, 0.0485400, 0.0498500 ],
"timesExecution": [ 0.0353600, 0.0336000, 0.0372100, 0.0361490, 0.0371500, 0.0380500, 0.0361600, 0.0377400, 0.0383500, 0.0390700, 0.0387500, 0.0376400, 0.0388400, 0.0394200, 0.0385700, 0.0398700, 0.0394790, 0.0370400, 0.0399290, 0.0390100, 0.0388000, 0.0386800, 0.0389200, 0.0384800, 0.0404900, 0.0387600, 0.0390500, 0.0393800, 0.0394400, 0.0395900, 0.0386700, 0.0393900, 0.0385500, 0.0397400, 0.0397300, 0.0390890, 0.0393000, 0.0391590, 0.0394100, 0.0385990, 0.0371600, 0.0396600, 0.0370000, 0.0390400, 0.0389900, 0.0387900, 0.0398000, 0.0395200, 0.0392600, 0.0394500, 0.0386800, 0.0390000, 0.0395000, 0.0392500, 0.0391200, 0.0369600, 0.0383490, 0.0384800, 0.0373590, 0.0392900, 0.0766400, 0.0370000, 0.0390900, 0.0370400, 0.0377700, 0.0394500, 0.0391200, 0.0390200, 0.0374800, 0.0373600, 0.0390500, 0.0397000, 0.0387200, 0.0373600, 0.0388300, 0.0385600, 0.0370390, 0.0388700, 0.0391290, 0.0374000, 0.0389790, 0.0390100, 0.0388800, 0.0386300, 0.0388200, 0.0394400, 0.0395200, 0.0368000, 0.0387600, 0.0384700, 0.0396600, 0.0390100, 0.0370000, 0.0390900, 0.0368000, 0.0369600, 0.0395700, 0.0392400, 0.0389100, 0.0370390 ],
"timesTransferFromDevice": [ 0.0164800, 0.0174000, 0.0166400, 0.0217400, 0.0225000, 0.0266090, 0.0226900, 0.0223600, 0.0220800, 0.0231600, 0.0220000, 0.0231300, 0.0229500, 0.0238900, 0.0216000, 0.0235800, 0.0234400, 0.0242700, 0.0268800, 0.0212800, 0.0229300, 0.0234100, 0.0238390, 0.0215600, 0.0238600, 0.0209600, 0.0233300, 0.0236400, 0.0214400, 0.0215200, 0.0273200, 0.0235300, 0.0235200, 0.0273300, 0.0266600, 0.0214000, 0.0216400, 0.0235800, 0.0220800, 0.0237800, 0.0195600, 0.0228690, 0.0238700, 0.0236090, 0.0249300, 0.0228800, 0.0266300, 0.0233200, 0.0227600, 0.0246300, 0.0242200, 0.0234900, 0.0216400, 0.0211200, 0.0259100, 0.0218000, 0.0232900, 0.0218000, 0.0266800, 0.0225900, 0.0231600, 0.0215190, 0.0214800, 0.0231700, 0.0238200, 0.0252000, 0.0213600, 0.0233200, 0.0229700, 0.0236400, 0.0245300, 0.0268900, 0.0234900, 0.0234600, 0.0240800, 0.0230200, 0.0261900, 0.0240100, 0.0236900, 0.0214800, 0.0230300, 0.0243700, 0.0232500, 0.0259300, 0.0212000, 0.0206000, 0.0199190, 0.0257500, 0.0235700, 0.0229100, 0.0211600, 0.0204000, 0.0230000, 0.0237800, 0.0228800, 0.0236000, 0.0232600, 0.0246200, 0.0204800, 0.0215600 ],
"bins": [ 311444, 8295, 8104, 7952, 8170, 8165, 8168, 8123, 8059, 8241, 8251, 8311, 8187, 8247, 8160, 8189, 8111, 8261, 8013, 8359, 8279, 8206, 8275, 8223, 8167, 8039, 8289 ]
}
,