{
"inputLengthInCharacters": 8192,
"uniformInput": true,
"useMappingLetter": false,
"measurements": {
"histogram_atomic_global": {
"timesTransferToDevice": [ 0.0533100, 0.0291800, 0.0266400, 0.0261610, 0.0316400, 0.0297000, 0.0328800, 0.0311700, 0.0291700, 0.0292500, 0.0292900, 0.0283400, 0.0291200, 0.0303610, 0.0290710, 0.0291100, 0.0298400, 0.0322500, 0.0315100, 0.0295000, 0.0317700, 0.0291600, 0.0294510, 0.0302000, 0.0298600, 0.0293700, 0.0288400, 0.0328500, 0.0312600, 0.0286910, 0.0277410, 0.0288400, 0.0330600, 0.0300300, 0.0305100, 0.0308200, 0.0273300, 0.0332900, 0.0311200, 0.0295100, 0.0304810, 0.0308110, 0.0315300, 0.0294100, 0.0298600, 0.0294600, 0.0298700, 0.0290700, 0.0288800, 0.0322400, 0.0316910, 0.0310710, 0.0291200, 0.0271100, 0.0311700, 0.0302700, 0.0289100, 0.0336600, 0.0274100, 0.0332310, 0.0331700, 0.0290600, 0.0304000, 0.0291500, 0.0296900, 0.0328800, 0.0330500, 0.0274910, 0.0311310, 0.0308300, 0.0279400, 0.0299400, 0.0293200, 0.0299000, 0.0290200, 0.0328900, 0.0293600, 0.0321500, 0.0289610, 0.0291210, 0.0284300, 0.0319200, 0.0292900, 0.0289200, 0.0292700, 0.0312400, 0.0311300, 0.0321910, 0.0292510, 0.0275400, 0.0249600, 0.0313900, 0.0296300, 0.0265600, 0.0272400, 0.0291710, 0.0321010, 0.0323400, 0.0294700, 0.0288400 ],
"timesExecution": [ 0.0304400, 0.0296400, 0.0286000, 0.0309200, 0.0306000, 0.0306910, 0.0306410, 0.0306700, 0.0303900, 0.0306400, 0.0305400, 0.0529900, 0.0307500, 0.0299900, 0.0302300, 0.0286800, 0.0289210, 0.0310100, 0.0288000, 0.0287600, 0.0300300, 0.0285600, 0.0307100, 0.0303900, 0.0285210, 0.0282800, 0.0284000, 0.0306100, 0.0309000, 0.0304400, 0.0288400, 0.0306400, 0.0305710, 0.0301600, 0.0307710, 0.0302410, 0.0285600, 0.0312000, 0.0304000, 0.0301900, 0.0284000, 0.0301600, 0.0301600, 0.0302410, 0.0304910, 0.0302800, 0.0301100, 0.0283600, 0.0305700, 0.0314300, 0.0305100, 0.0307300, 0.0301800, 0.0301110, 0.0306010, 0.0302700, 0.0299500, 0.0284000, 0.0283600, 0.0304400, 0.0301400, 0.0300710, 0.0288010, 0.0325000, 0.0302800, 0.0298700, 0.0286000, 0.0299500, 0.0306500, 0.0287200, 0.0307710, 0.0307710, 0.0285200, 0.0306800, 0.0289200, 0.0570500, 0.0286400, 0.0308100, 0.0308000, 0.0290000, 0.0302210, 0.0302410, 0.0301110, 0.0283600, 0.0289600, 0.0299900, 0.0313100, 0.0301500, 0.0311300, 0.0308100, 0.0284410, 0.0287200, 0.0306400, 0.0306700, 0.0310000, 0.0306800, 0.0304000, 0.0311700, 0.0303110, 0.0296410 ],
"timesTransferFromDevice": [ 0.4535540, 0.0188410, 0.0179200, 0.0227400, 0.0236300, 0.0205200, 0.0219600, 0.0231200, 0.0233110, 0.0235210, 0.0239600, 0.0213200, 0.0234000, 0.0234200, 0.0235600, 0.0225900, 0.0195600, 0.0262200, 0.0230510, 0.0230410, 0.0228700, 0.0190400, 0.0235700, 0.0227800, 0.0198800, 0.0238900, 0.0232510, 0.0232010, 0.0231200, 0.0224200, 0.0255900, 0.0202800, 0.0545200, 0.0225100, 0.0198000, 0.0230300, 0.0229200, 0.0198010, 0.0192400, 0.0214400, 0.0234100, 0.0226300, 0.0243100, 0.0214800, 0.0226600, 0.0232500, 0.0277010, 0.0206810, 0.0236200, 0.0230300, 0.0227100, 0.0206800, 0.0234600, 0.0232800, 0.0213600, 0.0230210, 0.0214410, 0.0193600, 0.0201600, 0.0208000, 0.0212400, 0.0208400, 0.0238400, 0.0216800, 0.0238410, 0.0201210, 0.0229100, 0.0193200, 0.0208400, 0.0202000, 0.0229200, 0.0248600, 0.0234200, 0.0220410, 0.0202800, 0.0288310, 0.0229500, 0.0232200, 0.0227900, 0.0208400, 0.0269300, 0.0229600, 0.0233100, 0.0232400, 0.0230310, 0.0198400, 0.0201600, 0.0236800, 0.0208400, 0.0230100, 0.0215200, 0.0228700, 0.0199610, 0.0234100, 0.0238000, 0.0200400, 0.0228800, 0.0212000, 0.0232000, 0.0231600 ],
"bins": [ 0, 0, 0, 0, 0, 0, 0, 0, 0, 0, 0, 0, 0, 0, 0, 0, 0, 0, 0, 0, 0, 0, 0, 0, 0, 0, 0, 0, 0, 0, 0, 0, 0, 0, 0, 0, 0, 0, 0, 0, 0, 0, 0, 0, 0, 0, 0, 0, 0, 0, 0, 0, 0, 0, 0, 0, 0, 0, 0, 0, 0, 0, 0, 0, 0, 0, 0, 0, 0, 0, 0, 0, 0, 0, 0, 0, 0, 0, 0, 0, 0, 0, 0, 0, 0, 0, 0, 0, 0, 0, 0, 0, 0, 0, 0, 0, 8192, 0, 0, 0, 0, 0, 0, 0, 0, 0, 0, 0, 0, 0, 0, 0, 0, 0, 0, 0, 0, 0, 0, 0, 0, 0, 0, 0, 0, 0, 0, 0 ]
}
,
"histogram_atomic_private": {
"timesTransferToDevice": [ 0.0168400, 0.0251500, 0.0192010, 0.0264300, 0.0278600, 0.0277700, 0.0267910, 0.0282400, 0.0273000, 0.0304000, 0.0312300, 0.0322400, 0.0311810, 0.0310210, 0.0287500, 0.0302000, 0.0276200, 0.0311700, 0.0312000, 0.0306400, 0.0306010, 0.0303500, 0.0288400, 0.0304500, 0.0288400, 0.0292100, 0.0301700, 0.0274010, 0.0282700, 0.0318600, 0.0287800, 0.0299100, 0.0288400, 0.0274100, 0.0310010, 0.0287110, 0.0297000, 0.0301400, 0.0290500, 0.0313300, 0.0290500, 0.0290810, 0.0319710, 0.0290800, 0.0281100, 0.0301500, 0.0323900, 0.0289500, 0.0312300, 0.0292000, 0.0290410, 0.0319410, 0.0290800, 0.0313500, 0.0277500, 0.0274100, 0.0292100, 0.0291700, 0.0274910, 0.0296510, 0.0304800, 0.0296300, 0.0293710, 0.0291110, 0.0291600, 0.0309800, 0.0288300, 0.0309500, 0.0292100, 0.0293200, 0.0286400, 0.0274110, 0.0308300, 0.0296100, 0.0294000, 0.0303500, 0.0311400, 0.0321300, 0.0261000, 0.0286710, 0.0296100, 0.0320100, 0.0311400, 0.0290000, 0.0295100, 0.0329800, 0.0278500, 0.0315710, 0.0297410, 0.0310700, 0.0308500, 0.0313500, 0.0316100, 0.0297800, 0.0292910, 0.0310710, 0.0312000, 0.0311100, 0.0291000, 0.0293700 ],
"timesExecution": [ 0.0243600, 0.0243600, 0.0241200, 0.0269610, 0.0248000, 0.0276500, 0.0268000, 0.0278700, 0.0277110, 0.0279100, 0.0271600, 0.0287100, 0.0273200, 0.0273600, 0.0286810, 0.0271610, 0.0293700, 0.0292400, 0.0294200, 0.0274000, 0.0272400, 0.0271600, 0.0272810, 0.0278800, 0.0289500, 0.0294100, 0.0272000, 0.0272800, 0.0291900, 0.0274810, 0.0291100, 0.0290700, 0.0269600, 0.0272800, 0.0298600, 0.0291100, 0.0286810, 0.0272810, 0.0274000, 0.0272000, 0.0271800, 0.0290700, 0.0285500, 0.0288400, 0.0289210, 0.0290010, 0.0289900, 0.0291100, 0.0299100, 0.0286600, 0.0293300, 0.0287200, 0.0272000, 0.0313610, 0.0274810, 0.0271600, 0.0291500, 0.0291500, 0.0294300, 0.0288300, 0.0271200, 0.0291600, 0.0288300, 0.0296200, 0.0290800, 0.0275610, 0.0304310, 0.0287100, 0.0296900, 0.0287600, 0.0287900, 0.0273200, 0.0286300, 0.0291710, 0.0292410, 0.0292000, 0.0291600, 0.0284200, 0.0292400, 0.0292800, 0.0270000, 0.0271610, 0.0286410, 0.0266000, 0.0293300, 0.0275600, 0.0290800, 0.0290700, 0.0278000, 0.0272410, 0.0271200, 0.0270800, 0.0291500, 0.0274800, 0.0295600, 0.0272400, 0.0272800, 0.0274810, 0.0295400, 0.0287500 ],
"timesTransferFromDevice": [ 0.0226410, 0.0168000, 0.0173200, 0.0195600, 0.0211510, 0.0176400, 0.0220500, 0.0225500, 0.0220800, 0.0229610, 0.0227210, 0.0196000, 0.0213600, 0.0234800, 0.0229200, 0.0230400, 0.0209600, 0.0203610, 0.0204800, 0.0233500, 0.0201600, 0.0227500, 0.0197200, 0.0238000, 0.0230410, 0.0210800, 0.0223800, 0.0209200, 0.0232900, 0.0259400, 0.0213600, 0.0234110, 0.0218300, 0.0193600, 0.0234100, 0.0235400, 0.0206000, 0.0232400, 0.0195200, 0.0237510, 0.0233700, 0.0259000, 0.0234100, 0.0210000, 0.0235500, 0.0203200, 0.0238600, 0.0196810, 0.0234500, 0.0269500, 0.0257000, 0.0216000, 0.0217100, 0.0234000, 0.0228800, 0.0215210, 0.0212810, 0.0226000, 0.0229800, 0.0207600, 0.0832400, 0.0228700, 0.0233600, 0.0231200, 0.0209200, 0.0234100, 0.0271700, 0.0225400, 0.0237910, 0.0237600, 0.0224200, 0.0235200, 0.0230400, 0.0270600, 0.0210400, 0.0193200, 0.0201610, 0.0192000, 0.0229100, 0.0208400, 0.0226300, 0.0227100, 0.0226300, 0.0229510, 0.0230910, 0.0202000, 0.0234100, 0.0231100, 0.0198000, 0.0210400, 0.0250400, 0.0206410, 0.0229910, 0.0230500, 0.0192000, 0.0195200, 0.0195600, 0.0234400, 0.0236400, 0.0206410 ],
"bins": [ 0, 0, 0, 0, 0, 0, 0, 0, 0, 0, 0, 0, 0, 0, 0, 0, 0, 0, 0, 0, 0, 0, 0, 0, 0, 0, 0, 0, 0, 0, 0, 0, 0, 0, 0, 0, 0, 0, 0, 0, 0, 0, 0, 0, 0, 0, 0, 0, 0, 0, 0, 0, 0, 0, 0, 0, 0, 0, 0, 0, 0, 0, 0, 0, 0, 0, 0, 0, 0, 0, 0, 0, 0, 0, 0, 0, 0, 0, 0, 0, 0, 0, 0, 0, 0, 0, 0, 0, 0, 0, 0, 0, 0, 0, 0, 0, 8192, 0, 0, 0, 0, 0, 0, 0, 0, 0, 0, 0, 0, 0, 0, 0, 0, 0, 0, 0, 0, 0, 0, 0, 0, 0, 0, 0, 0, 0, 0, 0 ]
}
,