{
"inputLengthInCharacters": 32,
"uniformInput": false,
"useMappingLetter": true,
"measurements": {
"histogram_atomic_global": {
"timesTransferToDevice": [ 0.0487000, 0.0209200, 0.0210810, 0.0267800, 0.0267900, 0.0249700, 0.0273200, 0.0241700, 0.0269600, 0.0241710, 0.0263800, 0.0260100, 0.0250400, 0.0234000, 0.0272100, 0.0233900, 0.0252110, 0.0267500, 0.0244300, 0.0234000, 0.0263100, 0.0242600, 0.0246200, 0.0234410, 0.0229500, 0.0252000, 0.0253500, 0.0265200, 0.0230500, 0.0240700, 0.0232410, 0.0271600, 0.0234400, 0.0262300, 0.0303700, 0.0255200, 0.0298200, 0.0227200, 0.0254510, 0.0258800, 0.0248000, 0.0264600, 0.0276500, 0.0272800, 0.0271000, 0.0259310, 0.0270300, 0.0263900, 0.0282600, 0.0268400, 0.0272200, 0.0259410, 0.0254400, 0.0257900, 0.0226600, 0.0235500, 0.0260900, 0.0235510, 0.0242800, 0.0225200, 0.0266700, 0.0247600, 0.0264700, 0.0260810, 0.0295510, 0.0268300, 0.0257500, 0.0238600, 0.0239400, 0.0263500, 0.0252810, 0.0288500, 0.0230000, 0.0226200, 0.0234800, 0.0234200, 0.0273900, 0.0252600, 0.0255910, 0.0251700, 0.0270500, 0.0242700, 0.0255500, 0.0265200, 0.0269510, 0.0254800, 0.0234010, 0.0295600, 0.0233300, 0.0229500, 0.0279300, 0.0268400, 0.0270500, 0.0253410, 0.0274200, 0.0241900, 0.0254500, 0.0256100, 0.0250700, 0.0214810 ],
"timesExecution": [ 0.0293200, 0.0322200, 0.0319800, 0.0318800, 0.0308210, 0.0318010, 0.0302400, 0.0300400, 0.0298800, 0.0315900, 0.0315100, 0.0439710, 0.0312410, 0.0308300, 0.0308800, 0.0312400, 0.0309200, 0.0319000, 0.0315110, 0.0314810, 0.0316900, 0.0306700, 0.0294400, 0.0307600, 0.0310000, 0.0309510, 0.0294400, 0.0306800, 0.0308000, 0.0309400, 0.0291200, 0.0309910, 0.0309410, 0.0321710, 0.0308710, 0.0287600, 0.0292800, 0.0287600, 0.0307100, 0.0313300, 0.0292410, 0.0308700, 0.0294800, 0.0310300, 0.0317500, 0.0292000, 0.0313700, 0.0288010, 0.0294400, 0.0309900, 0.0292000, 0.0307600, 0.0312100, 0.0307510, 0.0309200, 0.0306200, 0.0293600, 0.0293600, 0.0290800, 0.0290010, 0.0294300, 0.0310200, 0.0288800, 0.0308800, 0.0286800, 0.0308710, 0.0305810, 0.0307500, 0.0307400, 0.0309500, 0.0311200, 0.0290800, 0.0308010, 0.0315300, 0.0312800, 0.0587500, 0.0313300, 0.0290400, 0.0309100, 0.0307200, 0.0304610, 0.0308000, 0.0290800, 0.0292800, 0.0309200, 0.0292000, 0.0309900, 0.0316900, 0.0290010, 0.0299200, 0.0287200, 0.0311600, 0.0294000, 0.0293200, 0.0289610, 0.0307110, 0.0291200, 0.0316100, 0.0314900, 0.0307900 ],
"timesTransferFromDevice": [ 0.4656740, 0.0183600, 0.0186800, 0.0206800, 0.0227100, 0.0235000, 0.0192410, 0.0212000, 0.0228600, 0.0231700, 0.0277800, 0.0238600, 0.0227600, 0.0229500, 0.0235310, 0.0214800, 0.0215200, 0.0242400, 0.0216000, 0.0229500, 0.0231810, 0.0212000, 0.0273400, 0.0234100, 0.0215200, 0.0262500, 0.0225900, 0.0213610, 0.0238700, 0.0233500, 0.0234000, 0.0227100, 0.0541700, 0.0243700, 0.0228800, 0.0236410, 0.0239200, 0.0240300, 0.0225900, 0.0261400, 0.0235200, 0.0214400, 0.0229610, 0.0243900, 0.0213200, 0.0230200, 0.0248300, 0.0228800, 0.0228400, 0.0196810, 0.0255700, 0.0234000, 0.0196000, 0.0225100, 0.0226000, 0.0228710, 0.0211600, 0.0232500, 0.0230900, 0.0259100, 0.0234000, 0.0212410, 0.0235800, 0.0256700, 0.0228600, 0.0209600, 0.0206800, 0.0241410, 0.0233600, 0.0230000, 0.0267100, 0.0210400, 0.0234900, 0.0253700, 0.0230810, 0.0225510, 0.0213600, 0.0234300, 0.0233100, 0.0201600, 0.0225900, 0.0210400, 0.0237800, 0.0193200, 0.0260400, 0.0566500, 0.0238700, 0.0234300, 0.0255500, 0.0269400, 0.0210010, 0.0198400, 0.0227500, 0.0222900, 0.0241400, 0.0235600, 0.0234410, 0.0229700, 0.0235700, 0.0239900 ],
"bins": [ 18, 0, 1, 0, 0, 0, 1, 0, 0, 1, 0, 1, 0, 1, 0, 0, 0, 0, 0, 1, 0, 1, 3, 1, 3, 0, 0 ]
}
,
"histogram_atomic_private": {
"timesTransferToDevice": [ 0.0176800, 0.0187600, 0.0224800, 0.0212000, 0.0232300, 0.0252400, 0.0250800, 0.0232300, 0.0294100, 0.0240600, 0.0224300, 0.0262800, 0.0253410, 0.0259300, 0.0244300, 0.0245300, 0.0252800, 0.0227600, 0.0269010, 0.0275600, 0.0246600, 0.0247100, 0.0252000, 0.0251200, 0.0278510, 0.0273710, 0.0235700, 0.0249500, 0.0286600, 0.0256800, 0.0250000, 0.0261210, 0.0251600, 0.0276600, 0.0273300, 0.0244000, 0.0264200, 0.0238710, 0.0274010, 0.0258800, 0.0267200, 0.0272900, 0.0247300, 0.0271600, 0.0251410, 0.0273200, 0.0251700, 0.0260900, 0.0262500, 0.0242700, 0.0256500, 0.0222410, 0.0262800, 0.0269000, 0.0277700, 0.0263500, 0.0256200, 0.0265910, 0.0269100, 0.0211200, 0.0234000, 0.0249600, 0.0248500, 0.0302500, 0.0265600, 0.0275400, 0.0250810, 0.0253500, 0.0246400, 0.0248700, 0.0233200, 0.0236100, 0.0250710, 0.0280010, 0.0267000, 0.0237500, 0.0249700, 0.0295300, 0.0271800, 0.0237210, 0.0279000, 0.0293600, 0.0233400, 0.0230400, 0.0236100, 0.0230900, 0.0237810, 0.0249700, 0.0273600, 0.0264400, 0.0273600, 0.0242700, 0.0271110, 0.0239000, 0.0254200, 0.0231200, 0.0249300, 0.0253200, 0.0254110, 0.0213600 ],
"timesExecution": [ 0.0261210, 0.0260800, 0.0266800, 0.0287210, 0.0295500, 0.0288800, 0.0293100, 0.0302400, 0.0277610, 0.0300800, 0.0305400, 0.0280000, 0.0302400, 0.0303310, 0.0318910, 0.0292400, 0.0309100, 0.0295600, 0.0292000, 0.0290800, 0.0293210, 0.0314900, 0.0312000, 0.0290800, 0.0307800, 0.0324600, 0.0292410, 0.0290800, 0.0290400, 0.0310800, 0.0312000, 0.0310400, 0.0309500, 0.0295610, 0.0316800, 0.0314400, 0.0313200, 0.0295600, 0.0312000, 0.0319010, 0.0317210, 0.0293600, 0.0292800, 0.0293200, 0.0314100, 0.0302800, 0.0296410, 0.0311100, 0.0312900, 0.0294400, 0.0311900, 0.0311400, 0.0310310, 0.0292810, 0.0291600, 0.0294400, 0.0310000, 0.0319800, 0.0310300, 0.0308210, 0.0293600, 0.0293210, 0.0309510, 0.0312700, 0.0293200, 0.0291600, 0.0311500, 0.0313100, 0.0320510, 0.0317700, 0.0315200, 0.0309300, 0.0307500, 0.0291200, 0.0312810, 0.0310410, 0.0294800, 0.0312400, 0.0311100, 0.0288400, 0.0312000, 0.0314410, 0.0314000, 0.0308300, 0.0304600, 0.0292400, 0.0315200, 0.0290410, 0.0308410, 0.0295600, 0.0292000, 0.0290000, 0.0291200, 0.0291200, 0.0307910, 0.0292400, 0.0313700, 0.0310400, 0.0309900, 0.0311700 ],
"timesTransferFromDevice": [ 0.0164800, 0.0221910, 0.0168800, 0.0192400, 0.0213100, 0.0184400, 0.0197600, 0.0219900, 0.0225600, 0.0201200, 0.0222610, 0.0198400, 0.0191600, 0.0227500, 0.0214800, 0.0234310, 0.0234300, 0.0226300, 0.0232500, 0.0252300, 0.0231900, 0.0210400, 0.0232310, 0.0232700, 0.0215200, 0.0259300, 0.0210400, 0.0206800, 0.0228410, 0.0258200, 0.0227100, 0.0198400, 0.0203600, 0.0272200, 0.0246600, 0.0228010, 0.0211600, 0.0227100, 0.0240000, 0.0226800, 0.0233700, 0.0206000, 0.0230810, 0.0226000, 0.0228700, 0.0231500, 0.0233700, 0.0231700, 0.0223410, 0.0234400, 0.0238300, 0.0212400, 0.0228800, 0.0230400, 0.0236810, 0.0228610, 0.0210400, 0.0194800, 0.0226700, 0.0284000, 0.0779800, 0.0237300, 0.0208400, 0.0207610, 0.0218400, 0.0207600, 0.0239800, 0.0236400, 0.0200400, 0.0215600, 0.0260810, 0.0230700, 0.0195200, 0.0224500, 0.0225500, 0.0234500, 0.0206410, 0.0196000, 0.0229200, 0.0228300, 0.0198000, 0.0212800, 0.0234500, 0.0237710, 0.0202400, 0.0215200, 0.0233900, 0.0190800, 0.0229100, 0.0212810, 0.0225410, 0.0211600, 0.0240400, 0.0204000, 0.0225500, 0.0234400, 0.0225910, 0.0232100, 0.0202000, 0.0193200 ],
"bins": [ 18, 0, 1, 0, 0, 0, 1, 0, 0, 1, 0, 1, 0, 1, 0, 0, 0, 0, 0, 1, 0, 1, 3, 1, 3, 0, 0 ]
}
,