{
"inputLengthInCharacters": 8,
"uniformInput": false,
"useMappingLetter": true,
"measurements": {
"histogram_atomic_global": {
"timesTransferToDevice": [ 0.0484500, 0.0249400, 0.0245610, 0.0254800, 0.0270400, 0.0263300, 0.0268700, 0.0245700, 0.0276000, 0.0300810, 0.0260810, 0.0262500, 0.0267500, 0.0266300, 0.0247700, 0.0259900, 0.0268800, 0.0272910, 0.0271310, 0.0272600, 0.0241900, 0.0241300, 0.0249500, 0.0267500, 0.0239610, 0.0269700, 0.0247600, 0.0241900, 0.0279600, 0.0255200, 0.0233210, 0.0243600, 0.0241500, 0.0264500, 0.0248500, 0.0235700, 0.0304100, 0.0248010, 0.0233910, 0.0228600, 0.0267800, 0.0258100, 0.0270400, 0.0266700, 0.0255310, 0.0234300, 0.0264700, 0.0245500, 0.0252300, 0.0232200, 0.0251610, 0.0268600, 0.0249200, 0.0276500, 0.0272600, 0.0268700, 0.0244400, 0.0251610, 0.0263800, 0.0229500, 0.0252800, 0.0234400, 0.0249310, 0.0248310, 0.0252500, 0.0254000, 0.0276500, 0.0267400, 0.0254000, 0.0266810, 0.0251700, 0.0247300, 0.0266300, 0.0271900, 0.0243200, 0.0246010, 0.0248310, 0.0281200, 0.0265900, 0.0254000, 0.0234600, 0.0255500, 0.0272100, 0.0237910, 0.0248400, 0.0265300, 0.0271300, 0.0266600, 0.0265400, 0.0260810, 0.0255110, 0.0267100, 0.0233500, 0.0241600, 0.0229500, 0.0270710, 0.0270700, 0.0273300, 0.0228600, 0.0288900 ],
"timesExecution": [ 0.0284000, 0.0323500, 0.0296800, 0.0319600, 0.0321510, 0.0317410, 0.0317600, 0.0318700, 0.0327800, 0.0315200, 0.0296400, 0.0448910, 0.0295210, 0.0314410, 0.0292400, 0.0315200, 0.0311200, 0.0310800, 0.0313600, 0.0290810, 0.0290010, 0.0314700, 0.0308300, 0.0309500, 0.0301700, 0.0307400, 0.0296010, 0.0310600, 0.0306700, 0.0307800, 0.0315100, 0.0307800, 0.0310010, 0.0293210, 0.0315700, 0.0310700, 0.0311400, 0.0311200, 0.0313600, 0.0308310, 0.0316900, 0.0294400, 0.0310300, 0.0307900, 0.0318100, 0.0310010, 0.0310710, 0.0310800, 0.0293200, 0.0311900, 0.0295600, 0.0306200, 0.0311910, 0.0294800, 0.0312000, 0.0307400, 0.0306700, 0.0312400, 0.0294810, 0.0307910, 0.0287200, 0.0291200, 0.0313200, 0.0311700, 0.0313710, 0.0313200, 0.0296000, 0.0311500, 0.0290400, 0.0292800, 0.0290410, 0.0311900, 0.0308700, 0.0352800, 0.0310300, 0.0584800, 0.0307000, 0.0316400, 0.0307810, 0.0311500, 0.0315200, 0.0312300, 0.0310200, 0.0293200, 0.0293600, 0.0317210, 0.0307900, 0.0312700, 0.0295200, 0.0310600, 0.0293200, 0.0322210, 0.0290010, 0.0289200, 0.0310700, 0.0292800, 0.0308700, 0.0292810, 0.0310800, 0.0308700 ],
"timesTransferFromDevice": [ 0.4667740, 0.0190000, 0.0188800, 0.0196800, 0.0292900, 0.0235100, 0.0237910, 0.0238410, 0.0234300, 0.0206000, 0.0227100, 0.0235700, 0.0199200, 0.0265700, 0.0234510, 0.0228710, 0.0232700, 0.0231100, 0.0236800, 0.0232700, 0.0237200, 0.0195200, 0.0256300, 0.0212000, 0.0194800, 0.0214400, 0.0230800, 0.0203210, 0.0224600, 0.0236300, 0.0205200, 0.0218000, 0.0553700, 0.0194800, 0.0234300, 0.0198010, 0.0214400, 0.0235200, 0.0237700, 0.0231800, 0.0234400, 0.0209610, 0.0231100, 0.0207600, 0.0235500, 0.0234100, 0.0225800, 0.0230210, 0.0233400, 0.0228300, 0.0221600, 0.0210800, 0.0206800, 0.0223810, 0.0266510, 0.0258900, 0.0228900, 0.0231600, 0.0203600, 0.0254800, 0.0213210, 0.0204000, 0.0256300, 0.0229200, 0.0234500, 0.0230700, 0.0222210, 0.0226800, 0.0225200, 0.0210000, 0.0232000, 0.0213600, 0.0239510, 0.0232800, 0.0237600, 0.0214400, 0.0237700, 0.0200000, 0.0233800, 0.0210000, 0.0245110, 0.0234300, 0.0262200, 0.0261900, 0.0226700, 0.0212800, 0.0211600, 0.0212410, 0.0242900, 0.0227400, 0.0230000, 0.0261100, 0.0211600, 0.0220610, 0.0227400, 0.0211600, 0.0229100, 0.0210800, 0.0206400, 0.0256910 ],
"bins": [ 3, 0, 0, 0, 0, 0, 0, 0, 0, 1, 0, 0, 0, 1, 0, 0, 0, 0, 0, 0, 0, 0, 1, 1, 1, 0, 0 ]
}
,
"histogram_atomic_private": {
"timesTransferToDevice": [ 0.0178400, 0.0216000, 0.0185200, 0.0235600, 0.0226710, 0.0291200, 0.0253800, 0.0285600, 0.0327400, 0.0234400, 0.0237610, 0.0246300, 0.0267100, 0.0264600, 0.0233900, 0.0245900, 0.0268110, 0.0234410, 0.0281200, 0.0266700, 0.0269000, 0.0243900, 0.0252800, 0.0251310, 0.0247500, 0.0252400, 0.0234000, 0.0267500, 0.0246300, 0.0234400, 0.0247510, 0.0248600, 0.0266400, 0.0247500, 0.0275300, 0.0247800, 0.0259310, 0.0270000, 0.0274000, 0.0266600, 0.0248000, 0.0302300, 0.0234300, 0.0249210, 0.0267100, 0.0254500, 0.0272800, 0.0270500, 0.0258400, 0.0237700, 0.0270410, 0.0248300, 0.0253200, 0.0258800, 0.0254900, 0.0246700, 0.0242410, 0.0244600, 0.0247100, 0.0264200, 0.0261000, 0.0313900, 0.0265600, 0.0265100, 0.0242500, 0.0269610, 0.0247610, 0.0227600, 0.0273300, 0.0247100, 0.0246800, 0.0312300, 0.0261010, 0.0245300, 0.0251700, 0.0225000, 0.0289500, 0.0273100, 0.0271100, 0.0273210, 0.0266500, 0.0277400, 0.0261600, 0.0242900, 0.0261200, 0.0245400, 0.0233910, 0.0268000, 0.0247900, 0.0249500, 0.0234000, 0.0254900, 0.0248310, 0.0283200, 0.0243100, 0.0244200, 0.0265100, 0.0254700, 0.0280310, 0.0244410 ],
"timesExecution": [ 0.0269200, 0.0262410, 0.0268000, 0.0269200, 0.0275200, 0.0300300, 0.0297810, 0.0298400, 0.0290000, 0.0298800, 0.0308300, 0.0309500, 0.0317210, 0.0293200, 0.0290800, 0.0310400, 0.0317200, 0.0308600, 0.0312410, 0.0310310, 0.0313200, 0.0310700, 0.0312800, 0.0293600, 0.0312600, 0.0316510, 0.0310300, 0.0294000, 0.0292800, 0.0309100, 0.0309200, 0.0311610, 0.0307810, 0.0292800, 0.0314400, 0.0306200, 0.0317300, 0.0295600, 0.0294010, 0.0309500, 0.0307000, 0.0311600, 0.0293600, 0.0317700, 0.0315100, 0.0315610, 0.0312800, 0.0312300, 0.0316900, 0.0315900, 0.0312800, 0.0305810, 0.0313410, 0.0313600, 0.0311100, 0.0316800, 0.0307000, 0.0306200, 0.0315510, 0.0310800, 0.0312500, 0.0292010, 0.0313200, 0.0312700, 0.0293600, 0.0315100, 0.0291600, 0.0316910, 0.0316910, 0.0317600, 0.0306200, 0.0291600, 0.0313300, 0.0297600, 0.0312310, 0.0290400, 0.0291200, 0.0314300, 0.0292800, 0.0321800, 0.0294400, 0.0311210, 0.0313500, 0.0315600, 0.0307500, 0.0312200, 0.0309800, 0.0310800, 0.0314410, 0.0312700, 0.0294000, 0.0307800, 0.0309000, 0.0318000, 0.0311810, 0.0312700, 0.0316900, 0.0317600, 0.0311400, 0.0311200 ],
"timesTransferFromDevice": [ 0.0169200, 0.0170000, 0.0175210, 0.0241800, 0.0222000, 0.0222500, 0.0222400, 0.0241410, 0.0195210, 0.0261200, 0.0213200, 0.0200000, 0.0232300, 0.0258900, 0.0233610, 0.0238500, 0.0231600, 0.0231100, 0.0197600, 0.0210400, 0.0211210, 0.0215600, 0.0233900, 0.0212000, 0.0233500, 0.0256600, 0.0231100, 0.0258310, 0.0235200, 0.0239600, 0.0238100, 0.0230000, 0.0225800, 0.0228410, 0.0227010, 0.0202000, 0.0227900, 0.0228300, 0.0225900, 0.0210400, 0.0215610, 0.0229900, 0.0227500, 0.0238700, 0.0266100, 0.0228200, 0.0218800, 0.0236110, 0.0227500, 0.0201200, 0.0234200, 0.0210800, 0.0229100, 0.0249710, 0.0214800, 0.0210000, 0.0204800, 0.0209200, 0.0233200, 0.0230400, 0.0788110, 0.0217600, 0.0232600, 0.0228810, 0.0229900, 0.0233100, 0.0255500, 0.0253400, 0.0199600, 0.0244110, 0.0224700, 0.0234400, 0.0231100, 0.0228300, 0.0238700, 0.0230700, 0.0229210, 0.0204800, 0.0237100, 0.0233900, 0.0204000, 0.0219200, 0.0225000, 0.0200800, 0.0248900, 0.0259600, 0.0227900, 0.0265000, 0.0232800, 0.0208800, 0.0211600, 0.0210400, 0.0238800, 0.0238800, 0.0215900, 0.0231900, 0.0230810, 0.0262300, 0.0228600, 0.0251700 ],
"bins": [ 3, 0, 0, 0, 0, 0, 0, 0, 0, 1, 0, 0, 0, 1, 0, 0, 0, 0, 0, 0, 0, 0, 1, 1, 1, 0, 0 ]
}
,