{
"inputLengthInCharacters": 262144,
"uniformInput": true,
"useMappingLetter": false,
"measurements": {
"histogram_atomic_global": {
"timesTransferToDevice": [ 0.4906370, 0.0409600, 0.0380500, 0.0414800, 0.0390900, 0.0394290, 0.0388500, 0.0389500, 0.0398800, 0.0399200, 0.0398790, 0.0686590, 0.0420500, 0.0393100, 0.0401000, 0.0390200, 0.0414390, 0.0388800, 0.0398100, 0.0398600, 0.0415600, 0.0401000, 0.0387290, 0.0387300, 0.0439400, 0.0389900, 0.0380000, 0.0462190, 0.0378300, 0.0396200, 0.0388400, 0.0377700, 0.0381800, 0.0385590, 0.0387300, 0.0390500, 0.0384900, 0.0392200, 0.0397100, 0.0406700, 0.0444800, 0.0393000, 0.0380600, 0.0391000, 0.0390390, 0.0395800, 0.0383100, 0.0397800, 0.0387100, 0.0400700, 0.0409800, 0.0403000, 0.0391400, 0.0443900, 0.0398700, 0.0414490, 0.0384800, 0.0392900, 0.0413300, 0.0389700, 0.0391600, 0.0392590, 0.0396400, 0.0393000, 0.0390000, 0.0480400, 0.0405000, 0.0392890, 0.0382300, 0.0387300, 0.0380900, 0.0397500, 0.0392790, 0.0401000, 0.0379000, 0.0813400, 0.0405500, 0.0391000, 0.0409700, 0.0416200, 0.0390900, 0.0390100, 0.0395500, 0.0402100, 0.0368490, 0.0412200, 0.0352100, 0.0367800, 0.0344700, 0.0349300, 0.0363400, 0.0381900, 0.0366800, 0.0364300, 0.0359700, 0.0351300, 0.0363000, 0.0345000, 0.0354000, 0.0347200 ],
"timesExecution": [ 0.1390990, 0.1364790, 0.1380890, 0.1377200, 0.1375600, 0.1375600, 0.1374390, 0.1379790, 0.1358200, 0.1371100, 0.1385600, 0.1376500, 0.1379290, 0.1353590, 0.1374900, 0.1374900, 0.1357200, 0.1377090, 0.1382890, 0.1375990, 0.1356800, 0.1380200, 0.1354000, 0.1392790, 0.1380590, 0.1376490, 0.1381800, 0.1354000, 0.1378200, 0.1381290, 0.1355190, 0.1375700, 0.1390100, 0.1378200, 0.1357990, 0.1380490, 0.1383990, 0.1379000, 0.1377300, 0.1354400, 0.1375590, 0.1372290, 0.1355200, 0.1367800, 0.1380100, 0.1376890, 0.1374090, 0.1351990, 0.1375300, 0.1385200, 0.1375800, 0.1371590, 0.1380590, 0.1377000, 0.1378900, 0.1374400, 0.1352790, 0.1376490, 0.1375790, 0.1373700, 0.1378900, 0.1377400, 0.1373690, 0.1371690, 0.1354790, 0.1379900, 0.1375700, 0.1382200, 0.1374890, 0.1374090, 0.1376100, 0.1376100, 0.1376600, 0.1455690, 0.1373590, 0.1377690, 0.1369490, 0.1373700, 0.1381900, 0.1376200, 0.1372090, 0.1379290, 0.1383900, 0.1375700, 0.1360800, 0.1370390, 0.1382290, 0.1372290, 0.1371600, 0.1371500, 0.1378890, 0.1369190, 0.1356390, 0.1372200, 0.1369100, 0.1370300, 0.1375990, 0.1379790, 0.1374500, 0.1377000 ],
"timesTransferFromDevice": [ 0.4114890, 0.0171600, 0.0191200, 0.0197190, 0.0193600, 0.0212000, 0.0213600, 0.0198000, 0.0215500, 0.0208800, 0.0229900, 0.0231200, 0.0226500, 0.0230700, 0.0209200, 0.0232100, 0.0243000, 0.0228200, 0.0214800, 0.0207200, 0.0231190, 0.0229200, 0.0226400, 0.0227900, 0.0203600, 0.0234500, 0.0234500, 0.0232800, 0.0232800, 0.0225500, 0.0230900, 0.0238090, 0.0235200, 0.0229600, 0.0234100, 0.0213200, 0.0229700, 0.0201600, 0.0204400, 0.0216800, 0.0229100, 0.0232600, 0.0273000, 0.0214400, 0.0203200, 0.0193200, 0.0202800, 0.0214400, 0.0233000, 0.0241100, 0.0232900, 0.0225600, 0.0267200, 0.0230100, 0.0242000, 0.0234800, 0.0213200, 0.0234900, 0.0232200, 0.0201190, 0.0263500, 0.0238700, 0.0263400, 0.0270500, 0.0204800, 0.0238100, 0.0231700, 0.0239800, 0.0234500, 0.0209600, 0.0213590, 0.0234800, 0.0204000, 0.0234800, 0.0269400, 0.0229500, 0.0209600, 0.0228800, 0.0192400, 0.0229600, 0.0209200, 0.0229200, 0.0229300, 0.0211200, 0.0210800, 0.0214000, 0.0239700, 0.0235600, 0.0228700, 0.0225500, 0.0235400, 0.0233500, 0.0232000, 0.0203590, 0.0235000, 0.0234100, 0.0234800, 0.0214000, 0.0208390, 0.0231300 ],
"bins": [ 0, 0, 0, 0, 0, 0, 0, 0, 0, 0, 0, 0, 0, 0, 0, 0, 0, 0, 0, 0, 0, 0, 0, 0, 0, 0, 0, 0, 0, 0, 0, 0, 0, 0, 0, 0, 0, 0, 0, 0, 0, 0, 0, 0, 0, 0, 0, 0, 0, 0, 0, 0, 0, 0, 0, 0, 0, 0, 0, 0, 0, 0, 0, 0, 0, 0, 0, 0, 0, 0, 0, 0, 0, 0, 0, 0, 0, 0, 0, 0, 0, 0, 0, 0, 0, 0, 0, 0, 0, 0, 0, 0, 0, 0, 0, 0, 262144, 0, 0, 0, 0, 0, 0, 0, 0, 0, 0, 0, 0, 0, 0, 0, 0, 0, 0, 0, 0, 0, 0, 0, 0, 0, 0, 0, 0, 0, 0, 0 ]
}
,
"histogram_atomic_private": {
"timesTransferToDevice": [ 0.0361000, 0.0322200, 0.0314100, 0.0315100, 0.0334300, 0.0372700, 0.0347200, 0.0343600, 0.0351490, 0.0336400, 0.0336300, 0.0338200, 0.0351900, 0.0351000, 0.0347600, 0.0351600, 0.0340600, 0.0356690, 0.0347000, 0.0348600, 0.0344700, 0.0349600, 0.0348300, 0.0352500, 0.0349500, 0.0348500, 0.0346990, 0.0344200, 0.0345400, 0.0347100, 0.0343800, 0.0351600, 0.0342600, 0.0344700, 0.0346600, 0.0346590, 0.0351400, 0.0351300, 0.0352000, 0.0351700, 0.0363700, 0.0346300, 0.0356200, 0.0343500, 0.0381090, 0.0349500, 0.0344790, 0.0354200, 0.0347900, 0.0346200, 0.0355500, 0.0347600, 0.0377500, 0.0342300, 0.0343900, 0.0357090, 0.0354200, 0.0349000, 0.0344700, 0.0347900, 0.0347100, 0.0391200, 0.0355700, 0.0350700, 0.0344800, 0.0347100, 0.0346890, 0.0384700, 0.0352000, 0.0352900, 0.0348200, 0.0345800, 0.0354200, 0.0347600, 0.0342700, 0.0347890, 0.0352000, 0.0356400, 0.0354300, 0.0363300, 0.0345600, 0.0348200, 0.0354200, 0.0414500, 0.0345100, 0.0353700, 0.0343890, 0.0342200, 0.0354000, 0.0346600, 0.0348800, 0.0347100, 0.0348400, 0.0351200, 0.0342000, 0.0347890, 0.0349300, 0.0350400, 0.0347200, 0.0344600 ],
"timesExecution": [ 0.0281200, 0.0300400, 0.0336100, 0.0317990, 0.0311900, 0.0332700, 0.0326500, 0.0327900, 0.0336200, 0.0324500, 0.0306790, 0.0317200, 0.0328900, 0.0345800, 0.0343400, 0.0345400, 0.0338700, 0.0338400, 0.0340100, 0.0337490, 0.0339500, 0.0341190, 0.0340800, 0.0339100, 0.0343300, 0.0340800, 0.0338900, 0.0338900, 0.0317190, 0.0339600, 0.0317600, 0.0338000, 0.0338500, 0.0319600, 0.0339300, 0.0336700, 0.0339300, 0.0325200, 0.0316800, 0.0320790, 0.0334300, 0.0336800, 0.0336000, 0.0335600, 0.0323200, 0.0344500, 0.0318400, 0.0334400, 0.0339190, 0.0341700, 0.0334800, 0.0340900, 0.0340100, 0.0335600, 0.0336400, 0.0317200, 0.0337200, 0.0335490, 0.0342500, 0.0339000, 0.0750600, 0.0351600, 0.0340100, 0.0318400, 0.0320800, 0.0338400, 0.0335100, 0.0340400, 0.0341400, 0.0331500, 0.0335890, 0.0336700, 0.0345300, 0.0315200, 0.0339000, 0.0337800, 0.0321200, 0.0337900, 0.0345800, 0.0317590, 0.0322400, 0.0337900, 0.0333600, 0.0335500, 0.0338800, 0.0318800, 0.0332000, 0.0343800, 0.0340490, 0.0317600, 0.0316400, 0.0330900, 0.0345600, 0.0343800, 0.0337700, 0.0339600, 0.0345700, 0.0324100, 0.0322800, 0.0327790 ],
"timesTransferFromDevice": [ 0.0163990, 0.0164400, 0.0162800, 0.0208100, 0.0260300, 0.0256690, 0.0200400, 0.0218800, 0.0218400, 0.0203200, 0.0199200, 0.0210800, 0.0229200, 0.0229100, 0.0229500, 0.0231300, 0.0228000, 0.0231900, 0.0240200, 0.0231400, 0.0231600, 0.0233400, 0.0232900, 0.0229090, 0.0206800, 0.0229100, 0.0213600, 0.0204800, 0.0239400, 0.0232900, 0.0205200, 0.0228000, 0.0229990, 0.0228400, 0.0224800, 0.0234200, 0.0210000, 0.0273600, 0.0227600, 0.0225800, 0.0230400, 0.0225490, 0.0228800, 0.0210000, 0.0233700, 0.0220900, 0.0215200, 0.0231300, 0.0228400, 0.0232300, 0.0205590, 0.0200000, 0.0229200, 0.0230900, 0.0194000, 0.0229200, 0.0204800, 0.0228000, 0.0233400, 0.0231390, 0.0241100, 0.0236600, 0.0200000, 0.0212400, 0.0234100, 0.0240500, 0.0293900, 0.0232400, 0.0224700, 0.0234100, 0.0209600, 0.0229600, 0.0232490, 0.0212400, 0.0240500, 0.0229900, 0.0232500, 0.0212000, 0.0266500, 0.0229300, 0.0229200, 0.0218390, 0.0210000, 0.0228700, 0.0239300, 0.0212000, 0.0234500, 0.0258600, 0.0228500, 0.0232800, 0.0260200, 0.0216000, 0.0231290, 0.0224300, 0.0230300, 0.0221800, 0.0233000, 0.0261400, 0.0240100, 0.0227200 ],
"bins": [ 0, 0, 0, 0, 0, 0, 0, 0, 0, 0, 0, 0, 0, 0, 0, 0, 0, 0, 0, 0, 0, 0, 0, 0, 0, 0, 0, 0, 0, 0, 0, 0, 0, 0, 0, 0, 0, 0, 0, 0, 0, 0, 0, 0, 0, 0, 0, 0, 0, 0, 0, 0, 0, 0, 0, 0, 0, 0, 0, 0, 0, 0, 0, 0, 0, 0, 0, 0, 0, 0, 0, 0, 0, 0, 0, 0, 0, 0, 0, 0, 0, 0, 0, 0, 0, 0, 0, 0, 0, 0, 0, 0, 0, 0, 0, 0, 262144, 0, 0, 0, 0, 0, 0, 0, 0, 0, 0, 0, 0, 0, 0, 0, 0, 0, 0, 0, 0, 0, 0, 0, 0, 0, 0, 0, 0, 0, 0, 0 ]
}
,