{
"inputLengthInCharacters": 1073741824,
"uniformInput": true,
"useMappingLetter": true,
"measurements": {
"histogram_atomic_global": {
"timesTransferToDevice": [ 62.8768768, 63.1498604, 62.5758972, 62.8997688, 64.3256149, 63.0277596, 62.7500114, 62.6733589, 62.4259605, 62.5862389, 62.4594307, 62.7561836, 64.2923660, 64.2306595, 62.7148705, 63.0865326, 62.5933113, 64.4374084, 62.2583122, 62.7092514, 62.2834702, 62.7143517, 62.5028992, 62.7803726, 63.1885910, 63.0369339, 62.5311928, 62.6664200, 64.2257309, 62.5228195, 62.6091003, 62.6749992, 64.0918961, 64.1774216, 62.7146072, 62.9892006, 63.0777702, 64.3256073, 62.8387527, 62.4353065, 62.6640205, 64.3686981, 62.5946884, 62.8641663, 62.9263382, 64.3225784, 62.6171265, 62.2048950, 62.2625771, 64.3379135, 62.7013092, 62.6947670, 62.9339485, 62.9183693, 63.4051819, 62.5404663, 63.2038002, 64.1841049, 64.0903625, 62.7254295, 62.3247566, 64.4053421, 64.1251144, 62.9535065, 62.3167572, 62.5179443, 62.7979698, 62.7224960, 62.6003151, 62.2398758, 62.6296959, 62.6615753, 62.7797470, 64.4168243, 64.8387146, 63.1680489, 62.8843575, 63.1758957, 64.3986130, 62.5026360, 62.5811844, 63.2958565, 64.4507370, 64.1650238, 62.7354240, 62.5889244, 63.0733566, 64.3081207, 62.7677650, 62.7388458, 62.7050858, 64.3024216, 64.4020462, 62.5830727, 62.4668427, 62.8793030, 64.3734741, 63.1689568, 62.3938713, 64.4466858 ],
"timesExecution": [ 449.9942932, 449.7034912, 449.6995544, 450.1824341, 450.0523071, 449.7503052, 449.5944824, 450.0086365, 449.9839478, 449.6456299, 449.9903259, 449.8674622, 449.9710083, 449.5623169, 449.5242920, 449.8991394, 450.0459595, 449.6354675, 449.5309753, 449.9337769, 450.0118103, 449.7397156, 450.2346497, 449.9198914, 450.0314331, 449.6209717, 450.1084595, 449.8815918, 449.9449158, 449.7211609, 449.9335022, 450.0070190, 449.9918213, 449.6556396, 449.7001953, 450.2445679, 450.0133667, 449.9874878, 449.5687256, 449.9656677, 450.0805664, 449.8634033, 449.6965332, 449.9049988, 449.8882446, 449.9168091, 449.6076660, 449.9342651, 450.0136414, 449.9136047, 449.7320251, 449.9598999, 450.0061035, 450.1105042, 449.8768616, 449.9790649, 450.0003662, 450.0169678, 449.7471924, 449.4275513, 449.8520508, 449.9991760, 449.9774780, 449.6634521, 450.0132141, 449.8940735, 449.7285767, 449.7773743, 449.9796143, 450.0054626, 449.7174683, 449.9395142, 450.0305176, 449.9523315, 450.0746155, 449.5632324, 449.9114990, 450.0643921, 449.9487915, 449.8189697, 450.0279236, 449.9155579, 450.0277710, 449.9880371, 449.7722168, 450.0207214, 450.2244568, 449.9300537, 449.7996216, 450.0238953, 450.0386963, 449.8223267, 449.6703796, 449.7409973, 449.9946594, 449.9420166, 449.9887695, 449.6770630, 450.0511780, 450.2137146 ],
"timesTransferFromDevice": [ 0.4243510, 0.0194400, 0.0188800, 0.0194400, 0.0192800, 0.0196000, 0.0620800, 0.0186800, 0.0188000, 0.0193200, 0.0191600, 0.0194000, 0.0199600, 0.0193600, 0.0208800, 0.0194800, 0.0200000, 0.0192400, 0.0185200, 0.0196400, 0.0196000, 0.0187600, 0.0194400, 0.0200800, 0.0199200, 0.0196400, 0.0175200, 0.0193200, 0.0198000, 0.0193200, 0.0191200, 0.0198800, 0.0208000, 0.0197200, 0.0192400, 0.0200400, 0.0200800, 0.0194000, 0.0188800, 0.0198800, 0.0195600, 0.0190000, 0.0191600, 0.0198000, 0.0198000, 0.0196400, 0.0189600, 0.0198800, 0.0195600, 0.0186800, 0.0198800, 0.0196400, 0.0190800, 0.0190800, 0.0190000, 0.0202800, 0.0191600, 0.0190800, 0.0193200, 0.0209600, 0.0199600, 0.0193200, 0.0194000, 0.0192400, 0.0193600, 0.0191600, 0.0188000, 0.0201600, 0.0194800, 0.0194000, 0.0191600, 0.0179200, 0.0194400, 0.0240600, 0.0194400, 0.0202000, 0.0195600, 0.0194000, 0.0200400, 0.0202400, 0.0179600, 0.0181200, 0.0188000, 0.0192800, 0.0200800, 0.0194800, 0.0191600, 0.0196400, 0.0195200, 0.0192800, 0.0194000, 0.0194800, 0.0189600, 0.0194000, 0.0193600, 0.0198000, 0.0195200, 0.0189200, 0.0215200, 0.0199200 ],
"bins": [ 0, 1073741824, 0, 0, 0, 0, 0, 0, 0, 0, 0, 0, 0, 0, 0, 0, 0, 0, 0, 0, 0, 0, 0, 0, 0, 0, 0 ]
}
,
"histogram_atomic_private": {
"timesTransferToDevice": [ 62.9209137, 64.1494904, 62.3804245, 62.7818947, 62.8247528, 62.4139023, 64.1120529, 62.1977730, 62.5351028, 64.1577988, 62.6188927, 64.5297623, 62.7246971, 62.0218315, 62.5485458, 62.5552254, 64.2762222, 62.8773346, 62.8056564, 62.6792831, 62.7908173, 62.9081039, 63.1471443, 62.7375832, 64.4443588, 62.8170433, 62.8059769, 63.0382156, 62.5339127, 64.0536194, 62.5110703, 64.4048004, 62.9343452, 63.2001152, 63.0401115, 63.0210228, 63.0058632, 62.9776573, 63.1560059, 62.4041214, 62.1354408, 62.4986801, 62.6388512, 62.0346718, 62.5708389, 62.2845993, 62.6259651, 62.4147720, 62.1218719, 63.9871559, 62.4520645, 62.3201332, 62.1321602, 62.2827721, 62.0050201, 62.1243706, 61.9529266, 62.3620796, 62.0862999, 61.9746208, 62.5061989, 62.3314018, 61.7124329, 61.9221535, 62.4520416, 61.8226738, 62.4422722, 62.3956184, 62.2625618, 63.6156349, 61.8673515, 62.2911339, 62.5017586, 62.5197334, 62.1724701, 62.5053139, 62.3747406, 63.5673828, 62.1346092, 62.5174522, 62.7454529, 62.4504738, 62.0162582, 62.5831909, 62.1656723, 63.9017944, 62.9677429, 64.5353699, 62.9325447, 62.9145927, 64.3405914, 62.3983727, 64.2820129, 62.4733810, 62.8056221, 62.6382408, 62.4975586, 64.3391953, 62.5648308, 63.0583649 ],
"timesExecution": [ 27.5128994, 26.5201168, 26.7934551, 26.9534359, 27.0139275, 27.1610489, 26.2959232, 26.9350758, 27.1736889, 27.2429085, 27.2841473, 26.9554157, 27.0836887, 26.6750469, 26.9356289, 27.3416176, 26.5096569, 27.5932999, 26.6696663, 26.6171360, 27.3206673, 26.8396568, 27.1282978, 27.2475872, 26.6176968, 26.6058254, 27.1081772, 27.2330875, 26.3286552, 26.6571465, 27.5618801, 26.9674568, 26.7943478, 26.8935089, 27.1539478, 27.3359680, 26.6332054, 27.2114182, 27.0182686, 27.0969887, 27.1111374, 27.0288086, 26.7159462, 27.5055676, 27.0126476, 27.3347282, 26.7332458, 27.2568474, 27.4387283, 26.9016075, 27.5458488, 27.3471279, 26.7329655, 27.7417679, 26.6896858, 27.1519279, 26.7079659, 27.0218086, 26.5646858, 27.3060875, 26.7979259, 27.1074886, 27.4438477, 27.0189686, 26.7458458, 27.2245979, 26.4837246, 26.6125259, 27.3167381, 27.3820477, 27.1885281, 26.9246883, 26.9994888, 27.6055279, 26.6177254, 26.9894485, 27.2729683, 26.9070873, 27.1211281, 27.2693272, 26.4373245, 27.5469284, 26.7897663, 27.2084084, 26.9551754, 27.0050087, 27.0100765, 26.4717560, 26.7314663, 26.6857662, 27.0104561, 27.0481358, 26.7411766, 27.0658169, 26.6688957, 26.9481087, 26.8425961, 27.1027679, 27.3699379, 27.1755486 ],
"timesTransferFromDevice": [ 0.0190000, 0.0202000, 0.0192000, 0.0198400, 0.0186000, 0.0188800, 0.0192800, 0.0194000, 0.0193200, 0.0201600, 0.0195600, 0.0193200, 0.0187600, 0.0195200, 0.0190400, 0.0190810, 0.0197200, 0.0192800, 0.0191200, 0.0196000, 0.0193200, 0.0192400, 0.0192000, 0.0195200, 0.0193600, 0.0188800, 0.0193600, 0.0196400, 0.0185600, 0.0192000, 0.0190400, 0.0183600, 0.0192400, 0.0192000, 0.0192400, 0.0194800, 0.0345200, 0.0191600, 0.0207200, 0.0193200, 0.0191200, 0.0191200, 0.0195200, 0.0192400, 0.0182800, 0.0188000, 0.0190800, 0.0189200, 0.0188400, 0.0188000, 0.0188800, 0.0182800, 0.0185200, 0.0177610, 0.0179600, 0.0181600, 0.0177200, 0.0186400, 0.0188000, 0.0180800, 0.0188800, 0.0182400, 0.0186800, 0.0182000, 0.0177200, 0.0188400, 0.0178000, 0.0178800, 0.0190800, 0.0195600, 0.0188800, 0.0188800, 0.0194400, 0.0191600, 0.0192000, 0.0190000, 0.0188400, 0.0189200, 0.0193600, 0.0193200, 0.0186000, 0.0188000, 0.0194000, 0.0203600, 0.0197600, 0.0201600, 0.0191600, 0.0199600, 0.0194800, 0.0195200, 0.0192400, 0.0191600, 0.0190000, 0.0193600, 0.0190000, 0.0194800, 0.0196400, 0.0190000, 0.0192400, 0.0193600 ],
"bins": [ 0, 1073741824, 0, 0, 0, 0, 0, 0, 0, 0, 0, 0, 0, 0, 0, 0, 0, 0, 0, 0, 0, 0, 0, 0, 0, 0, 0 ]
}
,