{
"inputLengthInCharacters": 131072,
"uniformInput": true,
"useMappingLetter": false,
"measurements": {
"histogram_atomic_global": {
"timesTransferToDevice": [ 0.1224640, 0.1045440, 0.0998400, 0.1009600, 0.1005120, 0.0995520, 0.0996480, 0.0997120, 0.0994240, 0.0996160, 0.0994880, 0.0995520, 0.0995520, 0.0995200, 0.0997760, 0.0994880, 0.0993280, 0.0994560, 0.0993920, 0.0994560, 0.0993600, 0.0998080, 0.0995200, 0.0997120, 0.0995200, 0.0997120, 0.0992640, 0.0998080, 0.0997440, 0.0993920, 0.0998080, 0.0995200, 0.0999360, 0.0997120, 0.0993280, 0.0993600, 0.0994240, 0.0994240, 0.0996480, 0.0995200, 0.0993600, 0.0996800, 0.0997440, 0.0994560, 0.0994880, 0.0995520, 0.0997440, 0.0994560, 0.0995840, 0.0997440, 0.0993280, 0.0993280, 0.0997120, 0.0998080, 0.0994240, 0.0995520, 0.0995200, 0.0995200, 0.0995840, 0.0993920, 0.0995520, 0.0995520, 0.0996160, 0.0993920, 0.0993280, 0.0995520, 0.1002560, 0.0997440, 0.0993600, 0.0993920, 0.0995520, 0.0996480, 0.0996160, 0.0998400, 0.0995840, 0.0992000, 0.1006080, 0.0997760, 0.0994560, 0.0993920, 0.0995520, 0.0996480, 0.0995200, 0.0993600, 0.0993600, 0.0994560, 0.0994560, 0.0994240, 0.0996480, 0.0995840, 0.1044480, 0.1005120, 0.0998080, 0.0995520, 0.0994880, 0.0993280, 0.0995520, 0.0998080, 0.0996160, 0.0992960 ],
"timesExecution": [ 0.1089280, 0.1101440, 0.1077440, 0.1090240, 0.1086400, 0.1076160, 0.1080320, 0.1079360, 0.1080960, 0.1078720, 0.1075840, 0.1080960, 0.1078400, 0.1081600, 0.1080960, 0.1076800, 0.1076480, 0.1074560, 0.1077440, 0.1074880, 0.1075200, 0.1081600, 0.1070400, 0.1074240, 0.1083200, 0.1077440, 0.1074240, 0.1076480, 0.1071360, 0.1081600, 0.1073280, 0.1081600, 0.1073280, 0.1078720, 0.1074560, 0.1071680, 0.1079360, 0.1073920, 0.1077120, 0.1076160, 0.1080320, 0.1077120, 0.1073920, 0.1079680, 0.1076800, 0.1074560, 0.1074560, 0.1082880, 0.1082240, 0.1080640, 0.1072960, 0.1078080, 0.1078400, 0.1075840, 0.1074880, 0.1071040, 0.1077760, 0.1076800, 0.1079040, 0.1072640, 0.1073920, 0.1074880, 0.1082880, 0.1075200, 0.1079360, 0.1081600, 0.1081600, 0.1068160, 0.1078080, 0.1072960, 0.1080320, 0.1076800, 0.1081280, 0.1073600, 0.1077440, 0.1077760, 0.1068480, 0.1075520, 0.1076480, 0.1074240, 0.1084160, 0.1075200, 0.1076480, 0.1078400, 0.1075520, 0.1077440, 0.1078080, 0.1078720, 0.1078400, 0.1072640, 0.1144000, 0.1082560, 0.1081280, 0.1087040, 0.1080640, 0.1081280, 0.1076160, 0.1083200, 0.1078080, 0.1071040 ],
"timesTransferFromDevice": [ 0.0244800, 0.0192960, 0.0190720, 0.0184960, 0.0168640, 0.0172160, 0.0172160, 0.0167360, 0.0174080, 0.0165760, 0.0170880, 0.0170880, 0.0168000, 0.0174720, 0.0167680, 0.0167680, 0.0165440, 0.0168320, 0.0168960, 0.0165120, 0.0175360, 0.0174080, 0.0171520, 0.0177600, 0.0169920, 0.0166720, 0.0163200, 0.0168320, 0.0171520, 0.0225600, 0.0169920, 0.0170880, 0.0169280, 0.0178880, 0.0170880, 0.0170560, 0.0178880, 0.0167360, 0.0176640, 0.0163520, 0.0174720, 0.0166080, 0.0173440, 0.0171520, 0.0166080, 0.0177600, 0.0169600, 0.0169920, 0.0168320, 0.0171840, 0.0171200, 0.0166080, 0.0173440, 0.0171840, 0.0171200, 0.0168000, 0.0164480, 0.0164800, 0.0170240, 0.0167680, 0.0168640, 0.0170240, 0.0169280, 0.0167360, 0.0169920, 0.0168640, 0.0170560, 0.0169600, 0.0171840, 0.0164800, 0.0169600, 0.0169280, 0.0167360, 0.0168640, 0.0176000, 0.0172480, 0.0163840, 0.0166400, 0.0169600, 0.0168960, 0.0169600, 0.0170880, 0.0166400, 0.0168640, 0.0164800, 0.0168000, 0.0175680, 0.0163200, 0.0172480, 0.0226880, 0.0190400, 0.0174400, 0.0173440, 0.0170880, 0.0173440, 0.0175360, 0.0168640, 0.0169920, 0.0170240, 0.0172800 ],
"bins": [ 0, 0, 0, 0, 0, 0, 0, 0, 0, 0, 0, 0, 0, 0, 0, 0, 0, 0, 0, 0, 0, 0, 0, 0, 0, 0, 0, 0, 0, 0, 0, 0, 0, 0, 0, 0, 0, 0, 0, 0, 0, 0, 0, 0, 0, 0, 0, 0, 0, 0, 0, 0, 0, 0, 0, 0, 0, 0, 0, 0, 0, 0, 0, 0, 0, 0, 0, 0, 0, 0, 0, 0, 0, 0, 0, 0, 0, 0, 0, 0, 0, 0, 0, 0, 0, 0, 0, 0, 0, 0, 0, 0, 0, 0, 0, 0, 131072, 0, 0, 0, 0, 0, 0, 0, 0, 0, 0, 0, 0, 0, 0, 0, 0, 0, 0, 0, 0, 0, 0, 0, 0, 0, 0, 0, 0, 0, 0, 0 ]
}
,
"histogram_atomic_private": {
"timesTransferToDevice": [ 0.0991680, 0.0994560, 0.0998400, 0.0995200, 0.0996160, 0.0997760, 0.0993600, 0.0994240, 0.0994880, 0.0994240, 0.0992320, 0.0999040, 0.0995200, 0.0995520, 0.0994880, 0.0998400, 0.0993920, 0.0995840, 0.0994560, 0.0994880, 0.0996160, 0.0996160, 0.0993920, 0.0993600, 0.0994240, 0.0997760, 0.0994880, 0.0994880, 0.0995200, 0.0995840, 0.0997120, 0.0996480, 0.0996800, 0.0994240, 0.0994880, 0.0996480, 0.0994560, 0.0994560, 0.0995840, 0.0997760, 0.0997440, 0.0996480, 0.0994560, 0.0994240, 0.0998080, 0.0994880, 0.0994560, 0.0994560, 0.0993920, 0.0995200, 0.0996800, 0.0994560, 0.0995200, 0.0995200, 0.0994240, 0.0993600, 0.0994240, 0.0998400, 0.0993600, 0.0995840, 0.0997120, 0.0996160, 0.0994560, 0.0996160, 0.0993600, 0.0995200, 0.0994560, 0.0995520, 0.0993600, 0.0996800, 0.0993600, 0.0996800, 0.0993920, 0.0998080, 0.0993920, 0.0993920, 0.0995520, 0.0994240, 0.0993600, 0.0994560, 0.0995840, 0.0994560, 0.0993600, 0.0994560, 0.0995200, 0.0995200, 0.0993920, 0.0998400, 0.0994240, 0.1000640, 0.0993280, 0.0994560, 0.0994240, 0.0995840, 0.0995200, 0.0994880, 0.0992640, 0.0999680, 0.0995200, 0.0993920 ],
"timesExecution": [ 0.0219520, 0.0209920, 0.0208960, 0.0209920, 0.0210240, 0.0210240, 0.0212160, 0.0212800, 0.0208000, 0.0212800, 0.0210240, 0.0211200, 0.0214080, 0.0215680, 0.0209920, 0.0204800, 0.0216960, 0.0213120, 0.0215040, 0.0212160, 0.0208640, 0.0204480, 0.0207040, 0.0216960, 0.0214720, 0.0216000, 0.0214720, 0.0214400, 0.0215360, 0.0210880, 0.0218880, 0.0212800, 0.0212480, 0.0209280, 0.0216960, 0.0212480, 0.0219840, 0.0215040, 0.0221120, 0.0230400, 0.0223360, 0.0210240, 0.0219200, 0.0212480, 0.0212160, 0.0209920, 0.0214080, 0.0214720, 0.0207360, 0.0215360, 0.0209280, 0.0209920, 0.0210880, 0.0206080, 0.0216640, 0.0218560, 0.0220480, 0.0208960, 0.0216320, 0.0213120, 0.0208000, 0.0209920, 0.0214400, 0.0213440, 0.0214720, 0.0208960, 0.0210880, 0.0214080, 0.0216320, 0.0215040, 0.0216320, 0.0211840, 0.0208320, 0.0208320, 0.0215680, 0.0216000, 0.0213760, 0.0221440, 0.0214400, 0.0213120, 0.0208320, 0.0212800, 0.0213440, 0.0210240, 0.0212480, 0.0204800, 0.0208960, 0.0208000, 0.0218880, 0.0212800, 0.0213760, 0.0209600, 0.0214400, 0.0216640, 0.0216320, 0.0206080, 0.0213440, 0.0216320, 0.0211520, 0.0210560 ],
"timesTransferFromDevice": [ 0.0172800, 0.0173440, 0.0169280, 0.0169600, 0.0168320, 0.0174400, 0.0164160, 0.0173440, 0.0168640, 0.0175360, 0.0165120, 0.0167040, 0.0175360, 0.0171520, 0.0173760, 0.0166720, 0.0169600, 0.0176640, 0.0172800, 0.0164800, 0.0168640, 0.0175360, 0.0168000, 0.0169600, 0.0239040, 0.0168960, 0.0169280, 0.0175040, 0.0173760, 0.0165760, 0.0172800, 0.0168000, 0.0173440, 0.0174720, 0.0170880, 0.0165440, 0.0168960, 0.0171840, 0.0171840, 0.0184960, 0.0179200, 0.0171200, 0.0168640, 0.0170560, 0.0176320, 0.0166400, 0.0168320, 0.0168000, 0.0164480, 0.0168960, 0.0166400, 0.0166720, 0.0169600, 0.0168000, 0.0167680, 0.0174400, 0.0169600, 0.0176640, 0.0170880, 0.0165440, 0.0163520, 0.0168000, 0.0174080, 0.0164160, 0.0174400, 0.0169600, 0.0167680, 0.0167360, 0.0173440, 0.0168640, 0.0169280, 0.0164160, 0.0171200, 0.0168640, 0.0166400, 0.0166720, 0.0172800, 0.0178880, 0.0174720, 0.0165120, 0.0169280, 0.0168960, 0.0173440, 0.0169600, 0.0168320, 0.0172480, 0.0166400, 0.0169280, 0.0166400, 0.0179200, 0.0163520, 0.0171840, 0.0165440, 0.0176000, 0.0171840, 0.0168320, 0.0171200, 0.0171840, 0.0166080, 0.0166400 ],
"bins": [ 0, 0, 0, 0, 0, 0, 0, 0, 0, 0, 0, 0, 0, 0, 0, 0, 0, 0, 0, 0, 0, 0, 0, 0, 0, 0, 0, 0, 0, 0, 0, 0, 0, 0, 0, 0, 0, 0, 0, 0, 0, 0, 0, 0, 0, 0, 0, 0, 0, 0, 0, 0, 0, 0, 0, 0, 0, 0, 0, 0, 0, 0, 0, 0, 0, 0, 0, 0, 0, 0, 0, 0, 0, 0, 0, 0, 0, 0, 0, 0, 0, 0, 0, 0, 0, 0, 0, 0, 0, 0, 0, 0, 0, 0, 0, 0, 131072, 0, 0, 0, 0, 0, 0, 0, 0, 0, 0, 0, 0, 0, 0, 0, 0, 0, 0, 0, 0, 0, 0, 0, 0, 0, 0, 0, 0, 0, 0, 0 ]
}
,