{
"inputLengthInCharacters": 16777216,
"uniformInput": false,
"useMappingLetter": false,
"measurements": {
"histogram_atomic_global": {
"timesTransferToDevice": [ 10.5504961, 10.5140800, 10.5126076, 10.5218563, 10.5193281, 10.5168324, 10.5136642, 10.5140162, 10.5135040, 10.5125437, 10.5158396, 10.5079679, 10.5078402, 10.5072317, 10.5081282, 10.5083199, 10.5071363, 10.5079041, 10.5081921, 10.5091524, 10.5081282, 10.5083523, 10.5080643, 10.5078402, 10.5132160, 10.5075836, 10.5086718, 10.5069122, 10.5072002, 10.5082235, 10.5077438, 10.5094719, 10.5075836, 10.5071678, 10.5072317, 10.5090237, 10.5090237, 10.5079041, 10.5203838, 10.5086403, 10.5071039, 10.5071039, 10.5082235, 10.5086079, 10.5078077, 10.5123520, 10.5077124, 10.5077763, 10.5070076, 10.5085115, 10.5100479, 10.5070400, 10.5186558, 10.5095682, 10.5082235, 10.5078077, 10.5079679, 10.5075197, 10.5080957, 10.5076485, 10.5075197, 10.5079679, 10.5070400, 10.5094719, 10.5086079, 10.5071039, 10.5071678, 10.5091524, 10.5072641, 10.5074883, 10.5077438, 10.5229445, 10.5098877, 10.5088644, 10.5089922, 10.5072317, 10.5079679, 10.5088959, 10.5074883, 10.5083199, 10.5074883, 10.5082235, 10.5073919, 10.5083523, 10.5073605, 10.5087042, 10.5087042, 10.5069761, 10.5080643, 10.5077124, 10.5089598, 10.5096321, 10.5083523, 10.5082560, 10.5087357, 10.5081282, 10.5077124, 10.5073605, 10.5087357, 10.5069122 ],
"timesExecution": [ 4.1678081, 4.1699200, 4.1761599, 4.1720319, 4.1719041, 4.1698561, 4.1699839, 4.1695042, 4.1696000, 4.1733441, 4.1697602, 4.1692801, 4.1688962, 4.1686401, 4.1692801, 4.1689920, 4.1685758, 4.1687040, 4.1689920, 4.1692481, 4.1687999, 4.1693439, 4.1687679, 4.1689920, 4.1694398, 4.1691518, 4.1683841, 4.1687360, 4.1690879, 4.1688318, 4.1682882, 4.1684160, 4.1692801, 4.1676798, 4.1687679, 4.1688962, 4.1693120, 4.1727362, 4.1702399, 4.1690559, 4.1683202, 4.1687360, 4.1697602, 4.1691518, 4.1699200, 4.1691842, 4.1687360, 4.1689601, 4.1688962, 4.1704321, 4.1697922, 4.1690879, 4.1682558, 4.1690559, 4.1688638, 4.1690879, 4.1680322, 4.1706238, 4.1683841, 4.1690240, 4.1695042, 4.1696959, 4.1694722, 4.1685119, 4.1686721, 4.1695681, 4.1679039, 4.1685758, 4.1691518, 4.1687679, 4.1798720, 4.1727042, 4.1704640, 4.1682239, 4.1693439, 4.1680322, 4.1684799, 4.1679678, 4.1686721, 4.1689920, 4.1699200, 4.1681600, 4.1687360, 4.1693120, 4.1689281, 4.1688318, 4.1693120, 4.1692481, 4.1686082, 4.1687999, 4.1695361, 4.1703038, 4.1686082, 4.1694398, 4.1685438, 4.1690559, 4.1687679, 4.1682882, 4.1676798, 4.1700802 ],
"timesTransferFromDevice": [ 0.0257280, 0.0203520, 0.0207680, 0.0197760, 0.0195840, 0.0190720, 0.0187200, 0.0189760, 0.0194240, 0.0202240, 0.0186880, 0.0193920, 0.0192320, 0.0191680, 0.0186240, 0.0191680, 0.0184320, 0.0189120, 0.0207040, 0.0197760, 0.0193920, 0.0196800, 0.0190400, 0.0195520, 0.0187200, 0.0189440, 0.0191680, 0.0188160, 0.0193920, 0.0185920, 0.0194240, 0.0189120, 0.0201280, 0.0195520, 0.0187200, 0.0187520, 0.0188800, 0.0203520, 0.0187840, 0.0183680, 0.0190080, 0.0185920, 0.0196800, 0.0189120, 0.0183040, 0.0194880, 0.0187200, 0.0194880, 0.0186880, 0.0197120, 0.0191360, 0.0187840, 0.0193280, 0.0192320, 0.0190400, 0.0192320, 0.0187200, 0.0199360, 0.0189760, 0.0193920, 0.0185280, 0.0189440, 0.0189120, 0.0192000, 0.0190720, 0.0191680, 0.0197760, 0.0194560, 0.0194240, 0.0184960, 0.0248000, 0.0187200, 0.0189760, 0.0192960, 0.0194240, 0.0187520, 0.0188800, 0.0186560, 0.0194240, 0.0195840, 0.0190400, 0.0187520, 0.0192960, 0.0192960, 0.0187200, 0.0181120, 0.0196480, 0.0190080, 0.0184000, 0.0191680, 0.0215680, 0.0192000, 0.0182400, 0.0187840, 0.0189120, 0.0187840, 0.0182720, 0.0189760, 0.0188480, 0.0191040 ],
"bins": [ 130851, 131035, 131117, 131079, 131382, 130910, 130796, 131383, 131611, 130813, 130710, 131159, 131250, 131301, 130994, 131002, 131356, 131316, 130941, 130572, 131223, 130931, 130553, 130601, 131352, 130884, 130617, 131132, 131652, 131125, 130178, 130432, 131306, 131668, 131136, 131202, 131029, 130870, 130501, 131292, 130577, 131414, 131277, 131079, 130404, 130795, 131757, 130902, 130842, 130675, 131329, 130679, 131857, 130814, 130730, 130860, 131139, 131205, 131136, 131170, 130529, 130816, 131306, 131304, 131135, 130488, 131000, 131135, 131499, 131375, 130320, 131570, 130980, 131387, 130662, 130899, 131504, 130971, 131626, 131172, 131352, 131325, 131103, 131493, 131428, 131530, 131491, 131149, 131076, 131712, 130673, 131075, 131401, 130753, 130977, 130869, 131356, 130779, 131208, 131187, 130593, 131120, 130840, 130646, 130988, 130865, 131140, 131138, 131876, 130974, 131780, 130964, 130919, 131381, 131174, 131129, 130777, 130785, 130535, 131553, 131265, 131559, 130792, 131315, 130960, 130613, 131471, 130546 ]
}
,
"histogram_atomic_private": {
"timesTransferToDevice": [ 10.5113602, 10.5102396, 10.5074558, 10.5071678, 10.5088959, 10.5073919, 10.5074244, 10.5085440, 10.5077763, 10.5082560, 10.5075836, 10.5102720, 10.5075521, 10.5077763, 10.5080957, 10.5093117, 10.5098562, 10.5079355, 10.5071678, 10.5070400, 10.5081921, 10.5078402, 10.5088320, 10.5080957, 10.5082560, 10.5106564, 10.5078402, 10.5073919, 10.5075521, 10.5072002, 10.5081596, 10.5173759, 10.5123520, 10.5076160, 10.5081282, 10.5077763, 10.5081596, 10.5080318, 10.5085440, 10.5081596, 10.5081596, 10.5101118, 10.5077438, 10.5077763, 10.5082560, 10.5079355, 10.5077124, 10.5084801, 10.5084162, 10.5076160, 10.5094719, 10.5085764, 10.5074244, 10.5067844, 10.5079679, 10.5081596, 10.5070724, 10.5085440, 10.5068159, 10.5098877, 10.5092163, 10.5079041, 10.5072956, 10.5070076, 10.5078077, 10.5086718, 10.5074883, 10.5084801, 10.5078716, 10.5085764, 10.5074244, 10.5095043, 10.5076799, 10.5067520, 10.5085115, 10.5081596, 10.5073605, 10.5074244, 10.5182724, 10.5081596, 10.5080957, 10.5076160, 10.5072641, 10.5072641, 10.5085764, 10.5087681, 10.5092163, 10.5123844, 10.5085764, 10.5078402, 10.5074244, 10.5102081, 10.5079041, 10.5078077, 10.5079355, 10.5070076, 10.5090237, 10.5090561, 10.5217276, 10.5109444 ],
"timesExecution": [ 0.4792320, 0.4794240, 0.4809280, 0.4811520, 0.4806720, 0.4806080, 0.4812800, 0.4812160, 0.4810240, 0.4811520, 0.4827840, 0.4805120, 0.4805440, 0.4801920, 0.4816960, 0.4811200, 0.4800960, 0.4800640, 0.4810880, 0.4804160, 0.4814400, 0.4808640, 0.4813760, 0.4819200, 0.4816640, 0.4806720, 0.4801280, 0.4804480, 0.4810880, 0.4809600, 0.4814720, 0.4828480, 0.4803840, 0.4819200, 0.4798400, 0.4808640, 0.4810240, 0.4811200, 0.4813120, 0.4810880, 0.4804480, 0.4808320, 0.4811520, 0.4800640, 0.4814720, 0.4806720, 0.4798080, 0.4810880, 0.4806720, 0.4818240, 0.4812480, 0.4808640, 0.4808640, 0.4807040, 0.4814720, 0.4797760, 0.4808960, 0.4803520, 0.4804160, 0.4802240, 0.4822400, 0.4813440, 0.4815360, 0.4799040, 0.4810240, 0.4808640, 0.4807360, 0.4801280, 0.4824640, 0.4815040, 0.4811520, 0.4798720, 0.4807680, 0.4812480, 0.4812800, 0.4807360, 0.4811840, 0.4804800, 0.4804480, 0.4816000, 0.4804160, 0.4799360, 0.4810560, 0.4807040, 0.4813120, 0.4818560, 0.4830720, 0.4821120, 0.4829120, 0.4805440, 0.4817280, 0.4820160, 0.4816320, 0.4807040, 0.4803520, 0.4808640, 0.4815680, 0.4883840, 0.4816960, 0.4816960 ],