{
"inputLengthInCharacters": 268435456,
"uniformInput": false,
"useMappingLetter": true,
"measurements": {
"histogram_atomic_global": {
"timesTransferToDevice": [ 167.2144623, 167.1947479, 167.1925812, 167.1973419, 167.2122192, 167.1894684, 167.1923828, 167.1893768, 167.1968689, 167.1930542, 167.1915131, 167.2136993, 167.1918335, 167.1923523, 167.1911621, 167.1995544, 167.1911316, 167.1911011, 167.1942749, 167.1917114, 167.1902008, 167.2114258, 167.1964111, 167.1914520, 167.1971588, 167.1933441, 167.1917419, 167.1950684, 167.1887665, 167.1891785, 167.1912689, 167.1962585, 167.1909180, 167.2098846, 167.1929016, 167.1911926, 167.1936035, 167.1937561, 167.1946869, 167.1902771, 167.1943054, 167.1945648, 167.1920319, 167.1950989, 167.1980743, 167.1911926, 167.1944885, 167.1994934, 167.1932831, 167.1921844, 167.2129211, 167.1916504, 167.1911621, 167.1943970, 167.1922607, 167.1914825, 167.1926422, 167.1938171, 167.1933441, 167.1971893, 167.1934052, 167.1910095, 167.1902771, 167.1922607, 167.1907196, 167.1929016, 167.1923523, 167.1952667, 167.1922913, 167.1898193, 167.2097626, 167.1910400, 167.1935730, 167.1923828, 167.1906281, 167.1955566, 167.1899872, 167.1985626, 167.1922913, 167.1929016, 167.1953278, 167.1915588, 167.1934662, 167.1906281, 167.1914215, 167.1912689, 167.1938629, 167.1909180, 167.1938629, 167.1932220, 167.1962891, 167.1924744, 167.1900482, 167.1958771, 167.1897888, 167.1911316, 167.1966400, 167.1929626, 167.2057953, 167.1943054 ],
"timesExecution": [ 148.7858276, 148.7879639, 148.7748871, 148.8085480, 148.8041992, 148.7693787, 148.7678070, 148.7632294, 148.7669067, 148.7634888, 148.7673035, 148.7761993, 148.7614136, 148.7599640, 148.7612152, 148.7617035, 148.7621460, 148.7632904, 148.7606049, 148.7595825, 148.7669067, 148.7608948, 148.7615356, 148.7588501, 148.7621765, 148.7624664, 148.7590027, 148.7624359, 148.7581482, 148.7566986, 148.7617340, 148.7610626, 148.7659912, 148.7736969, 148.7610626, 148.7576599, 148.7591705, 148.7607422, 148.7608948, 148.7579498, 148.7598419, 148.7597809, 148.7580109, 148.7622375, 148.7596436, 148.7557068, 148.7592316, 148.7581787, 148.7569580, 148.7659454, 148.7573090, 148.7593994, 148.7585907, 148.7613373, 148.7587585, 148.7632294, 148.7604218, 148.7621765, 148.7620850, 148.7639618, 148.7632599, 148.7618256, 148.7633972, 148.7580872, 148.7594604, 148.7621155, 148.7567291, 148.7587128, 148.7622070, 148.7636414, 148.7641296, 148.7596436, 148.7561646, 148.7570953, 148.7592010, 156.5701141, 148.7598419, 148.7583618, 148.7580414, 148.7550964, 148.7569275, 148.7610626, 148.7526398, 148.7564850, 148.7602844, 148.7587128, 148.7559662, 148.7578583, 148.7559357, 148.7565460, 148.7601013, 148.7582703, 148.7553558, 148.7580414, 148.7570496, 148.7591400, 148.7584076, 148.7664337, 148.7564545, 148.7561951 ],
"timesTransferFromDevice": [ 0.0348800, 0.0326400, 0.0426880, 0.0489920, 0.0337920, 0.0306560, 0.0313920, 0.0315520, 0.0296000, 0.0317760, 0.0360960, 0.0323200, 0.0309760, 0.0312320, 0.0324160, 0.0299520, 0.0306240, 0.0315520, 0.0312960, 0.0319040, 0.0376640, 0.0322880, 0.0316480, 0.0309760, 0.0313280, 0.0317120, 0.0316160, 0.0325760, 0.0299840, 0.0319360, 0.0321920, 0.0311360, 0.0354240, 0.0321920, 0.0306880, 0.0314880, 0.0327040, 0.0308160, 0.0325760, 0.0316480, 0.0322560, 0.0300800, 0.0332160, 0.0319040, 0.0304640, 0.0323200, 0.0310080, 0.0316800, 0.0317760, 0.0359360, 0.0326400, 0.0299520, 0.0330560, 0.0309120, 0.0307520, 0.0327360, 0.0311680, 0.0316160, 0.0326720, 0.0315840, 0.0323840, 0.0311040, 0.0323840, 0.0314880, 0.0316800, 0.0315840, 0.0303680, 0.0299520, 0.0306880, 0.0372160, 0.0320320, 0.0320960, 0.0304320, 0.0299200, 0.0319680, 0.0324160, 0.0292160, 0.0313920, 0.0304960, 0.0316160, 0.0311360, 0.0299840, 0.0301760, 0.0334080, 0.0316160, 0.0320960, 0.0298240, 0.0324160, 0.0309760, 0.0318400, 0.0362240, 0.0324160, 0.0313920, 0.0317440, 0.0318080, 0.0311040, 0.0328640, 0.0396160, 0.0321920, 0.0319680 ],
"bins": [ 159386062, 4195604, 4189413, 4194367, 4198249, 4193810, 4195127, 4199006, 4195758, 4191026, 4193602, 4195526, 4194517, 4194196, 4192040, 4196222, 4198145, 4197199, 4192318, 4191371, 4193739, 4192174, 4192049, 4191128, 4194205, 4195567, 4193036 ]
}
,
"histogram_atomic_private": {
"timesTransferToDevice": [ 167.1955566, 167.1907806, 167.1929016, 167.1934357, 167.1901703, 167.1915588, 167.1938629, 167.1909790, 167.1946869, 167.1908417, 167.1895752, 167.1896362, 167.1948090, 167.1909485, 167.1900482, 167.1906586, 167.1885834, 167.1924438, 167.1943054, 167.1905670, 167.1925812, 167.1960907, 167.1921539, 167.1911926, 167.1918793, 167.1926117, 167.1922607, 167.1905975, 167.1912384, 167.1912994, 167.1938629, 167.1961670, 167.1896667, 167.1919708, 167.1936340, 167.1905212, 167.1955872, 167.1940765, 167.1886444, 167.1912689, 167.1875916, 167.1903381, 167.1929932, 167.1953583, 167.1927338, 167.1904297, 167.1920319, 167.1941833, 167.1969299, 167.1905212, 167.1895294, 167.1922607, 167.1894379, 167.1900482, 167.1943665, 167.1917419, 167.1925812, 167.1928253, 167.1936035, 167.1911621, 167.2127686, 167.1892548, 167.1903076, 167.1954498, 167.1897888, 167.1922607, 167.1911621, 167.1957703, 167.1923218, 167.1941071, 167.1893158, 167.1907806, 167.1970215, 167.1947174, 167.1898499, 167.1929016, 167.1932831, 167.1921844, 167.1959686, 167.1936646, 167.1936340, 167.1936646, 167.1918793, 167.1891785, 167.1929321, 167.1942749, 167.1952057, 167.1914825, 167.1918335, 167.1927032, 169.4898529, 181.5266571, 167.1925812, 167.1927338, 167.1943970, 167.1990967, 167.1900787, 167.1958466, 167.1932526, 167.1919708 ],
"timesExecution": [ 3.7300799, 3.7265279, 3.7329280, 3.7275839, 3.7265601, 3.7313919, 3.7286401, 3.7261760, 3.7307839, 3.7275200, 3.7281921, 3.7304959, 3.7278399, 3.7290559, 3.7272320, 3.7264640, 3.7272639, 3.7303360, 3.7289920, 3.7284801, 3.7353280, 3.7251201, 3.7284160, 3.7325120, 3.7278719, 3.7294719, 3.7255361, 3.7264640, 3.7282560, 3.7283840, 3.7288640, 3.7310719, 3.7271359, 3.7270401, 3.7308481, 3.7292800, 3.7310400, 3.7278080, 3.7277761, 3.7259519, 3.7291200, 3.7277119, 3.7328320, 3.7344000, 3.7264640, 3.7288320, 3.7293119, 3.7266560, 3.7302401, 3.7284479, 3.7250559, 3.7258561, 3.7300799, 3.7284801, 3.7337601, 3.7268801, 3.7286401, 3.7282879, 3.7317760, 3.7316799, 3.7302401, 3.7253759, 3.7260480, 3.7275200, 3.7293119, 3.7354240, 3.7297280, 3.7288320, 3.7268159, 3.7300799, 3.7305281, 3.7267201, 3.7251840, 3.7283521, 3.7299199, 3.7291520, 3.7286720, 3.7277119, 3.7286079, 3.7291520, 3.7256000, 3.7289600, 3.7268159, 3.7296641, 3.7256000, 3.7299199, 3.7247040, 3.7291200, 3.7263360, 3.7279680, 3.7434239, 3.7467520, 3.7307839, 3.7310400, 3.7298241, 3.7290881, 3.7276161, 3.7278719, 3.7311361, 3.7298880 ],
"timesTransferFromDevice": [ 0.0304320, 0.0297600, 0.0342080, 0.0299520, 0.0304640, 0.0298240, 0.0302720, 0.0304320, 0.0304960, 0.0308480, 0.0301120, 0.0315520, 0.0299200, 0.0313600, 0.0292800, 0.0320320, 0.0295040, 0.0304320, 0.0313600, 0.0301440, 0.0333440, 0.0302720, 0.0319040, 0.0313920, 0.0303360, 0.0296320, 0.0303360, 0.0307840, 0.0313280, 0.0308480, 0.0310400, 0.0314240, 0.0307840, 0.0305600, 0.0302400, 0.0312320, 0.0301120, 0.0300160, 0.0305920, 0.0298560, 0.0312960, 0.0297280, 0.0305280, 0.0311360, 0.0301120, 0.0314560, 0.0301440, 0.0298880, 0.0296960, 0.0301760, 0.0304960, 0.0293760, 0.0299840, 0.0299200, 0.0315520, 0.0319680, 0.0297920, 0.0311360, 0.0318400, 0.0347520, 0.0300480, 0.0304960, 0.0296640, 0.0310080, 0.0305920, 0.0305920, 0.0308160, 0.0304640, 0.0302080, 0.0320320, 0.0309120, 0.0310400, 0.0308480, 0.0296000, 0.0323200, 0.0312320, 0.0312960, 0.0304960, 0.0310400, 0.0306880, 0.0301440, 0.0297280, 0.0300160, 0.0306240, 0.0297920, 0.0320320, 0.0312320, 0.0312320, 0.0313280, 0.0298880, 0.0310080, 0.0357440, 0.0324800, 0.0299840, 0.0298880, 0.0307840, 0.0302720, 0.0299520, 0.0309440, 0.0303360 ],