{
"inputLengthInCharacters": 1048576,
"uniformInput": false,
"useMappingLetter": true,
"measurements": {
"histogram_atomic_global": {
"timesTransferToDevice": [ 0.7600640, 0.7295040, 0.6926720, 0.6912640, 0.6902080, 0.6907200, 0.6907840, 0.6913280, 0.6906240, 0.6908800, 0.6904320, 0.6905280, 0.6904000, 0.6907840, 0.6907520, 0.6912000, 0.6907840, 0.6908160, 0.6905920, 0.6907520, 0.6907520, 0.6909440, 0.6902080, 0.6906560, 0.6907200, 0.6906880, 0.6904320, 0.6905600, 0.6905600, 0.6907840, 0.6904640, 0.6905920, 0.6904640, 0.6907520, 0.6904960, 0.6916480, 0.6903680, 0.6905280, 0.6902720, 0.6907200, 0.6906240, 0.6907200, 0.6905600, 0.6904000, 0.6903040, 0.6909120, 0.6903360, 0.6904960, 0.6916800, 0.6908160, 0.6905920, 0.6906560, 0.6904640, 0.6906560, 0.6906240, 0.6906880, 0.6902400, 0.6953280, 0.6903680, 0.6906560, 0.6902080, 0.6912960, 0.6903360, 0.6916480, 0.6902720, 0.6908480, 0.6902400, 0.6904960, 0.6902080, 0.6904000, 0.6905280, 0.6904960, 0.6905600, 0.6910720, 0.6905600, 0.6908800, 0.6904320, 0.6905920, 0.6907520, 0.6905280, 0.6908160, 0.6907200, 0.6908160, 0.6903680, 0.6905280, 0.6906240, 0.6906560, 0.6907200, 0.6908800, 0.6910400, 0.6902720, 0.6906240, 0.6905920, 0.6909440, 0.6905920, 0.6908160, 0.6904640, 0.6907840, 0.6906240, 0.6903680 ],
"timesExecution": [ 0.5981120, 0.5985600, 0.5977920, 0.5982080, 0.5978240, 0.5985920, 0.5983680, 0.5976320, 0.5980160, 0.5976320, 0.5976000, 0.5985280, 0.5976960, 0.5981760, 0.5974720, 0.5978560, 0.5976000, 0.5974080, 0.5983040, 0.5978560, 0.5981120, 0.5986240, 0.5978880, 0.5976960, 0.5980480, 0.5980800, 0.5979200, 0.5984000, 0.5978240, 0.5974080, 0.5976960, 0.5983040, 0.5976320, 0.5983040, 0.5981440, 0.5976320, 0.5980480, 0.5979520, 0.5982720, 0.5972800, 0.5980160, 0.5975680, 0.5980160, 0.5977280, 0.5978880, 0.5974400, 0.5976000, 0.5980160, 0.5976960, 0.5972800, 0.5977600, 0.5980800, 0.5975040, 0.5982080, 0.5980480, 0.5977920, 0.5973120, 0.5979200, 0.5973440, 0.5979840, 0.5972800, 0.5977280, 0.5979520, 0.5972800, 0.5984000, 0.5978560, 0.5983360, 0.5972480, 0.5976640, 0.5981760, 0.5980800, 0.5981440, 0.5975360, 0.5990080, 0.5979520, 0.5973120, 0.5974400, 0.5994240, 0.5976640, 0.5983040, 0.5971200, 0.5982720, 0.5980800, 0.5978560, 0.5973120, 0.5987200, 0.5982400, 0.5976640, 0.5982080, 0.5976640, 0.5978560, 0.5973760, 0.5989760, 0.5982400, 0.5976000, 0.5980480, 0.5980160, 0.5975040, 0.5980160, 0.5980800 ],
"timesTransferFromDevice": [ 0.0242880, 0.0192000, 0.0173120, 0.0176320, 0.0171520, 0.0175040, 0.0175360, 0.0169280, 0.0175360, 0.0168000, 0.0168960, 0.0173440, 0.0175040, 0.0167360, 0.0171520, 0.0163520, 0.0175040, 0.0169920, 0.0175040, 0.0170560, 0.0170240, 0.0170240, 0.0176000, 0.0162240, 0.0168000, 0.0167360, 0.0171520, 0.0165760, 0.0164800, 0.0168320, 0.0173760, 0.0169280, 0.0165760, 0.0168960, 0.0173440, 0.0164800, 0.0175040, 0.0168640, 0.0170240, 0.0171840, 0.0174400, 0.0163200, 0.0166400, 0.0167040, 0.0168000, 0.0166720, 0.0163840, 0.0185600, 0.0165120, 0.0175040, 0.0176000, 0.0170240, 0.0173120, 0.0170560, 0.0167360, 0.0167360, 0.0169920, 0.0162880, 0.0169920, 0.0170240, 0.0171520, 0.0166720, 0.0171520, 0.0168320, 0.0173120, 0.0175040, 0.0168960, 0.0165760, 0.0164800, 0.0175360, 0.0164480, 0.0173760, 0.0167360, 0.0167360, 0.0167040, 0.0170560, 0.0168960, 0.0176000, 0.0165440, 0.0169600, 0.0170240, 0.0168320, 0.0169920, 0.0163840, 0.0169920, 0.0168960, 0.0167680, 0.0172160, 0.0169280, 0.0166720, 0.0169920, 0.0170560, 0.0169920, 0.0175680, 0.0175360, 0.0174400, 0.0168000, 0.0164160, 0.0176320, 0.0171840 ],
"bins": [ 622599, 16409, 16305, 16059, 16412, 16277, 16438, 16407, 16050, 16375, 16385, 16528, 16404, 16497, 16340, 16574, 16243, 16463, 16341, 16529, 16436, 16263, 16501, 16491, 16454, 16240, 16556 ]
}
,
"histogram_atomic_private": {
"timesTransferToDevice": [ 0.6904960, 0.6907840, 0.6902720, 0.6904640, 0.6904000, 0.6910080, 0.6904320, 0.6910080, 0.6907840, 0.6904640, 0.6905920, 0.6907200, 0.6909760, 0.6907840, 0.6903360, 0.6907200, 0.6904320, 0.6905920, 0.6904960, 0.6935040, 0.6903680, 0.6905600, 0.6905280, 0.6907840, 0.6905280, 0.6907840, 0.6908480, 0.6907200, 0.6903040, 0.6907200, 0.6906240, 0.6905920, 0.6907840, 0.6904640, 0.6905280, 0.6906560, 0.6904320, 0.6907840, 0.6906560, 0.6907520, 0.6904000, 0.6905600, 0.6905280, 0.6906240, 0.6904960, 0.6908480, 0.6901760, 0.6905600, 0.6908480, 0.6906560, 0.6903040, 0.6907200, 0.6904000, 0.6907840, 0.6904000, 0.6906880, 0.6905920, 0.6907200, 0.6906880, 0.6905600, 0.6908160, 0.6905600, 0.6902400, 0.6904640, 0.6906880, 0.6905280, 0.6905280, 0.6907840, 0.6903680, 0.6907200, 0.6904960, 0.6908800, 0.6905600, 0.6908800, 0.6904960, 0.6906880, 0.6903680, 0.6912000, 0.6902400, 0.6908480, 0.6904320, 0.6905920, 0.6904000, 0.6911040, 0.6908480, 0.6914560, 0.6904960, 0.6906240, 0.6907200, 0.6904960, 0.6905600, 0.6907200, 0.6903040, 0.6906560, 0.6907200, 0.6920640, 0.6903680, 0.6905280, 0.6905600, 0.6904960 ],
"timesExecution": [ 0.0316480, 0.0324480, 0.0314560, 0.0311360, 0.0321600, 0.0321280, 0.0312320, 0.0315200, 0.0317120, 0.0322560, 0.0313280, 0.0321920, 0.0310400, 0.0321920, 0.0313600, 0.0312960, 0.0319360, 0.0319360, 0.0318400, 0.0322560, 0.0312000, 0.0326720, 0.0310080, 0.0313920, 0.0314880, 0.0323840, 0.0313280, 0.0317120, 0.0321600, 0.0309440, 0.0322880, 0.0314880, 0.0320000, 0.0319040, 0.0323520, 0.0311040, 0.0314240, 0.0316160, 0.0316160, 0.0309440, 0.0313600, 0.0324160, 0.0315520, 0.0317760, 0.0319680, 0.0314560, 0.0312000, 0.0315520, 0.0311040, 0.0321280, 0.0322880, 0.0316480, 0.0322240, 0.0320640, 0.0317120, 0.0319360, 0.0321920, 0.0319040, 0.0319040, 0.0325120, 0.0317120, 0.0313280, 0.0310400, 0.0344960, 0.0318720, 0.0317120, 0.0320960, 0.0319680, 0.0314880, 0.0320640, 0.0318400, 0.0312640, 0.0322880, 0.0317120, 0.0320000, 0.0319040, 0.0323200, 0.0312640, 0.0321280, 0.0311360, 0.0314880, 0.0312320, 0.0316480, 0.0319360, 0.0312000, 0.0320000, 0.0315520, 0.0312320, 0.0315200, 0.0313600, 0.0313600, 0.0319680, 0.0325440, 0.0318400, 0.0320640, 0.0312960, 0.0323520, 0.0325120, 0.0310080, 0.0314560 ],
"timesTransferFromDevice": [ 0.0168960, 0.0170880, 0.0162240, 0.0174400, 0.0173440, 0.0170880, 0.0168640, 0.0171200, 0.0163520, 0.0166400, 0.0169280, 0.0172160, 0.0168960, 0.0169920, 0.0168640, 0.0165120, 0.0162560, 0.0175360, 0.0178240, 0.0170560, 0.0170880, 0.0171840, 0.0166080, 0.0164160, 0.0163520, 0.0175040, 0.0166080, 0.0174720, 0.0172480, 0.0168320, 0.0162560, 0.0168000, 0.0168000, 0.0175680, 0.0170880, 0.0170240, 0.0164800, 0.0166720, 0.0168320, 0.0167040, 0.0166080, 0.0171520, 0.0164160, 0.0173760, 0.0165760, 0.0174080, 0.0210880, 0.0168640, 0.0167360, 0.0174080, 0.0176320, 0.0172160, 0.0170240, 0.0167040, 0.0170560, 0.0171200, 0.0169920, 0.0173440, 0.0172480, 0.0164480, 0.0165440, 0.0164160, 0.0167360, 0.0173760, 0.0175040, 0.0162880, 0.0170240, 0.0168000, 0.0173120, 0.0177920, 0.0175360, 0.0164480, 0.0170240, 0.0164480, 0.0172160, 0.0162560, 0.0168320, 0.0173440, 0.0171520, 0.0168960, 0.0174400, 0.0165760, 0.0167360, 0.0172480, 0.0173760, 0.0175360, 0.0167040, 0.0165440, 0.0166720, 0.0174400, 0.0165120, 0.0166400, 0.0174400, 0.0161920, 0.0163200, 0.0162880, 0.0173760, 0.0172480, 0.0164800, 0.0167360 ],
"bins": [ 622599, 16409, 16305, 16059, 16412, 16277, 16438, 16407, 16050, 16375, 16385, 16528, 16404, 16497, 16340, 16574, 16243, 16463, 16341, 16529, 16436, 16263, 16501, 16491, 16454, 16240, 16556 ]
}
,