{
"inputLengthInCharacters": 131072,
"uniformInput": false,
"useMappingLetter": false,
"measurements": {
"histogram_atomic_global": {
"timesTransferToDevice": [ 0.1225280, 0.1035520, 0.0998080, 0.0993920, 0.0996160, 0.0993920, 0.0994880, 0.0996160, 0.0996800, 0.0994240, 0.0993600, 0.0994240, 0.0993600, 0.0994560, 0.0998400, 0.0992640, 0.0996480, 0.0995200, 0.0994880, 0.0994240, 0.1050240, 0.0999040, 0.1016960, 0.0994240, 0.0994880, 0.0999040, 0.0994240, 0.0995840, 0.0995520, 0.0993920, 0.0993920, 0.0992960, 0.0995840, 0.0997760, 0.0994560, 0.0993280, 0.0995520, 0.0995840, 0.0994240, 0.0993920, 0.0995200, 0.0994880, 0.0996160, 0.0996480, 0.0992640, 0.0993280, 0.0993600, 0.0992640, 0.0993920, 0.0995840, 0.0992640, 0.0992320, 0.0993920, 0.0996480, 0.0994880, 0.0994240, 0.0994240, 0.0995520, 0.0992320, 0.0993920, 0.0994240, 0.0994560, 0.0994240, 0.0994240, 0.0996800, 0.0994560, 0.0994240, 0.0993920, 0.0993920, 0.0993280, 0.0993600, 0.0993920, 0.0996160, 0.0996160, 0.0992640, 0.0994240, 0.0993600, 0.0994560, 0.0992640, 0.0992320, 0.0996800, 0.0993920, 0.0992000, 0.0992000, 0.0994240, 0.0994240, 0.0993600, 0.0992640, 0.0998400, 0.0996480, 0.0992960, 0.0993600, 0.0998080, 0.0994560, 0.0994560, 0.0993280, 0.0994560, 0.0994240, 0.0994880, 0.0993280 ],
"timesExecution": [ 0.0502720, 0.0501120, 0.0492160, 0.0501440, 0.0497600, 0.0495680, 0.0495360, 0.0492160, 0.0496640, 0.0489280, 0.0496640, 0.0490560, 0.0497280, 0.0495040, 0.0499520, 0.0496000, 0.0496960, 0.0500480, 0.0491520, 0.0497600, 0.0518400, 0.0511360, 0.0504000, 0.0493120, 0.0493760, 0.0499840, 0.0500160, 0.0493760, 0.0487040, 0.0497280, 0.0492800, 0.0495360, 0.0493120, 0.0500480, 0.0494400, 0.0487680, 0.0488640, 0.0499200, 0.0493440, 0.0496320, 0.0494720, 0.0494080, 0.0496960, 0.0494080, 0.0489920, 0.0503040, 0.0492160, 0.0489280, 0.0492480, 0.0498240, 0.0495680, 0.0495680, 0.0498880, 0.0498240, 0.0503680, 0.0498240, 0.0490560, 0.0497600, 0.0497920, 0.0491840, 0.0494720, 0.0496960, 0.0493440, 0.0496960, 0.0496000, 0.0495680, 0.0498240, 0.0487360, 0.0492800, 0.0496960, 0.0494080, 0.0493120, 0.0498240, 0.0497920, 0.0492160, 0.0491520, 0.0494080, 0.0495040, 0.0497600, 0.0490880, 0.0498560, 0.0496000, 0.0492160, 0.0498240, 0.0493120, 0.0493760, 0.0494400, 0.0493760, 0.0496640, 0.0489280, 0.0492800, 0.0496000, 0.0495680, 0.0495360, 0.0491200, 0.0494080, 0.0490240, 0.0502080, 0.0487360, 0.0500160 ],
"timesTransferFromDevice": [ 0.0230400, 0.0194560, 0.0177280, 0.0172160, 0.0173440, 0.0173440, 0.0177600, 0.0168640, 0.0173120, 0.0173120, 0.0177920, 0.0167040, 0.0173120, 0.0172800, 0.0166720, 0.0170240, 0.0171520, 0.0168640, 0.0171200, 0.0174080, 0.0174400, 0.0169600, 0.0171520, 0.0169280, 0.0164160, 0.0167680, 0.0166080, 0.0165120, 0.0173440, 0.0166080, 0.0167040, 0.0172480, 0.0168960, 0.0169280, 0.0169280, 0.0168320, 0.0171520, 0.0167680, 0.0174400, 0.0172160, 0.0165760, 0.0173120, 0.0172480, 0.0165760, 0.0170880, 0.0174400, 0.0167040, 0.0168000, 0.0171840, 0.0171520, 0.0167680, 0.0165120, 0.0173440, 0.0168640, 0.0174080, 0.0170880, 0.0166720, 0.0174080, 0.0168320, 0.0169920, 0.0165760, 0.0168320, 0.0173120, 0.0171200, 0.0176640, 0.0171840, 0.0178240, 0.0170240, 0.0169280, 0.0172800, 0.0168320, 0.0174720, 0.0162880, 0.0172160, 0.0168320, 0.0167360, 0.0166080, 0.0168960, 0.0172160, 0.0164800, 0.0168320, 0.0172480, 0.0178560, 0.0168640, 0.0169600, 0.0167680, 0.0173760, 0.0165440, 0.0169600, 0.0170880, 0.0172160, 0.0172480, 0.0165440, 0.0172160, 0.0168000, 0.0173120, 0.0170560, 0.0169280, 0.0169280, 0.0170240 ],
"bins": [ 1053, 1033, 1020, 989, 1013, 1056, 1009, 1034, 1004, 1036, 1040, 1001, 1057, 974, 1016, 1012, 1042, 1069, 1072, 1005, 997, 992, 1053, 1032, 1024, 1055, 982, 1003, 997, 984, 1061, 1052, 1035, 1030, 1006, 1037, 1055, 1041, 1023, 1027, 1030, 974, 983, 1019, 995, 969, 1022, 1003, 1066, 1038, 1037, 1034, 1005, 1025, 963, 1043, 1057, 1003, 992, 1039, 1004, 1038, 1050, 1002, 1042, 1008, 1000, 1056, 967, 1014, 1018, 979, 1055, 1044, 1011, 1025, 1039, 1037, 997, 1031, 1047, 1024, 1033, 1038, 1038, 1049, 1061, 991, 1014, 1033, 1074, 1089, 993, 1029, 1033, 1047, 977, 1057, 943, 1033, 974, 999, 1021, 1036, 1050, 1051, 1091, 1085, 1031, 1011, 1059, 991, 1035, 980, 1034, 1009, 952, 1019, 1015, 1018, 1047, 1056, 1036, 1061, 1012, 984, 973, 1104 ]
}
,
"histogram_atomic_private": {
"timesTransferToDevice": [ 0.0987200, 0.0994880, 0.0994880, 0.0994880, 0.0993280, 0.0995200, 0.0996480, 0.0997440, 0.0995200, 0.0993280, 0.0995840, 0.0997440, 0.0993280, 0.0996800, 0.0994560, 0.0995840, 0.0993600, 0.0994880, 0.0993920, 0.0993600, 0.0993600, 0.0996160, 0.0993920, 0.0994560, 0.0993280, 0.0997120, 0.0997120, 0.0992640, 0.0993920, 0.0996160, 0.0993920, 0.0994560, 0.0995200, 0.0992960, 0.0994240, 0.1003840, 0.0993600, 0.0997760, 0.0993600, 0.0993920, 0.0995200, 0.0992640, 0.0994240, 0.0993280, 0.0995200, 0.0993600, 0.0994880, 0.0995520, 0.0994240, 0.0997440, 0.0998080, 0.0993600, 0.0994560, 0.0994880, 0.0993600, 0.0997120, 0.0993600, 0.0996800, 0.0993920, 0.0995520, 0.0992960, 0.0994560, 0.0992320, 0.0992640, 0.0995200, 0.0993920, 0.0995520, 0.0997760, 0.0992640, 0.0995200, 0.0994560, 0.0992960, 0.0992960, 0.0997760, 0.0997760, 0.0994560, 0.0993920, 0.0994240, 0.0993920, 0.0992000, 0.0993920, 0.0994560, 0.0996800, 0.0992640, 0.0993280, 0.0996480, 0.0992000, 0.0996160, 0.0992640, 0.0999360, 0.0994240, 0.0993280, 0.0993600, 0.0994240, 0.0993280, 0.0997440, 0.0995520, 0.0996800, 0.0997120, 0.0995200 ],
"timesExecution": [ 0.0206080, 0.0209280, 0.0207680, 0.0202240, 0.0204480, 0.0200960, 0.0202880, 0.0212160, 0.0199680, 0.0207680, 0.0204480, 0.0208000, 0.0208640, 0.0204800, 0.0204480, 0.0210240, 0.0204800, 0.0208320, 0.0207680, 0.0208640, 0.0206400, 0.0209600, 0.0202560, 0.0200960, 0.0203200, 0.0204160, 0.0205440, 0.0210240, 0.0207360, 0.0199680, 0.0211200, 0.0203520, 0.0205760, 0.0200640, 0.0204480, 0.0247680, 0.0206080, 0.0210240, 0.0205440, 0.0204800, 0.0204480, 0.0204800, 0.0203200, 0.0206400, 0.0202880, 0.0204160, 0.0200960, 0.0205120, 0.0204480, 0.0207040, 0.0207360, 0.0209280, 0.0202560, 0.0199680, 0.0206080, 0.0208320, 0.0212480, 0.0208000, 0.0207360, 0.0202240, 0.0201920, 0.0208000, 0.0200960, 0.0203840, 0.0208640, 0.0210560, 0.0209600, 0.0204800, 0.0209600, 0.0211200, 0.0210240, 0.0201920, 0.0207680, 0.0200960, 0.0209280, 0.0211200, 0.0208000, 0.0203840, 0.0201600, 0.0200000, 0.0202240, 0.0207040, 0.0210880, 0.0205760, 0.0199680, 0.0207040, 0.0202560, 0.0200640, 0.0206080, 0.0203840, 0.0216000, 0.0223680, 0.0206400, 0.0198400, 0.0206720, 0.0203520, 0.0202560, 0.0207680, 0.0204480, 0.0203200 ],
"timesTransferFromDevice": [ 0.0172480, 0.0171840, 0.0169920, 0.0169600, 0.0169600, 0.0170560, 0.0165760, 0.0170240, 0.0165760, 0.0166080, 0.0165440, 0.0168320, 0.0177280, 0.0168960, 0.0170240, 0.0169920, 0.0174720, 0.0179520, 0.0163520, 0.0169280, 0.0166080, 0.0170240, 0.0168320, 0.0167360, 0.0166400, 0.0178240, 0.0171520, 0.0168000, 0.0165120, 0.0170880, 0.0173440, 0.0176000, 0.0172160, 0.0169280, 0.0170880, 0.0166720, 0.0169280, 0.0168640, 0.0171840, 0.0170240, 0.0174080, 0.0170560, 0.0174400, 0.0168640, 0.0179840, 0.0170560, 0.0167680, 0.0168640, 0.0163840, 0.0171520, 0.0175040, 0.0170880, 0.0172160, 0.0167360, 0.0171840, 0.0174720, 0.0173760, 0.0169280, 0.0171200, 0.0165440, 0.0173440, 0.0175040, 0.0169600, 0.0163200, 0.0172480, 0.0171840, 0.0168640, 0.0164160, 0.0176960, 0.0172160, 0.0171520, 0.0166720, 0.0176320, 0.0171200, 0.0175680, 0.0173120, 0.0174400, 0.0160960, 0.0171840, 0.0166400, 0.0166720, 0.0168000, 0.0174400, 0.0165120, 0.0173440, 0.0171520, 0.0168320, 0.0169280, 0.0168640, 0.0174400, 0.0186880, 0.0181120, 0.0175360, 0.0165120, 0.0176960, 0.0164160, 0.0168320, 0.0164160, 0.0172800, 0.0170240 ],