{
"inputLengthInCharacters": 67108864,
"uniformInput": true,
"useMappingLetter": false,
"measurements": {
"histogram_atomic_global": {
"timesTransferToDevice": [ 41.8838730, 41.8669777, 41.8660812, 41.8648949, 41.8647346, 41.8647346, 41.8624306, 41.8651505, 41.8631058, 41.8820496, 41.8642235, 41.8637428, 41.8679695, 41.8659859, 41.8643532, 41.8656006, 41.8655052, 41.8629456, 41.8639374, 41.8645134, 41.8645439, 41.8661423, 41.8644485, 41.8652496, 41.8679695, 41.8655357, 41.8664017, 41.8642578, 41.8645439, 41.8654099, 41.8652153, 41.8643532, 41.8661766, 41.8645439, 41.8659859, 41.8663673, 41.8664322, 41.8657913, 41.8678703, 41.8697281, 41.8658562, 41.8624001, 41.8655663, 41.8631668, 41.8641281, 41.8641281, 41.8639374, 41.8643188, 41.8688965, 41.8644791, 41.8630714, 41.8664017, 41.8671989, 41.8651848, 41.8646393, 41.8788795, 41.8628464, 41.8652496, 41.8649292, 41.8673592, 41.8649292, 41.8639030, 41.8651199, 41.8640976, 41.8644485, 41.8646736, 41.8727036, 41.8626251, 41.8649292, 41.8668175, 41.8662720, 41.8684464, 41.8642235, 41.8630066, 41.8639030, 41.8640976, 41.8660164, 41.8668785, 41.8638077, 41.8645134, 41.8646736, 41.8662720, 41.8657265, 41.8674889, 41.8833618, 41.8648338, 41.8647346, 41.8655663, 41.8644791, 41.8644791, 41.8641281, 41.8644142, 41.8642883, 41.8643837, 41.8687668, 41.8656654, 41.8649292, 41.8650246, 41.8644485, 41.8640327 ],
"timesExecution": [ 46.4554863, 46.4621429, 46.4525757, 46.4537277, 46.4529610, 46.4522247, 46.4562225, 46.4550095, 46.4621124, 46.4554558, 46.4536324, 46.4594574, 46.4587517, 46.4614410, 46.4586258, 46.4575691, 46.4526062, 46.4535370, 46.4500465, 46.4508476, 46.4543686, 46.4535027, 46.4560966, 46.4568634, 46.4642868, 46.4527664, 46.4521294, 46.4514236, 46.4538574, 46.4544640, 46.4510078, 46.4608307, 46.4536324, 46.4531212, 46.4607697, 46.4629135, 46.4668159, 46.4548798, 46.4613457, 46.4513931, 46.4533119, 46.4542732, 46.4523506, 46.4519997, 46.4522247, 46.4614067, 46.4648018, 46.4640007, 46.4534416, 46.4512634, 46.4530869, 46.4595833, 46.4537582, 46.4506226, 46.4624977, 46.4543037, 46.4573441, 46.4567680, 46.4635201, 46.4841270, 46.4609299, 46.4535675, 46.4543991, 46.4569588, 46.4529610, 46.4549446, 46.4515190, 46.4511986, 46.4631348, 46.4668808, 46.4536324, 46.4538879, 46.4511681, 46.4512634, 46.4534721, 46.4554863, 46.4515533, 46.4511681, 46.4536324, 46.4558716, 46.4632645, 46.4690895, 46.4647369, 46.4640961, 46.4588470, 46.4510078, 46.4528961, 46.4510078, 46.4547195, 46.4523506, 46.4554558, 46.4600639, 46.4610863, 46.4695663, 46.4591675, 46.4511375, 46.4568329, 46.4527054, 46.4508476, 46.4587212 ],
"timesTransferFromDevice": [ 0.0332480, 0.0303680, 0.0322880, 0.0263680, 0.0264640, 0.0253440, 0.0242240, 0.0273920, 0.0346560, 0.0265280, 0.0276800, 0.0284480, 0.0300480, 0.0271360, 0.0303040, 0.0268160, 0.0261120, 0.0260160, 0.0257600, 0.0242560, 0.0278400, 0.0266560, 0.0309760, 0.0264960, 0.0281600, 0.0269760, 0.0259520, 0.0276160, 0.0266880, 0.0265600, 0.0284160, 0.0287680, 0.0281600, 0.0280320, 0.0293120, 0.0292160, 0.0295680, 0.0298240, 0.0298560, 0.0241280, 0.0259840, 0.0256640, 0.0282560, 0.0261120, 0.0263040, 0.0295040, 0.0311040, 0.0306560, 0.0264960, 0.0259520, 0.0275200, 0.0275520, 0.0271360, 0.0241600, 0.0328960, 0.0271680, 0.0280640, 0.0274240, 0.0297920, 0.0301440, 0.0272000, 0.0269760, 0.0279040, 0.0258240, 0.0266880, 0.0276800, 0.0260160, 0.0272960, 0.0320960, 0.0294400, 0.0256960, 0.0257920, 0.0260480, 0.0251520, 0.0263360, 0.0260160, 0.0271680, 0.0264320, 0.0269760, 0.0303680, 0.0291200, 0.0294400, 0.0314880, 0.0343360, 0.0278080, 0.0277760, 0.0273920, 0.0272640, 0.0263360, 0.0258880, 0.0276800, 0.0281280, 0.0284480, 0.0312960, 0.0278080, 0.0250240, 0.0269440, 0.0257280, 0.0270400, 0.0286080 ],
"bins": [ 0, 0, 0, 0, 0, 0, 0, 0, 0, 0, 0, 0, 0, 0, 0, 0, 0, 0, 0, 0, 0, 0, 0, 0, 0, 0, 0, 0, 0, 0, 0, 0, 0, 0, 0, 0, 0, 0, 0, 0, 0, 0, 0, 0, 0, 0, 0, 0, 0, 0, 0, 0, 0, 0, 0, 0, 0, 0, 0, 0, 0, 0, 0, 0, 0, 0, 0, 0, 0, 0, 0, 0, 0, 0, 0, 0, 0, 0, 0, 0, 0, 0, 0, 0, 0, 0, 0, 0, 0, 0, 0, 0, 0, 0, 0, 0, 67108864, 0, 0, 0, 0, 0, 0, 0, 0, 0, 0, 0, 0, 0, 0, 0, 0, 0, 0, 0, 0, 0, 0, 0, 0, 0, 0, 0, 0, 0, 0, 0 ]
}
,
"histogram_atomic_private": {
"timesTransferToDevice": [ 41.8675537, 41.8612785, 41.8656006, 41.8658562, 41.8684158, 41.8650894, 41.8643532, 41.8665276, 41.8639030, 41.8635826, 41.8639984, 41.8629456, 41.8669777, 41.8633614, 41.8653107, 41.8633614, 41.8628807, 41.8643188, 41.8648338, 41.8644142, 41.8644485, 41.8638382, 41.8646088, 41.8633919, 41.8655663, 41.8655663, 41.8645744, 41.8669777, 41.8645134, 41.8627205, 41.8657913, 41.8645744, 41.8616333, 41.8653107, 41.8649292, 41.8632011, 41.8674889, 41.8660164, 41.8663025, 41.8627205, 41.8637772, 41.8640633, 41.8662720, 41.8629456, 41.8642578, 41.8785591, 41.8641930, 41.8631668, 41.8663025, 41.8629456, 41.8663673, 41.8645134, 41.8650551, 41.8656006, 41.8645439, 41.8625908, 41.8615341, 41.8634224, 41.8640327, 41.8617287, 41.8668785, 41.8618546, 41.8656006, 41.8656654, 41.8653107, 41.8643532, 41.8654709, 41.8666229, 41.8647995, 41.8639374, 41.8641930, 41.8635216, 41.8637428, 41.8621750, 41.8652802, 41.8716812, 41.8647041, 41.8649902, 41.8630066, 41.8635216, 41.8635521, 41.8631363, 41.8620491, 41.8678703, 41.8651199, 41.8636169, 41.8629761, 41.8643188, 41.8637428, 41.8624649, 41.8639030, 41.8643837, 41.8643188, 41.8620796, 41.8649902, 41.8629761, 41.8657913, 41.8648338, 41.8772469, 41.8662071 ],
"timesExecution": [ 1.8658561, 1.8713280, 1.8723520, 1.8798400, 1.8773119, 1.8763840, 1.8827519, 1.8709440, 1.8704960, 1.8726079, 1.8727680, 1.8713920, 1.8752320, 1.8705280, 1.8695680, 1.8712960, 1.8736320, 1.8732800, 1.8728000, 1.8721600, 1.8707200, 1.8727040, 1.8713280, 1.8701760, 1.8739840, 1.8704960, 1.8773440, 1.8730880, 1.8711040, 1.8812480, 1.8722880, 1.8708160, 1.8726720, 1.8697920, 1.8745600, 1.8703361, 1.8736320, 1.8762240, 1.8677760, 1.8741760, 1.8715841, 1.8706239, 1.8706560, 1.8696001, 1.8767999, 1.8723520, 1.8697280, 1.8748800, 1.8720000, 1.8802240, 1.8737921, 1.8728000, 1.8827519, 1.8740480, 1.8723520, 1.8760960, 1.8765121, 1.8746880, 1.8717760, 1.8726720, 1.8732480, 1.8717760, 1.8754560, 1.8711680, 1.8736000, 1.8713280, 1.8762240, 1.8732480, 1.8720640, 1.8687040, 1.8715520, 1.8717440, 1.8796480, 1.8771840, 1.8789440, 1.8814720, 1.8706880, 1.8730880, 1.8704960, 1.8735360, 1.8718081, 1.8725760, 1.8747520, 1.8695360, 1.8712960, 1.8720959, 1.8707840, 1.8699520, 1.8702720, 1.8733120, 1.8706880, 1.8675520, 1.8755200, 1.8700480, 1.8692160, 1.8768320, 1.8746880, 1.9046720, 1.8797441, 1.8712960 ],
"timesTransferFromDevice": [ 0.0252160, 0.0238080, 0.0256000, 0.0275840, 0.0265920, 0.0281920, 0.0296000, 0.0272960, 0.0250240, 0.0256640, 0.0247360, 0.0266880, 0.0260800, 0.0250240, 0.0250240, 0.0254080, 0.0244480, 0.0260800, 0.0239040, 0.0258560, 0.0246080, 0.0267840, 0.0241280, 0.0252160, 0.0248960, 0.0250240, 0.0261120, 0.0265280, 0.0268800, 0.0286080, 0.0250880, 0.0256640, 0.0240320, 0.0260160, 0.0236800, 0.0251840, 0.0260800, 0.0271680, 0.0239360, 0.0244160, 0.0256640, 0.0244160, 0.0247680, 0.0261120, 0.0295040, 0.0255040, 0.0253120, 0.0272640, 0.0257280, 0.0300160, 0.0265600, 0.0236480, 0.0286080, 0.0244800, 0.0254080, 0.0257920, 0.0281920, 0.0266880, 0.0243840, 0.0255360, 0.0235200, 0.0243840, 0.0254080, 0.0244800, 0.0270080, 0.0245760, 0.0264320, 0.0246400, 0.0264960, 0.0249280, 0.0246720, 0.0248000, 0.0259840, 0.0259200, 0.0387840, 0.0281920, 0.0246400, 0.0256960, 0.0244160, 0.0262080, 0.0244800, 0.0242560, 0.0261440, 0.0255040, 0.0260480, 0.0266880, 0.0240000, 0.0248320, 0.0243200, 0.0254720, 0.0252800, 0.0242560, 0.0264320, 0.0239360, 0.0257920, 0.0283520, 0.0259200, 0.0422720, 0.0274240, 0.0261120 ],