{
"inputLengthInCharacters": 8388608,
"uniformInput": false,
"useMappingLetter": true,
"measurements": {
"histogram_atomic_global": {
"timesTransferToDevice": [ 5.3315520, 5.2897921, 5.2803521, 5.2760639, 5.2736320, 5.2739840, 5.2738562, 5.2734718, 5.2722239, 5.2723842, 5.2716160, 5.2725120, 5.2715840, 5.2724800, 5.2734079, 5.2726722, 5.2731519, 5.2719998, 5.2720962, 5.2715840, 5.2720642, 5.2725439, 5.2718720, 5.2740159, 5.2714882, 5.2720642, 5.2726722, 5.2717762, 5.2717762, 5.2724800, 5.2710080, 5.2714238, 5.2712002, 5.2727041, 5.2732801, 5.2729282, 5.2717118, 5.2721920, 5.2714558, 5.2721281, 5.2711039, 5.2720318, 5.2718401, 5.2724481, 5.2715201, 5.2720642, 5.2716479, 5.2716479, 5.2719679, 5.2958722, 5.2828159, 5.2796798, 5.2752318, 5.2739201, 5.2723842, 5.2719679, 5.2724800, 5.2725439, 5.2720318, 5.2716799, 5.2713599, 5.2719359, 5.2721281, 5.2845759, 5.2805119, 5.2753601, 5.2732482, 5.2722878, 5.2717438, 5.2722878, 5.2724161, 5.2716160, 5.2780480, 5.2765121, 5.2839041, 5.2808638, 5.2783680, 5.2742400, 5.2735362, 5.2726078, 5.2742081, 5.2728639, 5.2720318, 5.2719679, 5.2720962, 5.2716479, 5.2723198, 5.2722878, 5.2719679, 5.2720318, 5.2708478, 5.2715521, 5.2732482, 5.2729921, 5.2725759, 5.2710080, 5.2722239, 5.2726402, 5.2722559, 5.2723842 ],
"timesExecution": [ 4.6652160, 4.6662402, 4.6650882, 4.6646399, 4.6641278, 4.6660480, 4.6666560, 4.6657920, 4.6652160, 4.6652479, 4.6654401, 4.6650562, 4.6652799, 4.6655359, 4.6662722, 4.6664319, 4.6664639, 4.6659522, 4.6655359, 4.6654401, 4.6649919, 4.6654720, 4.6659198, 4.6667838, 4.6655040, 4.6661119, 4.6668162, 4.6659198, 4.6655040, 4.6662722, 4.6654081, 4.6650562, 4.6651521, 4.6654401, 4.6651201, 4.6652160, 4.6658239, 4.6650882, 4.6646719, 4.6652160, 4.6659842, 4.6655679, 4.6650882, 4.6658878, 4.6647682, 4.6644802, 4.6647038, 4.6665921, 4.6713920, 4.6706882, 4.6675520, 4.6672320, 4.6656318, 4.6661758, 4.6652799, 4.6664000, 4.6653118, 4.6655679, 4.6657600, 4.6654081, 4.6655040, 4.6654720, 4.6783042, 4.6693439, 4.6666560, 4.6659522, 4.6654081, 4.6656961, 4.6658559, 4.6655359, 4.6655040, 4.6688962, 4.6672959, 4.6822720, 4.6709442, 4.6680002, 4.6654081, 4.6660480, 4.6658559, 4.6669121, 4.6660480, 4.6656961, 4.6650562, 4.6650562, 4.6656642, 4.6658878, 4.6642880, 4.6654401, 4.6655679, 4.6650882, 4.6649280, 4.6648641, 4.6651201, 4.6654081, 4.6655359, 4.6657281, 4.6648321, 4.6655040, 4.6658878, 4.6648960 ],
"timesTransferFromDevice": [ 0.0270720, 0.0185280, 0.0200000, 0.0193280, 0.0197120, 0.0191680, 0.0195840, 0.0192960, 0.0191360, 0.0197760, 0.0192320, 0.0183360, 0.0188800, 0.0197760, 0.0200320, 0.0192640, 0.0192000, 0.0194880, 0.0192320, 0.0188160, 0.0197440, 0.0191040, 0.0193600, 0.0187200, 0.0185280, 0.0192640, 0.0192320, 0.0185600, 0.0192960, 0.0194240, 0.0197120, 0.0191040, 0.0186560, 0.0197120, 0.0191360, 0.0196160, 0.0187840, 0.0185280, 0.0186880, 0.0188160, 0.0193920, 0.0192960, 0.0191040, 0.0192640, 0.0191680, 0.0187520, 0.0187200, 0.0194880, 0.0217920, 0.0189440, 0.0196800, 0.0194880, 0.0194880, 0.0193600, 0.0187840, 0.0189760, 0.0192640, 0.0188800, 0.0190080, 0.0194880, 0.0188800, 0.0190400, 0.0204800, 0.0196480, 0.0196160, 0.0194240, 0.0186240, 0.0186560, 0.0191680, 0.0195200, 0.0189760, 0.0183680, 0.0187200, 0.0209600, 0.0191680, 0.0197760, 0.0193280, 0.0187520, 0.0185600, 0.0186880, 0.0190400, 0.0190720, 0.0188480, 0.0189120, 0.0187520, 0.0186880, 0.0185600, 0.0187200, 0.0188160, 0.0190720, 0.0192000, 0.0192640, 0.0186560, 0.0181440, 0.0185280, 0.0189120, 0.0183040, 0.0189440, 0.0196480, 0.0192000 ],
"bins": [ 4977694, 131259, 130528, 130622, 131162, 131266, 130873, 130497, 131233, 130925, 131293, 131142, 130998, 131315, 130598, 131661, 131236, 131047, 131721, 131177, 131151, 131426, 131537, 131327, 131711, 131435, 131774 ]
}
,
"histogram_atomic_private": {
"timesTransferToDevice": [ 5.2769918, 5.2738881, 5.2721920, 5.2718720, 5.2721281, 5.2711682, 5.2719359, 5.2717762, 5.2712641, 5.2720318, 5.2722878, 5.2724161, 5.2715521, 5.2717438, 5.2718720, 5.2714558, 5.2710719, 5.2719679, 5.2705922, 5.2715201, 5.2715840, 5.2732482, 5.2716479, 5.2711358, 5.2722239, 5.2716160, 5.2712002, 5.2719359, 5.2716479, 5.2713280, 5.2846718, 5.2733121, 5.2718081, 5.2725120, 5.2716160, 5.2722878, 5.2719998, 5.2717762, 5.2709441, 5.2718720, 5.2717118, 5.2712002, 5.2715840, 5.2713280, 5.2734718, 5.2719998, 5.2714558, 5.2748799, 5.2719998, 5.2707200, 5.2726078, 5.2720962, 5.2715521, 5.2709761, 5.2714882, 5.2716479, 5.2720962, 5.2717438, 5.2715201, 5.2720962, 5.2715521, 5.2723522, 5.2722878, 5.2723522, 5.2714558, 5.2714238, 5.2715521, 5.2720962, 5.2713919, 5.2719359, 5.2722559, 5.2719679, 5.2725120, 5.2723198, 5.2716799, 5.2715521, 5.2716799, 5.2722878, 5.2707520, 5.2720962, 5.2709441, 5.2729282, 5.2731519, 5.2719359, 5.2720962, 5.2717438, 5.2719998, 5.2721601, 5.2712960, 5.2722878, 5.2722239, 5.2714238, 5.2718081, 5.2723198, 5.2716479, 5.2727041, 5.2710400, 5.2716160, 5.2706242, 5.2732482 ],
"timesExecution": [ 0.1335040, 0.1334720, 0.1331520, 0.1345600, 0.1340160, 0.1344320, 0.1335040, 0.1350400, 0.1344960, 0.1344640, 0.1346240, 0.1356480, 0.1338880, 0.1341440, 0.1349440, 0.1353600, 0.1349120, 0.1346880, 0.1345280, 0.1351040, 0.1339200, 0.1343040, 0.1346880, 0.1341760, 0.1349760, 0.1344640, 0.1348480, 0.1346880, 0.1342400, 0.1426240, 0.1351680, 0.1340160, 0.1337600, 0.1343680, 0.1349440, 0.1348160, 0.1341120, 0.1342720, 0.1337920, 0.1352320, 0.1339840, 0.1344000, 0.1340160, 0.1356160, 0.1351680, 0.1349120, 0.1347520, 0.1348800, 0.1345600, 0.1336000, 0.1347200, 0.1347520, 0.1344640, 0.1351680, 0.1346560, 0.1340480, 0.1338880, 0.1344320, 0.1345600, 0.1348800, 0.1348800, 0.1347200, 0.1342400, 0.1337920, 0.1354560, 0.1355520, 0.1349440, 0.1352960, 0.1342720, 0.1346880, 0.1352960, 0.1340800, 0.1358720, 0.1341440, 0.1347520, 0.1342720, 0.1340800, 0.1344640, 0.1353280, 0.1339200, 0.1350400, 0.1341440, 0.1352000, 0.1351680, 0.1355840, 0.1334080, 0.1342720, 0.1353920, 0.1342400, 0.1344320, 0.1342400, 0.1343040, 0.1345600, 0.1349440, 0.1349120, 0.1345600, 0.1347520, 0.1339520, 0.1365760, 0.1349440 ],
"timesTransferFromDevice": [ 0.0194880, 0.0196480, 0.0184000, 0.0191040, 0.0194240, 0.0186560, 0.0188800, 0.0188160, 0.0195200, 0.0184000, 0.0200320, 0.0187200, 0.0191680, 0.0182720, 0.0191360, 0.0190720, 0.0191040, 0.0195840, 0.0193600, 0.0192640, 0.0184320, 0.0185600, 0.0185920, 0.0189120, 0.0188160, 0.0191680, 0.0194240, 0.0184320, 0.0191360, 0.0225280, 0.0195840, 0.0194880, 0.0190720, 0.0184320, 0.0188800, 0.0190720, 0.0187520, 0.0192000, 0.0196160, 0.0192960, 0.0180160, 0.0186240, 0.0183040, 0.0189760, 0.0188800, 0.0191680, 0.0189440, 0.0195200, 0.0184960, 0.0195200, 0.0186240, 0.0195200, 0.0185920, 0.0188480, 0.0183040, 0.0191040, 0.0190400, 0.0191360, 0.0193600, 0.0188160, 0.0183040, 0.0195840, 0.0185280, 0.0185280, 0.0186560, 0.0187520, 0.0185920, 0.0189120, 0.0189760, 0.0185920, 0.0188800, 0.0183680, 0.0185920, 0.0195840, 0.0186240, 0.0187840, 0.0206400, 0.0190080, 0.0188800, 0.0199040, 0.0191680, 0.0188800, 0.0184320, 0.0187840, 0.0192320, 0.0184640, 0.0189440, 0.0191360, 0.0196480, 0.0190080, 0.0182400, 0.0195520, 0.0185600, 0.0189760, 0.0188160, 0.0184320, 0.0183040, 0.0185600, 0.0202240, 0.0182080 ],
"bins": [ 4977694, 131259, 130528, 130622, 131162, 131266, 130873, 130497, 131233, 130925, 131293, 131142, 130998, 131315, 130598, 131661, 131236, 131047, 131721, 131177, 131151, 131426, 131537, 131327, 131711, 131435, 131774 ]
}
,