{
"inputLengthInCharacters": 4294967296,
"uniformInput": false,
"useMappingLetter": true,
"measurements": {
"histogram_atomic_private_stride": {
"timesTransferToDevice": [ 2673.9306641, 2673.8276367, 2673.8088379, 2673.8063965, 2673.7998047, 2673.8049316, 2673.8027344, 2673.8259277, 2673.8037109, 2673.8078613, 2673.8120117, 2673.8049316, 2673.8122559, 2673.8164062, 2673.8149414, 2673.8002930, 2673.8312988, 2673.8164062, 2673.8085938, 2673.8107910, 2673.8034668, 2673.7983398, 2673.8166504, 2673.8081055, 2673.8073730, 2673.8112793, 2673.8066406, 2673.8283691, 2673.8098145, 2673.8146973, 2673.8024902, 2673.7976074, 2673.8103027, 2673.8232422, 2673.8110352, 2673.8073730, 2673.8127441, 2673.8178711, 2673.8056641, 2673.8034668, 2673.8041992, 2673.8286133, 2674.2421875, 2675.9638672, 2673.8098145, 2673.8066406, 2673.8125000, 2673.8083496, 2673.8020020, 2673.8034668, 2673.8115234, 2673.8105469, 2673.8125000, 2673.8212891, 2673.8066406, 2673.8081055, 2673.8100586, 2673.8146973, 2673.8110352, 2673.8361816, 2698.7646484, 2673.8225098, 2673.8063965, 2673.8127441, 2673.8063965, 2673.8142090, 2673.8105469, 2673.8195801, 2673.8107910, 2673.8132324, 2673.8054199, 2673.8032227, 2673.8142090, 2673.8244629, 2673.8098145, 2673.8076172, 2673.8034668, 2673.8159180, 2673.8149414, 2673.8107910, 2673.8127441, 2673.8002930, 2673.8295898, 2673.8112793, 2673.7961426, 2673.8068848, 2673.8078613, 2673.8127441, 2700.6870117, 2675.9296875, 2673.8107910, 2673.8164062, 2673.8100586, 2673.8117676, 2673.8063965, 2673.8085938, 2673.8154297, 2673.8171387, 2673.8063965, 2673.8161621 ],
"timesExecution": [ 27.6571198, 27.6863365, 27.7064323, 27.6897602, 27.6872959, 27.6680317, 27.6902084, 27.7030392, 27.6766720, 27.6602879, 27.7131519, 27.6845436, 27.6945286, 27.7180481, 27.6893444, 27.6994877, 27.6994247, 27.6430073, 27.6536007, 27.6694088, 27.6933117, 27.6775360, 27.6793594, 27.6798401, 27.6664963, 27.6807995, 27.6941433, 27.6840954, 27.6792641, 27.6888638, 27.6809273, 27.6706562, 27.6743679, 27.6823368, 27.6668167, 27.6685753, 27.6821766, 27.6635513, 27.6710720, 27.6828480, 27.6764793, 27.6579208, 27.6826553, 27.6788158, 27.6823044, 27.6457920, 27.6774082, 27.6788807, 27.6665916, 27.6656322, 27.6943035, 27.6901112, 27.6702728, 27.6709766, 27.6705608, 27.6598396, 27.6684799, 27.6657925, 27.6738873, 27.6721592, 27.6876793, 27.6636162, 27.6750393, 27.6956482, 27.6806087, 27.6721592, 27.6949768, 27.6682243, 27.6758728, 27.6933441, 27.6805115, 27.6804790, 27.6837444, 27.6618233, 27.6790409, 27.6806087, 27.6587849, 27.6818237, 27.6466560, 27.6783676, 27.6934719, 27.6683846, 27.6928329, 27.6700478, 27.6765442, 27.6991997, 27.6695671, 27.6709118, 27.6779842, 27.6870403, 27.6786880, 27.6909752, 27.7085762, 27.6869125, 27.6667519, 27.6595516, 27.6900482, 27.6729927, 27.6634560, 27.6729927 ],
"timesTransferFromDevice": [ 0.0426560, 0.0331840, 0.0334080, 0.0339840, 0.0327680, 0.0308800, 0.0383680, 0.0323520, 0.0357760, 0.0326400, 0.0339200, 0.0334400, 0.0325120, 0.0451840, 0.0337920, 0.0374400, 0.0333120, 0.0321280, 0.0317760, 0.0330560, 0.0327680, 0.0322240, 0.0328320, 0.0454720, 0.0320640, 0.0318720, 0.0384000, 0.0317440, 0.0329600, 0.0327360, 0.0322240, 0.0312000, 0.0319680, 0.0330240, 0.0313920, 0.0312960, 0.0294400, 0.0325440, 0.0325760, 0.0339200, 0.0531200, 0.0315200, 0.0338240, 0.0334080, 0.0320640, 0.0307840, 0.0322880, 0.0334080, 0.0319680, 0.0316480, 0.0319040, 0.0325760, 0.0323840, 0.0302720, 0.0309440, 0.0320320, 0.0340160, 0.0323200, 0.0365440, 0.0316800, 0.0364160, 0.0320320, 0.0318720, 0.0317120, 0.0313280, 0.0324160, 0.0310720, 0.0312320, 0.0313600, 0.0341120, 0.0328000, 0.0327040, 0.0317760, 0.0343680, 0.0342400, 0.0323200, 0.0309440, 0.0319040, 0.0314560, 0.0339200, 0.0317760, 0.0361600, 0.0324800, 0.0326720, 0.0320320, 0.0314240, 0.0345920, 0.0328000, 0.0354880, 0.0327360, 0.0332800, 0.0329600, 0.0317440, 0.0321920, 0.0311040, 0.0329920, 0.0315840, 0.0327680, 0.0327040, 0.0325440 ],
"bins": [ 2550136830, 67108864, 67108864, 67108864, 67108864, 67108864, 67108864, 67108864, 67108864, 67108864, 67108864, 67108864, 67108864, 67108864, 67108864, 67108864, 67108864, 67108864, 67108864, 67108864, 67108864, 67108864, 67108865, 67108865, 67108864, 67108864, 67108864 ]
}
,
"histogram_atomic_global_stride": {
"timesTransferToDevice": [ 2673.8173828, 2673.8029785, 2673.8405762, 2673.8085938, 2673.8100586, 2673.8146973, 2697.8173828, 2673.8093262, 2673.8154297, 2673.8173828, 2673.8247070, 2673.8190918, 2673.8103027, 2673.8242188, 2673.8395996, 2673.8327637, 2673.8107910, 2673.8227539, 2673.8293457, 2673.8295898, 2673.8244629, 2673.8376465, 2673.8239746, 2673.8166504, 2673.8225098, 2673.8371582, 2673.8574219, 2673.8278809, 2673.8242188, 2673.8210449, 2673.8266602, 2673.8154297, 2673.8215332, 2673.8095703, 2673.8315430, 2673.8232422, 2673.8171387, 2673.8244629, 2673.8432617, 2673.8247070, 2673.8249512, 2673.8195801, 2675.9177246, 2673.8129883, 2673.8505859, 2673.9436035, 2673.9423828, 2673.9423828, 2673.9379883, 2673.9299316, 2673.9438477, 2673.9489746, 2673.9511719, 2673.9355469, 2673.9455566, 2673.9445801, 2673.9436035, 2673.9511719, 2673.9465332, 2673.9602051, 2673.9489746, 2673.9418945, 2673.9645996, 2673.9296875, 2673.9523926, 2673.9555664, 2700.2812500, 2673.9562988, 2673.9545898, 2673.9399414, 2673.9443359, 2673.9501953, 2673.9511719, 2673.9387207, 2673.9670410, 2673.9470215, 2673.9462891, 2673.9479980, 2673.9536133, 2676.0561523, 2673.9428711, 2673.9489746, 2673.9592285, 2673.9484863, 2673.9411621, 2673.9350586, 2673.9721680, 2673.9414062, 2673.9506836, 2673.9438477, 2676.0063477, 2673.9455566, 2673.9626465, 2673.9350586, 2673.9487305, 2673.9462891, 2673.9472656, 2673.9521484, 2673.9672852, 2673.9594727 ],
"timesExecution": [ 2379.3403320, 2379.4458008, 2379.3576660, 2379.3151855, 2379.3269043, 2379.3234863, 2379.4353027, 2379.3002930, 2379.3081055, 2379.3090820, 2379.3220215, 2379.3215332, 2379.3093262, 2379.3264160, 2418.7548828, 2379.2910156, 2379.2976074, 2385.9880371, 2388.3327637, 2379.3288574, 2379.3054199, 2379.2810059, 2379.2944336, 2379.2863770, 2379.3952637, 2379.2998047, 2379.3264160, 2379.2829590, 2379.2854004, 2380.6826172, 2379.2805176, 2379.2929688, 2379.2883301, 2379.2846680, 2379.3300781, 2379.2929688, 2379.2912598, 2379.3083496, 2379.3115234, 2379.3901367, 2379.2829590, 2379.3032227, 2379.3056641, 2379.2907715, 2379.3964844, 2379.2744141, 2379.2785645, 2379.2795410, 2379.2829590, 2379.4069824, 2379.3027344, 2379.2761230, 2379.2714844, 2379.2792969, 2379.3125000, 2379.2863770, 2379.2976074, 2379.3198242, 2379.2758789, 2379.3085938, 2379.2824707, 2379.2897949, 2379.2788086, 2379.2998047, 2379.2731934, 2379.3105469, 2379.2929688, 2379.4082031, 2379.2875977, 2379.3017578, 2379.2983398, 2379.2895508, 2379.3708496, 2379.3032227, 2379.2814941, 2379.3415527, 2379.2824707, 2379.3054199, 2379.2897949, 2379.3190918, 2379.2812500, 2379.2844238, 2379.2778320, 2379.2922363, 2379.2766113, 2411.6230469, 2379.2949219, 2379.3088379, 2379.2983398, 2379.3063965, 2380.5712891, 2379.3088379, 2379.3098145, 2379.2863770, 2379.2753906, 2379.3344727, 2379.2810059, 2379.2995605, 2379.2795410, 2379.3061523 ],