{
"inputLengthInCharacters": 536870912,
"uniformInput": false,
"useMappingLetter": true,
"measurements": {
"histogram_atomic_global": {
"timesTransferToDevice": [ 334.2864075, 334.2673645, 334.2819824, 334.2640686, 334.2621460, 334.2723389, 334.2634277, 334.2753906, 334.2636719, 334.2636108, 334.2608337, 334.2672119, 334.2662354, 334.2682495, 334.2833557, 334.2732544, 334.2617798, 334.2602844, 334.2610779, 334.2611389, 334.2646484, 334.2611694, 334.2666626, 334.2828064, 334.2615967, 334.2613831, 334.2614441, 334.2869263, 334.2601624, 334.2576294, 334.2735291, 334.2626343, 334.2598572, 334.2704468, 334.2630310, 334.2817688, 334.2674255, 334.2589722, 334.2642822, 334.2595215, 334.2597961, 334.2669678, 334.2650452, 334.2702332, 334.2642822, 334.2624207, 334.2660217, 334.2677002, 334.2606812, 334.2599487, 334.2855530, 334.2670898, 334.2545166, 334.2639465, 334.3128052, 334.2647705, 334.2664490, 334.2615356, 334.2635498, 334.2621460, 334.2617798, 334.2626038, 334.2658997, 334.2669983, 334.2739258, 334.2719727, 334.2621155, 337.5889587, 334.2709045, 334.2791443, 340.8500671, 334.3473816, 334.2654419, 334.2650452, 334.2708130, 334.2624817, 334.2631226, 334.2733765, 334.2665100, 334.2676086, 334.2654724, 334.2648926, 334.2626648, 334.2648315, 334.2626953, 334.2696838, 334.2633667, 334.2657776, 334.2614746, 334.2726746, 334.2698669, 334.2617493, 334.2718811, 334.2687683, 334.2798462, 334.2652588, 334.2597961, 334.2652893, 334.2571411, 334.2622986 ],
"timesExecution": [ 297.5397644, 297.5380859, 297.5272827, 297.5080261, 297.5057373, 297.4957886, 297.4992371, 297.5076904, 297.4849243, 297.4834900, 297.4819641, 297.4766846, 297.4765320, 297.4871826, 297.4924622, 297.4804077, 297.4789734, 297.4803772, 297.4716492, 297.4764099, 297.4736938, 297.4722595, 297.4769592, 297.4804688, 305.3172302, 297.4755859, 297.4703674, 297.4719849, 297.4703674, 297.4714966, 297.4693909, 297.4824219, 297.4700012, 297.4565125, 297.4710083, 297.4668579, 297.4689636, 297.4675903, 297.4665222, 297.4685669, 297.4660950, 297.4657288, 297.4650574, 297.4658813, 297.4688721, 297.4669495, 297.4654846, 297.4681702, 297.4631042, 297.4577942, 297.4631042, 297.4663696, 297.4670105, 297.4645081, 297.4617920, 297.4696045, 297.4668884, 297.4657898, 297.4639893, 297.4652405, 297.4642029, 297.4630737, 297.4606628, 297.4683838, 305.5652161, 297.4618530, 297.4553528, 320.4809265, 298.7967224, 300.4145508, 298.1720276, 297.6007996, 297.4619446, 297.4598694, 297.4598999, 297.4636536, 297.4624939, 297.4632263, 297.4592285, 297.4598389, 297.4619751, 297.4616699, 297.4617615, 297.4596558, 297.4579163, 297.4578857, 297.4626465, 297.4608765, 297.4592590, 297.4614868, 297.4640198, 297.4621887, 297.4577942, 297.4644165, 297.4748230, 297.4604187, 297.4554138, 297.4538879, 297.4553223, 297.4586487 ],
"timesTransferFromDevice": [ 0.0371840, 0.0379200, 0.0338560, 0.0323520, 0.0323520, 0.0324480, 0.0377920, 0.0325120, 0.0335680, 0.0323840, 0.0320320, 0.0320000, 0.0321280, 0.0378240, 0.0318400, 0.0326720, 0.0328320, 0.0304960, 0.0318720, 0.0313280, 0.0309440, 0.0320640, 0.0374400, 0.0318720, 0.0336960, 0.0304320, 0.0323840, 0.0335040, 0.0325120, 0.0317440, 0.0321920, 0.0325120, 0.0325120, 0.0315840, 0.0374080, 0.0315520, 0.0306560, 0.0311040, 0.0327680, 0.0311680, 0.0311040, 0.0319680, 0.0327040, 0.0358400, 0.0319680, 0.0317440, 0.0331840, 0.0314240, 0.0330240, 0.0373760, 0.0316800, 0.0308160, 0.0323200, 0.0303360, 0.0307520, 0.0326720, 0.0329600, 0.0312000, 0.0317120, 0.0314560, 0.0316160, 0.0315520, 0.0319040, 0.0355520, 0.0430720, 0.0321920, 0.0320000, 0.0328960, 0.0375360, 0.0282560, 0.0303040, 0.0328000, 0.0306880, 0.0312320, 0.0325120, 0.0324480, 0.0330240, 0.0322560, 0.0318400, 0.0316480, 0.0329280, 0.0311040, 0.0307520, 0.0311040, 0.0327040, 0.0309440, 0.0315200, 0.0310720, 0.0328640, 0.0330240, 0.0329280, 0.0312000, 0.0303680, 0.0365120, 0.0330240, 0.0321280, 0.0307520, 0.0306880, 0.0325760, 0.0324480 ],
"bins": [ 318763568, 8388809, 8385419, 8387967, 8396620, 8390581, 8387761, 8394022, 8391234, 8387206, 8385143, 8390420, 8386989, 8387676, 8387808, 8388582, 8390760, 8391218, 8385037, 8385434, 8388470, 8388964, 8388290, 8385714, 8390869, 8388535, 8387816 ]
}
,
"histogram_atomic_private": {
"timesTransferToDevice": [ 334.2695923, 334.2645264, 334.2603149, 334.2564392, 334.2628479, 334.2607727, 334.2624817, 334.2686157, 334.2633057, 334.2652283, 334.2627869, 334.2606812, 334.2622986, 334.2672119, 334.2614441, 334.2617798, 334.2633972, 334.2621460, 334.2622070, 334.2655640, 334.2673035, 334.2583618, 334.2601624, 334.2639160, 334.2640686, 334.2622070, 334.2607422, 334.2599182, 334.2596741, 334.2604370, 334.2583008, 334.2662354, 334.2680054, 334.2624512, 334.2701416, 334.2608337, 334.2664490, 334.2613220, 334.2607422, 334.2604980, 334.2641907, 334.2608643, 334.2674255, 334.2688599, 334.2549744, 334.2630920, 334.2713013, 334.2645569, 334.2670898, 334.2655334, 336.3973083, 334.2650146, 334.2635498, 334.2660522, 343.2811279, 334.2690430, 334.2708130, 334.2607727, 340.8476562, 340.8428345, 340.8410950, 334.3464661, 340.7597961, 334.2621155, 334.2635193, 334.2572937, 334.2626038, 334.2703552, 334.2631226, 334.2649536, 334.2671509, 334.2631531, 334.2619019, 334.2623901, 334.2636719, 334.2609558, 334.2700195, 334.2620239, 334.2615662, 334.2741394, 334.2596436, 334.2630920, 334.2655029, 334.2670288, 334.2691956, 334.2639771, 334.2596741, 334.2595520, 334.2616272, 334.2663879, 334.2637024, 334.2655945, 334.2653503, 334.2650757, 334.2614136, 334.2624512, 334.2619934, 334.2637024, 334.2662964, 334.2614136 ],
"timesExecution": [ 7.4000959, 7.4022079, 7.4028802, 7.4006720, 7.4010239, 7.3985281, 7.4025278, 7.4025922, 7.4017282, 7.4023042, 7.3999362, 7.4001279, 7.4045758, 7.4030719, 7.4010558, 7.4021759, 7.3994560, 7.4009280, 7.4008322, 7.3998079, 7.4012799, 7.4021120, 7.4011521, 7.3997121, 7.4019518, 7.4025278, 7.4007359, 7.4025278, 7.3988481, 7.3989120, 7.3995838, 7.3991680, 7.4006400, 7.4038401, 7.4002562, 7.3995519, 7.4007039, 7.4003201, 7.3999362, 7.4020801, 7.4015040, 7.4026241, 7.4027519, 7.4008961, 7.4012480, 7.4026241, 7.4031682, 7.4019842, 7.4007359, 7.4081602, 7.4155841, 7.4039040, 7.4016638, 7.4005122, 7.4544001, 7.4506240, 7.4558082, 7.4013758, 7.4504638, 7.4534721, 7.4545922, 7.4471359, 7.4012799, 7.4014721, 7.4021759, 7.4019518, 7.4010239, 7.4009919, 7.4024639, 7.4007039, 7.4010558, 7.4035521, 7.4016962, 7.4023361, 7.4008322, 7.3995838, 7.4009919, 7.4036798, 7.3995199, 7.4031358, 7.4011521, 7.4386878, 7.4383678, 7.4044480, 7.4023361, 7.4003520, 7.4010882, 7.4003201, 7.4028478, 7.4018240, 7.4000959, 7.4001598, 7.4008641, 7.4007039, 7.3987842, 7.3981762, 7.4040642, 7.4008322, 7.4017920, 7.3999038 ],
"timesTransferFromDevice": [ 0.0310720, 0.0304960, 0.0322880, 0.0314880, 0.0301440, 0.0316800, 0.0299840, 0.0313600, 0.0319360, 0.0307200, 0.0312320, 0.0300160, 0.0300480, 0.0334400, 0.0300800, 0.0310720, 0.0309760, 0.0313920, 0.0322880, 0.0312960, 0.0295360, 0.0310080, 0.0316480, 0.0303680, 0.0323200, 0.0307520, 0.0330560, 0.0320960, 0.0305920, 0.0320960, 0.0321600, 0.0316800, 0.0306880, 0.0323520, 0.0305600, 0.0306240, 0.0298880, 0.0318080, 0.0300160, 0.0310080, 0.0311360, 0.0313600, 0.0312640, 0.0308800, 0.0308480, 0.0306880, 0.0319680, 0.0319040, 0.0313280, 0.0364800, 0.0325120, 0.0312960, 0.0318400, 0.0319680, 0.0326720, 0.0292800, 0.0299200, 0.0308800, 0.0270400, 0.0302720, 0.0310080, 0.0327680, 0.0312000, 0.0314560, 0.0297600, 0.0315200, 0.0305280, 0.0320000, 0.0313920, 0.0316480, 0.0304960, 0.0327040, 0.0313920, 0.0314880, 0.0306560, 0.0305280, 0.0307840, 0.0329280, 0.0315200, 0.0310720, 0.0310400, 0.0495680, 0.0467840, 0.0318400, 0.0321600, 0.0315200, 0.0314560, 0.0314880, 0.0309760, 0.0328000, 0.0312000, 0.0320640, 0.0307520, 0.0308800, 0.0306880, 0.0298240, 0.0321600, 0.0304000, 0.0312640, 0.0314880 ],