{
"inputLengthInCharacters": 262144,
"uniformInput": true,
"useMappingLetter": false,
"measurements": {
"histogram_atomic_global": {
"timesTransferToDevice": [ 0.2120640, 0.1917760, 0.1845760, 0.1844160, 0.1843840, 0.1840960, 0.1844480, 0.1841600, 0.1842240, 0.1843840, 0.1843200, 0.1842240, 0.1843200, 0.1844480, 0.1841280, 0.1842240, 0.1842240, 0.1842240, 0.1842560, 0.1842880, 0.1843840, 0.1842560, 0.1842240, 0.1842240, 0.1883200, 0.1845760, 0.1840640, 0.1842240, 0.1842240, 0.1842240, 0.1853760, 0.1842880, 0.1841600, 0.1844800, 0.1840960, 0.1840320, 0.1842240, 0.1841920, 0.1864960, 0.1840000, 0.1841280, 0.1840960, 0.1838720, 0.1844800, 0.1847040, 0.1847680, 0.1844480, 0.1848000, 0.1844160, 0.1844160, 0.1847040, 0.1844800, 0.1844800, 0.1843520, 0.1840640, 0.1840320, 0.1840960, 0.1842560, 0.1842560, 0.1838720, 0.1840000, 0.1840640, 0.1839360, 0.1838720, 0.1840960, 0.1840000, 0.1839360, 0.1842560, 0.1840960, 0.1842880, 0.1841920, 0.1840960, 0.1841280, 0.1844800, 0.1853120, 0.1840960, 0.1842880, 0.1842240, 0.1841280, 0.1845120, 0.1841600, 0.1842560, 0.1840960, 0.1840000, 0.1840960, 0.1846080, 0.1840960, 0.1841920, 0.1840960, 0.1842560, 0.1840640, 0.1846080, 0.1839360, 0.1840960, 0.1841600, 0.1841280, 0.1841600, 0.1843200, 0.1843200, 0.1842240 ],
"timesExecution": [ 0.1988800, 0.1996160, 0.1980160, 0.1981760, 0.1985920, 0.1980800, 0.1985280, 0.1987520, 0.1986240, 0.1987520, 0.1980800, 0.1977600, 0.1984960, 0.1984320, 0.1984960, 0.1983360, 0.1980480, 0.1978240, 0.1982080, 0.1980800, 0.1977920, 0.1979840, 0.1981440, 0.1983040, 0.1981120, 0.1981120, 0.1975680, 0.1980480, 0.1984640, 0.1995520, 0.1995840, 0.1982720, 0.1976640, 0.1992000, 0.1984960, 0.1979840, 0.1980480, 0.1985600, 0.1983680, 0.1983680, 0.1979520, 0.1981760, 0.1982400, 0.1989120, 0.1987200, 0.1983040, 0.1991040, 0.1986560, 0.1985280, 0.1985280, 0.1981760, 0.1981440, 0.1985920, 0.1984320, 0.1984000, 0.1984320, 0.1984320, 0.1976320, 0.1984640, 0.1986240, 0.1982400, 0.1982080, 0.1987200, 0.1985280, 0.1986880, 0.1980480, 0.1977600, 0.1976320, 0.1990400, 0.1982080, 0.1978560, 0.1980160, 0.1991680, 0.1996480, 0.1997760, 0.1985920, 0.1984320, 0.1986560, 0.1989760, 0.1987200, 0.1977920, 0.1980480, 0.1979840, 0.1980160, 0.1984000, 0.1988480, 0.1983680, 0.1976640, 0.1981440, 0.1989120, 0.1985600, 0.1983360, 0.1978880, 0.1983680, 0.1986560, 0.1985600, 0.1984320, 0.1978560, 0.1981120, 0.1980160 ],
"timesTransferFromDevice": [ 0.0247040, 0.0242240, 0.0179840, 0.0170880, 0.0171200, 0.0171520, 0.0177600, 0.0171200, 0.0176960, 0.0173440, 0.0171520, 0.0170880, 0.0176320, 0.0171840, 0.0172800, 0.0176960, 0.0168320, 0.0172160, 0.0172160, 0.0168640, 0.0169600, 0.0174720, 0.0165440, 0.0172480, 0.0170560, 0.0170560, 0.0174720, 0.0170880, 0.0170240, 0.0179520, 0.0165440, 0.0168640, 0.0170880, 0.0173120, 0.0169280, 0.0170240, 0.0164160, 0.0168960, 0.0164160, 0.0166720, 0.0167680, 0.0167040, 0.0176320, 0.0168000, 0.0173440, 0.0169280, 0.0173760, 0.0179520, 0.0172480, 0.0168320, 0.0171520, 0.0166400, 0.0165760, 0.0168000, 0.0174400, 0.0164800, 0.0171520, 0.0172800, 0.0175680, 0.0171840, 0.0166400, 0.0173440, 0.0167360, 0.0172480, 0.0171200, 0.0175040, 0.0169920, 0.0171520, 0.0173120, 0.0167040, 0.0170240, 0.0166720, 0.0176000, 0.0173120, 0.0174400, 0.0173120, 0.0172160, 0.0169920, 0.0167680, 0.0170560, 0.0168000, 0.0165440, 0.0168320, 0.0163520, 0.0174400, 0.0175040, 0.0171840, 0.0169280, 0.0165120, 0.0170560, 0.0167680, 0.0171520, 0.0165120, 0.0174080, 0.0165760, 0.0175680, 0.0177600, 0.0164480, 0.0175680, 0.0163840 ],
"bins": [ 0, 0, 0, 0, 0, 0, 0, 0, 0, 0, 0, 0, 0, 0, 0, 0, 0, 0, 0, 0, 0, 0, 0, 0, 0, 0, 0, 0, 0, 0, 0, 0, 0, 0, 0, 0, 0, 0, 0, 0, 0, 0, 0, 0, 0, 0, 0, 0, 0, 0, 0, 0, 0, 0, 0, 0, 0, 0, 0, 0, 0, 0, 0, 0, 0, 0, 0, 0, 0, 0, 0, 0, 0, 0, 0, 0, 0, 0, 0, 0, 0, 0, 0, 0, 0, 0, 0, 0, 0, 0, 0, 0, 0, 0, 0, 0, 262144, 0, 0, 0, 0, 0, 0, 0, 0, 0, 0, 0, 0, 0, 0, 0, 0, 0, 0, 0, 0, 0, 0, 0, 0, 0, 0, 0, 0, 0, 0, 0 ]
}
,
"histogram_atomic_private": {
"timesTransferToDevice": [ 0.1841600, 0.1843520, 0.1843200, 0.1842240, 0.1842240, 0.1841600, 0.1843520, 0.1844160, 0.1841280, 0.1856320, 0.1856320, 0.1844160, 0.1842240, 0.1844480, 0.1842880, 0.1845760, 0.1843200, 0.1843200, 0.1843200, 0.1840640, 0.1844800, 0.1843200, 0.1840640, 0.1844160, 0.1842560, 0.1842560, 0.1844160, 0.1840960, 0.1840640, 0.1842880, 0.1841920, 0.1841600, 0.1840000, 0.1842560, 0.1843200, 0.1842560, 0.1843840, 0.1842880, 0.1842560, 0.1841280, 0.1841280, 0.1841600, 0.1841280, 0.1841600, 0.1840320, 0.1843840, 0.1842560, 0.1843200, 0.1844480, 0.1847680, 0.1842560, 0.1842240, 0.1840640, 0.1843200, 0.1841280, 0.1840640, 0.1843840, 0.1842560, 0.1840320, 0.1839680, 0.1840640, 0.1843200, 0.1841600, 0.1844160, 0.1843840, 0.1842240, 0.1842560, 0.1839680, 0.1840000, 0.1843200, 0.1841920, 0.1843200, 0.1846720, 0.1842560, 0.1840960, 0.1842240, 0.1842240, 0.1845440, 0.1840960, 0.1845120, 0.1840960, 0.1839680, 0.1849280, 0.1840640, 0.1841920, 0.1841920, 0.1839040, 0.1839680, 0.1841280, 0.1842880, 0.1839040, 0.1840000, 0.1840320, 0.1840640, 0.1840320, 0.1839040, 0.1840960, 0.1841920, 0.1840960, 0.1842560 ],
"timesExecution": [ 0.0256000, 0.0250880, 0.0243200, 0.0251520, 0.0248000, 0.0244800, 0.0250560, 0.0250240, 0.0257280, 0.0248960, 0.0255360, 0.0251840, 0.0244160, 0.0249920, 0.0244480, 0.0240640, 0.0243200, 0.0254080, 0.0248320, 0.0253440, 0.0249600, 0.0249280, 0.0244800, 0.0246080, 0.0249600, 0.0247680, 0.0243840, 0.0248640, 0.0243840, 0.0244800, 0.0252800, 0.0244160, 0.0250560, 0.0249280, 0.0249600, 0.0246720, 0.0246080, 0.0244160, 0.0255360, 0.0247680, 0.0252160, 0.0248320, 0.0252160, 0.0247040, 0.0247680, 0.0247680, 0.0246400, 0.0244480, 0.0244480, 0.0258880, 0.0247680, 0.0251520, 0.0244800, 0.0245120, 0.0249920, 0.0245440, 0.0250560, 0.0242560, 0.0251520, 0.0250560, 0.0246400, 0.0241280, 0.0246400, 0.0246400, 0.0249920, 0.0248320, 0.0251840, 0.0249600, 0.0243840, 0.0249600, 0.0247680, 0.0248320, 0.0242560, 0.0247040, 0.0248960, 0.0244480, 0.0243520, 0.0245120, 0.0250560, 0.0242240, 0.0247360, 0.0263040, 0.0265280, 0.0252160, 0.0249920, 0.0245760, 0.0250240, 0.0247040, 0.0248640, 0.0245440, 0.0245440, 0.0247680, 0.0247040, 0.0244160, 0.0246080, 0.0251200, 0.0253760, 0.0241280, 0.0245760, 0.0249280 ],
"timesTransferFromDevice": [ 0.0172800, 0.0176320, 0.0164800, 0.0169280, 0.0169920, 0.0165760, 0.0172800, 0.0173760, 0.0172160, 0.0179200, 0.0173120, 0.0175360, 0.0172480, 0.0174400, 0.0170240, 0.0172480, 0.0169600, 0.0172480, 0.0165440, 0.0173440, 0.0168960, 0.0174720, 0.0166720, 0.0168640, 0.0176640, 0.0166400, 0.0168320, 0.0175680, 0.0169920, 0.0175680, 0.0168320, 0.0166400, 0.0177280, 0.0168320, 0.0173440, 0.0170880, 0.0171520, 0.0171520, 0.0170240, 0.0165760, 0.0168320, 0.0177280, 0.0170560, 0.0174080, 0.0176640, 0.0173440, 0.0166720, 0.0164160, 0.0170880, 0.0181120, 0.0173120, 0.0176000, 0.0168320, 0.0165440, 0.0170240, 0.0173120, 0.0176000, 0.0169920, 0.0173120, 0.0171200, 0.0176960, 0.0170240, 0.0167360, 0.0168640, 0.0174720, 0.0176320, 0.0170880, 0.0176640, 0.0173760, 0.0173760, 0.0173760, 0.0177920, 0.0169280, 0.0178240, 0.0166400, 0.0170560, 0.0178880, 0.0176000, 0.0171520, 0.0170880, 0.0170560, 0.0191680, 0.0174720, 0.0169920, 0.0170560, 0.0168640, 0.0170240, 0.0167040, 0.0163200, 0.0167360, 0.0170880, 0.0169920, 0.0176320, 0.0171840, 0.0164800, 0.0164480, 0.0166720, 0.0174400, 0.0167360, 0.0172800 ],
"bins": [ 0, 0, 0, 0, 0, 0, 0, 0, 0, 0, 0, 0, 0, 0, 0, 0, 0, 0, 0, 0, 0, 0, 0, 0, 0, 0, 0, 0, 0, 0, 0, 0, 0, 0, 0, 0, 0, 0, 0, 0, 0, 0, 0, 0, 0, 0, 0, 0, 0, 0, 0, 0, 0, 0, 0, 0, 0, 0, 0, 0, 0, 0, 0, 0, 0, 0, 0, 0, 0, 0, 0, 0, 0, 0, 0, 0, 0, 0, 0, 0, 0, 0, 0, 0, 0, 0, 0, 0, 0, 0, 0, 0, 0, 0, 0, 0, 262144, 0, 0, 0, 0, 0, 0, 0, 0, 0, 0, 0, 0, 0, 0, 0, 0, 0, 0, 0, 0, 0, 0, 0, 0, 0, 0, 0, 0, 0, 0, 0 ]
}
,