{
"inputLengthInCharacters": 33554432,
"uniformInput": true,
"useMappingLetter": true,
"measurements": {
"histogram_atomic_global": {
"timesTransferToDevice": [ 20.9970245, 20.9724483, 20.9744968, 20.9711685, 20.9631367, 20.9688969, 20.9729919, 20.9708481, 20.9647999, 20.9590397, 20.9603519, 20.9599037, 20.9605122, 20.9604797, 20.9580803, 20.9593601, 20.9671040, 20.9672966, 20.9675522, 20.9663677, 20.9741440, 20.9644489, 20.9593277, 20.9761925, 20.9685116, 20.9623356, 20.9606075, 20.9595203, 20.9679680, 20.9610882, 20.9618874, 20.9594231, 20.9603844, 20.9590397, 20.9711361, 20.9648323, 20.9611206, 20.9584637, 20.9636803, 20.9577599, 20.9614086, 20.9696007, 20.9640636, 20.9647999, 20.9597435, 20.9648647, 20.9666557, 20.9630718, 20.9640312, 20.9599361, 20.9690876, 20.9620152, 20.9566402, 20.9602242, 20.9593277, 20.9604473, 20.9636478, 20.9597435, 20.9785271, 20.9727039, 20.9615040, 20.9671364, 20.9594555, 20.9647045, 20.9631672, 20.9616642, 20.9643192, 20.9613762, 20.9620152, 20.9599037, 20.9611511, 20.9587841, 20.9599361, 20.9641914, 20.9597435, 20.9590397, 20.9598083, 20.9806728, 20.9721603, 20.9646072, 20.9716797, 20.9701443, 20.9632645, 20.9731522, 20.9719048, 20.9696007, 20.9607353, 20.9619522, 20.9671040, 20.9584961, 20.9660168, 20.9600315, 20.9599991, 20.9643841, 20.9577923, 20.9582405, 20.9680958, 20.9627514, 20.9579849, 20.9611511 ],
"timesExecution": [ 23.2423687, 23.2422714, 23.2418556, 23.2392311, 23.2328968, 23.2338886, 23.2397442, 23.2360649, 23.2347527, 23.2322235, 23.2325439, 23.2346554, 23.2360325, 23.2320328, 23.2343369, 23.2386246, 23.2349129, 23.2329922, 23.2336311, 23.2421436, 23.2356472, 23.2362881, 23.2423687, 23.2460480, 23.2348804, 23.2334080, 23.2339840, 23.2368965, 23.2330246, 23.2342072, 23.2331200, 23.2337608, 23.2336636, 23.2360649, 23.2340488, 23.2351685, 23.2324791, 23.2343369, 23.2327042, 23.2332478, 23.2385273, 23.2350712, 23.2330246, 23.2319679, 23.2360001, 23.2322559, 23.2336006, 23.2347527, 23.2342396, 23.2335358, 23.2341766, 23.2325764, 23.2321911, 23.2339516, 23.2324486, 23.2347832, 23.2311993, 23.2584000, 23.2479992, 23.2354240, 23.2388802, 23.2339191, 23.2337284, 23.2321281, 23.2333431, 23.2358074, 23.2341442, 23.2320957, 23.2337284, 23.2327042, 23.2329273, 23.2338562, 23.2346249, 23.2319679, 23.2327671, 23.2327671, 23.2451515, 23.2415676, 23.2374725, 23.2348804, 23.2380486, 23.2350082, 23.2366085, 23.2414398, 23.2414074, 23.2358723, 23.2318401, 23.2367039, 23.2329922, 23.2338562, 23.2315197, 23.2329922, 23.2345276, 23.2315521, 23.2325439, 23.2381439, 23.2353916, 23.2353916, 23.2328644, 23.2336006 ],
"timesTransferFromDevice": [ 0.0290560, 0.0237440, 0.0235520, 0.0217280, 0.0215680, 0.0257600, 0.0213760, 0.0214720, 0.0203200, 0.0197440, 0.0204480, 0.0195520, 0.0207680, 0.0201920, 0.0200640, 0.0219200, 0.0207040, 0.0213120, 0.0218560, 0.0227520, 0.0212160, 0.0201920, 0.0255040, 0.0227520, 0.0214720, 0.0202880, 0.0197760, 0.0195520, 0.0204800, 0.0211840, 0.0202240, 0.0202240, 0.0200960, 0.0231680, 0.0217280, 0.0197760, 0.0209280, 0.0211200, 0.0205120, 0.0200000, 0.0232320, 0.0204480, 0.0202240, 0.0208000, 0.0204480, 0.0209280, 0.0201920, 0.0205760, 0.0198400, 0.0213120, 0.0200000, 0.0201280, 0.0195520, 0.0195840, 0.0208640, 0.0206720, 0.0205120, 0.0305280, 0.0238400, 0.0210240, 0.0210240, 0.0213120, 0.0208640, 0.0208640, 0.0204480, 0.0217600, 0.0202240, 0.0218240, 0.0206720, 0.0201920, 0.0200320, 0.0199360, 0.0205760, 0.0209280, 0.0204800, 0.0202240, 0.0311040, 0.0224960, 0.0215040, 0.0238720, 0.0218560, 0.0215680, 0.0237440, 0.0215040, 0.0207360, 0.0204800, 0.0205440, 0.0217920, 0.0194240, 0.0212800, 0.0202240, 0.0208320, 0.0204480, 0.0199360, 0.0200960, 0.0214080, 0.0225280, 0.0195520, 0.0205760, 0.0267840 ],
"bins": [ 0, 33554432, 0, 0, 0, 0, 0, 0, 0, 0, 0, 0, 0, 0, 0, 0, 0, 0, 0, 0, 0, 0, 0, 0, 0, 0, 0 ]
}
,
"histogram_atomic_private": {
"timesTransferToDevice": [ 20.9590721, 20.9604168, 20.9598083, 20.9588795, 20.9595203, 20.9575367, 20.9594555, 20.9664326, 20.9562244, 20.9617596, 20.9665604, 20.9702721, 20.9631996, 20.9610233, 20.9683208, 20.9605446, 20.9590721, 20.9584637, 20.9604168, 20.9651833, 20.9596806, 20.9635525, 20.9622402, 20.9581757, 20.9599991, 20.9598713, 20.9590721, 20.9595528, 20.9733753, 20.9699516, 20.9602871, 20.9623356, 20.9567356, 20.9587193, 20.9629440, 20.9591675, 20.9714241, 20.9579849, 20.9650555, 20.9592953, 20.9576321, 20.9601593, 20.9576645, 20.9602242, 20.9587517, 20.9576969, 20.9588165, 20.9596481, 20.9601288, 20.9589767, 20.9584007, 20.9587517, 20.9573441, 20.9580803, 20.9582405, 20.9589119, 20.9591045, 20.9589767, 20.9647999, 20.9576321, 20.9603844, 20.9588165, 20.9584961, 20.9585915, 20.9592323, 20.9607353, 20.9596806, 20.9582081, 20.9654713, 20.9567680, 20.9627838, 20.9626560, 20.9605122, 20.9621754, 20.9584007, 20.9666882, 20.9590721, 20.9631672, 20.9600639, 20.9581432, 20.9575672, 20.9580803, 20.9597759, 20.9692478, 20.9609280, 20.9594879, 20.9603844, 20.9638405, 20.9589767, 20.9606400, 20.9632320, 20.9606724, 20.9585285, 20.9576969, 20.9580479, 20.9578876, 20.9595528, 20.9602242, 20.9593277, 20.9628487 ],
"timesExecution": [ 0.4853440, 0.4872000, 0.4877120, 0.4871040, 0.4889600, 0.4883200, 0.4920000, 0.4872000, 0.4871680, 0.4907200, 0.4938880, 0.4892800, 0.4887040, 0.4912320, 0.4875200, 0.4872320, 0.4867200, 0.4863680, 0.4911040, 0.4876800, 0.4889280, 0.4880000, 0.4876800, 0.4861760, 0.4853120, 0.4875520, 0.4878400, 0.4937280, 0.4927360, 0.4888000, 0.4874240, 0.4862080, 0.4853440, 0.4859520, 0.4872320, 0.4943040, 0.4883520, 0.4874240, 0.4872000, 0.4860160, 0.4850880, 0.4851520, 0.4862400, 0.4878400, 0.4871360, 0.4888640, 0.4884480, 0.4858560, 0.4869440, 0.4870720, 0.4876160, 0.4863040, 0.4869440, 0.4874880, 0.4864000, 0.4872000, 0.4860800, 0.4911360, 0.4881280, 0.4867840, 0.4874560, 0.4866880, 0.4868480, 0.4861120, 0.4857600, 0.4857920, 0.4861440, 0.4912000, 0.4874560, 0.4857280, 0.4885760, 0.4879360, 0.4885440, 0.4883520, 0.4919040, 0.4881280, 0.4895040, 0.4865280, 0.4861120, 0.4888640, 0.4867200, 0.4870720, 0.4928000, 0.4869760, 0.4870080, 0.4873920, 0.4885120, 0.4870400, 0.4882240, 0.4882560, 0.4875520, 0.4878080, 0.4860160, 0.4862720, 0.4885440, 0.4877440, 0.4881920, 0.4864000, 0.4868800, 0.4864320 ],
"timesTransferFromDevice": [ 0.0194560, 0.0200960, 0.0194240, 0.0196480, 0.0198720, 0.0202880, 0.0201280, 0.0191360, 0.0193920, 0.0215360, 0.0221760, 0.0210560, 0.0193280, 0.0202560, 0.0197440, 0.0195840, 0.0195520, 0.0196800, 0.0207040, 0.0196160, 0.0209600, 0.0200640, 0.0186560, 0.0194880, 0.0198720, 0.0203200, 0.0192000, 0.0235520, 0.0208320, 0.0204800, 0.0207360, 0.0201920, 0.0198720, 0.0200320, 0.0192960, 0.0231680, 0.0196800, 0.0201280, 0.0203840, 0.0193600, 0.0201600, 0.0202240, 0.0193920, 0.0192320, 0.0191040, 0.0207040, 0.0194880, 0.0214400, 0.0199680, 0.0202880, 0.0194560, 0.0187200, 0.0193280, 0.0192000, 0.0200000, 0.0201280, 0.0197760, 0.0188800, 0.0194240, 0.0194880, 0.0202560, 0.0200960, 0.0188480, 0.0198720, 0.0200960, 0.0202880, 0.0201280, 0.0204800, 0.0185280, 0.0208000, 0.0199040, 0.0195520, 0.0199360, 0.0202560, 0.0198400, 0.0201920, 0.0205120, 0.0205760, 0.0189120, 0.0193920, 0.0203520, 0.0201280, 0.0212800, 0.0208000, 0.0196800, 0.0201600, 0.0203200, 0.0200640, 0.0201920, 0.0201600, 0.0192960, 0.0199680, 0.0197120, 0.0199360, 0.0193600, 0.0195520, 0.0191360, 0.0196800, 0.0201920, 0.0192320 ],
"bins": [ 0, 33554432, 0, 0, 0, 0, 0, 0, 0, 0, 0, 0, 0, 0, 0, 0, 0, 0, 0, 0, 0, 0, 0, 0, 0, 0, 0 ]
}
,