{
"inputLengthInCharacters": 2097152,
"uniformInput": false,
"useMappingLetter": false,
"measurements": {
"histogram_atomic_global": {
"timesTransferToDevice": [ 1.4136640, 1.3601919, 1.3487360, 1.3452801, 1.3440640, 1.3435839, 1.3435200, 1.3436480, 1.3435200, 1.3435520, 1.3435839, 1.3435839, 1.3432961, 1.3433280, 1.3436800, 1.3431040, 1.3432320, 1.3432320, 1.3435200, 1.3430721, 1.3430080, 1.3435200, 1.3431360, 1.3430721, 1.3432320, 1.3432320, 1.3432000, 1.3432640, 1.3436160, 1.3438400, 1.3447680, 1.3432640, 1.3434880, 1.3429760, 1.3430080, 1.3432320, 1.3435520, 1.3434560, 1.3432640, 1.3434240, 1.3432320, 1.3430400, 1.3431040, 1.3435200, 1.3431680, 1.3430400, 1.3433920, 1.3432000, 1.3437120, 1.3441280, 1.3431680, 1.3434240, 1.3433599, 1.3435520, 1.3435520, 1.3433599, 1.3435520, 1.3433280, 1.3435520, 1.3438400, 1.3432000, 1.3432640, 1.3436800, 1.3434560, 1.3437440, 1.3432320, 1.3430080, 1.3434240, 1.3432640, 1.3430400, 1.3436480, 1.3433920, 1.3434560, 1.3433920, 1.3433280, 1.3438081, 1.3433920, 1.3433280, 1.3430080, 1.3433599, 1.3437440, 1.3430400, 1.3437440, 1.3432320, 1.3436800, 1.3431680, 1.3434560, 1.3430721, 1.3437440, 1.3434560, 1.3434560, 1.3433920, 1.3433599, 1.3432640, 1.3434880, 1.3433920, 1.3432320, 1.3432640, 1.3433920, 1.3432320 ],
"timesExecution": [ 0.5364160, 0.5360960, 0.5360320, 0.5358400, 0.5349120, 0.5359360, 0.5352320, 0.5361920, 0.5352640, 0.5354240, 0.5346560, 0.5350080, 0.5357760, 0.5378880, 0.5349760, 0.5350720, 0.5348480, 0.5353920, 0.5355200, 0.5362880, 0.5357440, 0.5353920, 0.5356480, 0.5357120, 0.5347200, 0.5356480, 0.5352640, 0.5354240, 0.5357440, 0.5355840, 0.5353600, 0.5360000, 0.5345920, 0.5357120, 0.5354560, 0.5359680, 0.5357440, 0.5354560, 0.5358400, 0.5355520, 0.5356160, 0.5359680, 0.5349760, 0.5358080, 0.5349760, 0.5353920, 0.5347840, 0.5360960, 0.5355520, 0.5358720, 0.5345920, 0.5357760, 0.5357120, 0.5355200, 0.5354880, 0.5358080, 0.5353920, 0.5355840, 0.5354880, 0.5352960, 0.5348800, 0.5352640, 0.5356800, 0.5383680, 0.5352960, 0.5358400, 0.5352320, 0.5357440, 0.5350400, 0.5359680, 0.5347200, 0.5351360, 0.5354240, 0.5356160, 0.5356800, 0.5350720, 0.5351680, 0.5352960, 0.5354240, 0.5355840, 0.5348800, 0.5354560, 0.5355840, 0.5359680, 0.5355840, 0.5348160, 0.5352640, 0.5355520, 0.5359680, 0.5358080, 0.5353600, 0.5354560, 0.5347520, 0.5352320, 0.5352320, 0.5351680, 0.5351040, 0.5353280, 0.5348160, 0.5354880 ],
"timesTransferFromDevice": [ 0.0243520, 0.0184960, 0.0175360, 0.0176000, 0.0172800, 0.0175360, 0.0165440, 0.0173760, 0.0169280, 0.0167040, 0.0174400, 0.0168320, 0.0169280, 0.0176960, 0.0171520, 0.0171200, 0.0168000, 0.0168960, 0.0173440, 0.0177600, 0.0174400, 0.0166080, 0.0178240, 0.0174720, 0.0168960, 0.0169280, 0.0171520, 0.0168960, 0.0174080, 0.0171520, 0.0166720, 0.0168640, 0.0178560, 0.0170560, 0.0172160, 0.0171200, 0.0173440, 0.0171520, 0.0175680, 0.0165120, 0.0165440, 0.0173120, 0.0168960, 0.0165440, 0.0172160, 0.0164480, 0.0172800, 0.0176000, 0.0177280, 0.0171520, 0.0175040, 0.0171840, 0.0166400, 0.0175040, 0.0169920, 0.0174720, 0.0166720, 0.0168320, 0.0175680, 0.0163840, 0.0170560, 0.0173120, 0.0173440, 0.0169600, 0.0168000, 0.0165760, 0.0165440, 0.0167040, 0.0170240, 0.0169280, 0.0172480, 0.0176320, 0.0176960, 0.0174720, 0.0167680, 0.0169920, 0.0167680, 0.0168000, 0.0173760, 0.0168640, 0.0170560, 0.0167040, 0.0174400, 0.0174400, 0.0176640, 0.0169280, 0.0172480, 0.0162880, 0.0177600, 0.0166400, 0.0176000, 0.0174400, 0.0172160, 0.0170240, 0.0170560, 0.0169280, 0.0165120, 0.0163200, 0.0169600, 0.0166720 ],
"bins": [ 16255, 16346, 16310, 16418, 16437, 16301, 16134, 16376, 16412, 16273, 16273, 16290, 16420, 16142, 16093, 16198, 16622, 16465, 16481, 16270, 16466, 16507, 16507, 16478, 16413, 16445, 16269, 16103, 16468, 16364, 16338, 16162, 16656, 16555, 16295, 16432, 16360, 16319, 16359, 16239, 16403, 16271, 16428, 16478, 16200, 16276, 16610, 16448, 16507, 16309, 16514, 16339, 16740, 16377, 16323, 16398, 16399, 16332, 16348, 16426, 16129, 16508, 16245, 16476, 16455, 16227, 16369, 16504, 16434, 16436, 16183, 16244, 16332, 16533, 16325, 16309, 16611, 16090, 16461, 16461, 16364, 16427, 16494, 16474, 16480, 16614, 16609, 16451, 16375, 16747, 16237, 16641, 16573, 16439, 16367, 16469, 16218, 16313, 16150, 16331, 16256, 16385, 16452, 16165, 16534, 16330, 16618, 16284, 16320, 16401, 16610, 16251, 16320, 16421, 16282, 16457, 16171, 16181, 16156, 16613, 16395, 16504, 16419, 16357, 16386, 16475, 16528, 16399 ]
}
,
"histogram_atomic_private": {
"timesTransferToDevice": [ 1.3440640, 1.3434880, 1.3432320, 1.3439680, 1.3432000, 1.3434560, 1.3434240, 1.3432640, 1.3437760, 1.3431680, 1.3439360, 1.3436480, 1.3432640, 1.3437440, 1.3435839, 1.3433280, 1.3435200, 1.3440320, 1.3431680, 1.3435520, 1.3432961, 1.3435200, 1.3432961, 1.3559040, 1.3434880, 1.3434880, 1.3435200, 1.3432320, 1.3433280, 1.3432961, 1.3435839, 1.3431680, 1.3436800, 1.3433599, 1.3431680, 1.3433920, 1.3434880, 1.3436160, 1.3434560, 1.3449600, 1.3432961, 1.3429760, 1.3434240, 1.3436480, 1.3430721, 1.3430721, 1.3434560, 1.3432640, 1.3432961, 1.3436160, 1.3464640, 1.3430400, 1.3433280, 1.3432640, 1.3431360, 1.3434880, 1.3434880, 1.3433920, 1.3434560, 1.3437440, 1.3432640, 1.3436480, 1.3438081, 1.3434560, 1.3429440, 1.3431680, 1.3448960, 1.3433599, 1.3436160, 1.3432640, 1.3436480, 1.3433280, 1.3431680, 1.3439360, 1.3434880, 1.3435200, 1.3432320, 1.3435520, 1.3429760, 1.3432640, 1.3432000, 1.3431680, 1.3432961, 1.3433599, 1.3434880, 1.3433280, 1.3433920, 1.3433599, 1.3433920, 1.3439360, 1.3434240, 1.3432961, 1.3430721, 1.3430400, 1.3435200, 1.3432320, 1.3431360, 1.3431360, 1.3485440, 1.3432320 ],
"timesExecution": [ 0.0743360, 0.0740800, 0.0752320, 0.0739200, 0.0744640, 0.0742720, 0.0739520, 0.0741120, 0.0740800, 0.0747840, 0.0745920, 0.0741440, 0.0741760, 0.0741120, 0.0741440, 0.0743040, 0.0743680, 0.0744960, 0.0748800, 0.0742080, 0.0742400, 0.0738560, 0.0830400, 0.0740800, 0.0740480, 0.0743040, 0.0743680, 0.0738560, 0.0744000, 0.0743360, 0.0744960, 0.0737600, 0.0738880, 0.0737920, 0.0746240, 0.0744960, 0.0751040, 0.0744640, 0.0748800, 0.0741760, 0.0740160, 0.0741440, 0.0751680, 0.0739520, 0.0737920, 0.0742080, 0.0742400, 0.0745920, 0.0749440, 0.0747840, 0.0744960, 0.0749440, 0.0740160, 0.0745920, 0.0742720, 0.0743680, 0.0743040, 0.0738880, 0.0739520, 0.0738560, 0.0736960, 0.0740160, 0.0743040, 0.0743360, 0.0737600, 0.0744640, 0.0740160, 0.0743680, 0.0742720, 0.0742720, 0.0743040, 0.0739840, 0.0744000, 0.0746560, 0.0743040, 0.0745920, 0.0744000, 0.0740160, 0.0737280, 0.0742080, 0.0748160, 0.0743040, 0.0742400, 0.0748160, 0.0737600, 0.0738560, 0.0744960, 0.0737600, 0.0745920, 0.0738560, 0.0744640, 0.0738240, 0.0741120, 0.0739200, 0.0745280, 0.0743040, 0.0740800, 0.0740480, 0.0742080, 0.0741120 ],
"timesTransferFromDevice": [ 0.0172480, 0.0175680, 0.0173440, 0.0171520, 0.0168320, 0.0166080, 0.0164480, 0.0170880, 0.0164800, 0.0164800, 0.0170240, 0.0168960, 0.0166400, 0.0170240, 0.0171520, 0.0163520, 0.0165440, 0.0168320, 0.0171200, 0.0171520, 0.0166400, 0.0168960, 0.0220480, 0.0169280, 0.0171200, 0.0177920, 0.0168000, 0.0170560, 0.0176640, 0.0175040, 0.0167360, 0.0170560, 0.0168640, 0.0170880, 0.0173760, 0.0168320, 0.0175040, 0.0172800, 0.0181440, 0.0162560, 0.0165440, 0.0169280, 0.0172800, 0.0171840, 0.0175360, 0.0171200, 0.0174080, 0.0171840, 0.0173440, 0.0170240, 0.0164160, 0.0171520, 0.0181760, 0.0169920, 0.0168640, 0.0163520, 0.0174080, 0.0167040, 0.0171200, 0.0165760, 0.0172160, 0.0164800, 0.0167680, 0.0168640, 0.0171200, 0.0189440, 0.0170880, 0.0168320, 0.0178560, 0.0168000, 0.0167680, 0.0167680, 0.0173120, 0.0170560, 0.0173760, 0.0172160, 0.0169920, 0.0167040, 0.0170880, 0.0166400, 0.0171840, 0.0168000, 0.0171200, 0.0173440, 0.0167680, 0.0169920, 0.0173440, 0.0172800, 0.0169920, 0.0200960, 0.0175680, 0.0170560, 0.0177280, 0.0167680, 0.0170880, 0.0173760, 0.0165760, 0.0166400, 0.0163840, 0.0172800 ],