{
"inputLengthInCharacters": 4096,
"uniformInput": true,
"useMappingLetter": false,
"measurements": {
"histogram_atomic_global": {
"timesTransferToDevice": [ 0.0358400, 0.0148800, 0.0148160, 0.0144960, 0.0147200, 0.0148480, 0.0143360, 0.0150400, 0.0144640, 0.0147520, 0.0147520, 0.0145920, 0.0151680, 0.0147520, 0.0149120, 0.0149120, 0.0141760, 0.0144960, 0.0144640, 0.0143680, 0.0151680, 0.0149440, 0.0146240, 0.0151040, 0.0147200, 0.0162560, 0.0156480, 0.0162560, 0.0145280, 0.0146880, 0.0149120, 0.0149440, 0.0145600, 0.0142720, 0.0148800, 0.0142400, 0.0150720, 0.0141760, 0.0148160, 0.0145600, 0.0145600, 0.0150400, 0.0151360, 0.0150080, 0.0142080, 0.0149120, 0.0148480, 0.0149440, 0.0152960, 0.0148160, 0.0145920, 0.0148800, 0.0146880, 0.0153920, 0.0150400, 0.0142400, 0.0143360, 0.0145920, 0.0141440, 0.0146240, 0.0143360, 0.0148160, 0.0151360, 0.0152640, 0.0146880, 0.0144640, 0.0147200, 0.0145280, 0.0150080, 0.0149760, 0.0150400, 0.0151680, 0.0150080, 0.0142720, 0.0150080, 0.0151680, 0.0148480, 0.0143040, 0.0144640, 0.0146560, 0.0147840, 0.0147520, 0.0142720, 0.0149440, 0.0141760, 0.0147840, 0.0143360, 0.0141120, 0.0145600, 0.0142400, 0.0148800, 0.0143680, 0.0145280, 0.0148480, 0.0147520, 0.0148160, 0.0150080, 0.0147840, 0.0146560, 0.0147200 ],
"timesExecution": [ 0.0215040, 0.0215040, 0.0204800, 0.0215040, 0.0204800, 0.0215040, 0.0204800, 0.0204800, 0.0204800, 0.0204800, 0.0204800, 0.0204800, 0.0204800, 0.0204800, 0.0204800, 0.0204800, 0.0215040, 0.0204800, 0.0204800, 0.0204800, 0.0204800, 0.0204800, 0.0204800, 0.0204800, 0.0204800, 0.0215040, 0.0204800, 0.0215040, 0.0204800, 0.0225280, 0.0204800, 0.0204800, 0.0215040, 0.0204800, 0.0204800, 0.0204800, 0.0204800, 0.0204800, 0.0204800, 0.0204800, 0.0204800, 0.0204800, 0.0215040, 0.0204800, 0.0204800, 0.0204800, 0.0204800, 0.0204800, 0.0204800, 0.0215040, 0.0204800, 0.0204800, 0.0204800, 0.0204800, 0.0215040, 0.0204800, 0.0204800, 0.0204800, 0.0204800, 0.0204800, 0.0204800, 0.0204800, 0.0204800, 0.0215040, 0.0204800, 0.0204800, 0.0204800, 0.0204800, 0.0204800, 0.0204800, 0.0204800, 0.0215040, 0.0204800, 0.0215040, 0.0204800, 0.0204800, 0.0204800, 0.0204800, 0.0204800, 0.0204800, 0.0204800, 0.0204800, 0.0204800, 0.0204800, 0.0215040, 0.0204800, 0.0204800, 0.0204800, 0.0204800, 0.0204800, 0.0215040, 0.0204800, 0.0204800, 0.0215040, 0.0204800, 0.0204800, 0.0204800, 0.0204800, 0.0204800, 0.0204800 ],
"timesTransferFromDevice": [ 0.0316800, 0.0212160, 0.0191040, 0.0189440, 0.0193600, 0.0200320, 0.0191360, 0.0188800, 0.0195200, 0.0188480, 0.0200320, 0.0192640, 0.0197120, 0.0200000, 0.0194240, 0.0190400, 0.0186560, 0.0190080, 0.0200960, 0.0195520, 0.0188480, 0.0190080, 0.0186240, 0.0197440, 0.0191360, 0.0197760, 0.0184320, 0.0192960, 0.0202240, 0.0187840, 0.0195200, 0.0190400, 0.0195520, 0.0187840, 0.0194560, 0.0185600, 0.0193600, 0.0190720, 0.0192640, 0.0186560, 0.0199040, 0.0186880, 0.0194240, 0.0192320, 0.0186240, 0.0189760, 0.0186240, 0.0194560, 0.0189440, 0.0192320, 0.0193920, 0.0195520, 0.0194880, 0.0188160, 0.0195520, 0.0188160, 0.0186240, 0.0186560, 0.0188480, 0.0194880, 0.0187520, 0.0191680, 0.0198080, 0.0195520, 0.0189120, 0.0184640, 0.0189120, 0.0193600, 0.0193600, 0.0187520, 0.0194560, 0.0192000, 0.0200000, 0.0187520, 0.0192960, 0.0187840, 0.0190080, 0.0189760, 0.0187520, 0.0194240, 0.0191680, 0.0183360, 0.0187200, 0.0186560, 0.0189120, 0.0185600, 0.0193920, 0.0189760, 0.0192000, 0.0190720, 0.0192000, 0.0192640, 0.0194560, 0.0191360, 0.0190080, 0.0193280, 0.0193920, 0.0189760, 0.0197760, 0.0195520 ],
"bins": [ 0, 0, 0, 0, 0, 0, 0, 0, 0, 0, 0, 0, 0, 0, 0, 0, 0, 0, 0, 0, 0, 0, 0, 0, 0, 0, 0, 0, 0, 0, 0, 0, 0, 0, 0, 0, 0, 0, 0, 0, 0, 0, 0, 0, 0, 0, 0, 0, 0, 0, 0, 0, 0, 0, 0, 0, 0, 0, 0, 0, 0, 0, 0, 0, 0, 0, 0, 0, 0, 0, 0, 0, 0, 0, 0, 0, 0, 0, 0, 0, 0, 0, 0, 0, 0, 0, 0, 0, 0, 0, 0, 0, 0, 0, 0, 0, 4096, 0, 0, 0, 0, 0, 0, 0, 0, 0, 0, 0, 0, 0, 0, 0, 0, 0, 0, 0, 0, 0, 0, 0, 0, 0, 0, 0, 0, 0, 0, 0 ]
}
,
"histogram_atomic_private": {
"timesTransferToDevice": [ 0.0143360, 0.0144000, 0.0148160, 0.0144320, 0.0144320, 0.0143680, 0.0151360, 0.0141120, 0.0143040, 0.0148160, 0.0146880, 0.0144000, 0.0149120, 0.0144320, 0.0149440, 0.0141120, 0.0150400, 0.0146560, 0.0179200, 0.0149120, 0.0151680, 0.0141440, 0.0143680, 0.0146880, 0.0142400, 0.0151360, 0.0145280, 0.0141760, 0.0144960, 0.0150080, 0.0148480, 0.0150080, 0.0150400, 0.0151360, 0.0149760, 0.0145920, 0.0150720, 0.0149120, 0.0142080, 0.0152000, 0.0147200, 0.0148160, 0.0145920, 0.0145600, 0.0146240, 0.0149760, 0.0148800, 0.0145920, 0.0151680, 0.0163200, 0.0142080, 0.0152640, 0.0158400, 0.0161920, 0.0143040, 0.0142400, 0.0145280, 0.0150080, 0.0148800, 0.0145280, 0.0144320, 0.0145600, 0.0144000, 0.0141760, 0.0153600, 0.0140160, 0.0142720, 0.0145280, 0.0142400, 0.0148800, 0.0141440, 0.0150400, 0.0141440, 0.0143680, 0.0142720, 0.0153600, 0.0150720, 0.0148160, 0.0142400, 0.0140800, 0.0142400, 0.0149440, 0.0149440, 0.0150400, 0.0152640, 0.0149120, 0.0142400, 0.0149120, 0.0144960, 0.0150080, 0.0148480, 0.0148800, 0.0146880, 0.0142720, 0.0152640, 0.0143040, 0.0144640, 0.0145920, 0.0146240, 0.0148160 ],
"timesExecution": [ 0.0184320, 0.0184320, 0.0184320, 0.0184320, 0.0174080, 0.0184320, 0.0184320, 0.0174080, 0.0174080, 0.0184320, 0.0184320, 0.0184320, 0.0174080, 0.0184320, 0.0174080, 0.0184320, 0.0184320, 0.0174080, 0.0184320, 0.0184320, 0.0184320, 0.0184320, 0.0184320, 0.0174080, 0.0184320, 0.0184320, 0.0184320, 0.0184320, 0.0184320, 0.0184320, 0.0184320, 0.0184320, 0.0184320, 0.0184320, 0.0174080, 0.0184320, 0.0184320, 0.0174080, 0.0184320, 0.0184320, 0.0174080, 0.0174080, 0.0174080, 0.0174080, 0.0184320, 0.0174080, 0.0184320, 0.0174080, 0.0174080, 0.0194560, 0.0194560, 0.0184320, 0.0184320, 0.0174080, 0.0184320, 0.0184320, 0.0184320, 0.0184320, 0.0174080, 0.0174080, 0.0184320, 0.0194560, 0.0184320, 0.0184320, 0.0184320, 0.0184320, 0.0184320, 0.0184320, 0.0194560, 0.0184320, 0.0184320, 0.0174080, 0.0184320, 0.0184320, 0.0184320, 0.0184320, 0.0184320, 0.0184320, 0.0184320, 0.0184320, 0.0184320, 0.0174080, 0.0184320, 0.0184320, 0.0184320, 0.0174080, 0.0184320, 0.0174080, 0.0184320, 0.0174080, 0.0184320, 0.0174080, 0.0184320, 0.0184320, 0.0184320, 0.0184320, 0.0184320, 0.0174080, 0.0174080, 0.0174080 ],
"timesTransferFromDevice": [ 0.0201600, 0.0194880, 0.0200000, 0.0197760, 0.0199040, 0.0186240, 0.0185280, 0.0183680, 0.0197760, 0.0195200, 0.0193600, 0.0185280, 0.0193920, 0.0189440, 0.0191360, 0.0185600, 0.0187840, 0.0196160, 0.0199040, 0.0197120, 0.0192320, 0.0191040, 0.0188160, 0.0195520, 0.0193280, 0.0188160, 0.0193920, 0.0193600, 0.0191360, 0.0189760, 0.0192640, 0.0195200, 0.0195200, 0.0193600, 0.0190400, 0.0186560, 0.0193920, 0.0191040, 0.0189120, 0.0187200, 0.0195520, 0.0200320, 0.0189440, 0.0187840, 0.0197760, 0.0185280, 0.0190080, 0.0193920, 0.0211520, 0.0202880, 0.0216960, 0.0192640, 0.0204800, 0.0189440, 0.0190720, 0.0189440, 0.0195840, 0.0189760, 0.0196800, 0.0194240, 0.0190720, 0.0194560, 0.0194880, 0.0192000, 0.0196160, 0.0192000, 0.0191040, 0.0191360, 0.0193600, 0.0183680, 0.0193920, 0.0183360, 0.0189120, 0.0191360, 0.0190720, 0.0185600, 0.0192640, 0.0192000, 0.0191360, 0.0183040, 0.0195200, 0.0194240, 0.0188160, 0.0194240, 0.0192320, 0.0193600, 0.0193600, 0.0203200, 0.0185600, 0.0198080, 0.0195200, 0.0185280, 0.0192000, 0.0195840, 0.0188480, 0.0193600, 0.0197760, 0.0189120, 0.0196800, 0.0192320 ],
"bins": [ 0, 0, 0, 0, 0, 0, 0, 0, 0, 0, 0, 0, 0, 0, 0, 0, 0, 0, 0, 0, 0, 0, 0, 0, 0, 0, 0, 0, 0, 0, 0, 0, 0, 0, 0, 0, 0, 0, 0, 0, 0, 0, 0, 0, 0, 0, 0, 0, 0, 0, 0, 0, 0, 0, 0, 0, 0, 0, 0, 0, 0, 0, 0, 0, 0, 0, 0, 0, 0, 0, 0, 0, 0, 0, 0, 0, 0, 0, 0, 0, 0, 0, 0, 0, 0, 0, 0, 0, 0, 0, 0, 0, 0, 0, 0, 0, 4096, 0, 0, 0, 0, 0, 0, 0, 0, 0, 0, 0, 0, 0, 0, 0, 0, 0, 0, 0, 0, 0, 0, 0, 0, 0, 0, 0, 0, 0, 0, 0 ]
}
,