{
"inputLengthInCharacters": 131072,
"uniformInput": false,
"useMappingLetter": true,
"measurements": {
"histogram_atomic_global": {
"timesTransferToDevice": [ 0.1349760, 0.1051520, 0.0999680, 0.0994880, 0.0994880, 0.0993920, 0.0995200, 0.0994560, 0.0997760, 0.0996160, 0.0994240, 0.0994560, 0.0995520, 0.0995200, 0.0994880, 0.0993920, 0.0994880, 0.0995840, 0.0998720, 0.0994880, 0.0997760, 0.0994560, 0.0995520, 0.0995520, 0.0995200, 0.0996480, 0.0994880, 0.0995200, 0.0997440, 0.0996160, 0.0995200, 0.0997440, 0.0994240, 0.0996480, 0.0995520, 0.0992960, 0.0994880, 0.0993920, 0.0996480, 0.0994240, 0.0997120, 0.0993920, 0.0992640, 0.0993280, 0.0993920, 0.0995200, 0.0995200, 0.0995520, 0.0997120, 0.0993600, 0.0994880, 0.1013120, 0.1001280, 0.0994560, 0.0994880, 0.0995840, 0.0997440, 0.0997120, 0.0997120, 0.0994880, 0.0993920, 0.0995840, 0.0997440, 0.0992640, 0.0996160, 0.0996800, 0.0994880, 0.0992960, 0.0992640, 0.0998400, 0.0997760, 0.0996800, 0.0995840, 0.0996800, 0.0994560, 0.0993280, 0.0994240, 0.0995200, 0.0993600, 0.0993920, 0.0999680, 0.0998400, 0.0993280, 0.0994240, 0.0994240, 0.0997440, 0.0995200, 0.0996480, 0.0994240, 0.0997120, 0.0992960, 0.0993920, 0.0993920, 0.0994240, 0.0994240, 0.0992000, 0.0993600, 0.0995520, 0.0996160, 0.0993280 ],
"timesExecution": [ 0.0919360, 0.0906560, 0.0904320, 0.0895680, 0.0897600, 0.0896640, 0.0897280, 0.0900480, 0.0892800, 0.0903360, 0.0902720, 0.0902080, 0.0893120, 0.0893760, 0.0904320, 0.0896320, 0.0894400, 0.0895040, 0.0897280, 0.0900160, 0.0890560, 0.0898880, 0.0898880, 0.0901760, 0.0898560, 0.0897280, 0.0900800, 0.0903040, 0.0895680, 0.0893440, 0.0903040, 0.0897600, 0.0908160, 0.0902720, 0.0896960, 0.0903680, 0.0900480, 0.0900480, 0.0899200, 0.0894080, 0.0893120, 0.0897280, 0.0898880, 0.0899200, 0.0896320, 0.0896000, 0.0896000, 0.0904960, 0.0899200, 0.0895680, 0.0912000, 0.0896320, 0.0903680, 0.0907840, 0.0892480, 0.0901120, 0.0901120, 0.0894720, 0.0891840, 0.0895360, 0.0893120, 0.0901440, 0.0904960, 0.0901120, 0.0891200, 0.0899200, 0.0893760, 0.0897600, 0.0899520, 0.0903680, 0.0901120, 0.0904320, 0.0900800, 0.0896640, 0.0894720, 0.0902720, 0.0896960, 0.0897280, 0.0893440, 0.0901440, 0.0897600, 0.0892480, 0.0900160, 0.0901120, 0.0892480, 0.0903040, 0.0897600, 0.0896640, 0.0900800, 0.0898560, 0.0899520, 0.0904320, 0.0902720, 0.0904000, 0.0894400, 0.0900480, 0.0895040, 0.0896640, 0.0902720, 0.0901120 ],
"timesTransferFromDevice": [ 0.0253120, 0.0195200, 0.0178240, 0.0172800, 0.0175040, 0.0176640, 0.0176000, 0.0169280, 0.0170240, 0.0174400, 0.0176640, 0.0172480, 0.0172800, 0.0175680, 0.0181120, 0.0169280, 0.0170880, 0.0168320, 0.0168000, 0.0176000, 0.0170560, 0.0167040, 0.0168640, 0.0168320, 0.0167680, 0.0168960, 0.0174400, 0.0174080, 0.0170880, 0.0172160, 0.0174080, 0.0170240, 0.0174720, 0.0169280, 0.0174080, 0.0166080, 0.0167680, 0.0177600, 0.0173760, 0.0171840, 0.0172800, 0.0167680, 0.0173440, 0.0167360, 0.0164480, 0.0172800, 0.0165120, 0.0176320, 0.0173440, 0.0165120, 0.0188800, 0.0184320, 0.0164800, 0.0173120, 0.0175040, 0.0172800, 0.0172160, 0.0172160, 0.0172160, 0.0166400, 0.0172160, 0.0177920, 0.0172480, 0.0174080, 0.0176320, 0.0165120, 0.0174080, 0.0170240, 0.0171840, 0.0175040, 0.0232640, 0.0172800, 0.0168960, 0.0173760, 0.0169920, 0.0170560, 0.0169280, 0.0175040, 0.0167040, 0.0165120, 0.0167360, 0.0168640, 0.0176320, 0.0166720, 0.0171520, 0.0170880, 0.0173120, 0.0167040, 0.0173440, 0.0169280, 0.0167040, 0.0174720, 0.0171840, 0.0172480, 0.0170240, 0.0164480, 0.0171840, 0.0164800, 0.0175360, 0.0165760 ],
"bins": [ 77847, 2019, 2065, 1943, 2089, 1941, 2013, 2039, 2015, 2105, 2095, 2102, 2110, 2070, 2048, 2056, 2022, 2082, 2004, 2067, 2047, 1990, 2068, 2076, 2009, 2061, 2089 ]
}
,
"histogram_atomic_private": {
"timesTransferToDevice": [ 0.0996160, 0.0999360, 0.0993920, 0.0993920, 0.0995840, 0.0995520, 0.0995200, 0.0994880, 0.0995520, 0.0992960, 0.0992960, 0.0995200, 0.0995200, 0.0995520, 0.0993600, 0.0994240, 0.0996480, 0.0994240, 0.0993920, 0.0993280, 0.0994880, 0.0996480, 0.0992960, 0.0996160, 0.0994880, 0.0994880, 0.0994560, 0.0996160, 0.0997120, 0.0999680, 0.0993600, 0.0996800, 0.0993920, 0.0993600, 0.0992960, 0.0993920, 0.0993280, 0.0996480, 0.0994560, 0.0998080, 0.0994240, 0.0992640, 0.0994560, 0.0994560, 0.0994560, 0.0999040, 0.0995200, 0.0993600, 0.0995840, 0.0998720, 0.0995840, 0.0998400, 0.0995520, 0.0995200, 0.0996480, 0.0996160, 0.0994560, 0.0995200, 0.0994240, 0.0994240, 0.0994560, 0.0995520, 0.0997440, 0.0996160, 0.0994240, 0.0996160, 0.0995520, 0.0993280, 0.1005440, 0.0993280, 0.0998720, 0.0996480, 0.0993600, 0.0994880, 0.0994560, 0.0995520, 0.0997120, 0.0995200, 0.0992960, 0.0992960, 0.0995200, 0.0994240, 0.0995200, 0.0994560, 0.0997760, 0.0993920, 0.0993920, 0.0994560, 0.0996800, 0.0996160, 0.0995200, 0.0993600, 0.0993920, 0.0993920, 0.0993920, 0.0997440, 0.0992640, 0.0992640, 0.0993280, 0.0994560 ],
"timesExecution": [ 0.0195840, 0.0198720, 0.0192320, 0.0193920, 0.0192320, 0.0195840, 0.0189760, 0.0187840, 0.0195520, 0.0189120, 0.0192640, 0.0201600, 0.0192960, 0.0186240, 0.0196160, 0.0192320, 0.0191360, 0.0191040, 0.0187520, 0.0195520, 0.0195520, 0.0189120, 0.0184960, 0.0197440, 0.0188480, 0.0194240, 0.0190720, 0.0197120, 0.0186560, 0.0194240, 0.0188800, 0.0192640, 0.0192640, 0.0195200, 0.0194560, 0.0194240, 0.0192320, 0.0192960, 0.0192000, 0.0192960, 0.0194560, 0.0189440, 0.0195840, 0.0187200, 0.0194560, 0.0190080, 0.0186880, 0.0192960, 0.0189440, 0.0192960, 0.0199360, 0.0194240, 0.0189760, 0.0187840, 0.0191040, 0.0189760, 0.0186560, 0.0191360, 0.0194240, 0.0192960, 0.0193280, 0.0195840, 0.0195200, 0.0198720, 0.0189440, 0.0194240, 0.0190400, 0.0186880, 0.0208640, 0.0197760, 0.0207360, 0.0194240, 0.0192000, 0.0194240, 0.0189120, 0.0188800, 0.0193600, 0.0192640, 0.0185920, 0.0190080, 0.0186560, 0.0195840, 0.0189760, 0.0187200, 0.0194240, 0.0194560, 0.0186880, 0.0192000, 0.0195200, 0.0194240, 0.0186880, 0.0193600, 0.0190720, 0.0191680, 0.0189440, 0.0201920, 0.0189120, 0.0191360, 0.0192960, 0.0191360 ],
"timesTransferFromDevice": [ 0.0170880, 0.0176960, 0.0164160, 0.0166720, 0.0176640, 0.0172160, 0.0165120, 0.0175360, 0.0170880, 0.0174080, 0.0166400, 0.0177280, 0.0172480, 0.0168000, 0.0179520, 0.0169280, 0.0173440, 0.0170240, 0.0168000, 0.0175360, 0.0170880, 0.0173120, 0.0172160, 0.0174400, 0.0167360, 0.0173760, 0.0162240, 0.0175360, 0.0174080, 0.0171840, 0.0174400, 0.0174400, 0.0177600, 0.0167680, 0.0170560, 0.0166400, 0.0174080, 0.0177280, 0.0162880, 0.0170880, 0.0164800, 0.0172480, 0.0166400, 0.0174400, 0.0178560, 0.0173760, 0.0172480, 0.0163840, 0.0170560, 0.0176960, 0.0173760, 0.0171840, 0.0169600, 0.0172480, 0.0167360, 0.0165120, 0.0168320, 0.0168640, 0.0176640, 0.0169280, 0.0167040, 0.0171840, 0.0176000, 0.0178560, 0.0166400, 0.0168960, 0.0166720, 0.0174400, 0.0167040, 0.0166080, 0.0161280, 0.0174080, 0.0161920, 0.0172800, 0.0172480, 0.0172480, 0.0177600, 0.0167360, 0.0170880, 0.0171520, 0.0166400, 0.0174080, 0.0166720, 0.0173760, 0.0170240, 0.0174400, 0.0171200, 0.0172800, 0.0176640, 0.0175040, 0.0168640, 0.0165440, 0.0169920, 0.0172160, 0.0170560, 0.0175040, 0.0170880, 0.0172160, 0.0168960, 0.0169280 ],
"bins": [ 77847, 2019, 2065, 1943, 2089, 1941, 2013, 2039, 2015, 2105, 2095, 2102, 2110, 2070, 2048, 2056, 2022, 2082, 2004, 2067, 2047, 1990, 2068, 2076, 2009, 2061, 2089 ]
}
,