{
"inputLengthInCharacters": 67108864,
"uniformInput": true,
"useMappingLetter": true,
"measurements": {
"histogram_atomic_global": {
"timesTransferToDevice": [ 41.8839684, 41.8664017, 41.8636818, 41.8648643, 41.8626862, 41.8670387, 41.8615990, 41.8651848, 41.8646088, 41.8830719, 41.8648949, 41.8653107, 41.8648338, 41.8703995, 41.8664017, 41.8651505, 41.8623695, 41.8632965, 41.8655663, 41.8638077, 41.8639679, 41.8638077, 41.8640633, 41.8637772, 41.8634567, 41.8685112, 41.8664322, 41.8667526, 41.8636169, 41.8639679, 41.8657265, 41.8655052, 41.8831024, 41.8650551, 41.8661423, 41.8643837, 41.8666229, 41.8657608, 41.8645439, 41.8645439, 41.8629112, 41.8649292, 41.8626862, 41.8648643, 41.8633919, 41.8646736, 41.8666573, 41.8643532, 41.8654404, 41.8652153, 41.8647995, 41.8659515, 41.8666573, 41.8631668, 41.8632317, 41.8637772, 41.8644142, 41.8660164, 41.8637428, 41.8645439, 41.8678093, 41.8646736, 41.8796158, 41.8641281, 41.8663368, 41.8631058, 41.8668175, 41.8678703, 41.8639679, 41.8648338, 41.8629761, 41.8687363, 41.8696976, 41.8661118, 41.8645439, 41.8647346, 41.8646736, 41.8643837, 41.8650551, 41.8639374, 41.8694382, 41.8671036, 41.8663368, 41.8637123, 41.8670082, 41.8652153, 41.8656654, 41.8669434, 41.8651199, 41.8658257, 41.8628807, 41.8620491, 41.8643532, 41.8636169, 41.8648643, 41.8660164, 41.8669434, 41.8639984, 41.8638382, 41.8635521 ],
"timesExecution": [ 46.4504967, 46.4551048, 46.4522552, 46.4508781, 46.4516144, 46.4520950, 46.4511375, 46.4533119, 46.4591370, 46.4570541, 46.4496651, 46.4516144, 46.4525108, 46.4568977, 46.4530258, 46.4517136, 46.4526405, 46.4511375, 46.4522896, 46.4521599, 46.4509773, 46.4515839, 46.4492798, 46.4519043, 46.4561920, 46.4530563, 46.4572487, 46.4516792, 46.4490891, 46.4534416, 46.4526711, 46.4595528, 46.4570885, 46.4523506, 46.4529610, 46.4623375, 46.4569931, 46.4521294, 46.4500160, 46.4509430, 46.4568977, 46.4499207, 46.4508476, 46.4507217, 46.4538231, 46.4498253, 46.4512329, 46.4541435, 46.4523506, 46.4502411, 46.4541435, 46.4606400, 46.4532814, 46.4502716, 46.4521904, 46.4533424, 46.4562874, 46.4528961, 46.4534073, 46.4509430, 46.4517136, 46.4613113, 46.4501457, 46.4543037, 46.4532166, 46.4551353, 46.4503670, 46.4535675, 46.4507828, 46.4504967, 46.4556465, 46.4560013, 46.4541130, 46.4530258, 46.4511986, 46.4542084, 46.4545288, 46.4544640, 46.4495354, 46.4504013, 46.4652481, 46.4561920, 46.4519997, 46.4555511, 46.4580803, 46.4504623, 46.4537277, 46.4497910, 46.4545593, 46.4507828, 46.4518394, 46.4520950, 46.4516792, 46.4533768, 46.4536018, 46.4554558, 46.4501762, 46.4515839, 46.4526405, 46.4572792 ],
"timesTransferFromDevice": [ 0.0317440, 0.0288960, 0.0260480, 0.0249600, 0.0267840, 0.0255680, 0.0277120, 0.0254720, 0.0318720, 0.0267840, 0.0246080, 0.0269440, 0.0297600, 0.0278720, 0.0272320, 0.0252480, 0.0260480, 0.0272640, 0.0275200, 0.0267200, 0.0264000, 0.0243520, 0.0250560, 0.0260480, 0.0277120, 0.0265600, 0.0276480, 0.0256960, 0.0267840, 0.0258240, 0.0272640, 0.0311680, 0.0277760, 0.0264000, 0.0271680, 0.0284480, 0.0290240, 0.0261760, 0.0243840, 0.0250880, 0.0261120, 0.0244800, 0.0270720, 0.0260800, 0.0259840, 0.0270720, 0.0256960, 0.0259200, 0.0267200, 0.0257920, 0.0296320, 0.0280000, 0.0260480, 0.0258560, 0.0273600, 0.0260480, 0.0272640, 0.0253440, 0.0267520, 0.0247360, 0.0268480, 0.0320960, 0.0262080, 0.0268800, 0.0265920, 0.0279680, 0.0291520, 0.0253760, 0.0262400, 0.0288320, 0.0325440, 0.0275200, 0.0264000, 0.0270720, 0.0267200, 0.0254720, 0.0265920, 0.0275200, 0.0260160, 0.0269440, 0.0301760, 0.0281600, 0.0276800, 0.0285760, 0.0274880, 0.0258880, 0.0272960, 0.0247040, 0.0282240, 0.0270080, 0.0262080, 0.0273920, 0.0257600, 0.0280320, 0.0277440, 0.0273600, 0.0243520, 0.0248320, 0.0254400, 0.0320640 ],
"bins": [ 0, 67108864, 0, 0, 0, 0, 0, 0, 0, 0, 0, 0, 0, 0, 0, 0, 0, 0, 0, 0, 0, 0, 0, 0, 0, 0, 0 ]
}
,
"histogram_atomic_private": {
"timesTransferToDevice": [ 41.8789444, 41.8646393, 41.8630409, 41.8652802, 41.8640327, 41.8625298, 41.8632622, 41.8622704, 41.8671989, 41.8659210, 41.8638725, 41.8634224, 41.8661423, 41.8622704, 41.8645439, 41.8659859, 41.8636818, 41.8644791, 41.8629112, 41.8626862, 41.8635521, 41.8624649, 41.8616333, 41.8629761, 41.8620796, 41.8630714, 41.8648643, 41.8658562, 41.8651848, 41.8656654, 41.8792305, 41.8653755, 41.8629112, 41.8630714, 41.8637123, 41.8634224, 41.8626862, 41.8603516, 41.8649902, 41.8664322, 41.8639030, 41.8645134, 41.8642578, 41.8634872, 41.8617592, 41.8624649, 41.8631058, 41.8666573, 41.8625603, 41.8639030, 41.8637772, 41.8631668, 41.8645134, 41.8648949, 41.8628464, 41.8618546, 41.8647041, 41.8639984, 41.8639679, 41.8618240, 41.8646736, 41.8620796, 41.8635826, 41.8680649, 41.8646393, 41.8650551, 41.8661423, 41.8639984, 41.8636818, 41.8647690, 41.8633919, 41.8637428, 41.8628807, 41.8627205, 41.8638077, 41.8629761, 41.8637123, 41.8642883, 41.8637772, 41.8629761, 41.8624649, 41.8625603, 41.8665924, 41.8635826, 41.8642883, 41.8732147, 41.8649902, 41.8653450, 41.8647995, 41.8659859, 41.8636475, 41.8644142, 41.8629456, 41.8638725, 41.8643837, 41.8645439, 41.8643188, 41.8655357, 41.8616943, 41.8637428 ],
"timesExecution": [ 0.9557760, 0.9574080, 0.9626560, 0.9577920, 0.9582080, 0.9719360, 0.9583040, 0.9665280, 0.9604480, 0.9605760, 0.9575040, 0.9588800, 0.9594880, 0.9590400, 0.9574080, 0.9590080, 0.9617920, 0.9588480, 0.9618880, 0.9592000, 0.9610240, 0.9580480, 0.9584320, 0.9591680, 0.9614720, 0.9601920, 0.9644160, 0.9645120, 0.9636160, 0.9584320, 0.9634880, 0.9610880, 0.9592960, 0.9595200, 0.9603840, 0.9616960, 0.9551680, 0.9567040, 0.9600320, 0.9578880, 0.9610880, 0.9586560, 0.9587840, 0.9586880, 0.9598720, 0.9624320, 0.9647360, 0.9594560, 0.9613120, 0.9580800, 0.9611840, 0.9628160, 0.9599360, 0.9604160, 0.9633280, 0.9608000, 0.9586560, 0.9554880, 0.9586560, 0.9644480, 0.9598080, 0.9605440, 0.9595200, 0.9616960, 0.9632640, 0.9633920, 0.9592320, 0.9610240, 0.9623360, 0.9609600, 0.9587200, 0.9596480, 0.9621440, 0.9585600, 0.9592320, 0.9636480, 0.9614720, 0.9615040, 0.9587520, 0.9601280, 0.9598400, 0.9640000, 0.9596480, 0.9603200, 0.9563840, 0.9644480, 0.9590080, 0.9616960, 0.9655680, 0.9647360, 0.9589440, 0.9625280, 0.9608000, 0.9601600, 0.9613120, 0.9610880, 0.9624640, 0.9573440, 0.9608320, 0.9608320 ],
"timesTransferFromDevice": [ 0.0251520, 0.0242240, 0.0261120, 0.0247040, 0.0248320, 0.0243520, 0.0240000, 0.0271040, 0.0248960, 0.0255360, 0.0256320, 0.0249280, 0.0238080, 0.0242240, 0.0228160, 0.0241280, 0.0250560, 0.0243520, 0.0243200, 0.0257920, 0.0254080, 0.0254400, 0.0249600, 0.0238400, 0.0260160, 0.0267200, 0.0261120, 0.0261120, 0.0263680, 0.0246720, 0.0271360, 0.0245760, 0.0255040, 0.0261120, 0.0275520, 0.0256320, 0.0250240, 0.0270080, 0.0271360, 0.0246080, 0.0259520, 0.0260160, 0.0264000, 0.0237440, 0.0253120, 0.0256640, 0.0261760, 0.0254080, 0.0254400, 0.0235200, 0.0250880, 0.0236480, 0.0247040, 0.0255360, 0.0266240, 0.0256320, 0.0256960, 0.0265600, 0.0243520, 0.0245760, 0.0256000, 0.0256000, 0.0249280, 0.0258240, 0.0246400, 0.0265600, 0.0244480, 0.0255360, 0.0247040, 0.0241920, 0.0256960, 0.0253760, 0.0269760, 0.0231040, 0.0261120, 0.0257920, 0.0252480, 0.0258880, 0.0261760, 0.0256640, 0.0246080, 0.0263360, 0.0251520, 0.0234240, 0.0242240, 0.0260480, 0.0245120, 0.0250560, 0.0270080, 0.0255040, 0.0246720, 0.0252800, 0.0255040, 0.0256320, 0.0260160, 0.0259840, 0.0245120, 0.0246080, 0.0253760, 0.0254720 ],
"bins": [ 0, 67108864, 0, 0, 0, 0, 0, 0, 0, 0, 0, 0, 0, 0, 0, 0, 0, 0, 0, 0, 0, 0, 0, 0, 0, 0, 0 ]
}
,