{
"inputLengthInCharacters": 4294967296,
"uniformInput": true,
"useMappingLetter": true,
"measurements": {
"histogram_atomic_private_stride": {
"timesTransferToDevice": [ 2674.0917969, 2673.9765625, 2673.9487305, 2674.2270508, 2673.9467773, 2673.9450684, 2673.9567871, 2673.9609375, 2673.9609375, 2673.9602051, 2673.9440918, 2673.9379883, 2673.9523926, 2673.9560547, 2673.9609375, 2673.9543457, 2673.9531250, 2673.9609375, 2673.9477539, 2673.9492188, 2673.9619141, 2673.9504395, 2673.9645996, 2673.9516602, 2673.9541016, 2673.9475098, 2673.9560547, 2673.9650879, 2673.9455566, 2676.0471191, 2673.9555664, 2673.9594727, 2673.9553223, 2673.9516602, 2673.9416504, 2673.9318848, 2673.9558105, 2673.9501953, 2673.9555664, 2673.9553223, 2673.9562988, 2673.9699707, 2673.9509277, 2673.9560547, 2673.9509277, 2673.9658203, 2673.9470215, 2673.9555664, 2673.9523926, 2673.9621582, 2673.9516602, 2673.9504395, 2673.9589844, 2673.9621582, 2673.9606934, 2673.9653320, 2673.9550781, 2673.9421387, 2673.9643555, 2673.9736328, 2673.9492188, 2673.9577637, 2673.9506836, 2673.9587402, 2673.9479980, 2673.9541016, 2673.9548340, 2673.9528809, 2673.9580078, 2673.9479980, 2673.9628906, 2673.9438477, 2673.9597168, 2673.9599609, 2676.0397949, 2673.9472656, 2673.9575195, 2673.9516602, 2673.9528809, 2673.9526367, 2673.9545898, 2673.9704590, 2673.9467773, 2673.9531250, 2673.9560547, 2673.9494629, 2673.9431152, 2673.9489746, 2673.9587402, 2673.9631348, 2673.9636230, 2690.3454590, 2673.9606934, 2673.9506836, 2673.9558105, 2673.9531250, 2673.9504395, 2673.9614258, 2673.9504395, 2673.9548340 ],
"timesExecution": [ 45.4347534, 45.4127693, 45.4036179, 45.4142723, 45.4148178, 45.4049263, 45.3964462, 45.4030724, 45.3898544, 45.3947525, 45.4006729, 45.4127045, 45.4087677, 45.4007378, 45.3982391, 45.4004478, 45.3949432, 45.4114571, 45.4054070, 45.4036179, 45.3929901, 45.3971519, 45.3968315, 45.4187508, 45.3972816, 45.4416962, 45.4069138, 45.3883514, 45.4084816, 45.4156799, 45.3961906, 45.3867836, 45.3882256, 45.3984642, 45.4000015, 45.4385262, 45.3625603, 45.3949432, 45.4022064, 45.3888321, 45.3971214, 45.4015694, 45.4070396, 45.4333458, 45.4225616, 45.4046707, 45.4139824, 45.4062080, 45.4128647, 45.4403534, 45.3874550, 45.3874893, 45.3928947, 45.3902397, 45.3956146, 45.3968315, 45.4075851, 45.4021759, 45.4096336, 45.4070091, 45.4403839, 45.4044495, 45.4183998, 45.4095345, 45.4036179, 45.3959045, 45.4352646, 45.4094391, 45.4052467, 45.4086418, 45.4075508, 45.4086075, 45.3972168, 45.4153595, 45.4025917, 45.4068146, 45.3949432, 45.4022713, 45.3982086, 45.4182091, 45.3783035, 45.3928947, 45.3888321, 45.3948784, 45.4106255, 45.3955193, 45.4050560, 45.4172478, 45.3844490, 45.4070396, 45.4332466, 45.4113617, 45.3981743, 45.3994560, 45.3920975, 45.3882866, 45.3969269, 45.4132156, 45.3891525, 45.3828812 ],
"timesTransferFromDevice": [ 0.0447360, 0.0351680, 0.0337920, 0.0335680, 0.0340480, 0.0339200, 0.0397760, 0.0351360, 0.0330240, 0.0328960, 0.0345600, 0.0334400, 0.0332160, 0.0346240, 0.0359360, 0.0383360, 0.0347520, 0.0345280, 0.0354880, 0.0345600, 0.0345600, 0.0338560, 0.0327360, 0.0336640, 0.0329920, 0.0334720, 0.0384960, 0.0328960, 0.0332160, 0.0333120, 0.0332480, 0.0330240, 0.0340160, 0.0336320, 0.0336000, 0.0330880, 0.0330240, 0.0497280, 0.0321920, 0.0341440, 0.0420800, 0.0338560, 0.0311040, 0.0320320, 0.0328000, 0.0339520, 0.0313280, 0.0314240, 0.0315520, 0.0319680, 0.0325760, 0.0325760, 0.0330240, 0.0313280, 0.0308480, 0.0326720, 0.0312960, 0.0317440, 0.0376960, 0.0327040, 0.0328640, 0.0311680, 0.0316480, 0.0300800, 0.0326400, 0.0310400, 0.0315200, 0.0331200, 0.0344320, 0.0326720, 0.0316480, 0.0336640, 0.0326720, 0.0310720, 0.0346880, 0.0326080, 0.0346880, 0.0328000, 0.0322240, 0.0326400, 0.0381440, 0.0312960, 0.0338560, 0.0320640, 0.0304000, 0.0329600, 0.0326080, 0.0327680, 0.0336320, 0.0344640, 0.0456000, 0.0329600, 0.0320000, 0.0322560, 0.0301120, 0.0329600, 0.0313920, 0.0315840, 0.0316160, 0.0320000 ],
"bins": [ 0, 0, 0, 0, 0, 0, 0, 0, 0, 0, 0, 0, 0, 0, 0, 0, 0, 0, 0, 0, 0, 0, 0, 0, 0, 0, 0 ]
}
,
"histogram_atomic_global_stride": {
"timesTransferToDevice": [ 2673.9697266, 2673.9499512, 2673.9794922, 2673.9677734, 2673.9572754, 2673.9519043, 2673.9597168, 2673.9643555, 2673.9550781, 2676.0541992, 2673.9677734, 2673.9536133, 2673.9716797, 2673.9665527, 2673.9594727, 2673.9624023, 2673.9648438, 2673.9541016, 2673.9655762, 2673.9558105, 2673.9589844, 2673.9575195, 2673.9548340, 2673.9892578, 2673.9550781, 2673.9587402, 2673.9492188, 2673.9682617, 2756.5979004, 2673.9506836, 2673.9526367, 2673.9672852, 2673.9528809, 2673.9733887, 2682.0876465, 2673.9531250, 2673.9528809, 2673.9602051, 2673.9648438, 2673.9587402, 2673.9543457, 2673.9531250, 2673.9604492, 2673.9484863, 2673.9812012, 2673.9628906, 2673.9545898, 2673.9606934, 2673.9467773, 2673.9626465, 2673.9558105, 2673.9643555, 2676.0778809, 2673.9521484, 2673.9582520, 2673.9729004, 2673.9638672, 2673.9558105, 2673.9467773, 2673.9560547, 2673.9484863, 2673.9533691, 2673.9492188, 2673.9643555, 2673.9521484, 2673.9602051, 2673.9589844, 2673.9582520, 2673.9555664, 2673.9475098, 2673.9536133, 2673.9462891, 2673.9831543, 2673.9509277, 2673.9606934, 2673.9704590, 2673.9807129, 2673.9531250, 2673.9599609, 2673.9755859, 2673.9677734, 2673.9462891, 2673.9575195, 2673.9536133, 2673.9692383, 2673.9550781, 2673.9521484, 2673.9726562, 2673.9599609, 2673.9477539, 2673.9541016, 2673.9709473, 2673.9606934, 2673.9509277, 2673.9550781, 2676.1076660, 2673.9628906, 2673.9643555, 2673.9541016, 2673.9570312 ],
"timesExecution": [ 2970.2683105, 2970.2797852, 3000.0219727, 2970.2656250, 2970.2619629, 2970.2724609, 2970.2531738, 2970.2434082, 2970.2456055, 2970.2551270, 2970.2490234, 2970.2578125, 2970.2722168, 2970.2509766, 2970.2604980, 2970.2587891, 2970.2568359, 2970.2514648, 2970.2517090, 2970.2446289, 2970.2622070, 2999.9831543, 2970.2395020, 2970.2714844, 2970.2314453, 2970.2294922, 2970.2453613, 5429.0170898, 2970.2258301, 2970.2094727, 2979.1516113, 2970.2248535, 2979.0798340, 3176.7138672, 2970.2348633, 2970.2426758, 2970.2229004, 2970.2363281, 2970.2465820, 2970.2302246, 2970.2216797, 2970.2165527, 2970.2216797, 2970.2292480, 2970.2348633, 2970.2487793, 2970.2153320, 2970.2399902, 2970.2429199, 2970.2573242, 2970.2145996, 2970.2204590, 2970.2297363, 2970.2202148, 2970.2204590, 2970.2082520, 2970.2329102, 2970.2104492, 2970.2241211, 2970.2175293, 2970.2150879, 2970.2233887, 2970.2109375, 2970.2541504, 2970.2241211, 2970.2409668, 2970.2209473, 2970.2280273, 2970.2170410, 2970.2167969, 2970.2238770, 2970.2172852, 2970.2202148, 2979.1408691, 2970.2175293, 2970.2421875, 2970.2456055, 2970.2160645, 2970.2419434, 2970.2287598, 2970.2141113, 2970.2241211, 2970.2255859, 2970.2355957, 2970.2145996, 2970.2163086, 2970.2292480, 2970.2050781, 2970.2053223, 2970.2089844, 2970.2021484, 2970.2280273, 2970.2131348, 2970.2226562, 2970.2109375, 2970.2341309, 2970.2006836, 2970.2109375, 2970.2314453, 2970.2131348 ],