{
"inputLengthInCharacters": 67108864,
"uniformInput": false,
"useMappingLetter": true,
"measurements": {
"histogram_atomic_global": {
"timesTransferToDevice": [ 41.8832970, 41.8653450, 41.8652802, 41.8635521, 41.8611526, 41.8652153, 41.8787193, 41.8636475, 41.8627510, 41.8636818, 41.8632011, 41.8630409, 41.8623695, 41.8612480, 41.8607368, 41.8614731, 41.8633270, 41.8632622, 41.8638382, 41.8634224, 41.8634872, 41.8614731, 41.8637428, 41.8653107, 41.8628159, 41.8606720, 41.8640976, 41.8629456, 41.8643532, 41.8616638, 41.8646088, 41.8630066, 41.8761597, 41.8634872, 41.8643837, 41.8644791, 41.8619194, 41.8610229, 41.8629761, 41.8622704, 41.8737907, 41.8638725, 41.8601265, 41.8636818, 41.8654404, 41.8633614, 41.8617935, 41.8613434, 41.8628464, 41.8650551, 41.8653450, 41.8653450, 41.8624001, 41.8630714, 41.8621101, 41.8635826, 41.8629112, 41.8649292, 41.8623047, 41.8635521, 41.8636475, 41.8655052, 41.8638382, 41.8635521, 41.8633919, 41.8798409, 41.8658257, 41.8634224, 41.8632965, 41.8628159, 41.8607674, 41.8637428, 41.8639374, 41.8613129, 41.8632317, 41.8663025, 41.8631668, 41.8613129, 41.8642578, 41.8615341, 41.8616333, 41.8640327, 41.8609581, 41.8594894, 41.8632317, 41.8635521, 41.8616943, 41.8625908, 41.8652153, 41.8595848, 41.8610229, 41.8605423, 41.8628464, 41.8639984, 41.8636475, 41.8641586, 41.8635216, 41.8629112, 41.8627205, 41.8639030 ],
"timesExecution": [ 37.2144623, 37.2239037, 37.2222061, 37.2178574, 37.2159348, 37.2243843, 37.2209587, 37.2129593, 37.2160645, 37.2177925, 37.2179527, 37.2136955, 37.2154541, 37.2151680, 37.2140808, 37.2157745, 37.2133102, 37.2151680, 37.2147217, 37.2155533, 37.2182388, 37.2172165, 37.2214737, 37.2194252, 37.2147217, 37.2233925, 37.2149124, 37.2148476, 37.2182388, 37.2176628, 37.2195854, 37.2200317, 37.2153282, 37.2165451, 37.2179527, 37.2187843, 37.2182388, 37.2217598, 37.2174721, 37.2189102, 37.2244148, 37.2169914, 37.2195854, 37.2148819, 37.2152977, 37.2173424, 37.2162552, 37.2172813, 37.2189751, 37.2305603, 37.2192001, 37.2155533, 37.2157745, 37.2149773, 37.2140160, 37.2150383, 37.2191696, 37.2146225, 37.2178879, 37.2161293, 37.2317429, 37.2185936, 37.2192650, 37.2137909, 37.2312317, 37.2221756, 37.2199669, 37.2176323, 37.2184944, 37.2190399, 37.2183342, 37.2254410, 37.2168655, 37.2190399, 37.2171211, 37.2177925, 37.2184639, 37.2211533, 37.2179527, 37.2189751, 37.2173767, 37.2173424, 37.2149773, 37.2159348, 37.2161903, 37.2162895, 37.2173767, 37.2147217, 37.2175674, 37.2138863, 37.2123528, 37.2176628, 37.2124176, 37.2161293, 37.2158089, 37.2188797, 37.2225914, 37.2197456, 37.2207031, 37.2201271 ],
"timesTransferFromDevice": [ 0.0327040, 0.0289280, 0.0283840, 0.0259200, 0.0260160, 0.0323840, 0.0286400, 0.0263040, 0.0283520, 0.0259520, 0.0256640, 0.0259200, 0.0249280, 0.0265600, 0.0274240, 0.0241600, 0.0250240, 0.0256000, 0.0263040, 0.0250560, 0.0253440, 0.0256640, 0.0261440, 0.0271360, 0.0233280, 0.0287040, 0.0268480, 0.0276160, 0.0267520, 0.0251840, 0.0275520, 0.0297920, 0.0250240, 0.0254080, 0.0260480, 0.0261760, 0.0255680, 0.0267200, 0.0252800, 0.0270080, 0.0282240, 0.0257920, 0.0268800, 0.0272960, 0.0261440, 0.0252160, 0.0247040, 0.0280960, 0.0256320, 0.0303360, 0.0295680, 0.0256320, 0.0254080, 0.0252480, 0.0239040, 0.0270400, 0.0262720, 0.0269440, 0.0250240, 0.0281920, 0.0294400, 0.0268480, 0.0260160, 0.0286400, 0.0334080, 0.0277760, 0.0243520, 0.0270080, 0.0262720, 0.0260800, 0.0258240, 0.0268800, 0.0272000, 0.0260160, 0.0253760, 0.0279360, 0.0247360, 0.0249600, 0.0267520, 0.0265280, 0.0248640, 0.0229760, 0.0238400, 0.0258240, 0.0264960, 0.0273280, 0.0253760, 0.0247680, 0.0256320, 0.0246720, 0.0246720, 0.0254080, 0.0255680, 0.0256000, 0.0281920, 0.0251520, 0.0301440, 0.0256320, 0.0283840, 0.0280320 ],
"bins": [ 39843942, 1049589, 1047821, 1048413, 1050094, 1048229, 1049407, 1049453, 1049644, 1046728, 1049250, 1047466, 1048164, 1048499, 1046659, 1051026, 1049865, 1049119, 1047466, 1047060, 1050626, 1048905, 1047599, 1047258, 1048976, 1048954, 1048652 ]
}
,
"histogram_atomic_private": {
"timesTransferToDevice": [ 41.8650551, 41.8621750, 41.8656006, 41.8624954, 41.8647995, 41.8650551, 41.8611183, 41.8640976, 41.8630714, 41.8606415, 41.8624001, 41.8627510, 41.8630714, 41.8613777, 41.8765755, 41.8596153, 41.8633614, 41.8634872, 41.8615990, 41.8639679, 41.8657265, 41.8606071, 41.8601608, 41.8622704, 41.8627853, 41.8635826, 41.8657913, 41.8639374, 43.8948479, 41.8685455, 41.8654709, 41.8641281, 41.8650551, 41.8660164, 41.8618889, 41.8632011, 41.8616638, 41.8614388, 41.8610573, 41.8621750, 41.8639030, 41.8643532, 41.8632622, 41.8625298, 41.8633614, 41.8640327, 41.8632965, 41.8612785, 41.8640327, 41.8610878, 41.8618889, 41.8619537, 41.8631363, 41.8615036, 41.8618240, 41.8612175, 41.8621101, 41.8612175, 41.8622093, 41.8616638, 41.8626862, 41.8610229, 41.8619194, 41.8625603, 41.8631058, 41.8611526, 41.8606415, 41.8621445, 41.8624306, 41.8610573, 41.8621101, 41.8619843, 41.8608627, 41.8614731, 41.8628464, 41.8646393, 41.8615685, 41.8634872, 41.8620491, 41.8601265, 41.8613777, 41.8632965, 41.8638077, 41.8620796, 41.8596153, 41.8624954, 41.8631668, 41.8637772, 41.8611832, 41.8611183, 41.8632965, 41.8615990, 41.8627205, 41.8605118, 41.8630714, 41.8611526, 41.8626862, 41.8666878, 41.8633614, 41.8637428 ],
"timesExecution": [ 0.9536000, 0.9628160, 0.9649920, 0.9765760, 0.9783360, 0.9626880, 0.9683520, 0.9626880, 0.9604160, 0.9608640, 0.9628480, 0.9625280, 0.9583680, 0.9671360, 0.9602560, 0.9563840, 0.9604800, 0.9592000, 0.9581120, 0.9622400, 0.9569280, 0.9579200, 0.9582720, 0.9599360, 0.9605760, 0.9628480, 0.9673280, 0.9584320, 0.9852160, 0.9626560, 0.9643840, 0.9624000, 0.9663040, 0.9611200, 0.9599040, 0.9586560, 0.9590720, 0.9600960, 0.9618560, 0.9604160, 0.9658240, 0.9631040, 0.9652800, 0.9636160, 0.9651520, 0.9621440, 0.9568000, 0.9574080, 0.9619520, 0.9573440, 0.9600000, 0.9618240, 0.9591040, 0.9592000, 0.9674240, 0.9627200, 0.9614080, 0.9644160, 0.9647360, 0.9596480, 0.9648640, 0.9608000, 0.9578240, 0.9605760, 0.9595520, 0.9608000, 0.9632320, 0.9598400, 0.9578240, 0.9589760, 0.9590400, 0.9595200, 0.9696000, 0.9603520, 0.9584640, 0.9603840, 0.9636160, 0.9611520, 0.9592000, 0.9617600, 0.9580480, 0.9604800, 0.9616000, 0.9610880, 0.9618240, 0.9650240, 0.9600640, 0.9587840, 0.9616960, 0.9625920, 0.9623040, 0.9603200, 0.9605440, 0.9573120, 0.9597120, 0.9588160, 0.9911040, 0.9607040, 0.9602240, 0.9630080 ],
"timesTransferFromDevice": [ 0.0243520, 0.0238400, 0.0258880, 0.0343040, 0.0340480, 0.0255680, 0.0285760, 0.0245440, 0.0237440, 0.0257920, 0.0253120, 0.0241920, 0.0241600, 0.0293760, 0.0235840, 0.0233600, 0.0247680, 0.0247680, 0.0252800, 0.0255360, 0.0245760, 0.0243200, 0.0243520, 0.0238080, 0.0238080, 0.0272320, 0.0260800, 0.0229760, 0.0261120, 0.0253440, 0.0268480, 0.0287040, 0.0263680, 0.0250240, 0.0244800, 0.0238720, 0.0233920, 0.0236480, 0.0289920, 0.0247360, 0.0263360, 0.0279040, 0.0259520, 0.0254720, 0.0276160, 0.0268480, 0.0242240, 0.0229440, 0.0235200, 0.0256960, 0.0243840, 0.0252800, 0.0238080, 0.0247680, 0.0260480, 0.0263680, 0.0253440, 0.0265920, 0.0247360, 0.0235840, 0.0265280, 0.0250560, 0.0247360, 0.0248000, 0.0256960, 0.0250880, 0.0277120, 0.0241920, 0.0251520, 0.0254400, 0.0253760, 0.0247680, 0.0272640, 0.0258560, 0.0240960, 0.0244480, 0.0248960, 0.0237440, 0.0246720, 0.0245760, 0.0243520, 0.0241920, 0.0257280, 0.0236480, 0.0255680, 0.0274560, 0.0253120, 0.0247040, 0.0248320, 0.0264000, 0.0239040, 0.0243840, 0.0221120, 0.0232320, 0.0247040, 0.0234240, 0.0388160, 0.0251520, 0.0243200, 0.0248960 ],
"bins": [ 39843942, 1049589, 1047821, 1048413, 1050094, 1048229, 1049407, 1049453, 1049644, 1046728, 1049250, 1047466, 1048164, 1048499, 1046659, 1051026, 1049865, 1049119, 1047466, 1047060, 1050626, 1048905, 1047599, 1047258, 1048976, 1048954, 1048652 ]
}
,