{
"inputLengthInCharacters": 16777216,
"uniformInput": false,
"useMappingLetter": true,
"measurements": {
"histogram_atomic_global": {
"timesTransferToDevice": [ 10.5491199, 10.5167360, 10.5091200, 10.5073919, 10.5064964, 10.5057602, 10.5104637, 10.5048637, 10.5061760, 10.5053444, 10.5070076, 10.5063362, 10.5063677, 10.5046721, 10.5080004, 10.5050879, 10.5059519, 10.5050240, 10.5050879, 10.5096960, 10.5075197, 10.5061760, 10.5056324, 10.5049915, 10.5043516, 10.5047045, 10.5051203, 10.5046721, 10.5066242, 10.5052156, 10.5239677, 10.5107841, 10.5092802, 10.5051842, 10.5049276, 10.5116796, 10.5056639, 10.5058241, 10.5049601, 10.5063038, 10.5046721, 10.5085764, 10.5070400, 10.5065279, 10.5059204, 10.5090876, 10.5047045, 10.5057602, 10.5056324, 10.5060158, 10.5057278, 10.5054083, 10.5058241, 10.5054722, 10.5396481, 10.5097923, 10.5110083, 10.5054083, 10.5058880, 10.5049276, 10.5084476, 10.5096321, 10.5076799, 10.5040960, 10.5048637, 10.5059519, 10.5067844, 10.5068483, 10.5052795, 10.5049601, 10.5099201, 10.5066557, 10.5053120, 10.5064316, 10.5053759, 10.5052481, 10.5054398, 10.5063677, 10.5050879, 10.5072317, 10.5043516, 10.5096960, 10.5060482, 10.5060158, 10.5081921, 10.5046721, 10.5048323, 10.5047684, 10.5056639, 10.5044479, 10.5050240, 10.5074558, 10.5043840, 10.5050564, 10.5063677, 10.5133762, 10.5311680, 10.5144320, 10.5088959, 10.5058241 ],
"timesExecution": [ 9.3164158, 9.3183041, 9.3190079, 9.3179836, 9.3186884, 9.3194237, 9.3197756, 9.3184643, 9.3189440, 9.3178244, 9.3186560, 9.3182716, 9.3191996, 9.3247356, 9.3227520, 9.3197117, 9.3189116, 9.3197117, 9.3204165, 9.3239040, 9.3207998, 9.3189440, 9.3185921, 9.3203201, 9.3184004, 9.3189764, 9.3189440, 9.3185596, 9.3193283, 9.3223038, 9.3202562, 9.3184643, 9.3180161, 9.3215036, 9.3187199, 9.3188801, 9.3188477, 9.3190718, 9.3194561, 9.3193598, 9.3184643, 9.3204803, 9.3182716, 9.3197756, 9.3182402, 9.3205442, 9.3195524, 9.3191042, 9.3200960, 9.3186884, 9.3192320, 9.3190403, 9.3186235, 9.3328323, 9.3223362, 9.3203201, 9.3188162, 9.3194561, 9.3188477, 9.3188477, 9.3196802, 9.3193283, 9.3188477, 9.3193598, 9.3227844, 9.3203840, 9.3190403, 9.3190718, 9.3175039, 9.3381119, 9.3235836, 9.3194561, 9.3201923, 9.3195200, 9.3188801, 9.3178558, 9.3189116, 9.3187838, 9.3254719, 9.3214722, 9.3196478, 9.3210564, 9.3197756, 9.3196478, 9.3186884, 9.3193283, 9.3194237, 9.3187838, 9.3194561, 9.3196163, 9.3190718, 9.3200636, 9.3187523, 9.3200636, 9.3204165, 9.3257284, 9.3215675, 9.3192644, 9.3190079, 9.3194237 ],
"timesTransferFromDevice": [ 0.0248320, 0.0204480, 0.0197440, 0.0203520, 0.0200640, 0.0199680, 0.0190720, 0.0188800, 0.0196800, 0.0195520, 0.0190400, 0.0193600, 0.0194240, 0.0228800, 0.0203840, 0.0196480, 0.0202560, 0.0191680, 0.0202560, 0.0228480, 0.0204160, 0.0210560, 0.0192960, 0.0191360, 0.0193280, 0.0191040, 0.0203200, 0.0194560, 0.0203200, 0.0213760, 0.0191040, 0.0190080, 0.0192000, 0.0204800, 0.0205120, 0.0188160, 0.0194560, 0.0202880, 0.0195200, 0.0189120, 0.0198080, 0.0192320, 0.0191680, 0.0194240, 0.0196800, 0.0195840, 0.0196800, 0.0198720, 0.0196160, 0.0193920, 0.0186240, 0.0203840, 0.0192640, 0.0272640, 0.0208320, 0.0187200, 0.0189440, 0.0198080, 0.0197440, 0.0196480, 0.0200960, 0.0198720, 0.0192960, 0.0191040, 0.0208960, 0.0197760, 0.0199360, 0.0192960, 0.0192640, 0.0225600, 0.0200000, 0.0198080, 0.0193920, 0.0197120, 0.0202560, 0.0198400, 0.0191680, 0.0193600, 0.0203520, 0.0201280, 0.0196800, 0.0204480, 0.0193920, 0.0199360, 0.0203200, 0.0188800, 0.0191360, 0.0198400, 0.0185920, 0.0196160, 0.0199680, 0.0194240, 0.0191680, 0.0195840, 0.0211200, 0.0240000, 0.0202240, 0.0193280, 0.0195520, 0.0199040 ],
"bins": [ 9957303, 262491, 261267, 262208, 262322, 262092, 262495, 261160, 262216, 261968, 262252, 261802, 262037, 263380, 261945, 263406, 262136, 262271, 262706, 262277, 262622, 262205, 262315, 262026, 262702, 262341, 263271 ]
}
,
"histogram_atomic_private": {
"timesTransferToDevice": [ 10.5109444, 10.5056000, 10.5075521, 10.5053444, 10.5045118, 10.5060158, 10.5049915, 10.5056000, 10.5047684, 10.5048637, 10.5103998, 10.5049276, 10.5047998, 10.5054083, 10.5056639, 10.5055037, 10.5055037, 10.5045443, 10.5047684, 10.5032644, 10.5052481, 10.5045757, 10.5046082, 10.5049601, 10.5051842, 10.5059204, 10.5101442, 10.5059204, 10.5056963, 10.5062723, 10.5054398, 10.5052156, 10.5134401, 10.5055361, 10.5155840, 10.5079679, 10.5071678, 10.5062084, 10.5059204, 10.5048962, 10.5058880, 10.5052481, 10.5050879, 10.5051517, 10.5057602, 10.5048323, 10.5056963, 10.5047045, 10.5054398, 10.5055361, 10.5065918, 10.5047359, 10.5039682, 10.5054083, 10.5057917, 10.5073919, 10.5050564, 10.5044479, 10.5051842, 10.5226879, 10.5109758, 10.5054083, 10.5042238, 10.5053120, 10.5056639, 10.5044165, 10.5069122, 10.5196161, 10.5368643, 10.5246077, 10.5077124, 10.5053759, 10.5049915, 10.5044479, 10.5051517, 10.5049276, 10.5068159, 10.5050879, 10.5058241, 10.5048962, 10.5056963, 10.5053444, 10.5104637, 10.5075197, 10.5050564, 10.5055676, 10.5051517, 10.5059519, 10.5039997, 10.5044479, 10.5049276, 10.5053120, 10.5049601, 10.5100803, 10.5115204, 10.5070724, 10.5054083, 10.5096321, 10.5064964, 10.5097923 ],
"timesExecution": [ 0.2523200, 0.2545920, 0.2554880, 0.2561280, 0.2555520, 0.2548800, 0.2570560, 0.2554880, 0.2560640, 0.2564160, 0.2550720, 0.2559680, 0.2563520, 0.2562880, 0.2553920, 0.2545920, 0.2550720, 0.2550080, 0.2551360, 0.2549120, 0.2566720, 0.2569600, 0.2559360, 0.2559040, 0.2551360, 0.2598080, 0.2570560, 0.2572480, 0.2560640, 0.2550720, 0.2563840, 0.2596160, 0.2577600, 0.2766400, 0.2610560, 0.2605120, 0.2579520, 0.2553600, 0.2548800, 0.2544960, 0.2560320, 0.2555520, 0.2570560, 0.2550080, 0.2551360, 0.2567680, 0.2559040, 0.2565440, 0.2564800, 0.2569280, 0.2555840, 0.2558400, 0.2560000, 0.2550080, 0.2560000, 0.2562560, 0.2559040, 0.2546240, 0.2636160, 0.2564480, 0.2546560, 0.2553280, 0.2557440, 0.2552960, 0.2562880, 0.2560960, 0.2616640, 0.2638080, 0.2608640, 0.2578240, 0.2555200, 0.2576960, 0.2547520, 0.2559360, 0.2570880, 0.2556800, 0.2563520, 0.2557120, 0.2565760, 0.2634560, 0.2566720, 0.2560000, 0.2559360, 0.2542720, 0.2556480, 0.2549760, 0.2561600, 0.2562240, 0.2549760, 0.2551680, 0.2555520, 0.2556160, 0.2580160, 0.2559680, 0.2556160, 0.2549760, 0.2577600, 0.2547840, 0.2569280, 0.2553920 ],
"timesTransferFromDevice": [ 0.0191360, 0.0192640, 0.0197120, 0.0197120, 0.0192000, 0.0193280, 0.0189760, 0.0197120, 0.0193280, 0.0195200, 0.0192640, 0.0190080, 0.0194560, 0.0195840, 0.0196480, 0.0195520, 0.0196480, 0.0200000, 0.0195840, 0.0194560, 0.0193600, 0.0191680, 0.0192320, 0.0196480, 0.0190720, 0.0217920, 0.0195520, 0.0192000, 0.0193280, 0.0199040, 0.0204160, 0.0203200, 0.0196480, 0.0312320, 0.0211200, 0.0216960, 0.0196480, 0.0195840, 0.0198720, 0.0197120, 0.0196800, 0.0190400, 0.0192960, 0.0186880, 0.0193600, 0.0192320, 0.0193920, 0.0201280, 0.0198720, 0.0202880, 0.0186560, 0.0194560, 0.0195200, 0.0192640, 0.0191040, 0.0189120, 0.0195520, 0.0195520, 0.0214720, 0.0194560, 0.0199680, 0.0193920, 0.0216640, 0.0191360, 0.0192320, 0.0195200, 0.0204800, 0.0217600, 0.0204160, 0.0190400, 0.0192960, 0.0215680, 0.0187520, 0.0192000, 0.0194240, 0.0194560, 0.0193280, 0.0196480, 0.0186560, 0.0193600, 0.0191360, 0.0193280, 0.0198400, 0.0192960, 0.0192960, 0.0189760, 0.0218240, 0.0197760, 0.0195520, 0.0195200, 0.0189760, 0.0187520, 0.0192320, 0.0199360, 0.0187840, 0.0195200, 0.0194560, 0.0195840, 0.0196800, 0.0187840 ],
"bins": [ 9957303, 262491, 261267, 262208, 262322, 262092, 262495, 261160, 262216, 261968, 262252, 261802, 262037, 263380, 261945, 263406, 262136, 262271, 262706, 262277, 262622, 262205, 262315, 262026, 262702, 262341, 263271 ]
}
,