{
"inputLengthInCharacters": 8192,
"uniformInput": true,
"useMappingLetter": false,
"measurements": {
"histogram_atomic_global": {
"timesTransferToDevice": [ 0.0296960, 0.0170560, 0.0173760, 0.0167680, 0.0175680, 0.0172160, 0.0172480, 0.0169600, 0.0164800, 0.0171840, 0.0164160, 0.0168000, 0.0168640, 0.0166080, 0.0172160, 0.0162560, 0.0166080, 0.0167360, 0.0164480, 0.0170560, 0.0169280, 0.0165440, 0.0162880, 0.0166720, 0.0166080, 0.0169920, 0.0164160, 0.0172160, 0.0171840, 0.0170240, 0.0165440, 0.0169600, 0.0168960, 0.0167040, 0.0170880, 0.0175680, 0.0170560, 0.0162240, 0.0170880, 0.0173760, 0.0164800, 0.0164480, 0.0171200, 0.0174080, 0.0165440, 0.0167040, 0.0168320, 0.0171200, 0.0161600, 0.0172160, 0.0186240, 0.0169600, 0.0180800, 0.0170240, 0.0173760, 0.0166720, 0.0166080, 0.0167360, 0.0167040, 0.0174720, 0.0170240, 0.0169600, 0.0170880, 0.0163200, 0.0173760, 0.0167360, 0.0173760, 0.0172800, 0.0167680, 0.0165760, 0.0170880, 0.0164160, 0.0168000, 0.0172800, 0.0166400, 0.0166720, 0.0169280, 0.0173120, 0.0165760, 0.0167680, 0.0165440, 0.0166080, 0.0169280, 0.0170560, 0.0166720, 0.0163520, 0.0168960, 0.0171200, 0.0166400, 0.0176000, 0.0172160, 0.0167360, 0.0168000, 0.0165120, 0.0166080, 0.0167360, 0.0163840, 0.0164160, 0.0167680, 0.0169600 ],
"timesExecution": [ 0.0225280, 0.0215040, 0.0225280, 0.0215040, 0.0215040, 0.0215040, 0.0215040, 0.0225280, 0.0215040, 0.0215040, 0.0215040, 0.0215040, 0.0215040, 0.0215040, 0.0215040, 0.0215040, 0.0215040, 0.0215040, 0.0215040, 0.0225280, 0.0215040, 0.0215040, 0.0215040, 0.0215040, 0.0215040, 0.0215040, 0.0215040, 0.0215040, 0.0215040, 0.0215040, 0.0215040, 0.0215040, 0.0215040, 0.0225280, 0.0215040, 0.0215040, 0.0215040, 0.0215040, 0.0215040, 0.0215040, 0.0215040, 0.0204800, 0.0215040, 0.0215040, 0.0215040, 0.0215040, 0.0204800, 0.0215040, 0.0215040, 0.0215040, 0.0215040, 0.0215040, 0.0225280, 0.0225280, 0.0225280, 0.0204800, 0.0215040, 0.0225280, 0.0204800, 0.0215040, 0.0215040, 0.0215040, 0.0215040, 0.0215040, 0.0204800, 0.0215040, 0.0215040, 0.0215040, 0.0215040, 0.0204800, 0.0215040, 0.0215040, 0.0215040, 0.0245760, 0.0215040, 0.0215040, 0.0215040, 0.0215040, 0.0204800, 0.0215040, 0.0215040, 0.0204800, 0.0215040, 0.0215040, 0.0204800, 0.0215040, 0.0215040, 0.0215040, 0.0215040, 0.0215040, 0.0215040, 0.0215040, 0.0225280, 0.0215040, 0.0204800, 0.0215040, 0.0215040, 0.0215040, 0.0215040, 0.0215040 ],
"timesTransferFromDevice": [ 0.0277760, 0.0194560, 0.0180480, 0.0165440, 0.0165440, 0.0167040, 0.0170560, 0.0170880, 0.0172160, 0.0162880, 0.0170240, 0.0168640, 0.0173760, 0.0168640, 0.0167680, 0.0170560, 0.0169920, 0.0165760, 0.0170880, 0.0170240, 0.0163200, 0.0166720, 0.0162880, 0.0161600, 0.0169600, 0.0164160, 0.0165120, 0.0164800, 0.0159360, 0.0162880, 0.0170240, 0.0169920, 0.0162880, 0.0168960, 0.0164800, 0.0169600, 0.0164800, 0.0168960, 0.0167040, 0.0162560, 0.0164480, 0.0165440, 0.0172800, 0.0163200, 0.0161280, 0.0161920, 0.0158720, 0.0163520, 0.0165440, 0.0175040, 0.0190400, 0.0165440, 0.0170240, 0.0177280, 0.0162880, 0.0162240, 0.0160320, 0.0164480, 0.0164800, 0.0168320, 0.0160960, 0.0168320, 0.0159040, 0.0166400, 0.0159360, 0.0166400, 0.0166080, 0.0162880, 0.0161280, 0.0167680, 0.0164480, 0.0169920, 0.0167680, 0.0164800, 0.0174080, 0.0170240, 0.0164480, 0.0165440, 0.0162880, 0.0162880, 0.0162560, 0.0159040, 0.0169920, 0.0161920, 0.0165440, 0.0162240, 0.0165760, 0.0161600, 0.0161600, 0.0167680, 0.0162560, 0.0170560, 0.0164800, 0.0162560, 0.0164160, 0.0162240, 0.0166400, 0.0161600, 0.0169920, 0.0163200 ],
"bins": [ 0, 0, 0, 0, 0, 0, 0, 0, 0, 0, 0, 0, 0, 0, 0, 0, 0, 0, 0, 0, 0, 0, 0, 0, 0, 0, 0, 0, 0, 0, 0, 0, 0, 0, 0, 0, 0, 0, 0, 0, 0, 0, 0, 0, 0, 0, 0, 0, 0, 0, 0, 0, 0, 0, 0, 0, 0, 0, 0, 0, 0, 0, 0, 0, 0, 0, 0, 0, 0, 0, 0, 0, 0, 0, 0, 0, 0, 0, 0, 0, 0, 0, 0, 0, 0, 0, 0, 0, 0, 0, 0, 0, 0, 0, 0, 0, 8192, 0, 0, 0, 0, 0, 0, 0, 0, 0, 0, 0, 0, 0, 0, 0, 0, 0, 0, 0, 0, 0, 0, 0, 0, 0, 0, 0, 0, 0, 0, 0 ]
}
,
"histogram_atomic_private": {
"timesTransferToDevice": [ 0.0163840, 0.0167360, 0.0171520, 0.0174080, 0.0172480, 0.0170240, 0.0170240, 0.0175040, 0.0173120, 0.0166720, 0.0170880, 0.0170240, 0.0166080, 0.0172800, 0.0171200, 0.0168960, 0.0170880, 0.0169280, 0.0163840, 0.0171520, 0.0168640, 0.0163520, 0.0167040, 0.0167040, 0.0167360, 0.0173120, 0.0167360, 0.0170560, 0.0163840, 0.0173760, 0.0174080, 0.0171840, 0.0168320, 0.0168320, 0.0173760, 0.0164800, 0.0172800, 0.0174080, 0.0168320, 0.0167040, 0.0173120, 0.0173120, 0.0171200, 0.0167040, 0.0175360, 0.0170560, 0.0170240, 0.0165440, 0.0165440, 0.0172160, 0.0171520, 0.0174400, 0.0187200, 0.0163520, 0.0172480, 0.0169600, 0.0167360, 0.0167680, 0.0169600, 0.0163840, 0.0186560, 0.0181440, 0.0168000, 0.0162560, 0.0169280, 0.0168320, 0.0168640, 0.0165440, 0.0163840, 0.0168000, 0.0168640, 0.0167360, 0.0165760, 0.0169600, 0.0170880, 0.0173760, 0.0171520, 0.0161280, 0.0167680, 0.0167040, 0.0168640, 0.0170240, 0.0164480, 0.0171840, 0.0172800, 0.0164160, 0.0172480, 0.0161600, 0.0166080, 0.0165760, 0.0174080, 0.0188800, 0.0179520, 0.0200320, 0.0186240, 0.0175360, 0.0173120, 0.0163840, 0.0165760, 0.0167360 ],
"timesExecution": [ 0.0163840, 0.0163840, 0.0163840, 0.0163840, 0.0163840, 0.0163840, 0.0163840, 0.0163840, 0.0174080, 0.0153600, 0.0163840, 0.0163840, 0.0153600, 0.0163840, 0.0163840, 0.0163840, 0.0174080, 0.0153600, 0.0163840, 0.0163840, 0.0163840, 0.0153600, 0.0163840, 0.0163840, 0.0153600, 0.0163840, 0.0163840, 0.0163840, 0.0163840, 0.0163840, 0.0163840, 0.0163840, 0.0163840, 0.0153600, 0.0163840, 0.0163840, 0.0163840, 0.0163840, 0.0163840, 0.0163840, 0.0163840, 0.0153600, 0.0163840, 0.0163840, 0.0163840, 0.0163840, 0.0163840, 0.0163840, 0.0163840, 0.0163840, 0.0163840, 0.0163840, 0.0174080, 0.0163840, 0.0163840, 0.0163840, 0.0153600, 0.0163840, 0.0163840, 0.0153600, 0.0215040, 0.0194560, 0.0163840, 0.0153600, 0.0163840, 0.0153600, 0.0163840, 0.0163840, 0.0163840, 0.0153600, 0.0153600, 0.0163840, 0.0163840, 0.0163840, 0.0163840, 0.0163840, 0.0163840, 0.0163840, 0.0163840, 0.0163840, 0.0163840, 0.0163840, 0.0163840, 0.0153600, 0.0163840, 0.0163840, 0.0163840, 0.0153600, 0.0163840, 0.0256000, 0.0266240, 0.0256000, 0.0256000, 0.0256000, 0.0225280, 0.0174080, 0.0163840, 0.0163840, 0.0163840, 0.0163840 ],
"timesTransferFromDevice": [ 0.0180800, 0.0167040, 0.0174400, 0.0166400, 0.0166400, 0.0167040, 0.0161920, 0.0165120, 0.0171200, 0.0168960, 0.0159360, 0.0163840, 0.0165120, 0.0168320, 0.0160640, 0.0167360, 0.0167680, 0.0167360, 0.0165440, 0.0162240, 0.0164800, 0.0163520, 0.0169600, 0.0162880, 0.0165120, 0.0168960, 0.0166080, 0.0164480, 0.0171200, 0.0165120, 0.0166080, 0.0161600, 0.0171840, 0.0162880, 0.0164800, 0.0166720, 0.0164800, 0.0172480, 0.0163200, 0.0166400, 0.0166720, 0.0168320, 0.0164160, 0.0171840, 0.0167040, 0.0169280, 0.0160000, 0.0170240, 0.0166720, 0.0253120, 0.0162560, 0.0164160, 0.0175360, 0.0164800, 0.0170880, 0.0160640, 0.0162880, 0.0160640, 0.0163840, 0.0166080, 0.0208960, 0.0171520, 0.0163200, 0.0167680, 0.0169280, 0.0168000, 0.0167680, 0.0163840, 0.0166400, 0.0162240, 0.0161920, 0.0164800, 0.0158720, 0.0168000, 0.0166720, 0.0169280, 0.0168000, 0.0170240, 0.0161920, 0.0168640, 0.0155840, 0.0165440, 0.0168000, 0.0167040, 0.0164800, 0.0164160, 0.0166400, 0.0162880, 0.0211200, 0.0216320, 0.0249920, 0.0239040, 0.0264640, 0.0245440, 0.0248000, 0.0174400, 0.0170560, 0.0174400, 0.0170880, 0.0169280 ],
"bins": [ 0, 0, 0, 0, 0, 0, 0, 0, 0, 0, 0, 0, 0, 0, 0, 0, 0, 0, 0, 0, 0, 0, 0, 0, 0, 0, 0, 0, 0, 0, 0, 0, 0, 0, 0, 0, 0, 0, 0, 0, 0, 0, 0, 0, 0, 0, 0, 0, 0, 0, 0, 0, 0, 0, 0, 0, 0, 0, 0, 0, 0, 0, 0, 0, 0, 0, 0, 0, 0, 0, 0, 0, 0, 0, 0, 0, 0, 0, 0, 0, 0, 0, 0, 0, 0, 0, 0, 0, 0, 0, 0, 0, 0, 0, 0, 0, 8192, 0, 0, 0, 0, 0, 0, 0, 0, 0, 0, 0, 0, 0, 0, 0, 0, 0, 0, 0, 0, 0, 0, 0, 0, 0, 0, 0, 0, 0, 0, 0 ]
}
,