{
"inputLengthInCharacters": 32,
"uniformInput": true,
"useMappingLetter": true,
"measurements": {
"histogram_atomic_global": {
"timesTransferToDevice": [ 0.0245760, 0.0123840, 0.0121920, 0.0116800, 0.0123840, 0.0120000, 0.0121280, 0.0120000, 0.0115840, 0.0117120, 0.0124480, 0.0124160, 0.0129600, 0.0124480, 0.0125440, 0.0119040, 0.0123200, 0.0126720, 0.0121920, 0.0117440, 0.0124160, 0.0125760, 0.0126080, 0.0126720, 0.0124160, 0.0115840, 0.0119360, 0.0139840, 0.0126720, 0.0116800, 0.0121280, 0.0122560, 0.0120640, 0.0128000, 0.0130560, 0.0119360, 0.0123840, 0.0123200, 0.0123200, 0.0128320, 0.0117760, 0.0121600, 0.0116800, 0.0118400, 0.0123520, 0.0120960, 0.0117760, 0.0113920, 0.0120000, 0.0118080, 0.0127040, 0.0118400, 0.0127680, 0.0123840, 0.0120320, 0.0121280, 0.0123520, 0.0116480, 0.0125760, 0.0120960, 0.0130880, 0.0123200, 0.0120960, 0.0124480, 0.0124160, 0.0128640, 0.0121280, 0.0121600, 0.0129280, 0.0116480, 0.0124480, 0.0121280, 0.0123520, 0.0122240, 0.0121600, 0.0123520, 0.0128640, 0.0121920, 0.0125120, 0.0123840, 0.0116800, 0.0125760, 0.0113920, 0.0123520, 0.0122560, 0.0121920, 0.0121600, 0.0114880, 0.0119040, 0.0122880, 0.0126080, 0.0125120, 0.0124480, 0.0116160, 0.0119680, 0.0127680, 0.0125440, 0.0122560, 0.0116480, 0.0122880 ],
"timesExecution": [ 0.0163840, 0.0163840, 0.0163840, 0.0163840, 0.0163840, 0.0163840, 0.0163840, 0.0153600, 0.0163840, 0.0163840, 0.0163840, 0.0163840, 0.0153600, 0.0163840, 0.0163840, 0.0163840, 0.0163840, 0.0153600, 0.0163840, 0.0163840, 0.0163840, 0.0153600, 0.0163840, 0.0153600, 0.0163840, 0.0153600, 0.0163840, 0.0163840, 0.0163840, 0.0153600, 0.0153600, 0.0163840, 0.0163840, 0.0163840, 0.0163840, 0.0153600, 0.0163840, 0.0153600, 0.0153600, 0.0163840, 0.0163840, 0.0163840, 0.0163840, 0.0153600, 0.0163840, 0.0163840, 0.0153600, 0.0163840, 0.0163840, 0.0163840, 0.0163840, 0.0163840, 0.0163840, 0.0163840, 0.0153600, 0.0153600, 0.0163840, 0.0153600, 0.0153600, 0.0153600, 0.0153600, 0.0153600, 0.0153600, 0.0163840, 0.0163840, 0.0153600, 0.0163840, 0.0163840, 0.0163840, 0.0153600, 0.0163840, 0.0163840, 0.0163840, 0.0184320, 0.0163840, 0.0163840, 0.0153600, 0.0153600, 0.0163840, 0.0163840, 0.0163840, 0.0163840, 0.0153600, 0.0153600, 0.0153600, 0.0153600, 0.0163840, 0.0153600, 0.0153600, 0.0163840, 0.0163840, 0.0163840, 0.0174080, 0.0153600, 0.0153600, 0.0153600, 0.0163840, 0.0163840, 0.0153600, 0.0163840 ],
"timesTransferFromDevice": [ 0.0258240, 0.0194560, 0.0178880, 0.0172800, 0.0173760, 0.0173440, 0.0164480, 0.0166400, 0.0166400, 0.0169600, 0.0169920, 0.0163840, 0.0168960, 0.0174400, 0.0175360, 0.0160640, 0.0166400, 0.0164800, 0.0170560, 0.0159360, 0.0171520, 0.0163840, 0.0161280, 0.0160320, 0.0160320, 0.0165120, 0.0169280, 0.0173120, 0.0168960, 0.0163520, 0.0164480, 0.0163200, 0.0165440, 0.0170880, 0.0168320, 0.0172480, 0.0171840, 0.0162880, 0.0170880, 0.0168000, 0.0165760, 0.0169920, 0.0167680, 0.0161920, 0.0169280, 0.0169920, 0.0161920, 0.0165760, 0.0170880, 0.0169280, 0.0170240, 0.0167680, 0.0173760, 0.0166080, 0.0163840, 0.0162240, 0.0168000, 0.0160320, 0.0166720, 0.0163840, 0.0160640, 0.0165120, 0.0165120, 0.0160960, 0.0168960, 0.0166400, 0.0165760, 0.0171200, 0.0169600, 0.0162880, 0.0165440, 0.0159360, 0.0168000, 0.0164480, 0.0164160, 0.0171520, 0.0164480, 0.0169920, 0.0174400, 0.0159360, 0.0161600, 0.0172160, 0.0165760, 0.0163520, 0.0166080, 0.0164800, 0.0172480, 0.0163200, 0.0160960, 0.0170880, 0.0172480, 0.0170880, 0.0169600, 0.0169600, 0.0159360, 0.0159360, 0.0169920, 0.0160320, 0.0164800, 0.0171200 ],
"bins": [ 0, 32, 0, 0, 0, 0, 0, 0, 0, 0, 0, 0, 0, 0, 0, 0, 0, 0, 0, 0, 0, 0, 0, 0, 0, 0, 0 ]
}
,
"histogram_atomic_private": {
"timesTransferToDevice": [ 0.0112640, 0.0120000, 0.0115520, 0.0124160, 0.0120960, 0.0121600, 0.0116800, 0.0115200, 0.0120960, 0.0120640, 0.0118720, 0.0118720, 0.0123840, 0.0126720, 0.0125120, 0.0127360, 0.0124800, 0.0119040, 0.0123840, 0.0122560, 0.0120960, 0.0123200, 0.0118720, 0.0118400, 0.0118080, 0.0127040, 0.0123200, 0.0124800, 0.0120000, 0.0121280, 0.0123840, 0.0122240, 0.0118400, 0.0120000, 0.0118400, 0.0120960, 0.0124160, 0.0126720, 0.0118720, 0.0118400, 0.0125440, 0.0119680, 0.0118080, 0.0119040, 0.0119040, 0.0121600, 0.0114880, 0.0124800, 0.0117120, 0.0123200, 0.0118080, 0.0121600, 0.0122240, 0.0123200, 0.0120320, 0.0113920, 0.0125120, 0.0119360, 0.0120640, 0.0124800, 0.0115520, 0.0115520, 0.0120000, 0.0126080, 0.0120640, 0.0118720, 0.0138560, 0.0137600, 0.0130880, 0.0115200, 0.0133120, 0.0115840, 0.0127680, 0.0125120, 0.0124160, 0.0119040, 0.0121280, 0.0123200, 0.0121280, 0.0117120, 0.0125760, 0.0125440, 0.0120640, 0.0115840, 0.0122560, 0.0114240, 0.0124480, 0.0121920, 0.0118080, 0.0122240, 0.0126400, 0.0123200, 0.0115520, 0.0124160, 0.0117440, 0.0118720, 0.0116480, 0.0122880, 0.0120960, 0.0124160 ],
"timesExecution": [ 0.0163840, 0.0163840, 0.0153600, 0.0163840, 0.0153600, 0.0163840, 0.0153600, 0.0153600, 0.0163840, 0.0163840, 0.0153600, 0.0163840, 0.0153600, 0.0153600, 0.0163840, 0.0153600, 0.0163840, 0.0153600, 0.0163840, 0.0153600, 0.0153600, 0.0153600, 0.0163840, 0.0163840, 0.0153600, 0.0153600, 0.0163840, 0.0153600, 0.0163840, 0.0163840, 0.0163840, 0.0163840, 0.0163840, 0.0163840, 0.0153600, 0.0153600, 0.0153600, 0.0163840, 0.0163840, 0.0163840, 0.0153600, 0.0153600, 0.0163840, 0.0163840, 0.0153600, 0.0153600, 0.0153600, 0.0153600, 0.0153600, 0.0163840, 0.0163840, 0.0163840, 0.0163840, 0.0163840, 0.0163840, 0.0163840, 0.0163840, 0.0163840, 0.0163840, 0.0153600, 0.0163840, 0.0174080, 0.0153600, 0.0153600, 0.0153600, 0.0163840, 0.0174080, 0.0174080, 0.0163840, 0.0174080, 0.0174080, 0.0174080, 0.0153600, 0.0153600, 0.0163840, 0.0163840, 0.0163840, 0.0153600, 0.0153600, 0.0153600, 0.0153600, 0.0153600, 0.0163840, 0.0153600, 0.0153600, 0.0153600, 0.0163840, 0.0163840, 0.0153600, 0.0174080, 0.0153600, 0.0153600, 0.0163840, 0.0153600, 0.0153600, 0.0153600, 0.0153600, 0.0163840, 0.0163840, 0.0153600 ],
"timesTransferFromDevice": [ 0.0175040, 0.0162880, 0.0170240, 0.0165120, 0.0163520, 0.0170880, 0.0160320, 0.0164800, 0.0165120, 0.0167680, 0.0168960, 0.0162880, 0.0167680, 0.0161920, 0.0171200, 0.0162880, 0.0165120, 0.0165120, 0.0163200, 0.0165440, 0.0163520, 0.0168000, 0.0166080, 0.0167360, 0.0167680, 0.0164480, 0.0171200, 0.0168000, 0.0165120, 0.0164480, 0.0172160, 0.0169920, 0.0166080, 0.0168960, 0.0165120, 0.0161920, 0.0168960, 0.0169920, 0.0167040, 0.0163520, 0.0164160, 0.0169280, 0.0169920, 0.0158080, 0.0164160, 0.0162240, 0.0163520, 0.0161280, 0.0163520, 0.0169920, 0.0169920, 0.0164480, 0.0164800, 0.0166400, 0.0169920, 0.0169920, 0.0167040, 0.0168320, 0.0170240, 0.0163200, 0.0170240, 0.0165440, 0.0163520, 0.0164160, 0.0168000, 0.0170560, 0.0177280, 0.0168960, 0.0184320, 0.0164800, 0.0183040, 0.0169280, 0.0163840, 0.0164160, 0.0168320, 0.0164800, 0.0173120, 0.0165120, 0.0168320, 0.0161280, 0.0161600, 0.0170240, 0.0167680, 0.0163840, 0.0161600, 0.0160960, 0.0172480, 0.0165440, 0.0214400, 0.0171520, 0.0164160, 0.0162560, 0.0170240, 0.0169600, 0.0166400, 0.0160320, 0.0163520, 0.0167680, 0.0171200, 0.0160000 ],
"bins": [ 0, 32, 0, 0, 0, 0, 0, 0, 0, 0, 0, 0, 0, 0, 0, 0, 0, 0, 0, 0, 0, 0, 0, 0, 0, 0, 0 ]
}
,