{
"inputLengthInCharacters": 16384,
"uniformInput": false,
"useMappingLetter": true,
"measurements": {
"histogram_one_thread_per_character": {
"timesTransferToDevice": [ 0.4206630, 0.0208810, 0.0204000, 0.0198400, 0.0217600, 0.0204400, 0.0210400, 0.0292800, 0.0208000, 0.0224800, 0.0212810, 0.0506710, 0.0210800, 0.0210810, 0.0208000, 0.0239600, 0.0206800, 0.0207200, 0.0249100, 0.0214000, 0.0243300, 0.0210800, 0.0215600, 0.0244300, 0.0208410, 0.0207610, 0.0249400, 0.0223400, 0.0210400, 0.0234400, 0.0250500, 0.0214400, 0.0208800, 0.0218400, 0.0206000, 0.0216400, 0.0232000, 0.0204400, 0.0214010, 0.0234810, 0.0212000, 0.0218000, 0.0217600, 0.0219200, 0.0209200, 0.0219200, 0.0212400, 0.0210800, 0.0206800, 0.0241200, 0.0216810, 0.0207610, 0.0224000, 0.0281300, 0.0208400, 0.0210800, 0.0249900, 0.0227200, 0.0246100, 0.0224000, 0.0242800, 0.0219600, 0.0206410, 0.0214410, 0.0221200, 0.0215200, 0.0237600, 0.0244800, 0.0214800, 0.0208000, 0.0213200, 0.0213600, 0.0213600, 0.0208010, 0.0214010, 0.0732910, 0.0215600, 0.0210000, 0.0207610, 0.0252510, 0.0202800, 0.0207600, 0.0270700, 0.0212400, 0.0208400, 0.0251800, 0.0213600, 0.0228000, 0.0209600, 0.0206800, 0.0235610, 0.0234810, 0.0202810, 0.0223600, 0.0238700, 0.0214400, 0.0223600, 0.0252500, 0.0283700, 0.0208800 ],
"timesExecution": [ 0.0363300, 0.0342400, 0.0336410, 0.0352110, 0.0356110, 0.0356200, 0.0355700, 0.0353100, 0.0355600, 0.0338000, 0.0360200, 0.0360400, 0.0355400, 0.0353300, 0.0352000, 0.0350410, 0.0356610, 0.0353310, 0.0356010, 0.0349300, 0.0331600, 0.0352500, 0.0352400, 0.0345900, 0.0351000, 0.0359900, 0.0355800, 0.0334400, 0.0350410, 0.0346410, 0.0349910, 0.0348600, 0.0492500, 0.0331200, 0.0351000, 0.0352100, 0.0345600, 0.0333200, 0.0355400, 0.0352700, 0.0347200, 0.0353310, 0.0351110, 0.0356010, 0.0356200, 0.0353900, 0.0333200, 0.0353200, 0.0331200, 0.0350900, 0.0354600, 0.0330800, 0.0333600, 0.0330410, 0.0350110, 0.0353810, 0.0355410, 0.0331600, 0.0355900, 0.0360500, 0.0354500, 0.0352200, 0.0331200, 0.0354200, 0.0346200, 0.0348910, 0.0331210, 0.0351810, 0.0334000, 0.0330400, 0.0351800, 0.0332400, 0.0331600, 0.0355900, 0.0346300, 0.0350800, 0.0351000, 0.0350900, 0.0350900, 0.0331200, 0.0392900, 0.0350900, 0.0329610, 0.0360110, 0.0368810, 0.0347200, 0.0335600, 0.0333600, 0.0330800, 0.0356200, 0.0350800, 0.0353700, 0.0358300, 0.0349300, 0.0353510, 0.0355910, 0.0347210, 0.0355510, 0.0347100, 0.0331600 ],
"timesTransferFromDevice": [ 0.4106030, 0.0190000, 0.0188000, 0.0216400, 0.0202000, 0.0198800, 0.0235010, 0.0238610, 0.0227600, 0.0214400, 0.0223600, 0.0233300, 0.0235500, 0.0204400, 0.0233900, 0.0273700, 0.0210800, 0.0240900, 0.0203600, 0.0205210, 0.0235310, 0.0265400, 0.0238800, 0.0230900, 0.0263600, 0.0216000, 0.0263800, 0.0234000, 0.0236900, 0.0214000, 0.0263300, 0.0234400, 0.0209600, 0.0229210, 0.0231010, 0.0234500, 0.0237500, 0.0237100, 0.0238300, 0.0213200, 0.0264300, 0.0233900, 0.0239400, 0.0224700, 0.0235600, 0.0235000, 0.0230410, 0.0231810, 0.0233200, 0.0234000, 0.0217500, 0.0224300, 0.0228500, 0.0239000, 0.0260000, 0.0234300, 0.0266900, 0.0195600, 0.0229610, 0.0234310, 0.0209600, 0.0234600, 0.0213600, 0.0235200, 0.0227600, 0.0229300, 0.0235900, 0.0211600, 0.0239700, 0.0213210, 0.0267810, 0.0243700, 0.0240600, 0.0231700, 0.0234000, 0.0285110, 0.0204800, 0.0211200, 0.0236800, 0.0238800, 0.0230000, 0.0232000, 0.0236300, 0.0210800, 0.0258400, 0.0251700, 0.0230010, 0.0194810, 0.0214000, 0.0222400, 0.0232400, 0.0262900, 0.0198800, 0.0260600, 0.0226100, 0.0213600, 0.0241400, 0.0240500, 0.0227200, 0.0246910 ],
"bins": [ 9786, 253, 253, 249, 282, 236, 259, 236, 254, 259, 235, 246, 288, 253, 255, 235, 236, 240, 263, 268, 259, 256, 259, 240, 235, 274, 275 ]
}
,
"histogram_atomic_private": {
"timesTransferToDevice": [ 0.0174000, 0.0184400, 0.0186800, 0.0198010, 0.0198000, 0.0204400, 0.0191200, 0.0196800, 0.0245000, 0.0205210, 0.0208800, 0.0216800, 0.0244400, 0.0206400, 0.0211200, 0.0223200, 0.0217610, 0.0206000, 0.0208400, 0.0210400, 0.0274000, 0.0247900, 0.0217200, 0.0206800, 0.0214400, 0.0212410, 0.0209200, 0.0212400, 0.0225600, 0.0241900, 0.0226800, 0.0271900, 0.0247700, 0.0218000, 0.0211200, 0.0225610, 0.0208400, 0.0229600, 0.0212000, 0.0207200, 0.0212800, 0.0232800, 0.0245200, 0.0249300, 0.0224000, 0.0223610, 0.0291310, 0.0269200, 0.0212800, 0.0242100, 0.0277400, 0.0218800, 0.0204400, 0.0212400, 0.0216000, 0.0208800, 0.0221210, 0.0207200, 0.0206800, 0.0224800, 0.0264200, 0.0214400, 0.0205600, 0.0248800, 0.0212000, 0.0228000, 0.0213200, 0.0214000, 0.0226410, 0.0214810, 0.0224000, 0.0219600, 0.0211600, 0.0222800, 0.0206400, 0.0204800, 0.0215200, 0.0220800, 0.0201610, 0.0209200, 0.0217600, 0.0215600, 0.0268300, 0.0248500, 0.0209600, 0.0214400, 0.0204000, 0.0208810, 0.0240110, 0.0208800, 0.0208800, 0.0250900, 0.0209200, 0.0223200, 0.0204800, 0.0237200, 0.0221200, 0.0205610, 0.0211200, 0.0244200 ],
"timesExecution": [ 0.0325710, 0.0284800, 0.0292000, 0.0308100, 0.0309810, 0.0293610, 0.0314300, 0.0306500, 0.0300400, 0.0299200, 0.0317310, 0.0315610, 0.0315200, 0.0322600, 0.0314000, 0.0305200, 0.0311200, 0.0336200, 0.0308810, 0.0331710, 0.0329900, 0.0326500, 0.0306800, 0.0330900, 0.0325600, 0.0312400, 0.0323700, 0.0328210, 0.0307210, 0.0306010, 0.0332300, 0.0308000, 0.0313200, 0.0332200, 0.0333700, 0.0310400, 0.0324800, 0.0330810, 0.0328110, 0.0323610, 0.0310800, 0.0408300, 0.0305200, 0.0328500, 0.0335600, 0.0328000, 0.0331600, 0.0324900, 0.0302410, 0.0337710, 0.0327010, 0.0325700, 0.0307600, 0.0310800, 0.0330900, 0.0320300, 0.0335100, 0.0330200, 0.0328510, 0.0324110, 0.0725210, 0.0330510, 0.0310010, 0.0339300, 0.0311600, 0.0328200, 0.0312400, 0.0332400, 0.0327200, 0.0331400, 0.0310400, 0.0326810, 0.0323510, 0.0331900, 0.0307200, 0.0330200, 0.0330400, 0.0307600, 0.0310400, 0.0310400, 0.0309610, 0.0334800, 0.0327300, 0.0327000, 0.0332500, 0.0307200, 0.0307600, 0.0329200, 0.0325700, 0.0306000, 0.0328110, 0.0327210, 0.0328900, 0.0306400, 0.0334600, 0.0327400, 0.0333000, 0.0334600, 0.0306800, 0.0327310 ],
"timesTransferFromDevice": [ 0.0171600, 0.0172010, 0.0170800, 0.0221800, 0.0254000, 0.0210800, 0.0222010, 0.0208400, 0.0184400, 0.0191600, 0.0202000, 0.0253100, 0.0222900, 0.0209210, 0.0219700, 0.0210800, 0.0228400, 0.0268400, 0.0195600, 0.0212000, 0.0229800, 0.0235000, 0.0221610, 0.0210400, 0.0200000, 0.0238600, 0.0230900, 0.0267100, 0.0229200, 0.0203200, 0.0260400, 0.0209610, 0.0234610, 0.0235200, 0.0217200, 0.0233400, 0.0234200, 0.0255900, 0.0236900, 0.0234400, 0.0231200, 0.0198400, 0.0234110, 0.0243800, 0.0214000, 0.0214000, 0.0206400, 0.0227200, 0.0226900, 0.0205600, 0.0257600, 0.0258300, 0.0232610, 0.0232310, 0.0239000, 0.0199600, 0.0228000, 0.0206400, 0.0214800, 0.0201200, 0.0216800, 0.0204400, 0.0234100, 0.0274100, 0.0232610, 0.0232810, 0.0242600, 0.0238900, 0.0234400, 0.0240300, 0.0249500, 0.0238600, 0.0194000, 0.0214800, 0.0244310, 0.0216400, 0.0238900, 0.0209600, 0.0232100, 0.0207200, 0.0210800, 0.0232200, 0.0191200, 0.0216810, 0.0229710, 0.0234200, 0.0292800, 0.0234600, 0.0236900, 0.0228800, 0.0231400, 0.0200000, 0.0240200, 0.0227210, 0.0237400, 0.0228300, 0.0230400, 0.0234400, 0.0234100, 0.0229100 ],
"bins": [ 9786, 253, 253, 249, 282, 236, 259, 236, 254, 259, 235, 246, 288, 253, 255, 235, 236, 240, 263, 268, 259, 256, 259, 240, 235, 274, 275 ]
}
,