{
"inputLengthInCharacters": 16384,
"uniformInput": true,
"useMappingLetter": false,
"measurements": {
"histogram_one_thread_per_character": {
"timesTransferToDevice": [ 0.4652230, 0.0214400, 0.0199200, 0.0198000, 0.0214010, 0.0212810, 0.0204400, 0.0212400, 0.0244900, 0.0207600, 0.0205200, 0.0498710, 0.0210400, 0.0210410, 0.0209200, 0.0210400, 0.0206400, 0.0206800, 0.0206400, 0.0213210, 0.0207200, 0.0210800, 0.0209600, 0.0213600, 0.0215600, 0.0206400, 0.0214410, 0.0205600, 0.0204400, 0.0212800, 0.0220000, 0.0212800, 0.0211600, 0.0210000, 0.0239710, 0.0216810, 0.0222000, 0.0206800, 0.0209200, 0.0215200, 0.0245000, 0.0210810, 0.0215600, 0.0205600, 0.0212800, 0.0212400, 0.0209200, 0.0208800, 0.0217610, 0.0206800, 0.0216400, 0.0209200, 0.0207600, 0.0212800, 0.0207210, 0.0212400, 0.0219200, 0.0207600, 0.0220400, 0.0208400, 0.0210410, 0.0208000, 0.0204400, 0.0217200, 0.0208000, 0.0226400, 0.0218800, 0.0209210, 0.0205600, 0.0207200, 0.0206400, 0.0238800, 0.0214000, 0.0208000, 0.0212400, 0.0643400, 0.0207200, 0.0207600, 0.0242500, 0.0207210, 0.0209200, 0.0234700, 0.0245800, 0.0208800, 0.0207600, 0.0206400, 0.0208400, 0.0210410, 0.0211210, 0.0209600, 0.0211200, 0.0215200, 0.0208000, 0.0216000, 0.0209210, 0.0212000, 0.0214000, 0.0207600, 0.0206000, 0.0209200 ],
"timesExecution": [ 0.0329200, 0.0321610, 0.0312000, 0.0336400, 0.0339300, 0.0314800, 0.0337310, 0.0336610, 0.0341300, 0.0315600, 0.0334900, 0.0332000, 0.0342200, 0.0332900, 0.0330810, 0.0332910, 0.0334800, 0.0332000, 0.0335200, 0.0333800, 0.0340000, 0.0335210, 0.0329710, 0.0332200, 0.0338900, 0.0334600, 0.0334900, 0.0331200, 0.0335810, 0.0342310, 0.0333600, 0.0332100, 0.0486100, 0.0332800, 0.0335600, 0.0334200, 0.0332810, 0.0333310, 0.0331300, 0.0336600, 0.0336100, 0.0336600, 0.0331700, 0.0332110, 0.0335310, 0.0333700, 0.0329200, 0.0316800, 0.0336600, 0.0336510, 0.0337210, 0.0331200, 0.0331600, 0.0332400, 0.0315600, 0.0334610, 0.0332110, 0.0331000, 0.0315200, 0.0330500, 0.0335600, 0.0315200, 0.0314410, 0.0334200, 0.0316800, 0.0330400, 0.0333900, 0.0336700, 0.0338100, 0.0339210, 0.0331710, 0.0331800, 0.0338700, 0.0331700, 0.0338300, 0.0337400, 0.0334400, 0.0340000, 0.0314400, 0.0335900, 0.0334900, 0.0335210, 0.0336310, 0.0317200, 0.0336300, 0.0343600, 0.0332800, 0.0335700, 0.0333000, 0.0330110, 0.0334110, 0.0342600, 0.0339000, 0.0333000, 0.0331600, 0.0329700, 0.0334010, 0.0334100, 0.0330000, 0.0334500 ],
"timesTransferFromDevice": [ 0.4571540, 0.0186800, 0.0183610, 0.0198400, 0.0233700, 0.0283000, 0.0233200, 0.0196800, 0.0199200, 0.0198410, 0.0200000, 0.0195200, 0.0208400, 0.0200000, 0.0200000, 0.0210800, 0.0196400, 0.0234610, 0.0203600, 0.0198800, 0.0236700, 0.0198000, 0.0197200, 0.0198810, 0.0274210, 0.0212800, 0.0232500, 0.0209600, 0.0229700, 0.0204000, 0.0205600, 0.0243710, 0.0199610, 0.0207600, 0.0225900, 0.0230700, 0.0228000, 0.0204400, 0.0199200, 0.0210400, 0.0230400, 0.0194800, 0.0201200, 0.0238100, 0.0204000, 0.0201610, 0.0203200, 0.0209200, 0.0206800, 0.0197600, 0.0233600, 0.0198800, 0.0217600, 0.0205200, 0.0233600, 0.0196000, 0.0206000, 0.0206800, 0.0204010, 0.0197600, 0.0208000, 0.0226900, 0.0198800, 0.0263500, 0.0214810, 0.0235500, 0.0232900, 0.0211600, 0.0230100, 0.0265900, 0.0262500, 0.0226800, 0.0228010, 0.0232610, 0.0229700, 0.0233310, 0.0230010, 0.0235900, 0.0210000, 0.0228500, 0.0214000, 0.0214000, 0.0241300, 0.0234200, 0.0230110, 0.0246410, 0.0195200, 0.0204800, 0.0210400, 0.0198000, 0.0207200, 0.0197200, 0.0214800, 0.0206800, 0.0206000, 0.0199600, 0.0235500, 0.0199200, 0.0207210, 0.0234000 ],
"bins": [ 0, 0, 0, 0, 0, 0, 0, 0, 0, 0, 0, 0, 0, 0, 0, 0, 0, 0, 0, 0, 0, 0, 0, 0, 0, 0, 0, 0, 0, 0, 0, 0, 0, 0, 0, 0, 0, 0, 0, 0, 0, 0, 0, 0, 0, 0, 0, 0, 0, 0, 0, 0, 0, 0, 0, 0, 0, 0, 0, 0, 0, 0, 0, 0, 0, 0, 0, 0, 0, 0, 0, 0, 0, 0, 0, 0, 0, 0, 0, 0, 0, 0, 0, 0, 0, 0, 0, 0, 0, 0, 0, 0, 0, 0, 0, 0, 16384, 0, 0, 0, 0, 0, 0, 0, 0, 0, 0, 0, 0, 0, 0, 0, 0, 0, 0, 0, 0, 0, 0, 0, 0, 0, 0, 0, 0, 0, 0, 0 ]
}
,
"histogram_atomic_private": {
"timesTransferToDevice": [ 0.0187610, 0.0188000, 0.0180400, 0.0180400, 0.0206410, 0.0192800, 0.0206400, 0.0204000, 0.0232500, 0.0196010, 0.0201200, 0.0212800, 0.0198400, 0.0240300, 0.0206010, 0.0204800, 0.0209200, 0.0205600, 0.0206400, 0.0206010, 0.0216400, 0.0206400, 0.0206800, 0.0215600, 0.0205210, 0.0206400, 0.0205600, 0.0217200, 0.0204800, 0.0227600, 0.0206400, 0.0210800, 0.0210800, 0.0219200, 0.0207200, 0.0211600, 0.0205600, 0.0206800, 0.0206000, 0.0209600, 0.0210400, 0.0212400, 0.0207600, 0.0208800, 0.0210410, 0.0216000, 0.0207200, 0.0210400, 0.0209600, 0.0208010, 0.0208400, 0.0209200, 0.0206000, 0.0207600, 0.0210410, 0.0203200, 0.0208800, 0.0219200, 0.0206800, 0.0205610, 0.0203600, 0.0222800, 0.0220000, 0.0206400, 0.0211600, 0.0204010, 0.0246710, 0.0208800, 0.0205600, 0.0210400, 0.0206400, 0.0207210, 0.0208000, 0.0208000, 0.0216000, 0.0216000, 0.0207210, 0.0225200, 0.0207200, 0.0205200, 0.0217200, 0.0247110, 0.0234700, 0.0204800, 0.0209200, 0.0206000, 0.0215210, 0.0210800, 0.0206800, 0.0202800, 0.0216800, 0.0206410, 0.0205600, 0.0216400, 0.0210000, 0.0206400, 0.0209210, 0.0212400, 0.0206800, 0.0207200 ],
"timesExecution": [ 0.0267300, 0.0248410, 0.0252000, 0.0277900, 0.0271700, 0.0259210, 0.0285400, 0.0263600, 0.0287100, 0.0258800, 0.0279910, 0.0271500, 0.0279200, 0.0282000, 0.0285200, 0.0286410, 0.0273600, 0.0284100, 0.0291400, 0.0288900, 0.0270810, 0.0287800, 0.0270400, 0.0291300, 0.0270400, 0.0290310, 0.0263600, 0.0286500, 0.0293300, 0.0290400, 0.0294410, 0.0270400, 0.0285300, 0.0289800, 0.0290500, 0.0284810, 0.0288100, 0.0302200, 0.0289600, 0.0287300, 0.0269610, 0.0265600, 0.0270800, 0.0286500, 0.0288800, 0.0289810, 0.0274000, 0.0290900, 0.0282900, 0.0286100, 0.0289210, 0.0289000, 0.0274000, 0.0288900, 0.0284900, 0.0270410, 0.0287300, 0.0282600, 0.0286900, 0.0283600, 0.0714910, 0.0287400, 0.0289410, 0.0293300, 0.0276500, 0.0287700, 0.0290700, 0.0283310, 0.0286400, 0.0266800, 0.0297800, 0.0289300, 0.0273210, 0.0287300, 0.0285800, 0.0266800, 0.0290900, 0.0267610, 0.0274000, 0.0288900, 0.0272000, 0.0291300, 0.0267210, 0.0268000, 0.0302600, 0.0292500, 0.0291400, 0.0285200, 0.0283210, 0.0287700, 0.0268800, 0.0287800, 0.0293900, 0.0272410, 0.0291700, 0.0291300, 0.0290500, 0.0287300, 0.0286910, 0.0288100 ],
"timesTransferFromDevice": [ 0.0169600, 0.0180400, 0.0168410, 0.0217900, 0.0221700, 0.0224900, 0.0191600, 0.0206000, 0.0225800, 0.0227000, 0.0226300, 0.0221300, 0.0232910, 0.0197200, 0.0202400, 0.0196400, 0.0233400, 0.0202810, 0.0195600, 0.0215600, 0.0200400, 0.0197600, 0.0196000, 0.0237900, 0.0199600, 0.0196800, 0.0198410, 0.0200400, 0.0194400, 0.0195600, 0.0256200, 0.0202400, 0.0197200, 0.0192400, 0.0256200, 0.0197200, 0.0194410, 0.0197200, 0.0227700, 0.0233000, 0.0233200, 0.0236700, 0.0201600, 0.0201600, 0.0199200, 0.0198800, 0.0200810, 0.0231210, 0.0198800, 0.0195200, 0.0200800, 0.0233400, 0.0239210, 0.0206400, 0.0194400, 0.0205200, 0.0204000, 0.0198010, 0.0194800, 0.0231600, 0.0201200, 0.0202000, 0.0197600, 0.0195210, 0.0212400, 0.0237400, 0.0198000, 0.0226800, 0.0202400, 0.0198000, 0.0196400, 0.0235200, 0.0195200, 0.0202400, 0.0198400, 0.0232900, 0.0193200, 0.0226800, 0.0209600, 0.0196800, 0.0192800, 0.0212400, 0.0231900, 0.0210800, 0.0230210, 0.0201200, 0.0207600, 0.0202400, 0.0270500, 0.0207210, 0.0195200, 0.0198000, 0.0199600, 0.0202800, 0.0195610, 0.0232800, 0.0198000, 0.0196800, 0.0239900, 0.0228910 ],
"bins": [ 0, 0, 0, 0, 0, 0, 0, 0, 0, 0, 0, 0, 0, 0, 0, 0, 0, 0, 0, 0, 0, 0, 0, 0, 0, 0, 0, 0, 0, 0, 0, 0, 0, 0, 0, 0, 0, 0, 0, 0, 0, 0, 0, 0, 0, 0, 0, 0, 0, 0, 0, 0, 0, 0, 0, 0, 0, 0, 0, 0, 0, 0, 0, 0, 0, 0, 0, 0, 0, 0, 0, 0, 0, 0, 0, 0, 0, 0, 0, 0, 0, 0, 0, 0, 0, 0, 0, 0, 0, 0, 0, 0, 0, 0, 0, 0, 16384, 0, 0, 0, 0, 0, 0, 0, 0, 0, 0, 0, 0, 0, 0, 0, 0, 0, 0, 0, 0, 0, 0, 0, 0, 0, 0, 0, 0, 0, 0, 0 ]
}
,