{
"inputLengthInCharacters": 268435456,
"uniformInput": false,
"useMappingLetter": true,
"measurements": {
"histogram_one_thread_per_character": {
"timesTransferToDevice": [ 36.5761337, 37.0850029, 37.1654549, 36.9596481, 37.1063347, 37.4134064, 37.0382690, 35.3568459, 37.1651154, 37.0532227, 36.1089592, 35.6382561, 37.1787148, 35.7137947, 36.8042145, 37.0345573, 36.7921753, 37.0294151, 37.1398163, 37.0954895, 37.0675964, 37.1501350, 37.1423378, 37.0848160, 37.1136284, 37.0805206, 37.3364868, 37.1156158, 36.0574303, 36.0975113, 35.6525269, 37.1254578, 36.9774742, 36.8519821, 37.0349464, 37.1001015, 35.6934891, 34.6984711, 36.0808792, 36.7626228, 37.0599213, 37.1054153, 36.9687576, 36.7761574, 37.1218948, 37.0567589, 37.1086960, 37.0922890, 37.1121483, 37.1085663, 37.0963287, 36.0138702, 36.8045273, 37.0371284, 37.0980949, 33.3356705, 35.5615158, 36.7535858, 37.0247993, 37.1467896, 37.1231270, 36.9532089, 36.8596344, 37.0135765, 37.0508461, 34.4959488, 37.0547676, 36.9688148, 36.8173943, 37.0656662, 37.0291290, 34.7817917, 37.0609207, 37.0795212, 37.0940971, 37.0314407, 35.7739182, 37.3728218, 37.0863266, 34.0859146, 34.1125946, 37.1380081, 37.0440063, 37.4066887, 37.0489998, 37.4063416, 37.0986481, 37.1049690, 37.0942268, 37.1456566, 37.0439606, 37.1340485, 37.0078163, 36.0838470, 37.0172081, 32.7120056, 37.2238808, 37.0933876, 37.1101494, 37.0865211 ],
"timesExecution": [ 71.9071274, 71.9838409, 71.9134369, 72.0087204, 71.7684174, 72.0275803, 71.7699738, 72.0242157, 71.7605362, 72.0628052, 71.7659225, 72.0276260, 71.7619247, 72.0193405, 71.7623520, 72.0253601, 71.7657394, 72.0323715, 72.0294266, 72.0273361, 72.0323563, 72.0342331, 72.0412598, 72.0430984, 72.0338974, 71.7682877, 72.0436783, 71.7735367, 72.0454941, 71.7750244, 72.0410004, 71.7691650, 72.0373535, 71.7688293, 72.0416641, 71.7809372, 72.0446548, 71.7739029, 72.0305557, 71.7744904, 72.0390244, 71.7729568, 72.0365372, 71.7649918, 72.0445404, 72.0307083, 72.0475998, 72.0344315, 72.0417938, 72.0370407, 71.7782135, 72.0387192, 71.7648087, 72.0346069, 71.7630539, 72.0390778, 72.0477448, 72.0468140, 72.0403595, 72.0407944, 71.7738953, 72.0368347, 71.7782974, 72.0439987, 71.7713776, 72.0344696, 71.7694092, 72.0301743, 71.7706985, 72.0433731, 71.7698135, 72.0280457, 71.7704926, 72.0812912, 71.7728577, 72.0444946, 71.7649994, 72.0332870, 72.0370483, 72.0427322, 71.7723770, 72.0339661, 71.7736588, 72.0311966, 71.7677307, 72.0395126, 72.0493469, 72.0352173, 72.0381088, 72.0407333, 72.0390396, 71.7826538, 72.0445709, 71.7714157, 72.0393753, 72.0448303, 72.0401535, 72.0460892, 72.0448074, 71.7735748 ],
"timesTransferFromDevice": [ 0.4198030, 0.0197200, 0.0194000, 0.0198000, 0.0200400, 0.0198400, 0.0205600, 0.0204000, 0.0194800, 0.0205200, 0.0193200, 0.0198400, 0.0198000, 0.0195600, 0.0195200, 0.0198000, 0.0201600, 0.0195200, 0.0198400, 0.0198400, 0.0196800, 0.0195200, 0.0199600, 0.0202800, 0.0198800, 0.0194400, 0.0202400, 0.0197200, 0.0206800, 0.0205600, 0.0564300, 0.0203600, 0.0196800, 0.0199200, 0.0204400, 0.0198800, 0.0194400, 0.0194000, 0.0195600, 0.0197200, 0.0197200, 0.0198400, 0.0192400, 0.0194400, 0.0195200, 0.0198800, 0.0199600, 0.0195600, 0.0199200, 0.0200000, 0.0208000, 0.0198400, 0.0201600, 0.0203600, 0.0196000, 0.0208400, 0.0192000, 0.0205600, 0.0199200, 0.0200800, 0.0198400, 0.0202800, 0.0204000, 0.0205600, 0.0197200, 0.0204000, 0.0198800, 0.0209600, 0.0199200, 0.0205200, 0.0198800, 0.0200400, 0.0193600, 0.0199200, 0.0195600, 0.0200400, 0.0200800, 0.0198800, 0.0197600, 0.0198400, 0.0195200, 0.0200400, 0.0197600, 0.0200400, 0.0206400, 0.0207200, 0.0202800, 0.0202000, 0.0197600, 0.0193200, 0.0201600, 0.0201200, 0.0198800, 0.0200000, 0.0198800, 0.0202800, 0.0199600, 0.0205200, 0.0204000, 0.0200800 ],
"bins": [ 159386062, 4195604, 4189413, 4194367, 4198249, 4193810, 4195127, 4199006, 4195758, 4191026, 4193602, 4195526, 4194517, 4194196, 4192040, 4196222, 4198145, 4197199, 4192318, 4191371, 4193739, 4192174, 4192049, 4191128, 4194205, 4195567, 4193036 ]
}
,
"histogram_atomic_private": {
"timesTransferToDevice": [ 37.0364494, 35.8275604, 35.5422363, 36.9261894, 37.2885666, 35.5914688, 37.0611877, 36.9136086, 34.2089958, 36.4925346, 36.5680237, 33.5802383, 34.5412674, 35.2805023, 35.2744637, 36.8571663, 37.1937599, 35.8950882, 37.1937065, 34.2089882, 34.1787033, 35.2269363, 37.2226410, 33.5263329, 36.0973930, 37.5543785, 34.8580704, 35.9003868, 37.2433662, 37.5806732, 37.1511269, 35.2406425, 37.2199287, 33.7309113, 33.5946007, 35.8361282, 36.2353401, 33.2203789, 37.0878563, 37.5225906, 36.1969986, 37.0181274, 36.9965744, 37.3017197, 37.1148071, 34.8867607, 35.8751488, 35.2481537, 37.3077087, 37.4460602, 36.5152512, 35.8336678, 37.2831993, 37.1064873, 34.2578659, 36.9614944, 36.8532639, 35.5627670, 35.5823555, 37.1403618, 36.8494453, 36.8749771, 36.8175850, 36.9281578, 35.5026245, 35.5573463, 35.5694160, 36.8773766, 36.8890152, 36.8291664, 36.8747368, 36.8864479, 35.5345840, 36.7729950, 35.5949974, 36.8971443, 36.8981056, 33.9582176, 36.7367744, 37.3057404, 36.7605438, 36.8934669, 36.8093758, 34.1889343, 36.6376839, 34.1283150, 36.9771957, 36.7568779, 35.8979988, 34.9027328, 34.0842171, 33.5683327, 32.5868454, 36.8405342, 35.9308014, 36.7785263, 35.6053047, 35.5579033, 36.8303032, 36.9331284 ],
"timesExecution": [ 4.4571528, 4.4597840, 4.4571929, 4.4520030, 4.4520230, 4.1885009, 4.4564428, 4.1964612, 4.4540730, 4.4740729, 4.4561629, 4.4687529, 4.4461432, 4.4593530, 4.4504728, 4.1961522, 4.4569330, 4.2074418, 4.4510231, 4.4717832, 4.4561028, 4.4662738, 4.1967311, 4.4732828, 4.1835709, 4.4792428, 4.4520130, 4.2042618, 4.4557428, 4.1969810, 4.4300532, 4.2058220, 4.4623928, 4.4583039, 4.1884308, 4.4784031, 4.1810112, 4.2013121, 4.4536729, 4.2009420, 4.4499931, 4.2061911, 4.4448829, 4.1926408, 4.4479132, 4.4722228, 4.4443130, 4.4663939, 4.1806211, 4.4649029, 4.1866112, 4.4662728, 4.1960711, 4.4558640, 4.4460731, 4.4705138, 4.4609532, 4.4777331, 4.4531031, 4.1936312, 4.4543028, 4.1837621, 4.4421930, 4.2009211, 4.4606228, 4.4690428, 4.4348631, 4.4703641, 4.1822209, 4.4620042, 4.1890712, 4.4710131, 4.1874309, 4.4701529, 4.4326329, 4.4644041, 4.4388728, 4.1982722, 4.4417830, 4.2055912, 4.4659128, 4.2017012, 4.4468331, 4.4607038, 4.4529529, 4.4725938, 4.1893110, 4.4744439, 4.1926608, 4.4644032, 4.4482031, 4.4675140, 4.1853809, 4.4787440, 4.1947908, 4.4731531, 4.4566631, 4.4510341, 4.4532032, 4.4626331 ],
"timesTransferFromDevice": [ 0.0184400, 0.0178000, 0.0189200, 0.0179600, 0.0180800, 0.0189210, 0.0188800, 0.0186800, 0.0175600, 0.0177200, 0.0182400, 0.0179610, 0.0177600, 0.0179200, 0.0178800, 0.0180800, 0.0182400, 0.0192400, 0.0177600, 0.0195600, 0.0179600, 0.0189200, 0.0190400, 0.0177600, 0.0207600, 0.0187600, 0.0192800, 0.0178800, 0.0187200, 0.0180000, 0.0181600, 0.0182800, 0.0187600, 0.0178400, 0.0179200, 0.0190000, 0.0186800, 0.0187200, 0.0184800, 0.0182400, 0.0196800, 0.0188000, 0.0177200, 0.0186800, 0.0194400, 0.0184000, 0.0180000, 0.0184800, 0.0186000, 0.0181600, 0.0195600, 0.0188000, 0.0180400, 0.0192400, 0.0182800, 0.0185600, 0.0190000, 0.0195600, 0.0855810, 0.0191210, 0.0184800, 0.0196000, 0.0190400, 0.0194800, 0.0191200, 0.0188000, 0.0187200, 0.0188400, 0.0192800, 0.0190800, 0.0191600, 0.0185600, 0.0194800, 0.0187200, 0.0188400, 0.0182800, 0.0199600, 0.0189200, 0.0191600, 0.0184400, 0.0191600, 0.0186800, 0.0189200, 0.0194000, 0.0188000, 0.0187200, 0.0191600, 0.0187200, 0.0190400, 0.0190800, 0.0187600, 0.0188000, 0.0190800, 0.0187200, 0.0194800, 0.0190010, 0.0191600, 0.0188400, 0.0186800, 0.0186810 ],
"bins": [ 159386062, 4195604, 4189413, 4194367, 4198249, 4193810, 4195127, 4199006, 4195758, 4191026, 4193602, 4195526, 4194517, 4194196, 4192040, 4196222, 4198145, 4197199, 4192318, 4191371, 4193739, 4192174, 4192049, 4191128, 4194205, 4195567, 4193036 ]
}
,