{
"inputLengthInCharacters": 16,
"uniformInput": true,
"useMappingLetter": false,
"measurements": {
"histogram_one_thread_per_character": {
"timesTransferToDevice": [ 0.0477900, 0.0268100, 0.0267600, 0.0252900, 0.0275000, 0.0293300, 0.0269500, 0.0239200, 0.0240800, 0.0271200, 0.0248500, 0.0278200, 0.0273500, 0.0269700, 0.0270000, 0.0247700, 0.0255000, 0.0233300, 0.0270300, 0.0271800, 0.0262700, 0.0245500, 0.0252700, 0.0294100, 0.0271500, 0.0274200, 0.0238600, 0.0247200, 0.0254000, 0.0244400, 0.0246500, 0.0274100, 0.0254200, 0.0233800, 0.0235300, 0.0277800, 0.0271600, 0.0252900, 0.0246800, 0.0273200, 0.0299600, 0.0262000, 0.0252900, 0.0273600, 0.0276500, 0.0235200, 0.0273200, 0.0250100, 0.0229700, 0.0292100, 0.0275000, 0.0258300, 0.0274000, 0.0282400, 0.0245700, 0.0254600, 0.0271500, 0.0269100, 0.0299100, 0.0275500, 0.0255000, 0.0277200, 0.0271500, 0.0252600, 0.0272900, 0.0274400, 0.0306900, 0.0272400, 0.0235900, 0.0297500, 0.0236800, 0.0256000, 0.0271700, 0.0280000, 0.0272800, 0.0259400, 0.0273400, 0.0253400, 0.0280300, 0.0242200, 0.0241500, 0.0275700, 0.0280700, 0.0234300, 0.0250900, 0.0301300, 0.0238800, 0.0277000, 0.0212000, 0.0282900, 0.0275700, 0.0252200, 0.0271200, 0.0246800, 0.0244000, 0.0238000, 0.0231600, 0.0302300, 0.0273000, 0.0273500 ],
"timesExecution": [ 0.0267700, 0.0283200, 0.0278200, 0.0286500, 0.0278700, 0.0276900, 0.0273300, 0.0279100, 0.0276900, 0.0283700, 0.0282300, 0.0530310, 0.0275410, 0.0282710, 0.0256410, 0.0275310, 0.0277410, 0.0277510, 0.0272010, 0.0284210, 0.0277900, 0.0278010, 0.0268000, 0.0275100, 0.0272300, 0.0276000, 0.0275100, 0.0272900, 0.0270900, 0.0278600, 0.0274200, 0.0268900, 0.0274700, 0.0272310, 0.0275710, 0.0273810, 0.0272710, 0.0271710, 0.0292010, 0.0275110, 0.0276710, 0.0275810, 0.0276310, 0.0276310, 0.0278610, 0.0271610, 0.0271510, 0.0274210, 0.0270910, 0.0277510, 0.0277610, 0.0277910, 0.0278410, 0.0274710, 0.0277510, 0.0268410, 0.0274200, 0.0274100, 0.0275000, 0.0272610, 0.0258000, 0.0272700, 0.0273500, 0.0274200, 0.0271300, 0.0252800, 0.0277100, 0.0273800, 0.0277900, 0.0283100, 0.0271700, 0.0269500, 0.0275600, 0.0254400, 0.0278400, 0.0547810, 0.0273410, 0.0256800, 0.0274210, 0.0275110, 0.0289600, 0.0277510, 0.0273910, 0.0274300, 0.0276700, 0.0270500, 0.0275900, 0.0274600, 0.0273800, 0.0272500, 0.0272100, 0.0274700, 0.0252400, 0.0275400, 0.0273000, 0.0277600, 0.0288800, 0.0276700, 0.0250400, 0.0270500 ],
"timesTransferFromDevice": [ 0.4062440, 0.0190000, 0.0194010, 0.0200810, 0.0208810, 0.0219610, 0.0284010, 0.0242410, 0.0267110, 0.0240410, 0.0206410, 0.0240300, 0.0237100, 0.0266900, 0.0241500, 0.0212000, 0.0239700, 0.0208000, 0.0218800, 0.0231900, 0.0239300, 0.0234800, 0.0207600, 0.0244200, 0.0209200, 0.0254900, 0.0225000, 0.0239700, 0.0218800, 0.0232010, 0.0241510, 0.0275910, 0.0546500, 0.0243400, 0.0211200, 0.0233700, 0.0218000, 0.0234800, 0.0227500, 0.0227900, 0.0238700, 0.0235400, 0.0247100, 0.0233200, 0.0237400, 0.0237300, 0.0225500, 0.0238100, 0.0237200, 0.0222000, 0.0212800, 0.0238300, 0.0212400, 0.0234500, 0.0233400, 0.0205200, 0.0230700, 0.0228900, 0.0241600, 0.0213200, 0.0199600, 0.0213600, 0.0238400, 0.0234100, 0.0203210, 0.0245510, 0.0212410, 0.0228410, 0.0237410, 0.0257610, 0.0232410, 0.0228810, 0.0233110, 0.0227610, 0.0214010, 0.0235600, 0.0233700, 0.0265300, 0.0220000, 0.0236800, 0.0238100, 0.0216000, 0.0238000, 0.0245100, 0.0245100, 0.0227200, 0.0232600, 0.0262400, 0.0234900, 0.0226800, 0.0239000, 0.0235600, 0.0237000, 0.0206000, 0.0238510, 0.0222010, 0.0214410, 0.0217210, 0.0215210, 0.0244610 ],
"bins": [ 0, 0, 0, 0, 0, 0, 0, 0, 0, 0, 0, 0, 0, 0, 0, 0, 0, 0, 0, 0, 0, 0, 0, 0, 0, 0, 0, 0, 0, 0, 0, 0, 0, 0, 0, 0, 0, 0, 0, 0, 0, 0, 0, 0, 0, 0, 0, 0, 0, 0, 0, 0, 0, 0, 0, 0, 0, 0, 0, 0, 0, 0, 0, 0, 0, 0, 0, 0, 0, 0, 0, 0, 0, 0, 0, 0, 0, 0, 0, 0, 0, 0, 0, 0, 0, 0, 0, 0, 0, 0, 0, 0, 0, 0, 0, 0, 16, 0, 0, 0, 0, 0, 0, 0, 0, 0, 0, 0, 0, 0, 0, 0, 0, 0, 0, 0, 0, 0, 0, 0, 0, 0, 0, 0, 0, 0, 0, 0 ]
}
,
"histogram_atomic_private": {
"timesTransferToDevice": [ 0.0173600, 0.0210100, 0.0209300, 0.0213300, 0.0243110, 0.0259410, 0.0260810, 0.0256900, 0.0227600, 0.0258800, 0.0222800, 0.0244600, 0.0291600, 0.0231200, 0.0271100, 0.0258300, 0.0249500, 0.0248400, 0.0278400, 0.0288200, 0.0271500, 0.0271900, 0.0251500, 0.0260800, 0.0250200, 0.0250000, 0.0276100, 0.0255700, 0.0251500, 0.0247000, 0.0270800, 0.0235900, 0.0249200, 0.0271000, 0.0277800, 0.0250200, 0.0243600, 0.0233100, 0.0243600, 0.0240600, 0.0254200, 0.0234800, 0.0246200, 0.0244310, 0.0240610, 0.0250510, 0.0268810, 0.0253110, 0.0243410, 0.0247610, 0.0253010, 0.0229710, 0.0253500, 0.0271110, 0.0274510, 0.0258200, 0.0279110, 0.0234300, 0.0275600, 0.0244900, 0.0255600, 0.0262900, 0.0243900, 0.0252500, 0.0275400, 0.0269900, 0.0247800, 0.0274100, 0.0316900, 0.0253600, 0.0256800, 0.0250000, 0.0269600, 0.0259100, 0.0238700, 0.0267500, 0.0240700, 0.0230000, 0.0267910, 0.0251910, 0.0242510, 0.0273310, 0.0250610, 0.0271210, 0.0242210, 0.0251400, 0.0253100, 0.0251200, 0.0247110, 0.0273010, 0.0248810, 0.0250810, 0.0270410, 0.0267510, 0.0269110, 0.0269210, 0.0273710, 0.0234110, 0.0266510, 0.0255510 ],
"timesExecution": [ 0.0232410, 0.0252600, 0.0233200, 0.0260800, 0.0258300, 0.0242000, 0.0264400, 0.0268400, 0.0266200, 0.0271910, 0.0284910, 0.0263810, 0.0291110, 0.0273910, 0.0269610, 0.0271710, 0.0278510, 0.0270510, 0.0277510, 0.0277910, 0.0279510, 0.0281110, 0.0278210, 0.0277000, 0.0278700, 0.0277900, 0.0277100, 0.0275100, 0.0283300, 0.0277400, 0.0273300, 0.0268400, 0.0276800, 0.0277800, 0.0276400, 0.0253200, 0.0274200, 0.0252400, 0.0276100, 0.0271600, 0.0285700, 0.0254400, 0.0277500, 0.0278300, 0.0288700, 0.0281900, 0.0275900, 0.0277700, 0.0257600, 0.0278800, 0.0278200, 0.0272400, 0.0279200, 0.0279900, 0.0275500, 0.0276900, 0.0277900, 0.0277900, 0.0279500, 0.0275700, 0.0295600, 0.0282100, 0.0274700, 0.0276300, 0.0278300, 0.0278700, 0.0277900, 0.0275100, 0.0275100, 0.0278200, 0.0274500, 0.0275900, 0.0277900, 0.0278700, 0.0282100, 0.0254400, 0.0294700, 0.0252400, 0.0279200, 0.0252800, 0.0275100, 0.0274600, 0.0277000, 0.0272100, 0.0278000, 0.0274100, 0.0254000, 0.0277800, 0.0277600, 0.0252800, 0.0271600, 0.0278800, 0.0290400, 0.0278200, 0.0274600, 0.0282200, 0.0274500, 0.0278600, 0.0275500, 0.0271700 ],
"timesTransferFromDevice": [ 0.0173200, 0.0174400, 0.0175600, 0.0208000, 0.0217400, 0.0257400, 0.0224900, 0.0208800, 0.0223100, 0.0224500, 0.0254400, 0.0212400, 0.0237200, 0.0249000, 0.0195600, 0.0220000, 0.0234100, 0.0277600, 0.0220800, 0.0200400, 0.0233200, 0.0229600, 0.0218400, 0.0198800, 0.0221600, 0.0232900, 0.0242600, 0.0262100, 0.0259700, 0.0240100, 0.0207600, 0.0240300, 0.0195610, 0.0278710, 0.0243200, 0.0213610, 0.0236610, 0.0211210, 0.0234210, 0.0214000, 0.0238200, 0.0231300, 0.0208400, 0.0237300, 0.0222400, 0.0242600, 0.0213600, 0.0213600, 0.0203200, 0.0254300, 0.0235300, 0.0237900, 0.0232400, 0.0234500, 0.0234100, 0.0246400, 0.0213600, 0.0250200, 0.0237900, 0.0233700, 0.0834410, 0.0218410, 0.0237010, 0.0218010, 0.0233910, 0.0226810, 0.0198810, 0.0213210, 0.0203210, 0.0229910, 0.0217200, 0.0237500, 0.0244700, 0.0242600, 0.0217200, 0.0241000, 0.0239300, 0.0233800, 0.0238900, 0.0268000, 0.0236200, 0.0238500, 0.0232200, 0.0232900, 0.0238300, 0.0262200, 0.0244700, 0.0233800, 0.0234400, 0.0238200, 0.0230800, 0.0214400, 0.0234800, 0.0204000, 0.0239400, 0.0239100, 0.0246000, 0.0238400, 0.0239800, 0.0213200 ],
"bins": [ 0, 0, 0, 0, 0, 0, 0, 0, 0, 0, 0, 0, 0, 0, 0, 0, 0, 0, 0, 0, 0, 0, 0, 0, 0, 0, 0, 0, 0, 0, 0, 0, 0, 0, 0, 0, 0, 0, 0, 0, 0, 0, 0, 0, 0, 0, 0, 0, 0, 0, 0, 0, 0, 0, 0, 0, 0, 0, 0, 0, 0, 0, 0, 0, 0, 0, 0, 0, 0, 0, 0, 0, 0, 0, 0, 0, 0, 0, 0, 0, 0, 0, 0, 0, 0, 0, 0, 0, 0, 0, 0, 0, 0, 0, 0, 0, 16, 0, 0, 0, 0, 0, 0, 0, 0, 0, 0, 0, 0, 0, 0, 0, 0, 0, 0, 0, 0, 0, 0, 0, 0, 0, 0, 0, 0, 0, 0, 0 ]
}
,