{
"inputLengthInCharacters": 4096,
"uniformInput": true,
"useMappingLetter": true,
"measurements": {
"histogram_one_thread_per_character": {
"timesTransferToDevice": [ 0.0584300, 0.0254900, 0.0257300, 0.0286210, 0.0286600, 0.0234300, 0.0289300, 0.0288800, 0.0311800, 0.0306710, 0.0309410, 0.0288400, 0.0306800, 0.0312400, 0.0307600, 0.0316400, 0.0324700, 0.0229210, 0.0290800, 0.0319800, 0.0328600, 0.0289600, 0.0301500, 0.0285800, 0.0302310, 0.0218800, 0.0290000, 0.0234100, 0.0229800, 0.0230500, 0.0319100, 0.0306600, 0.0302100, 0.0317800, 0.0325600, 0.0316600, 0.0305110, 0.0299610, 0.0285900, 0.0290700, 0.0302400, 0.0295700, 0.0286300, 0.0237700, 0.0328110, 0.0293410, 0.0306600, 0.0322000, 0.0321200, 0.0315700, 0.0306600, 0.0319610, 0.0302110, 0.0304600, 0.0304900, 0.0234100, 0.0301300, 0.0304600, 0.0305110, 0.0277910, 0.0307300, 0.0321200, 0.0321300, 0.0289600, 0.0304100, 0.0294700, 0.0321910, 0.0315310, 0.0281500, 0.0322300, 0.0291200, 0.0302500, 0.0306200, 0.0303810, 0.0297810, 0.0321200, 0.0306210, 0.0289900, 0.0287800, 0.0324500, 0.0304100, 0.0307800, 0.0312100, 0.0284210, 0.0304100, 0.0230800, 0.0303800, 0.0221800, 0.0322900, 0.0304110, 0.0285710, 0.0302400, 0.0320800, 0.0322400, 0.0282400, 0.0321300, 0.0278500, 0.0233110, 0.0211600, 0.0299400 ],
"timesExecution": [ 0.0337300, 0.0340100, 0.0312800, 0.0326400, 0.0304410, 0.0333710, 0.0313200, 0.0312400, 0.0333600, 0.0313600, 0.0329300, 0.0441410, 0.0308010, 0.0328910, 0.0314800, 0.0322400, 0.0324700, 0.0339700, 0.0308000, 0.0330910, 0.0330110, 0.0308400, 0.0322400, 0.0309600, 0.0326900, 0.0310400, 0.0305610, 0.3664830, 0.0331600, 0.0316010, 0.0340410, 0.0332100, 0.0314800, 0.0314800, 0.0311200, 0.0327700, 0.0334900, 0.0333800, 0.0333710, 0.0324810, 0.0329700, 0.0326000, 0.0339600, 0.0327500, 0.0328600, 0.0334000, 0.0307610, 0.0314010, 0.0318000, 0.0326100, 0.0308800, 0.0331200, 0.0330600, 0.0314000, 0.0311210, 0.0332100, 0.0331000, 0.0333200, 0.0336900, 0.0337800, 0.0313200, 0.0316810, 0.0331810, 0.0330900, 0.0330900, 0.0322000, 0.0317600, 0.0316000, 0.0314410, 0.0330410, 0.0334100, 0.0329700, 0.0341800, 0.0331300, 0.0313200, 0.0663800, 0.0327500, 0.0336600, 0.0310010, 0.0330000, 0.0325900, 0.0332600, 0.0332900, 0.0335500, 0.0337300, 0.0332410, 0.0330910, 0.0314000, 0.0313600, 0.0310000, 0.0331800, 0.0312400, 0.0317410, 0.0327610, 0.0311600, 0.0327200, 0.0312800, 0.0306800, 0.0328110, 0.0310410 ],
"timesTransferFromDevice": [ 0.4213640, 0.0244400, 0.0175200, 0.0200800, 0.0197200, 0.0196400, 0.0195210, 0.0201200, 0.0206000, 0.0194400, 0.0196000, 0.0200400, 0.0193600, 0.0193600, 0.0190410, 0.0193600, 0.0194800, 0.0194800, 0.0198400, 0.0201600, 0.0191600, 0.0200810, 0.0193210, 0.0197600, 0.0196400, 0.0197200, 0.0222400, 0.0195600, 0.0196000, 0.0195200, 0.0201600, 0.0196010, 0.0537310, 0.0198010, 0.0198400, 0.0197600, 0.0195600, 0.0200800, 0.0206400, 0.0209200, 0.0198800, 0.0198410, 0.0195600, 0.0200800, 0.0197600, 0.0198800, 0.0198400, 0.0200400, 0.0198400, 0.0201610, 0.0198000, 0.0200000, 0.0197200, 0.0196400, 0.0196000, 0.0196800, 0.0195610, 0.0195200, 0.0197200, 0.0198800, 0.0200800, 0.0196000, 0.0192400, 0.0199610, 0.0196400, 0.0198400, 0.0196000, 0.0196400, 0.0208400, 0.0204800, 0.0198000, 0.0197210, 0.0195600, 0.0196000, 0.0196800, 0.0205200, 0.0201200, 0.0205200, 0.0195200, 0.0198400, 0.0201210, 0.0196800, 0.0192800, 0.0195200, 0.0230900, 0.0194800, 0.0206400, 0.0193210, 0.0194400, 0.0197600, 0.0197200, 0.0198800, 0.0195600, 0.0196800, 0.0204810, 0.0202400, 0.0196400, 0.0204400, 0.0196800, 0.0196000 ],
"bins": [ 0, 4096, 0, 0, 0, 0, 0, 0, 0, 0, 0, 0, 0, 0, 0, 0, 0, 0, 0, 0, 0, 0, 0, 0, 0, 0, 0 ]
}
,
"histogram_atomic_private": {
"timesTransferToDevice": [ 0.0168400, 0.0296900, 0.0267600, 0.0273700, 0.0308000, 0.0297100, 0.0282900, 0.0291010, 0.0295100, 0.0315600, 0.0274200, 0.0293300, 0.0288210, 0.0271410, 0.0291500, 0.0312100, 0.0313400, 0.0299600, 0.0311600, 0.0290010, 0.0302010, 0.0320700, 0.0299100, 0.0332100, 0.0294400, 0.0321900, 0.0283200, 0.0304910, 0.0230400, 0.0300000, 0.0299100, 0.0300600, 0.0234000, 0.0230810, 0.0291100, 0.0325300, 0.0301600, 0.0286600, 0.0302600, 0.0230810, 0.0307310, 0.0287900, 0.0322300, 0.0301600, 0.0302500, 0.0299400, 0.0305710, 0.0331210, 0.0281800, 0.0308300, 0.0286700, 0.0294500, 0.0283300, 0.0311600, 0.0284810, 0.0321400, 0.0301100, 0.0234000, 0.0287700, 0.0326100, 0.0289310, 0.0321500, 0.0285200, 0.0311210, 0.0326510, 0.0230100, 0.0303000, 0.0210400, 0.0327600, 0.0265800, 0.0323410, 0.0231600, 0.0323600, 0.0293300, 0.0314200, 0.0308100, 0.0287100, 0.0289310, 0.0289000, 0.0316000, 0.0321200, 0.0304500, 0.0238400, 0.0287700, 0.0288310, 0.0302910, 0.0233300, 0.0302000, 0.0289100, 0.0301500, 0.0316100, 0.0302400, 0.0302510, 0.0303100, 0.0230800, 0.0293800, 0.0286700, 0.0328700, 0.0293500, 0.0322910 ],
"timesExecution": [ 0.0269200, 0.0310500, 0.0302810, 0.0307610, 0.0309000, 0.0309200, 0.0308400, 0.0295200, 0.0305610, 0.0325710, 0.0313200, 0.0296800, 0.0307300, 0.0318000, 0.0326110, 0.0303610, 0.0320900, 0.0325300, 0.0322100, 0.0318400, 0.0324600, 0.0332510, 0.0304410, 0.0324600, 0.0306800, 0.0323000, 0.0322900, 0.0302400, 0.0323010, 0.0324410, 0.0322500, 0.0318400, 0.0330200, 0.0326500, 0.0307200, 0.0331210, 0.0340910, 0.0319700, 0.0301600, 0.0321300, 0.0340000, 0.0305610, 0.0322410, 0.0319100, 0.0317600, 0.0326800, 0.0328900, 0.0326400, 0.0320910, 0.0328310, 0.0318000, 0.0318100, 0.0326200, 0.0326100, 0.0311200, 0.0320100, 0.0304410, 0.0327600, 0.0311200, 0.0322100, 0.0333700, 0.0322200, 0.0324500, 0.0304000, 0.0300000, 0.0333210, 0.0321610, 0.0327000, 0.0332500, 0.0313600, 0.0304800, 0.0304400, 0.0322510, 0.0315210, 0.0304800, 0.0306000, 0.0317300, 0.0321800, 0.0325300, 0.0305210, 0.0327010, 0.0327300, 0.0327700, 0.0326000, 0.0326200, 0.0327100, 0.0325000, 0.0326610, 0.0300400, 0.0302400, 0.0319800, 0.0329700, 0.0324900, 0.0345800, 0.0339110, 0.0326010, 0.0310400, 0.0322800, 0.0305600, 0.0308000 ],
"timesTransferFromDevice": [ 0.0180800, 0.0171600, 0.0176000, 0.0191200, 0.0196810, 0.0187600, 0.0188000, 0.0188400, 0.0191600, 0.0196400, 0.0190410, 0.0191200, 0.0191200, 0.0201200, 0.0200400, 0.0202000, 0.0200010, 0.0196410, 0.0194000, 0.0196800, 0.0193200, 0.0196400, 0.0196800, 0.0221600, 0.0199610, 0.0204800, 0.0193600, 0.0196800, 0.0194000, 0.0198800, 0.0193200, 0.0201610, 0.0225200, 0.0200800, 0.0196400, 0.0194800, 0.0193600, 0.0194410, 0.0196000, 0.0194400, 0.0195600, 0.0204800, 0.0194400, 0.0195210, 0.0197610, 0.0199200, 0.0198000, 0.0199200, 0.0196400, 0.0198800, 0.0203600, 0.0197610, 0.0197200, 0.0196400, 0.0197200, 0.0194800, 0.0196000, 0.0203600, 0.0196410, 0.0191200, 0.0772510, 0.0199610, 0.0198400, 0.0197200, 0.0204000, 0.0195600, 0.0221900, 0.0200810, 0.0200810, 0.0197200, 0.0196000, 0.0195600, 0.0198800, 0.0206000, 0.0198410, 0.0192000, 0.0201600, 0.0196800, 0.0198400, 0.0191200, 0.0195200, 0.0197600, 0.0204000, 0.0202800, 0.0198000, 0.0193200, 0.0196000, 0.0194400, 0.0248500, 0.0197610, 0.0192800, 0.0198800, 0.0195200, 0.0196400, 0.0196800, 0.0196800, 0.0194010, 0.0198800, 0.0191600, 0.0196400 ],
"bins": [ 0, 4096, 0, 0, 0, 0, 0, 0, 0, 0, 0, 0, 0, 0, 0, 0, 0, 0, 0, 0, 0, 0, 0, 0, 0, 0, 0 ]
}
,