{
"inputLengthInCharacters": 8388608,
"uniformInput": true,
"useMappingLetter": false,
"measurements": {
"histogram_one_thread_per_character": {
"timesTransferToDevice": [ 1.9687450, 0.5605450, 1.5171220, 1.4765710, 1.5053110, 1.5049610, 1.5329520, 1.5553620, 1.4892020, 1.4229710, 1.5156820, 1.4481310, 1.4835920, 1.5148610, 1.4572120, 1.4579720, 1.4457610, 1.5258710, 1.4831120, 1.5226010, 1.4819109, 1.5076320, 1.5153610, 1.4422610, 1.5119621, 1.5027421, 1.5065809, 1.5069820, 1.4942909, 1.5153620, 1.4781510, 1.4964720, 1.5105410, 1.5215620, 1.5197910, 1.5008121, 1.5034510, 1.5245420, 1.5012710, 1.5003010, 1.5079520, 1.4639120, 1.4456511, 1.5277320, 1.4976710, 1.4800709, 1.4055409, 1.4630510, 1.4090310, 1.4423910, 1.4417011, 1.4444710, 1.5552220, 1.4741610, 1.4869710, 1.4965510, 1.4939311, 1.4820610, 1.6989130, 1.4107710, 1.4015210, 1.4966720, 1.4355410, 1.5035310, 1.5060110, 1.4578410, 1.4966609, 1.4856410, 1.4870610, 1.5036910, 1.4782710, 1.4957420, 1.4948820, 1.5053520, 1.4789110, 1.4793110, 1.4783710, 1.5143510, 1.4672310, 1.4975910, 1.5067310, 1.5236310, 1.5031310, 1.5220520, 1.4819820, 1.4396210, 1.4919510, 1.5188910, 1.4577210, 1.4250410, 1.5076420, 1.4553410, 1.5131310, 1.5170209, 1.5224611, 1.4494910, 1.4999210, 1.5224611, 1.4852210, 1.5163010 ],
"timesExecution": [ 3.4601071, 3.4610269, 3.4608669, 3.4635270, 3.4663970, 3.4633169, 3.4646969, 3.4641471, 3.4634471, 3.4641359, 3.4634471, 3.4644070, 3.4630461, 3.4635260, 3.4661260, 3.4634459, 3.4636860, 3.4635470, 3.4636559, 3.4638469, 3.4634759, 3.4636171, 3.4641061, 3.4640260, 3.4663770, 3.4633560, 3.4634571, 3.4631169, 3.4657371, 3.4632969, 3.4634869, 3.4641860, 3.4634969, 3.4633660, 3.4667771, 3.4629660, 3.4637270, 3.4629569, 3.4635260, 3.4634171, 3.4631760, 3.4635160, 3.4631259, 3.4631560, 3.4671669, 3.4628861, 3.4628160, 3.4637761, 3.4634459, 3.4638770, 3.4631770, 3.4638460, 3.4635661, 3.4637270, 3.4675369, 3.4634459, 3.4630461, 3.4629259, 3.4635270, 3.4631760, 3.4636559, 3.4633060, 3.4632959, 3.4635360, 3.4682560, 3.4643760, 3.4636159, 3.4632969, 3.4636970, 3.4637771, 3.4631660, 3.4631660, 3.4629259, 3.4637060, 3.4647560, 3.4630859, 3.4634459, 3.4635360, 3.4631360, 3.4633660, 3.4594359, 3.4633970, 3.4631660, 3.4637561, 3.4670060, 3.4636071, 3.4635971, 3.4634559, 3.4631169, 3.4639261, 3.4632859, 3.4630959, 3.4640059, 3.4636459, 3.4661770, 3.4633560, 3.4631360, 3.4636459, 3.4636359, 3.4636669 ],
"timesTransferFromDevice": [ 0.4560130, 0.0186800, 0.0180000, 0.0198010, 0.0194410, 0.0195210, 0.0248500, 0.0202000, 0.0235500, 0.0199600, 0.0204400, 0.0207200, 0.0198800, 0.0211200, 0.0202000, 0.0208810, 0.0209210, 0.0210000, 0.0204400, 0.0214000, 0.0214000, 0.0205600, 0.0202400, 0.0230000, 0.0234500, 0.0197600, 0.0204800, 0.0200000, 0.0206800, 0.0205200, 0.0212400, 0.0203600, 0.0209600, 0.0211210, 0.0202400, 0.0211200, 0.0214400, 0.0208800, 0.0209200, 0.0208400, 0.0215600, 0.0203200, 0.0202800, 0.0216800, 0.0216000, 0.0211200, 0.0202400, 0.0202000, 0.0202000, 0.0215600, 0.0209200, 0.0209600, 0.0217200, 0.0216000, 0.0203600, 0.0207600, 0.0204810, 0.0205200, 0.0210800, 0.0205200, 0.0211200, 0.0209600, 0.0205600, 0.0212410, 0.0204000, 0.0210410, 0.0202400, 0.0217200, 0.0214400, 0.0216000, 0.0203600, 0.0206400, 0.0204400, 0.0220810, 0.0211610, 0.0203610, 0.0209610, 0.0210800, 0.0206410, 0.0214410, 0.0216400, 0.0204000, 0.0220000, 0.0216000, 0.0216000, 0.0215200, 0.0220400, 0.0202800, 0.0202000, 0.0208000, 0.0206000, 0.0226000, 0.0205610, 0.0214000, 0.0210400, 0.0206810, 0.0212410, 0.0204800, 0.0210810, 0.0206000 ],
"bins": [ 0, 0, 0, 0, 0, 0, 0, 0, 0, 0, 0, 0, 0, 0, 0, 0, 0, 0, 0, 0, 0, 0, 0, 0, 0, 0, 0, 0, 0, 0, 0, 0, 0, 0, 0, 0, 0, 0, 0, 0, 0, 0, 0, 0, 0, 0, 0, 0, 0, 0, 0, 0, 0, 0, 0, 0, 0, 0, 0, 0, 0, 0, 0, 0, 0, 0, 0, 0, 0, 0, 0, 0, 0, 0, 0, 0, 0, 0, 0, 0, 0, 0, 0, 0, 0, 0, 0, 0, 0, 0, 0, 0, 0, 0, 0, 0, 8388608, 0, 0, 0, 0, 0, 0, 0, 0, 0, 0, 0, 0, 0, 0, 0, 0, 0, 0, 0, 0, 0, 0, 0, 0, 0, 0, 0, 0, 0, 0, 0 ]
}
,
"histogram_atomic_private": {
"timesTransferToDevice": [ 1.4150701, 0.5453140, 0.5451550, 0.5235840, 0.7939560, 0.5305940, 0.7744160, 0.5294740, 0.5295440, 0.5298740, 0.5336750, 0.5319340, 0.5327140, 0.5299350, 0.5300640, 0.5369340, 0.5301340, 0.5315840, 0.5306450, 0.5357640, 0.5314040, 0.5331840, 0.5317240, 0.5297640, 0.5300740, 0.5306540, 0.5335950, 0.5300140, 0.5381540, 0.5326340, 0.5305140, 0.5355050, 0.5330740, 0.5335140, 0.5305040, 0.5374340, 0.5304050, 0.5335140, 0.5312240, 0.5311540, 0.5340940, 0.5304540, 0.5344140, 0.5312140, 0.5318550, 0.5320240, 0.5317340, 0.5360740, 0.5311640, 0.5319040, 0.5311040, 0.5348840, 0.5310150, 0.5336540, 0.5310840, 0.5315440, 0.5349340, 0.5305540, 0.5353940, 0.5306640, 0.5311750, 0.5371740, 0.5319540, 0.5315640, 0.5424540, 0.5321850, 0.5335340, 0.5343440, 0.5302440, 0.5388840, 0.5301250, 0.5310540, 0.5347640, 0.5305440, 0.5551340, 0.5332440, 0.5305940, 0.5311140, 0.5306140, 0.5306140, 0.5385650, 0.5320940, 0.5307640, 0.5341840, 0.5325240, 0.5362940, 0.5333540, 0.5307340, 0.5336440, 0.5331040, 0.5311640, 0.5324140, 0.5363740, 0.5325140, 0.5347340, 0.5314840, 0.5345040, 0.5311240, 0.5317150, 0.5347040 ],
"timesExecution": [ 0.2151610, 0.2177620, 0.2183610, 0.2192020, 0.2183920, 0.2195520, 0.2201220, 0.2181910, 0.2183420, 0.2186120, 0.2195510, 0.2177920, 0.2181520, 0.2186810, 0.2195120, 0.2173110, 0.2182420, 0.2191120, 0.2190210, 0.2187820, 0.2189720, 0.2178720, 0.2176720, 0.2184710, 0.2183120, 0.2186420, 0.2185210, 0.2180320, 0.2186210, 0.2185420, 0.2189920, 0.2198910, 0.2181620, 0.2181010, 0.2188220, 0.2184720, 0.2189910, 0.2191620, 0.2191520, 0.2182420, 0.2175420, 0.2181410, 0.2180920, 0.2181420, 0.2179910, 0.2190320, 0.2187120, 0.2179720, 0.2179020, 0.2180010, 0.2175420, 0.2188020, 0.2192210, 0.2180420, 0.2185320, 0.2192520, 0.2193620, 0.2176610, 0.2194820, 0.2186720, 0.2182010, 0.2182020, 0.2191820, 0.2184320, 0.2173820, 0.2185410, 0.2190020, 0.2186310, 0.2185320, 0.2184620, 0.2181810, 0.2181420, 0.2180820, 0.2181820, 0.2173020, 0.2188210, 0.2183510, 0.2181120, 0.2188720, 0.2189920, 0.2189910, 0.2186220, 0.2183420, 0.2176720, 0.2189620, 0.2181020, 0.2193520, 0.2182720, 0.2185320, 0.2182710, 0.2185420, 0.2177420, 0.2181420, 0.2183010, 0.2184810, 0.2189420, 0.2186220, 0.2185020, 0.2186410, 0.2188420 ],
"timesTransferFromDevice": [ 0.0193200, 0.0192000, 0.0192800, 0.0244300, 0.0212000, 0.0237700, 0.0214000, 0.0209600, 0.0236700, 0.0242700, 0.0218010, 0.0213600, 0.0206800, 0.0241300, 0.0221200, 0.0238410, 0.0234100, 0.0238000, 0.0210410, 0.0243100, 0.0237200, 0.0234700, 0.0240900, 0.0231710, 0.0238700, 0.0247900, 0.0239500, 0.0232500, 0.0239210, 0.0240300, 0.0228400, 0.0245200, 0.0243100, 0.0233310, 0.0246000, 0.0230400, 0.0234000, 0.0232800, 0.0223200, 0.0212400, 0.0243600, 0.0218010, 0.0208800, 0.0206400, 0.0210410, 0.0241400, 0.0282800, 0.0237900, 0.0214400, 0.0239810, 0.0235400, 0.0233800, 0.0240810, 0.0239000, 0.0215600, 0.0213600, 0.0241300, 0.0245410, 0.0234500, 0.0236400, 0.0212000, 0.0217200, 0.0242310, 0.0228100, 0.0232900, 0.0238300, 0.0238300, 0.0227610, 0.0232100, 0.0242000, 0.0207600, 0.0235100, 0.0213600, 0.0244300, 0.0244300, 0.0234110, 0.0230800, 0.0235000, 0.0235000, 0.0233600, 0.0276710, 0.0213600, 0.0235500, 0.0205600, 0.0238310, 0.0206800, 0.0234000, 0.0207200, 0.0245700, 0.0244110, 0.0229200, 0.0235600, 0.0222800, 0.0218000, 0.0236100, 0.0205600, 0.0237900, 0.0226900, 0.0237510, 0.0228300 ],
"bins": [ 0, 0, 0, 0, 0, 0, 0, 0, 0, 0, 0, 0, 0, 0, 0, 0, 0, 0, 0, 0, 0, 0, 0, 0, 0, 0, 0, 0, 0, 0, 0, 0, 0, 0, 0, 0, 0, 0, 0, 0, 0, 0, 0, 0, 0, 0, 0, 0, 0, 0, 0, 0, 0, 0, 0, 0, 0, 0, 0, 0, 0, 0, 0, 0, 0, 0, 0, 0, 0, 0, 0, 0, 0, 0, 0, 0, 0, 0, 0, 0, 0, 0, 0, 0, 0, 0, 0, 0, 0, 0, 0, 0, 0, 0, 0, 0, 8388608, 0, 0, 0, 0, 0, 0, 0, 0, 0, 0, 0, 0, 0, 0, 0, 0, 0, 0, 0, 0, 0, 0, 0, 0, 0, 0, 0, 0, 0, 0, 0 ]
}
,