{
"inputLengthInCharacters": 524288,
"uniformInput": true,
"useMappingLetter": true,
"measurements": {
"histogram_one_thread_per_character": {
"timesTransferToDevice": [ 0.4934030, 0.0695510, 0.0585010, 0.0563400, 0.0591100, 0.0583900, 0.0591610, 0.0574510, 0.0586910, 0.0581600, 0.0627700, 0.0908000, 0.0561900, 0.0560610, 0.0590810, 0.0591210, 0.0569800, 0.0601000, 0.0577900, 0.0554210, 0.0540410, 0.0530300, 0.0520000, 0.0512500, 0.0539110, 0.0503910, 0.0514600, 0.0491400, 0.0500610, 0.0501510, 0.0489800, 0.0502700, 0.0494010, 0.0539110, 0.0502500, 0.0489500, 0.0488110, 0.0489710, 0.0489800, 0.0486900, 0.0492010, 0.0491700, 0.0509700, 0.0489100, 0.0492410, 0.0492010, 0.0485000, 0.0487700, 0.0486110, 0.0496200, 0.0502600, 0.0505000, 0.0495210, 0.0486100, 0.0481700, 0.0483400, 0.0489310, 0.0495700, 0.0498800, 0.0501410, 0.0487410, 0.0484100, 0.0484400, 0.0486710, 0.0483710, 0.0503700, 0.0495800, 0.0487910, 0.0481800, 0.0488700, 0.0490400, 0.0486210, 0.0482500, 0.0503400, 0.0482110, 0.0947910, 0.0501410, 0.0494200, 0.0502500, 0.0496900, 0.0478010, 0.0487800, 0.0482000, 0.0483810, 0.0492010, 0.0496200, 0.0489200, 0.0481310, 0.0483810, 0.0501000, 0.0502200, 0.0486610, 0.0537410, 0.0490200, 0.0501000, 0.0490410, 0.0532010, 0.0484500, 0.0495800, 0.0507010 ],
"timesExecution": [ 0.2510620, 0.2488420, 0.2478420, 0.2502010, 0.2496220, 0.2500220, 0.2498120, 0.2495020, 0.2503820, 0.2499010, 0.2498220, 0.2492620, 0.2493620, 0.2497520, 0.2497020, 0.2495920, 0.2490920, 0.2495020, 0.2582520, 0.2494220, 0.2493320, 0.2496510, 0.2498720, 0.2493020, 0.2494220, 0.2490120, 0.2494120, 0.2495420, 0.2494120, 0.2493820, 0.2497020, 0.2486920, 0.2492620, 0.2498220, 0.2493320, 0.2487320, 0.2497420, 0.2490820, 0.2494120, 0.2490220, 0.2494620, 0.2492210, 0.2494120, 0.2490620, 0.2487620, 0.2491310, 0.2494220, 0.2490620, 0.2492420, 0.2489610, 0.2495920, 0.2487820, 0.2494320, 0.2492210, 0.2492920, 0.2493520, 0.2494320, 0.2496920, 0.2499620, 0.2491720, 0.2490020, 0.2494120, 0.2495320, 0.2491820, 0.2490520, 0.2488820, 0.2487120, 0.2488120, 0.2488810, 0.2495820, 0.2492020, 0.2493720, 0.2491010, 0.2486820, 0.2492720, 0.2491420, 0.2493420, 0.2496310, 0.2497120, 0.2488920, 0.2492520, 0.2490910, 0.2492220, 0.2488520, 0.2493320, 0.2496220, 0.2496920, 0.2499320, 0.2490120, 0.2491620, 0.2492220, 0.2493020, 0.2490120, 0.2495420, 0.2496620, 0.2494220, 0.2496720, 0.2492620, 0.2498720, 0.2493120 ],
"timesTransferFromDevice": [ 0.4077530, 0.0189600, 0.0179200, 0.0232000, 0.0200010, 0.0202400, 0.0228400, 0.0234700, 0.0286700, 0.0265500, 0.0234110, 0.0233110, 0.0227200, 0.0252400, 0.0237200, 0.0240600, 0.0235110, 0.0228400, 0.0232200, 0.0238100, 0.0228800, 0.0235000, 0.0246810, 0.0279100, 0.0214400, 0.0214400, 0.0231210, 0.0245000, 0.0236100, 0.0230200, 0.0230210, 0.0212800, 0.0230800, 0.0230600, 0.0227610, 0.0216000, 0.0210800, 0.0199200, 0.0205610, 0.0234100, 0.0230500, 0.0236000, 0.0236610, 0.0231400, 0.0230100, 0.0229700, 0.0211600, 0.0229600, 0.0228900, 0.0232800, 0.0228800, 0.0234600, 0.0231800, 0.0228300, 0.0228400, 0.0210000, 0.0228000, 0.0231710, 0.0266300, 0.0226800, 0.0264700, 0.0207610, 0.0265900, 0.0234000, 0.0265400, 0.0210810, 0.0237000, 0.0204400, 0.0232600, 0.0200800, 0.0269900, 0.0205600, 0.0234100, 0.0193200, 0.0227600, 0.0238700, 0.0227300, 0.0206800, 0.0233400, 0.0229700, 0.0230100, 0.0196000, 0.0234500, 0.0229300, 0.0227200, 0.0236310, 0.0231400, 0.0234200, 0.0231300, 0.0204410, 0.0268800, 0.0231700, 0.0236800, 0.0228510, 0.0231600, 0.0234300, 0.0233300, 0.0268410, 0.0234900, 0.0232100 ],
"bins": [ 0, 524288, 0, 0, 0, 0, 0, 0, 0, 0, 0, 0, 0, 0, 0, 0, 0, 0, 0, 0, 0, 0, 0, 0, 0, 0, 0 ]
}
,
"histogram_atomic_private": {
"timesTransferToDevice": [ 0.0466110, 0.0445910, 0.0443410, 0.0459410, 0.0479700, 0.0477500, 0.0482600, 0.0478900, 0.0473400, 0.0487700, 0.0484410, 0.0484610, 0.0484900, 0.0488200, 0.0511500, 0.0487000, 0.0535010, 0.0485410, 0.0506100, 0.0483200, 0.0486700, 0.0530710, 0.0495310, 0.0488700, 0.0475700, 0.0490500, 0.0480800, 0.0482110, 0.0498810, 0.0498800, 0.0491400, 0.0505600, 0.0494410, 0.0484610, 0.0509100, 0.0487500, 0.0485300, 0.0486100, 0.0491410, 0.0500910, 0.0478900, 0.0494200, 0.0492800, 0.0484500, 0.0487410, 0.0494010, 0.0557400, 0.0494900, 0.0487100, 0.0492510, 0.0508210, 0.0494900, 0.0487300, 0.0490500, 0.0490300, 0.0503410, 0.0507310, 0.0493200, 0.0498300, 0.0509600, 0.0484400, 0.0507900, 0.0495400, 0.0486600, 0.0489400, 0.0544510, 0.0497810, 0.0490900, 0.0481700, 0.0484000, 0.0489300, 0.0479810, 0.0498210, 0.0484100, 0.0479800, 0.0522700, 0.0483400, 0.0503110, 0.0503310, 0.0489100, 0.0487200, 0.0483100, 0.0498400, 0.0491710, 0.0481710, 0.0494200, 0.0494700, 0.0483700, 0.0488510, 0.0481410, 0.0480900, 0.0503300, 0.0492400, 0.0485600, 0.0501010, 0.0478910, 0.0488600, 0.0479300, 0.0504800, 0.0481800 ],
"timesExecution": [ 0.0381600, 0.0383600, 0.0405200, 0.0425500, 0.0420900, 0.0421700, 0.0401210, 0.0452710, 0.0429910, 0.0428800, 0.0439300, 0.0440200, 0.0444600, 0.0423610, 0.0444710, 0.0442600, 0.0444500, 0.0443000, 0.0421400, 0.0440010, 0.0418410, 0.0440200, 0.0442100, 0.0449900, 0.0418810, 0.0443510, 0.0439200, 0.0439900, 0.0442800, 0.0424800, 0.0421210, 0.0442910, 0.0441800, 0.0425200, 0.0437900, 0.0419600, 0.0424410, 0.0442610, 0.0435700, 0.0448500, 0.0444600, 0.0444210, 0.0450610, 0.0418000, 0.0446700, 0.0441300, 0.0443600, 0.0446210, 0.0440810, 0.0442200, 0.0439700, 0.0424000, 0.0446700, 0.0440510, 0.0447310, 0.0452800, 0.0437600, 0.0445000, 0.0446910, 0.0443510, 0.0716000, 0.0442800, 0.0444210, 0.0439610, 0.0425610, 0.0442100, 0.0442000, 0.0441500, 0.0442910, 0.0435110, 0.0442110, 0.0446800, 0.0432700, 0.0438800, 0.0440110, 0.0416810, 0.0422800, 0.0441600, 0.0436000, 0.0445300, 0.0435510, 0.0443710, 0.0438700, 0.0438400, 0.0440400, 0.0415600, 0.0438010, 0.0449710, 0.0436100, 0.0441700, 0.0424400, 0.0436810, 0.0443610, 0.0445400, 0.0422000, 0.0438500, 0.0442800, 0.0462110, 0.0442510, 0.0444200 ],
"timesTransferFromDevice": [ 0.0159200, 0.0156000, 0.0172400, 0.0198400, 0.0252710, 0.0189200, 0.0209600, 0.0191600, 0.0222000, 0.0234700, 0.0231200, 0.0231210, 0.0231100, 0.0235400, 0.0231200, 0.0212800, 0.0231700, 0.0212010, 0.0234100, 0.0231300, 0.0234700, 0.0262500, 0.0231700, 0.0231410, 0.0230200, 0.0237600, 0.0229700, 0.0234000, 0.0243910, 0.0233400, 0.0231400, 0.0228500, 0.0261300, 0.0211600, 0.0229910, 0.0234200, 0.0224600, 0.0198400, 0.0214800, 0.0240200, 0.0260110, 0.0206800, 0.0226400, 0.0202400, 0.0241700, 0.0260800, 0.0217600, 0.0254200, 0.0232900, 0.0208400, 0.0230000, 0.0194410, 0.0228100, 0.0210000, 0.0230500, 0.0226400, 0.0228900, 0.0238610, 0.0231800, 0.0213600, 0.0282000, 0.0236010, 0.0226400, 0.0210400, 0.0228300, 0.0232100, 0.0212400, 0.0210810, 0.0231800, 0.0211600, 0.0230600, 0.0250500, 0.0207600, 0.0264710, 0.0231400, 0.0234100, 0.0209600, 0.0218800, 0.0254700, 0.0237610, 0.0230100, 0.0229600, 0.0214400, 0.0227200, 0.0234610, 0.0228900, 0.0228000, 0.0214400, 0.0228800, 0.0264500, 0.0261710, 0.0228400, 0.0239700, 0.0233800, 0.0206800, 0.0233900, 0.0262600, 0.0210400, 0.0201200, 0.0242900 ],
"bins": [ 0, 524288, 0, 0, 0, 0, 0, 0, 0, 0, 0, 0, 0, 0, 0, 0, 0, 0, 0, 0, 0, 0, 0, 0, 0, 0, 0 ]
}
,