{
"inputLengthInCharacters": 16777216,
"uniformInput": false,
"useMappingLetter": true,
"measurements": {
"histogram_one_thread_per_character": {
"timesTransferToDevice": [ 2.5270691, 2.0729461, 2.0419850, 2.2955370, 2.0440159, 2.0495360, 2.1280770, 2.1809571, 2.0374160, 2.0535150, 2.0692151, 2.0702450, 2.0393660, 2.0899861, 2.0417659, 2.0377450, 2.0361760, 2.0403659, 2.0498950, 2.1567061, 2.0482960, 2.0439961, 2.0351951, 2.1225159, 2.0383151, 2.0919459, 2.3965890, 2.0324161, 2.1217761, 2.2019570, 2.2305670, 2.0871961, 2.0370760, 2.0463960, 2.0545549, 2.1578259, 2.1971760, 2.1780369, 2.1895771, 2.1702771, 2.0467761, 2.0497470, 2.0417070, 2.1194661, 2.1972280, 2.1875870, 2.1813869, 2.0352650, 2.0729260, 2.0493360, 2.0362060, 2.0506351, 2.1156161, 2.0491860, 2.0482559, 2.0433259, 2.0454450, 2.0334549, 2.0477459, 2.0502651, 2.0459261, 2.0891850, 2.0430360, 2.2905071, 2.2953081, 2.2057171, 2.0452449, 2.0430961, 2.1537161, 2.0402961, 2.0515561, 2.0755560, 2.0412049, 2.0448151, 2.1319361, 2.1707261, 2.0368659, 2.0346060, 2.0455251, 2.1364059, 2.0422561, 2.3017480, 2.0447159, 2.0454559, 2.0434060, 2.1508660, 2.0567060, 2.0404749, 2.0781560, 2.0420260, 2.0401261, 2.1119261, 2.0671959, 2.0421159, 2.0396550, 2.0340049, 2.2369671, 2.1731861, 2.0478449, 2.0438261 ],
"timesExecution": [ 4.7096658, 4.7729368, 4.5047750, 4.7752872, 4.7727070, 4.7721872, 4.7732768, 4.5043550, 4.7710671, 4.7792258, 4.7769060, 4.7747660, 4.5041852, 4.7707472, 4.7750359, 4.7746072, 4.7731872, 4.5044241, 4.7705059, 4.5201349, 4.7776561, 4.7729259, 4.5047841, 4.5063438, 4.5071540, 4.7683959, 4.7720461, 4.7726660, 4.7732759, 4.5043440, 4.7735372, 4.7774458, 4.7750058, 4.7717462, 4.5060740, 4.7719460, 4.7697458, 4.7685370, 4.7711382, 4.5045962, 4.7737179, 4.5038052, 4.7697072, 4.7738080, 4.7702570, 4.7711878, 4.5086160, 4.7723961, 4.7703071, 4.7713561, 4.7725959, 4.5050349, 4.7784271, 4.7208261, 4.7809958, 4.7719860, 4.5047741, 4.7742972, 4.5054140, 4.7700272, 4.7710762, 4.5059738, 4.5132742, 4.5050550, 4.7703061, 4.7706971, 4.7679162, 4.7720962, 4.5091438, 4.7693558, 4.7714558, 4.7710261, 4.7716761, 4.5034142, 4.7702260, 4.5079751, 4.7730670, 4.7746668, 4.5043049, 4.7671070, 4.5043650, 4.7691569, 4.7765870, 4.7677770, 4.7715068, 4.5047841, 4.7687459, 4.7713971, 4.7738671, 4.7700758, 4.5124640, 4.7722259, 4.7713361, 4.7733369, 4.7732258, 4.5044250, 4.7748961, 4.5077138, 4.7744169, 4.7735362 ],
"timesTransferFromDevice": [ 0.4503530, 0.0188000, 0.0195610, 0.0197600, 0.0234900, 0.0218800, 0.0207600, 0.0234800, 0.0211200, 0.0219200, 0.0250300, 0.0205600, 0.0201600, 0.0197200, 0.0195600, 0.0204800, 0.0200800, 0.0225610, 0.0216400, 0.0195200, 0.0226000, 0.0227600, 0.0211210, 0.0226400, 0.0212400, 0.0203600, 0.0236400, 0.0204800, 0.0224400, 0.0222000, 0.0212400, 0.0224000, 0.0196400, 0.0199610, 0.0238700, 0.0212800, 0.0212800, 0.0242400, 0.0221200, 0.0203200, 0.0219200, 0.0234700, 0.0205210, 0.0214800, 0.0238910, 0.0223200, 0.0218800, 0.0237700, 0.0230800, 0.0242800, 0.0226810, 0.0213600, 0.0244000, 0.0202000, 0.0220000, 0.0230400, 0.0211600, 0.0234000, 0.0224010, 0.0237900, 0.0227600, 0.0236700, 0.0233600, 0.0229600, 0.0213200, 0.0216800, 0.0215600, 0.0226000, 0.0218400, 0.0220000, 0.0227200, 0.0221210, 0.0223210, 0.0213600, 0.0221200, 0.0217600, 0.0214400, 0.0213200, 0.0208000, 0.0218000, 0.0199600, 0.0233210, 0.0214400, 0.0237700, 0.0234000, 0.0224800, 0.0212000, 0.0220400, 0.0214800, 0.0228800, 0.0214400, 0.0217600, 0.0212800, 0.0212400, 0.0219200, 0.0220400, 0.0229610, 0.0218800, 0.0224400, 0.0214000 ],
"bins": [ 9957303, 262491, 261267, 262208, 262322, 262092, 262495, 261160, 262216, 261968, 262252, 261802, 262037, 263380, 261945, 263406, 262136, 262271, 262706, 262277, 262622, 262205, 262315, 262026, 262702, 262341, 263271 ]
}
,
"histogram_atomic_private": {
"timesTransferToDevice": [ 2.0523260, 1.1794490, 1.1650079, 1.1644790, 1.1601390, 1.1623690, 1.1621590, 1.1640890, 1.1640691, 1.1832390, 1.1635890, 1.1641990, 1.1618680, 1.1788590, 1.1614790, 1.1227080, 1.1622980, 1.1652890, 1.1621990, 1.1633281, 1.1623790, 1.1673390, 1.1617690, 1.1697290, 1.1601590, 1.1722190, 1.1646880, 1.1773890, 1.1596690, 1.1791190, 1.1626590, 1.1777290, 1.1604379, 1.1797490, 1.1671590, 1.1818690, 1.1651191, 1.1857290, 1.1689889, 1.1785190, 1.1596380, 1.1767390, 1.1620090, 1.1808090, 1.1635081, 1.1826490, 1.1657690, 1.1805590, 1.1620790, 1.1682889, 1.1629490, 1.1796690, 1.1604490, 1.1793090, 1.1682090, 1.1647789, 1.1638290, 1.1724390, 1.1634290, 1.1732290, 1.1657790, 1.1819190, 1.1719190, 1.1897900, 1.1679389, 1.1649790, 1.1631690, 1.1761190, 1.1648290, 1.1719490, 1.1686690, 1.1882190, 1.1701490, 1.1701690, 1.1615690, 1.1660990, 1.1633490, 1.1984590, 1.1661990, 1.1757290, 1.1606990, 1.1787890, 1.1651490, 1.1684290, 1.1617190, 1.1692890, 1.1636879, 1.1931190, 1.1607580, 1.1703990, 1.1673390, 1.1629490, 1.1620290, 1.1711290, 1.1650290, 1.1966190, 1.1599990, 1.1820689, 1.1640890, 1.2154500 ],
"timesExecution": [ 0.2636420, 0.2632820, 0.2624820, 0.2655520, 0.2641820, 0.2639820, 0.2651520, 0.2643120, 0.2638320, 0.2639020, 0.2640320, 0.2648420, 0.2634320, 0.2649820, 0.2641820, 0.2644720, 0.2649120, 0.2647420, 0.2650420, 0.2652720, 0.2644220, 0.2650420, 0.2645920, 0.2641020, 0.2644220, 0.2641120, 0.2640420, 0.2650320, 0.2643420, 0.2651120, 0.2651120, 0.2644220, 0.2647120, 0.2643620, 0.2648820, 0.2647920, 0.2629920, 0.2658420, 0.2646320, 0.2645120, 0.2651020, 0.2651420, 0.2643820, 0.2659220, 0.2657620, 0.2645620, 0.2647520, 0.2642620, 0.2651920, 0.2636320, 0.2645020, 0.2644220, 0.2648320, 0.2647520, 0.2649120, 0.2651120, 0.2643320, 0.2648820, 0.2656420, 0.2641520, 0.2643020, 0.2647620, 0.2650720, 0.2641120, 0.2635820, 0.2654420, 0.2641120, 0.2651920, 0.2643120, 0.2648320, 0.2645120, 0.2638720, 0.2638330, 0.2634420, 0.2640720, 0.2655020, 0.2643420, 0.2649720, 0.2638020, 0.2645520, 0.2643620, 0.2648420, 0.2657520, 0.2659220, 0.2643620, 0.2648220, 0.2645020, 0.2649920, 0.2642320, 0.2644720, 0.2642320, 0.2658520, 0.2651920, 0.2656020, 0.2641020, 0.2648320, 0.2642820, 0.2645420, 0.2642220, 0.2643820 ],
"timesTransferFromDevice": [ 0.0214800, 0.0206400, 0.0193200, 0.0252700, 0.0238300, 0.0226410, 0.0255900, 0.0251600, 0.0240110, 0.0241800, 0.0247900, 0.0241010, 0.0254100, 0.0244500, 0.0242110, 0.0279010, 0.0252600, 0.0230000, 0.0274500, 0.0235200, 0.0247700, 0.0241100, 0.0254610, 0.0250000, 0.0234000, 0.0241410, 0.0244000, 0.0227600, 0.0241310, 0.0252200, 0.0237100, 0.0257510, 0.0258200, 0.0247600, 0.0249810, 0.0244600, 0.0218800, 0.0247100, 0.0251900, 0.0242710, 0.0248000, 0.0251500, 0.0237410, 0.0249400, 0.0234400, 0.0228810, 0.0229200, 0.0213610, 0.0248400, 0.0249310, 0.0248300, 0.0231200, 0.0257800, 0.0240400, 0.0241300, 0.0218800, 0.0240900, 0.0243100, 0.0243400, 0.0231600, 0.0231600, 0.0252200, 0.0250700, 0.0241900, 0.0248310, 0.0247100, 0.0239210, 0.0250000, 0.0239210, 0.0242500, 0.0245310, 0.0244300, 0.0245000, 0.0241300, 0.0243900, 0.0250300, 0.0252300, 0.0246200, 0.0228800, 0.0238710, 0.0250000, 0.0240410, 0.0251400, 0.0226010, 0.0256500, 0.0252400, 0.0249400, 0.0241300, 0.0245700, 0.0238300, 0.0241000, 0.0243900, 0.0245900, 0.0273200, 0.0241610, 0.0250200, 0.0247110, 0.0244300, 0.0245200, 0.0223200 ],
"bins": [ 9957303, 262491, 261267, 262208, 262322, 262092, 262495, 261160, 262216, 261968, 262252, 261802, 262037, 263380, 261945, 263406, 262136, 262271, 262706, 262277, 262622, 262205, 262315, 262026, 262702, 262341, 263271 ]
}
,