{
"inputLengthInCharacters": 8,
"uniformInput": false,
"useMappingLetter": false,
"measurements": {
"histogram_one_thread_per_character": {
"timesTransferToDevice": [ 0.0519400, 0.0221210, 0.0264410, 0.0252810, 0.0250900, 0.0232900, 0.0271900, 0.0256700, 0.0270500, 0.0299000, 0.0244210, 0.0253210, 0.0248600, 0.0272000, 0.0265300, 0.0268200, 0.0265700, 0.0264200, 0.0304910, 0.0239100, 0.0250600, 0.0240300, 0.0237800, 0.0297000, 0.0242400, 0.0234900, 0.0249600, 0.0232600, 0.0234500, 0.0238910, 0.0274410, 0.0269010, 0.0271710, 0.0251100, 0.0266000, 0.0255600, 0.0232500, 0.0245600, 0.0267200, 0.0253410, 0.0236810, 0.0263600, 0.0256400, 0.0258700, 0.0291900, 0.0300700, 0.0269800, 0.0261200, 0.0264610, 0.0250110, 0.0265510, 0.0241500, 0.0233500, 0.0260000, 0.0237800, 0.0238800, 0.0263000, 0.0258100, 0.0235800, 0.0269300, 0.0267800, 0.0246610, 0.0239710, 0.0270010, 0.0250500, 0.0255400, 0.0251300, 0.0260800, 0.0253900, 0.0268200, 0.0229300, 0.0263000, 0.0242000, 0.0243700, 0.0250410, 0.0235110, 0.0270700, 0.0244000, 0.0239400, 0.0292800, 0.0253500, 0.0281700, 0.0284910, 0.0259910, 0.0238400, 0.0251900, 0.0257300, 0.0255000, 0.0239300, 0.0257500, 0.0251900, 0.0251800, 0.0228700, 0.0257600, 0.0247300, 0.0247110, 0.0246210, 0.0268710, 0.0270600, 0.0248300 ],
"timesExecution": [ 0.0248800, 0.0265600, 0.0254400, 0.0255600, 0.0260400, 0.0262000, 0.0276100, 0.0282010, 0.0258010, 0.0275310, 0.0255200, 0.0500400, 0.0274500, 0.0278600, 0.0270810, 0.0256410, 0.0273310, 0.0274500, 0.0276500, 0.0253200, 0.0268800, 0.0277400, 0.0271300, 0.0253610, 0.0254010, 0.0253610, 0.0273810, 0.0254000, 0.0250400, 0.0274600, 0.0253200, 0.0255600, 0.0254800, 0.0275200, 0.0273610, 0.0277610, 0.0251210, 0.0250800, 0.0279300, 0.0269900, 0.0274900, 0.0274900, 0.0252800, 0.0270500, 0.0270010, 0.0268910, 0.0269600, 0.0279900, 0.0254800, 0.0267600, 0.0254400, 0.0252400, 0.0251200, 0.0259300, 0.0256400, 0.0269600, 0.0252810, 0.0252410, 0.0269710, 0.0275900, 0.0251200, 0.0269600, 0.0268500, 0.0273000, 0.0268500, 0.0253200, 0.0252000, 0.0254000, 0.0253200, 0.0268410, 0.0268910, 0.0274210, 0.0253600, 0.0277300, 0.0268500, 0.0566700, 0.0269200, 0.0270000, 0.0251610, 0.0272610, 0.0271310, 0.0266800, 0.0252400, 0.0251200, 0.0252000, 0.0251200, 0.0271400, 0.0251200, 0.0252000, 0.0271000, 0.0253210, 0.0251610, 0.0271110, 0.0266710, 0.0279200, 0.0271600, 0.0270300, 0.0277100, 0.0278400, 0.0253800 ],
"timesTransferFromDevice": [ 0.4055540, 0.0193200, 0.0186800, 0.0237300, 0.0237810, 0.0239110, 0.0287400, 0.0196800, 0.0230900, 0.0231300, 0.0237900, 0.0233810, 0.0241910, 0.0263400, 0.0267100, 0.0210800, 0.0203600, 0.0234200, 0.0257200, 0.0216800, 0.0212010, 0.0230210, 0.0238200, 0.0213200, 0.0235800, 0.0234700, 0.0256600, 0.0233300, 0.0206800, 0.0196400, 0.0204800, 0.0199600, 0.0553110, 0.0230100, 0.0231400, 0.0213600, 0.0214400, 0.0226100, 0.0262400, 0.0231100, 0.0234600, 0.0235710, 0.0261410, 0.0229500, 0.0242100, 0.0257500, 0.0227200, 0.0207600, 0.0229200, 0.0209600, 0.0230000, 0.0234300, 0.0226810, 0.0229010, 0.0218400, 0.0238800, 0.0206400, 0.0237500, 0.0230800, 0.0200400, 0.0241400, 0.0234000, 0.0214400, 0.0255200, 0.0239510, 0.0236310, 0.0257910, 0.0238600, 0.0209600, 0.0221200, 0.0210800, 0.0269100, 0.0207200, 0.0204800, 0.0231300, 0.0273010, 0.0244100, 0.0214000, 0.0198000, 0.0212800, 0.0234600, 0.0232500, 0.0228900, 0.0253900, 0.0202800, 0.0198000, 0.0193610, 0.0230410, 0.0258810, 0.0233200, 0.0213600, 0.0214000, 0.0241200, 0.0236900, 0.0229000, 0.0232600, 0.0231600, 0.0215200, 0.0252610, 0.0204810 ],
"bins": [ 0, 0, 0, 0, 0, 1, 0, 0, 0, 0, 0, 0, 0, 0, 0, 0, 0, 0, 0, 0, 0, 0, 0, 0, 1, 0, 0, 0, 0, 0, 0, 0, 0, 0, 0, 0, 0, 0, 0, 0, 0, 1, 0, 0, 0, 0, 0, 0, 0, 0, 0, 0, 0, 0, 0, 0, 0, 0, 0, 0, 0, 0, 0, 0, 0, 0, 0, 0, 0, 0, 0, 0, 0, 0, 0, 0, 1, 0, 0, 0, 0, 0, 0, 0, 0, 0, 0, 1, 0, 0, 0, 0, 0, 0, 0, 0, 0, 0, 0, 0, 0, 0, 0, 0, 1, 0, 0, 0, 0, 0, 0, 0, 0, 0, 0, 0, 0, 1, 1, 0, 0, 0, 0, 0, 0, 0, 0, 0 ]
}
,
"histogram_atomic_private": {
"timesTransferToDevice": [ 0.0166810, 0.0233110, 0.0188400, 0.0234100, 0.0232100, 0.0268100, 0.0246500, 0.0253900, 0.0235700, 0.0219700, 0.0230100, 0.0281600, 0.0240900, 0.0252400, 0.0308210, 0.0253710, 0.0270410, 0.0262610, 0.0241300, 0.0248900, 0.0245400, 0.0238900, 0.0228800, 0.0277300, 0.0269900, 0.0288500, 0.0247510, 0.0213210, 0.0243310, 0.0269110, 0.0248000, 0.0266100, 0.0232500, 0.0264400, 0.0274800, 0.0232900, 0.0234000, 0.0289100, 0.0242410, 0.0251710, 0.0290110, 0.0254600, 0.0291900, 0.0270600, 0.0224800, 0.0242900, 0.0273900, 0.0262900, 0.0263810, 0.0252710, 0.0269110, 0.0268600, 0.0252300, 0.0240400, 0.0247200, 0.0249700, 0.0268400, 0.0279600, 0.0247510, 0.0242910, 0.0271500, 0.0278900, 0.0280010, 0.0233510, 0.0252110, 0.0249700, 0.0298800, 0.0265100, 0.0264600, 0.0250600, 0.0249200, 0.0243200, 0.0244500, 0.0245610, 0.0274310, 0.0264210, 0.0271300, 0.0253100, 0.0248100, 0.0236000, 0.0244300, 0.0265800, 0.0233800, 0.0295210, 0.0246010, 0.0255000, 0.0260100, 0.0252300, 0.0253500, 0.0238200, 0.0270700, 0.0233300, 0.0247800, 0.0255800, 0.0244400, 0.0217200, 0.0234400, 0.0230900, 0.0250200, 0.0289400 ],
"timesExecution": [ 0.0224000, 0.0226800, 0.0232410, 0.0253310, 0.0269510, 0.0237210, 0.0250810, 0.0261510, 0.0244410, 0.0246410, 0.0247210, 0.0262110, 0.0261610, 0.0268910, 0.0272100, 0.0252000, 0.0252800, 0.0252400, 0.0270900, 0.0252400, 0.0256800, 0.0274500, 0.0251600, 0.0252410, 0.0271210, 0.0256400, 0.0269600, 0.0272500, 0.0269700, 0.0268000, 0.0252400, 0.0273900, 0.0252000, 0.0283500, 0.0252410, 0.0271310, 0.0272410, 0.0249200, 0.0272800, 0.0270900, 0.0267100, 0.0254000, 0.0270800, 0.0279000, 0.0255210, 0.0269610, 0.0252410, 0.0270000, 0.0273300, 0.0252800, 0.0255600, 0.0273400, 0.0250800, 0.0269200, 0.0268400, 0.0252810, 0.0267910, 0.0272900, 0.0274300, 0.0277000, 0.0270000, 0.0273400, 0.0272000, 0.0253600, 0.0272000, 0.0252800, 0.0275200, 0.0252400, 0.0254800, 0.0272510, 0.0252010, 0.0270510, 0.0268400, 0.0252400, 0.0270500, 0.0242400, 0.0279900, 0.0271300, 0.0254400, 0.0251200, 0.0256410, 0.0274910, 0.0272910, 0.0274100, 0.0259600, 0.0258000, 0.0252400, 0.0276500, 0.0270100, 0.0257610, 0.0268910, 0.0271210, 0.0267600, 0.0251600, 0.0279200, 0.0272000, 0.0269610, 0.0275410, 0.0265510, 0.0269300 ],
"timesTransferFromDevice": [ 0.0234400, 0.0174000, 0.0172000, 0.0188800, 0.0195200, 0.0190400, 0.0196000, 0.0189200, 0.0229900, 0.0205200, 0.0268800, 0.0186400, 0.0186800, 0.0250600, 0.0199200, 0.0215200, 0.0210000, 0.0225600, 0.0239100, 0.0200410, 0.0277610, 0.0254200, 0.0228400, 0.0233200, 0.0246000, 0.0234100, 0.0227100, 0.0212000, 0.0226000, 0.0231600, 0.0207210, 0.0230910, 0.0228810, 0.0223700, 0.0261600, 0.0236500, 0.0205200, 0.0237600, 0.0265200, 0.0202800, 0.0242900, 0.0238610, 0.0241810, 0.0231900, 0.0233300, 0.0260400, 0.0235800, 0.0233900, 0.0215600, 0.0231800, 0.0230900, 0.0265410, 0.0216010, 0.0255810, 0.0228500, 0.0238400, 0.0238300, 0.0263800, 0.0231700, 0.0262200, 0.0799010, 0.0214400, 0.0218800, 0.0213600, 0.0264500, 0.0230010, 0.0251510, 0.0213600, 0.0236000, 0.0234100, 0.0261400, 0.0232300, 0.0245400, 0.0210800, 0.0234600, 0.0216000, 0.0268610, 0.0234310, 0.0231400, 0.0234700, 0.0238500, 0.0238600, 0.0235000, 0.0263000, 0.0233900, 0.0201210, 0.0239310, 0.0209210, 0.0235700, 0.0254400, 0.0253100, 0.0267700, 0.0571010, 0.0227110, 0.0236110, 0.0235800, 0.0233800, 0.0234500, 0.0247400, 0.0214000 ],
"bins": [ 0, 0, 0, 0, 0, 1, 0, 0, 0, 0, 0, 0, 0, 0, 0, 0, 0, 0, 0, 0, 0, 0, 0, 0, 1, 0, 0, 0, 0, 0, 0, 0, 0, 0, 0, 0, 0, 0, 0, 0, 0, 1, 0, 0, 0, 0, 0, 0, 0, 0, 0, 0, 0, 0, 0, 0, 0, 0, 0, 0, 0, 0, 0, 0, 0, 0, 0, 0, 0, 0, 0, 0, 0, 0, 0, 0, 1, 0, 0, 0, 0, 0, 0, 0, 0, 0, 0, 1, 0, 0, 0, 0, 0, 0, 0, 0, 0, 0, 0, 0, 0, 0, 0, 0, 1, 0, 0, 0, 0, 0, 0, 0, 0, 0, 0, 0, 0, 1, 1, 0, 0, 0, 0, 0, 0, 0, 0, 0 ]
}
,