{
"inputLengthInCharacters": 1048576,
"uniformInput": false,
"useMappingLetter": false,
"measurements": {
"histogram_one_thread_per_character": {
"timesTransferToDevice": [ 0.5363430, 0.0939610, 0.0914010, 0.0912910, 0.0930310, 0.0934310, 0.0963010, 0.0966810, 0.0928810, 0.0930710, 0.0994110, 0.1246610, 0.0979910, 0.0945910, 0.0937400, 0.0936000, 0.0946800, 0.0927500, 0.0939510, 0.0928010, 0.0929210, 0.0952610, 0.0934710, 0.0931110, 0.0924910, 0.0930310, 0.0926710, 0.0926700, 0.0923200, 0.0942900, 0.0934300, 0.0936010, 0.0935510, 0.0932410, 0.0928010, 0.0945610, 0.0944410, 0.0946610, 0.0916710, 0.0957810, 0.0927910, 0.0916200, 0.0944600, 0.0941500, 0.0933300, 0.0939700, 0.0929310, 0.0953510, 0.0950010, 0.0932010, 0.0927310, 0.0940310, 0.0941110, 0.0927510, 0.0951410, 0.0931110, 0.0927210, 0.0921600, 0.0940800, 0.0940800, 0.0953410, 0.0934310, 0.0966810, 0.0917010, 0.0931510, 0.0962010, 0.0940010, 0.0931210, 0.0924110, 0.0930700, 0.0937900, 0.0928800, 0.0925200, 0.0949010, 0.0931510, 0.1403810, 0.0939700, 0.0925200, 0.0946000, 0.0931910, 0.0930010, 0.0921710, 0.0935710, 0.0930310, 0.0936210, 0.0950010, 0.0939610, 0.0931610, 0.0940310, 0.0935100, 0.0927000, 0.0928700, 0.0976000, 0.0936500, 0.0915510, 0.0926810, 0.0927110, 0.0946610, 0.0939910, 0.0929510 ],
"timesExecution": [ 0.1058500, 0.1030410, 0.1020010, 0.1045510, 0.1044810, 0.1047910, 0.1023610, 0.3890330, 0.1040110, 0.1042600, 0.0983200, 0.1070510, 0.2273610, 0.1046900, 0.1039700, 0.1046610, 0.1047010, 0.1025210, 0.1043410, 0.1044010, 0.1047010, 0.1045010, 0.1038410, 0.1043410, 0.1024810, 0.1044200, 0.1040900, 0.1040400, 0.1045710, 0.1047910, 0.1038810, 0.1040010, 0.1055210, 0.1027210, 0.1043610, 0.1042110, 0.1024410, 0.1021610, 0.1042610, 0.1039710, 0.1042900, 0.1038700, 0.1024000, 0.1040810, 0.1038310, 0.1038110, 0.1043210, 0.1045810, 0.1040410, 0.1041310, 0.1044410, 0.1042110, 0.1042510, 0.1044610, 0.1047010, 0.1044700, 0.1040800, 0.1024800, 0.1024810, 0.1037110, 0.1044910, 0.1039310, 0.1026010, 0.1042310, 0.1025210, 0.1044510, 0.1038010, 0.1024000, 0.1040800, 0.1044100, 0.1039300, 0.1040610, 0.1038310, 0.1040910, 0.1039610, 0.1038910, 0.1043410, 0.1040610, 0.1043810, 0.1038510, 0.1044510, 0.1038110, 0.1041310, 0.1040010, 0.1024810, 0.1040910, 0.1040110, 0.1021200, 0.1039800, 0.1023600, 0.1046600, 0.1046610, 0.1051510, 0.1037210, 0.1024410, 0.1039610, 0.1041710, 0.1039210, 0.1042610, 0.1040410 ],
"timesTransferFromDevice": [ 0.3950130, 0.0190800, 0.0188000, 0.0228000, 0.0210400, 0.0237900, 0.0197600, 0.0219600, 0.0248700, 0.0230900, 0.0234910, 0.0239900, 0.0239300, 0.0239810, 0.0236210, 0.0227710, 0.0238200, 0.0198400, 0.0234600, 0.0239300, 0.0236500, 0.0212800, 0.0214000, 0.0208000, 0.0239400, 0.0206000, 0.0242100, 0.0236010, 0.0213610, 0.0231700, 0.0236200, 0.0238700, 0.0296300, 0.0230800, 0.0230900, 0.0235100, 0.0230900, 0.0227900, 0.0240700, 0.0270500, 0.0234800, 0.0212410, 0.0241010, 0.0250010, 0.0266700, 0.0204000, 0.0242700, 0.0235400, 0.0239400, 0.0234300, 0.0211200, 0.0206000, 0.0233500, 0.0239800, 0.0245800, 0.0231500, 0.0207210, 0.0234110, 0.0227700, 0.0246300, 0.0234600, 0.0238000, 0.0195200, 0.0228800, 0.0198000, 0.0229700, 0.0212400, 0.0233900, 0.0237300, 0.0245010, 0.0231710, 0.0211200, 0.0232400, 0.0239800, 0.0226300, 0.0241010, 0.0232100, 0.0229300, 0.0238900, 0.0235100, 0.0229200, 0.0230100, 0.0245200, 0.0237700, 0.0236300, 0.0273900, 0.0241100, 0.0239700, 0.0252700, 0.0228010, 0.0209610, 0.0242310, 0.0213200, 0.0227300, 0.0239900, 0.0258500, 0.0242600, 0.0212800, 0.0235500, 0.0228400 ],
"bins": [ 8214, 8159, 8157, 8120, 8184, 8153, 8004, 8109, 8257, 8150, 8246, 8160, 8224, 8089, 8071, 8001, 8328, 8272, 8286, 8088, 8247, 8270, 8206, 8201, 8190, 8200, 8202, 8047, 8170, 8120, 8245, 8135, 8274, 8336, 8087, 8157, 8276, 8168, 8217, 8197, 8193, 8138, 8228, 8249, 8033, 8122, 8344, 8193, 8219, 8157, 8295, 8056, 8273, 8183, 8062, 8251, 8182, 8195, 8118, 8189, 8066, 8272, 8195, 8300, 8287, 8113, 8177, 8149, 8144, 8206, 8176, 8030, 8094, 8176, 8149, 8197, 8343, 8138, 8236, 8142, 8211, 8227, 8402, 8274, 8209, 8399, 8390, 8213, 8056, 8385, 8279, 8263, 8285, 8304, 8110, 8136, 8122, 8192, 7882, 8263, 8133, 8232, 8231, 8020, 8281, 8209, 8379, 8207, 8154, 8202, 8338, 8101, 8252, 8114, 8127, 8162, 8054, 8102, 8101, 8241, 8184, 8171, 8246, 8283, 8214, 8211, 8306, 8232 ]
}
,
"histogram_atomic_private": {
"timesTransferToDevice": [ 0.0900810, 0.0899310, 0.0899810, 0.0897700, 0.0909610, 0.0925710, 0.0930200, 0.0935810, 0.0921100, 0.0944210, 0.0924410, 0.0921400, 0.0944610, 0.0927500, 0.0928310, 0.0937410, 0.0918300, 0.0927510, 0.0944800, 0.0919110, 0.0924510, 0.0925510, 0.0928410, 0.0924800, 0.0935510, 0.0949510, 0.0927010, 0.0962010, 0.0927200, 0.0934510, 0.0969900, 0.0939410, 0.0932610, 0.0937010, 0.0945610, 0.0922700, 0.0933010, 0.0939610, 0.0931210, 0.0926310, 0.0920200, 0.0929210, 0.0932800, 0.0921110, 0.0926610, 0.0922900, 0.0971610, 0.0954600, 0.0930110, 0.0933200, 0.0943510, 0.0953210, 0.0926400, 0.0930410, 0.0936700, 0.0933410, 0.0968610, 0.0922010, 0.0927910, 0.0930400, 0.0924310, 0.0952510, 0.0933910, 0.0928300, 0.0930810, 0.0977510, 0.0951110, 0.0922800, 0.0927510, 0.0924300, 0.0931210, 0.0940410, 0.0973910, 0.0929110, 0.0931210, 0.0939010, 0.0931000, 0.0929510, 0.0939900, 0.0925110, 0.0923610, 0.0931610, 0.0989310, 0.0929400, 0.0927210, 0.0929100, 0.0928710, 0.0942010, 0.0928510, 0.0931910, 0.0931100, 0.0934210, 0.0923600, 0.0935610, 0.0926010, 0.0927910, 0.0932310, 0.0925700, 0.0960610, 0.0928600 ],
"timesExecution": [ 0.0297600, 0.0315600, 0.0309600, 0.0336610, 0.0340200, 0.0334600, 0.0325200, 0.0354900, 0.0347610, 0.0349900, 0.0354600, 0.0334000, 0.0351300, 0.0351210, 0.0338000, 0.0344900, 0.0357800, 0.0356100, 0.0332010, 0.0356100, 0.0334000, 0.0337200, 0.0352500, 0.0362410, 0.0350300, 0.0355310, 0.0350000, 0.0348800, 0.0340810, 0.0354900, 0.0339210, 0.0350000, 0.0355800, 0.0351700, 0.0353000, 0.0332410, 0.0357500, 0.0357810, 0.0353400, 0.0357400, 0.0352800, 0.0332000, 0.0332010, 0.0351700, 0.0357000, 0.0339200, 0.0356900, 0.0354910, 0.0357600, 0.0358910, 0.0352100, 0.0354700, 0.0333600, 0.0353700, 0.0352910, 0.0358700, 0.0357710, 0.0337200, 0.0355800, 0.0350810, 0.0815700, 0.0348800, 0.0348100, 0.0331610, 0.0352100, 0.0357710, 0.0350000, 0.0330800, 0.0339900, 0.0336010, 0.0350300, 0.0365910, 0.0358200, 0.0351500, 0.0354700, 0.0350800, 0.0331210, 0.0357800, 0.0335210, 0.0334800, 0.0358100, 0.0335600, 0.0334800, 0.0356210, 0.0348400, 0.0358610, 0.0360400, 0.0359910, 0.0351600, 0.0335600, 0.0349500, 0.0332400, 0.0351310, 0.0357300, 0.0363310, 0.0350400, 0.0355300, 0.0349210, 0.0357100, 0.0332010 ],
"timesTransferFromDevice": [ 0.0166800, 0.0172800, 0.0175210, 0.0221100, 0.0259100, 0.0211610, 0.0231400, 0.0230400, 0.0223800, 0.0220800, 0.0206810, 0.0213200, 0.0245400, 0.0235800, 0.0236000, 0.0242100, 0.0241200, 0.0238110, 0.0207600, 0.0269400, 0.0212000, 0.0207600, 0.0242310, 0.0231200, 0.0234700, 0.0232400, 0.0235400, 0.0239710, 0.0217200, 0.0235000, 0.0235800, 0.0238400, 0.0234500, 0.0239200, 0.0212010, 0.0203600, 0.0234700, 0.0234200, 0.0234200, 0.0237810, 0.0234700, 0.0234000, 0.0235100, 0.0230900, 0.0245400, 0.0265000, 0.0235310, 0.0239500, 0.0236500, 0.0208400, 0.0214400, 0.0240700, 0.0229900, 0.0234810, 0.0200000, 0.0236300, 0.0229800, 0.0202800, 0.0209610, 0.0234100, 0.0223600, 0.0234000, 0.0231010, 0.0231700, 0.0215200, 0.0212400, 0.0213200, 0.0242500, 0.0236610, 0.0230200, 0.0218000, 0.0234600, 0.0239300, 0.0232600, 0.0261900, 0.0226410, 0.0240300, 0.0243100, 0.0240100, 0.0236200, 0.0241800, 0.0234000, 0.0232910, 0.0207600, 0.0234010, 0.0214400, 0.0229400, 0.0239000, 0.0229300, 0.0230110, 0.0228400, 0.0239200, 0.0242400, 0.0260500, 0.0238500, 0.0216400, 0.0229610, 0.0237100, 0.0235300, 0.0212800 ],