{
"inputLengthInCharacters": 4096,
"uniformInput": true,
"useMappingLetter": false,
"measurements": {
"histogram_one_thread_per_character": {
"timesTransferToDevice": [ 0.0566100, 0.0305700, 0.0270300, 0.0305710, 0.0320410, 0.0310800, 0.0300400, 0.0309900, 0.0307300, 0.0273000, 0.0295800, 0.0297600, 0.0297100, 0.0312900, 0.0270200, 0.0291100, 0.0294610, 0.0289510, 0.0293300, 0.0316100, 0.0312900, 0.0291400, 0.0273300, 0.0292700, 0.0296200, 0.0286700, 0.0290310, 0.0290310, 0.0330510, 0.0289100, 0.0318600, 0.0305700, 0.0292400, 0.0287100, 0.0293100, 0.0314100, 0.0295400, 0.0291200, 0.0297300, 0.0312400, 0.0298210, 0.0299710, 0.0304410, 0.0300300, 0.0289000, 0.0302700, 0.0249300, 0.0300800, 0.0266600, 0.0301400, 0.0292400, 0.0298310, 0.0298010, 0.0297810, 0.0285200, 0.0272100, 0.0307300, 0.0269400, 0.0293300, 0.0292000, 0.0304600, 0.0290600, 0.0313400, 0.0269000, 0.0332010, 0.0293310, 0.0296600, 0.0291600, 0.0299200, 0.0312500, 0.0292300, 0.0291300, 0.0302800, 0.0290600, 0.0314600, 0.0305000, 0.0296200, 0.0324000, 0.0291900, 0.0311210, 0.0298210, 0.0295500, 0.0326500, 0.0298500, 0.0307400, 0.0295300, 0.0301800, 0.0291600, 0.0306900, 0.0301200, 0.0328800, 0.0325410, 0.0307810, 0.0310210, 0.0294100, 0.0288600, 0.0290400, 0.0298300, 0.0304400, 0.0312200 ],
"timesExecution": [ 0.0263600, 0.0303300, 0.0276800, 0.0299500, 0.0282400, 0.0276400, 0.0300310, 0.0295610, 0.0298510, 0.0296300, 0.0292900, 0.0449900, 0.0290900, 0.0291200, 0.0298200, 0.0290900, 0.0278000, 0.0292000, 0.0287600, 0.0287110, 0.0297510, 0.0286310, 0.0271200, 0.0271600, 0.0299400, 0.0272000, 0.0288900, 0.0273600, 0.0289200, 0.0301810, 0.0275610, 0.0292510, 0.0292900, 0.0297210, 0.0287310, 0.0297400, 0.0295200, 0.0293100, 0.0293600, 0.0291700, 0.0288100, 0.0293200, 0.0306200, 0.0292500, 0.0287210, 0.0290910, 0.0278400, 0.0292300, 0.0290000, 0.0293800, 0.0302000, 0.0297000, 0.0297300, 0.0298800, 0.0276800, 0.0297710, 0.0311710, 0.0300610, 0.0292300, 0.0297400, 0.0309800, 0.0300500, 0.0296200, 0.0314500, 0.0289600, 0.0288000, 0.0291700, 0.0301700, 0.0302110, 0.0293410, 0.0291400, 0.0290200, 0.0290000, 0.0297100, 0.0306700, 0.0590300, 0.0295700, 0.0292800, 0.0293400, 0.0311600, 0.0294200, 0.0298600, 0.0297310, 0.0292210, 0.0292110, 0.0295900, 0.0290800, 0.0295000, 0.0284800, 0.0293600, 0.0273600, 0.0297000, 0.0300300, 0.0301900, 0.0290600, 0.0298600, 0.0294610, 0.0291410, 0.0302000, 0.0288800 ],
"timesTransferFromDevice": [ 0.4381040, 0.0213610, 0.0182800, 0.0211200, 0.0192800, 0.0210000, 0.0293100, 0.0214400, 0.0216000, 0.0230500, 0.0208400, 0.0233800, 0.0220410, 0.0234910, 0.0217600, 0.0218000, 0.0240000, 0.0233700, 0.0195200, 0.0216000, 0.0197600, 0.0235200, 0.0239400, 0.0215210, 0.0218010, 0.0244400, 0.0225100, 0.0198800, 0.0233800, 0.0260900, 0.0230000, 0.0266100, 0.0523000, 0.0257500, 0.0192800, 0.0267800, 0.0230210, 0.0206010, 0.0236900, 0.0233200, 0.0203600, 0.0205600, 0.0199600, 0.0261200, 0.0204400, 0.0192800, 0.0203200, 0.0234210, 0.0210410, 0.0212800, 0.0241500, 0.0232000, 0.0234600, 0.0234400, 0.0269700, 0.0202000, 0.0258300, 0.0235000, 0.0235600, 0.0202400, 0.0233410, 0.0215610, 0.0240100, 0.0195600, 0.0235800, 0.0218400, 0.0233000, 0.0231300, 0.0234300, 0.0212000, 0.0253900, 0.0237610, 0.0265810, 0.0195610, 0.0194400, 0.0236110, 0.0206410, 0.0213200, 0.0198400, 0.0206800, 0.0263000, 0.0202400, 0.0229700, 0.0196800, 0.0240800, 0.0224400, 0.0229010, 0.0198810, 0.0258400, 0.0231700, 0.0205600, 0.0227700, 0.0214000, 0.0228400, 0.0242500, 0.0230000, 0.0232700, 0.0203600, 0.0199200, 0.0198410 ],
"bins": [ 0, 0, 0, 0, 0, 0, 0, 0, 0, 0, 0, 0, 0, 0, 0, 0, 0, 0, 0, 0, 0, 0, 0, 0, 0, 0, 0, 0, 0, 0, 0, 0, 0, 0, 0, 0, 0, 0, 0, 0, 0, 0, 0, 0, 0, 0, 0, 0, 0, 0, 0, 0, 0, 0, 0, 0, 0, 0, 0, 0, 0, 0, 0, 0, 0, 0, 0, 0, 0, 0, 0, 0, 0, 0, 0, 0, 0, 0, 0, 0, 0, 0, 0, 0, 0, 0, 0, 0, 0, 0, 0, 0, 0, 0, 0, 0, 4096, 0, 0, 0, 0, 0, 0, 0, 0, 0, 0, 0, 0, 0, 0, 0, 0, 0, 0, 0, 0, 0, 0, 0, 0, 0, 0, 0, 0, 0, 0, 0 ]
}
,
"histogram_atomic_private": {
"timesTransferToDevice": [ 0.0297700, 0.0301510, 0.0250000, 0.0273400, 0.0283500, 0.0309200, 0.0288600, 0.0282010, 0.0281600, 0.0298100, 0.0295500, 0.0289100, 0.0317000, 0.0293600, 0.0292900, 0.0286700, 0.0291110, 0.0308810, 0.0311700, 0.0302000, 0.0299000, 0.0307100, 0.0287600, 0.0290200, 0.0297500, 0.0293600, 0.0270200, 0.0269000, 0.0291410, 0.0323210, 0.0292700, 0.0290800, 0.0296300, 0.0302400, 0.0306100, 0.0294900, 0.0292500, 0.0289900, 0.0292400, 0.0305010, 0.0289310, 0.0287410, 0.0307200, 0.0296900, 0.0292800, 0.0332000, 0.0295000, 0.0292500, 0.0309400, 0.0289800, 0.0296300, 0.0308310, 0.0307510, 0.0297910, 0.0310900, 0.0291200, 0.0302200, 0.0287800, 0.0294500, 0.0304500, 0.0288600, 0.0299000, 0.0292900, 0.0293600, 0.0288600, 0.0303600, 0.0270800, 0.0338810, 0.0303210, 0.0293800, 0.0277600, 0.0298100, 0.0293700, 0.0271500, 0.0291800, 0.0301600, 0.0315200, 0.0285900, 0.0309510, 0.0291710, 0.0310900, 0.0292100, 0.0297000, 0.0308500, 0.0287000, 0.0297900, 0.0291200, 0.0311700, 0.0290800, 0.0292210, 0.0292310, 0.0293710, 0.0303200, 0.0290400, 0.0297000, 0.0291600, 0.0291200, 0.0275200, 0.0292400, 0.0311300 ],
"timesExecution": [ 0.0227200, 0.0246400, 0.0259210, 0.0287300, 0.0270600, 0.0248800, 0.0271400, 0.0273000, 0.0272500, 0.0258010, 0.0291410, 0.0279700, 0.0268800, 0.0286200, 0.0288400, 0.0293800, 0.0277500, 0.0280900, 0.0284700, 0.0319200, 0.0264800, 0.0293210, 0.0289510, 0.0288900, 0.0298100, 0.0284200, 0.0287600, 0.0288000, 0.0289000, 0.0290800, 0.0293900, 0.0294710, 0.0290610, 0.0284210, 0.0284500, 0.0281800, 0.0284200, 0.0283300, 0.0272400, 0.0270000, 0.0289000, 0.0280100, 0.0288400, 0.0283010, 0.0289910, 0.0285310, 0.0290200, 0.0294300, 0.0293400, 0.0289000, 0.0280900, 0.0288600, 0.0286600, 0.0280900, 0.0278300, 0.0284510, 0.0305110, 0.0278900, 0.0282200, 0.0288500, 0.0292200, 0.0295510, 0.0289200, 0.0290300, 0.0288500, 0.0282500, 0.0288000, 0.0292800, 0.0287000, 0.0292700, 0.0279710, 0.0278510, 0.0290010, 0.0284100, 0.0282100, 0.0286600, 0.0287900, 0.0282600, 0.0288700, 0.0300300, 0.0286300, 0.0288910, 0.0280010, 0.0294910, 0.0288000, 0.0279300, 0.0287800, 0.0285000, 0.0287500, 0.0289500, 0.0279300, 0.0305000, 0.0284900, 0.0282110, 0.0295410, 0.0286510, 0.0291000, 0.0279700, 0.0285800, 0.0282800 ],
"timesTransferFromDevice": [ 0.0169600, 0.0167600, 0.0169600, 0.0195600, 0.0219410, 0.0188000, 0.0214400, 0.0225600, 0.0196000, 0.0228500, 0.0255500, 0.0216000, 0.0236610, 0.0256210, 0.0230800, 0.0200800, 0.0227900, 0.0209200, 0.0252700, 0.0200800, 0.0230400, 0.0232500, 0.0198400, 0.0219200, 0.0239610, 0.0242610, 0.0217600, 0.0234000, 0.0210800, 0.0220000, 0.0236200, 0.0233900, 0.0233400, 0.0199200, 0.0218800, 0.0240210, 0.0226010, 0.0234100, 0.0204400, 0.0213600, 0.0266100, 0.0208000, 0.0238900, 0.0233000, 0.0234700, 0.0242100, 0.0240000, 0.0201210, 0.0232310, 0.0231800, 0.0232900, 0.0208800, 0.0205600, 0.0234700, 0.0233400, 0.0220400, 0.0242400, 0.0215200, 0.0234910, 0.0229210, 0.0803710, 0.0239000, 0.0232800, 0.0232510, 0.0233310, 0.0231600, 0.0237600, 0.0206400, 0.0220000, 0.0234600, 0.0214800, 0.0232800, 0.0225200, 0.0195200, 0.0228010, 0.0199600, 0.0228800, 0.0237300, 0.0212800, 0.0238500, 0.0206000, 0.0195200, 0.0230200, 0.0231600, 0.0209200, 0.0240400, 0.0196010, 0.0214800, 0.0214400, 0.0221600, 0.0210400, 0.0232000, 0.0232400, 0.0244100, 0.0242600, 0.0219600, 0.0265300, 0.0228310, 0.0202810, 0.0202400 ],
"bins": [ 0, 0, 0, 0, 0, 0, 0, 0, 0, 0, 0, 0, 0, 0, 0, 0, 0, 0, 0, 0, 0, 0, 0, 0, 0, 0, 0, 0, 0, 0, 0, 0, 0, 0, 0, 0, 0, 0, 0, 0, 0, 0, 0, 0, 0, 0, 0, 0, 0, 0, 0, 0, 0, 0, 0, 0, 0, 0, 0, 0, 0, 0, 0, 0, 0, 0, 0, 0, 0, 0, 0, 0, 0, 0, 0, 0, 0, 0, 0, 0, 0, 0, 0, 0, 0, 0, 0, 0, 0, 0, 0, 0, 0, 0, 0, 0, 4096, 0, 0, 0, 0, 0, 0, 0, 0, 0, 0, 0, 0, 0, 0, 0, 0, 0, 0, 0, 0, 0, 0, 0, 0, 0, 0, 0, 0, 0, 0, 0 ]
}
,