{
"inputLengthInCharacters": 134217728,
"uniformInput": false,
"useMappingLetter": false,
"measurements": {
"histogram_one_thread_per_character": {
"timesTransferToDevice": [ 18.4405193, 17.9026051, 17.9192924, 16.6109219, 16.6598415, 16.4986706, 17.7841911, 17.9340324, 17.9981613, 16.5972404, 17.9529324, 17.7253513, 17.9428635, 17.9297047, 16.6128635, 16.5826836, 17.7738838, 17.8714542, 17.8927841, 16.5098038, 16.5794735, 17.7837524, 15.3621149, 17.9550133, 17.9189339, 16.5152645, 17.7964649, 16.6309242, 16.5807343, 17.9755440, 17.7421627, 18.1918659, 16.5127048, 17.7955112, 16.5744534, 15.3787851, 17.8890724, 15.3542452, 17.9109440, 16.5757446, 17.7588539, 17.8876743, 16.5625248, 16.5217247, 17.7849312, 16.6178837, 17.7397041, 16.5869846, 17.8590431, 17.7462711, 16.6100655, 17.8461742, 17.7421246, 16.6032658, 17.9402752, 15.3447552, 17.8689232, 15.3919659, 16.6192150, 17.9143448, 17.7243118, 17.8410835, 17.9540043, 16.5034447, 17.9674358, 17.7424126, 17.9438152, 17.7656326, 17.8707638, 17.7548447, 17.8710842, 16.6656857, 17.8990440, 15.3327551, 16.5992947, 16.6374645, 16.5146236, 17.7935848, 16.5879650, 17.8608761, 17.7567444, 16.5833549, 17.8535156, 17.7374115, 17.8881931, 16.5813255, 16.5037441, 17.7935333, 17.9016953, 17.7341347, 17.8297882, 15.3655090, 17.9144878, 16.6285954, 17.7459240, 16.5598755, 17.9076958, 17.7427444, 17.8153439, 16.6173954 ],
"timesExecution": [ 9.6860037, 9.4213905, 9.6847906, 9.6878910, 9.6929712, 9.6891813, 9.4210587, 9.6943007, 9.6826115, 9.6953812, 9.6955223, 9.6857119, 9.6941118, 9.6894732, 9.4176311, 9.6880322, 9.6851025, 9.4223900, 9.6850929, 9.4189510, 9.6913223, 9.6908817, 9.6879921, 9.6909122, 9.6830931, 9.6929216, 9.6896019, 9.4194307, 9.6868715, 9.6852722, 9.6870823, 9.6860828, 9.4183111, 9.6924019, 9.6899519, 9.6875134, 9.6907120, 9.4194307, 9.6897221, 9.6834621, 9.6864424, 9.6902733, 9.4155111, 9.6890230, 9.6860218, 9.6927423, 9.6888332, 9.4168310, 9.6899433, 9.6930332, 9.4201508, 9.6937227, 9.6852026, 9.6866732, 9.6838732, 9.4190311, 9.6968327, 9.6851330, 9.6882029, 9.6863823, 9.4204712, 9.6881628, 9.6916132, 9.4218607, 9.6869421, 9.6853027, 9.6845522, 9.6936827, 9.6820326, 9.6851120, 9.6862631, 9.4175606, 9.6901932, 9.6862726, 9.6929226, 9.6852427, 9.4216213, 9.6941128, 9.4157610, 9.6936331, 9.6916027, 9.4191914, 9.6866121, 9.6858730, 9.4212198, 9.6943626, 9.4188614, 9.6897326, 9.6906328, 9.4195910, 9.6908350, 9.6824751, 9.6945753, 9.6853933, 9.4185514, 9.6930027, 9.6812735, 9.4224710, 9.6881628, 9.4147511 ],
"timesTransferFromDevice": [ 0.4380030, 0.0188410, 0.0187200, 0.0183200, 0.0185610, 0.0185200, 0.0183600, 0.0194800, 0.0186800, 0.0198800, 0.0187600, 0.0183600, 0.0182400, 0.0177600, 0.0175600, 0.0187600, 0.0187200, 0.0180400, 0.0185200, 0.0176400, 0.0179600, 0.0188000, 0.0176800, 0.0187200, 0.0177200, 0.0186400, 0.0175600, 0.0186000, 0.0176000, 0.0184010, 0.0176800, 0.0179200, 0.0185200, 0.0185600, 0.0176010, 0.0185200, 0.0180400, 0.0184000, 0.0187610, 0.0188000, 0.0176000, 0.0179200, 0.0184400, 0.0190000, 0.0177210, 0.0176800, 0.0178400, 0.0188800, 0.0185200, 0.0186000, 0.0184400, 0.0190000, 0.0188000, 0.0184000, 0.0181600, 0.0176010, 0.0184810, 0.0188000, 0.0179600, 0.0182400, 0.0177610, 0.0178400, 0.0173600, 0.0179200, 0.0186400, 0.0185600, 0.0177610, 0.0188000, 0.0174800, 0.0174400, 0.0187600, 0.0186000, 0.0179200, 0.0174400, 0.0188000, 0.0189600, 0.0192400, 0.0176000, 0.0175200, 0.0189210, 0.0190800, 0.0189600, 0.0177200, 0.0186010, 0.0176400, 0.0184800, 0.0182400, 0.0176800, 0.0187200, 0.0184000, 0.0185600, 0.0176000, 0.0183600, 0.0186800, 0.0176800, 0.0184800, 0.0190000, 0.0185200, 0.0176800, 0.0216400 ],
"bins": [ 1048713, 1049802, 1048912, 1047254, 1048721, 1049486, 1047822, 1048736, 1049817, 1049206, 1047414, 1047992, 1049162, 1049624, 1049251, 1047439, 1048796, 1048328, 1046839, 1047350, 1048514, 1047268, 1047860, 1048819, 1049215, 1048315, 1047838, 1048772, 1047220, 1047836, 1048021, 1048299, 1048549, 1049825, 1050671, 1047777, 1048145, 1048547, 1047132, 1049645, 1047695, 1049454, 1049833, 1047921, 1046037, 1047537, 1048253, 1048220, 1047465, 1047999, 1049801, 1048280, 1052043, 1047314, 1048177, 1050406, 1048300, 1047462, 1048566, 1048843, 1047737, 1048110, 1049113, 1048637, 1049267, 1045816, 1049751, 1049582, 1049691, 1048035, 1050722, 1051440, 1047976, 1049610, 1047031, 1047593, 1048452, 1048281, 1049395, 1050777, 1049940, 1047271, 1047098, 1049217, 1050029, 1046999, 1047825, 1049321, 1048295, 1048428, 1049179, 1050164, 1050977, 1048356, 1047666, 1048213, 1048745, 1047972, 1049170, 1048266, 1048906, 1048346, 1049535, 1047416, 1048517, 1047786, 1050372, 1047939, 1049595, 1046906, 1049083, 1050180, 1047361, 1049372, 1048529, 1048627, 1047892, 1047327, 1046987, 1049119, 1049562, 1048163, 1049044, 1049307, 1048005, 1047762, 1049203, 1048202 ]
}
,
"histogram_atomic_private": {
"timesTransferToDevice": [ 16.6379242, 15.3047466, 17.9244556, 17.6817322, 17.8927269, 17.7077236, 17.9385262, 17.9329166, 16.4718437, 17.7531242, 16.5645752, 17.7240047, 17.8672543, 16.5958157, 17.7096138, 17.8894539, 17.9648438, 17.9471264, 17.9381447, 17.9404640, 16.4643440, 17.7678642, 17.9062157, 15.3022146, 15.3289957, 18.2246685, 15.3329659, 17.8669167, 17.7088928, 17.8903351, 15.3128958, 16.5665550, 17.6985531, 17.9271164, 17.9066238, 16.4738331, 17.1012802, 17.7299538, 16.9160175, 16.9145355, 17.9016838, 17.7255135, 17.8521633, 17.7002926, 16.5866947, 17.9236355, 16.5771141, 16.4913940, 17.0690403, 17.7451439, 16.9095287, 17.8428135, 17.7170448, 17.8806953, 16.4578743, 15.7873888, 15.3074245, 16.5633259, 15.3151445, 16.5558052, 17.7086525, 17.9277954, 17.9473763, 17.8902359, 17.7023315, 17.8970566, 16.6066341, 16.5736351, 16.5111637, 15.7764692, 16.5833454, 16.4850540, 15.7828703, 15.3109560, 16.5673351, 15.3138752, 16.5907650, 17.7293034, 17.8538437, 16.4539146, 15.7519894, 17.9353848, 15.2948446, 17.7055435, 16.9123878, 17.8981762, 17.7061234, 17.8341846, 17.7275448, 17.8891163, 15.3269062, 17.9194965, 17.9364166, 17.9462166, 16.4720936, 17.7715034, 16.5619144, 17.7329941, 17.8402557, 17.6950436 ],
"timesExecution": [ 1.0268480, 1.0413280, 1.0425680, 1.0036470, 1.0211281, 1.0426480, 1.0414480, 1.0153270, 1.0264080, 1.0434480, 1.0397280, 1.0220470, 1.0487270, 1.0398780, 1.0550081, 1.0294470, 1.0376480, 1.0488280, 1.0476381, 1.0186270, 1.0338780, 1.0470780, 1.0506380, 1.0040870, 1.0268080, 1.0475980, 1.0513480, 1.0246470, 1.0292070, 1.0364079, 1.0433379, 1.0080070, 1.0367579, 1.0471570, 1.0458180, 1.0170870, 1.0229681, 1.0418080, 1.0425280, 1.0183270, 1.0324470, 1.0330970, 1.0329380, 1.0205270, 1.0371280, 1.0410880, 1.0542880, 1.0252370, 1.0312880, 1.0502380, 1.0474080, 1.0267270, 1.0246880, 1.0393270, 1.0348080, 1.0198970, 1.0375180, 1.0397381, 1.0464480, 1.0127270, 1.0431280, 1.0479680, 1.0474679, 1.0225070, 1.0228080, 1.0317680, 1.0484880, 1.0148470, 1.0269970, 1.0438780, 1.0361680, 1.0069571, 1.0321680, 1.0427279, 1.0431780, 1.0166470, 1.0239480, 1.0432380, 1.0569280, 1.0271670, 1.0433280, 1.0519280, 1.0339580, 1.0160871, 1.0340180, 1.0408080, 1.0517280, 1.0065269, 1.0303670, 1.0443580, 1.0481679, 1.0220470, 1.0358580, 1.0459681, 1.0459780, 1.0218470, 1.0313680, 1.0487280, 1.0566080, 1.0131270 ],