{
"inputLengthInCharacters": 2048,
"uniformInput": true,
"useMappingLetter": true,
"measurements": {
"histogram_one_thread_per_character": {
"timesTransferToDevice": [ 0.0537300, 0.0268600, 0.0263100, 0.0267810, 0.0272100, 0.0287800, 0.0320400, 0.0290200, 0.0302900, 0.0303810, 0.0303210, 0.0325600, 0.0284300, 0.0323500, 0.0306100, 0.0293200, 0.0302800, 0.0230910, 0.0319600, 0.0290600, 0.0230100, 0.0284900, 0.0324000, 0.0286410, 0.0326210, 0.0269400, 0.0301700, 0.0303300, 0.0326100, 0.0294600, 0.0232610, 0.0322100, 0.0327800, 0.0323000, 0.0296800, 0.0293200, 0.0319600, 0.0267300, 0.0233610, 0.0316110, 0.0323700, 0.0287600, 0.0316500, 0.0209200, 0.0327400, 0.0272510, 0.0288710, 0.0301700, 0.0217200, 0.0298400, 0.0286900, 0.0292310, 0.0314110, 0.0283500, 0.0299100, 0.0328200, 0.0316100, 0.0303600, 0.0316710, 0.0315810, 0.0315800, 0.0297800, 0.0285700, 0.0287700, 0.0240100, 0.0281110, 0.0209600, 0.0320700, 0.0293600, 0.0234400, 0.0299900, 0.0232510, 0.0316100, 0.0319300, 0.0322700, 0.0312400, 0.0307300, 0.0287500, 0.0288000, 0.0304110, 0.0301410, 0.0299900, 0.0300400, 0.0218400, 0.0319100, 0.0324200, 0.0322910, 0.0311710, 0.0279100, 0.0270500, 0.0288100, 0.0301600, 0.0326900, 0.0330610, 0.0228900, 0.0323200, 0.0323800, 0.0305100, 0.0228300, 0.0287500 ],
"timesExecution": [ 0.0319300, 0.0339300, 0.0295600, 0.0304400, 0.0302810, 0.0301610, 0.0324000, 0.0319100, 0.0319700, 0.0308800, 0.0301200, 0.0440910, 0.0303210, 0.0304810, 0.0325600, 0.0305600, 0.0307600, 0.0304400, 0.0307200, 0.0296010, 0.0308000, 0.0307600, 0.0313600, 0.0309600, 0.0307600, 0.0330210, 0.0317610, 0.0314800, 0.0320500, 0.0304400, 0.0305200, 0.0300800, 0.0307210, 0.0326100, 0.0326510, 0.0301200, 0.0339800, 0.0305200, 0.0306000, 0.0308000, 0.0321410, 0.0303210, 0.0304800, 0.0303600, 0.0304400, 0.0331300, 0.0306800, 0.0302010, 0.0318400, 0.0319500, 0.0325700, 0.0301600, 0.0320800, 0.0325110, 0.0349410, 0.0301200, 0.0300400, 0.0305600, 0.0310800, 0.0304400, 0.0306400, 0.0300410, 0.0305600, 0.0300800, 0.0301600, 0.0301600, 0.0308410, 0.0302810, 0.0303600, 0.0333400, 0.0296400, 0.0301600, 0.0317000, 0.0304810, 0.0303210, 0.0538910, 0.0318900, 0.0305600, 0.0305600, 0.0318400, 0.0324000, 0.0320800, 0.0295210, 0.0306000, 0.0308000, 0.0301600, 0.0299600, 0.0325700, 0.0308010, 0.0314010, 0.0323200, 0.0312400, 0.0304800, 0.0299200, 0.0304000, 0.0305610, 0.0318310, 0.0299600, 0.0299600, 0.0315200 ],
"timesTransferFromDevice": [ 0.4309140, 0.0184800, 0.0178800, 0.0195200, 0.0195200, 0.0198400, 0.0196000, 0.0202810, 0.0196400, 0.0196800, 0.0193200, 0.0194800, 0.0198800, 0.0195600, 0.0192410, 0.0196400, 0.0196000, 0.0194000, 0.0195600, 0.0195600, 0.0198010, 0.0195210, 0.0196000, 0.0196000, 0.0200800, 0.0195600, 0.0195200, 0.0200010, 0.0190810, 0.0197200, 0.0196800, 0.0201200, 0.0513700, 0.0197200, 0.0195200, 0.0193200, 0.0193610, 0.0198000, 0.0196800, 0.0193600, 0.0194800, 0.0198400, 0.0194400, 0.0196000, 0.0194000, 0.0196000, 0.0200000, 0.0195200, 0.0195600, 0.0196810, 0.0196400, 0.0203600, 0.0193200, 0.0188400, 0.0199200, 0.0194400, 0.0191610, 0.0198000, 0.0196800, 0.0200400, 0.0205600, 0.0195200, 0.0196000, 0.0194010, 0.0197600, 0.0193600, 0.0197600, 0.0198800, 0.0199600, 0.0195210, 0.0199600, 0.0199600, 0.0205200, 0.0199600, 0.0195200, 0.0198000, 0.0197200, 0.0194810, 0.0196800, 0.0199200, 0.0196000, 0.0194800, 0.0198800, 0.0196410, 0.0194000, 0.0196800, 0.0223600, 0.0193600, 0.0193200, 0.0190400, 0.0195200, 0.0198810, 0.0195600, 0.0198400, 0.0194800, 0.0245100, 0.0204800, 0.0197200, 0.0194800, 0.0196000 ],
"bins": [ 0, 2048, 0, 0, 0, 0, 0, 0, 0, 0, 0, 0, 0, 0, 0, 0, 0, 0, 0, 0, 0, 0, 0, 0, 0, 0, 0 ]
}
,
"histogram_atomic_private": {
"timesTransferToDevice": [ 0.0168000, 0.0295900, 0.0308200, 0.0266500, 0.0296900, 0.0296010, 0.0295800, 0.0301800, 0.0296600, 0.0252400, 0.0312800, 0.0302510, 0.0322310, 0.0230400, 0.0305600, 0.0285900, 0.0292700, 0.0299600, 0.0237510, 0.0305300, 0.0286500, 0.0287900, 0.0300000, 0.0282800, 0.0300800, 0.0286210, 0.0249900, 0.0288200, 0.0293100, 0.0303000, 0.0286000, 0.0293110, 0.0322500, 0.0304000, 0.0287400, 0.0303800, 0.0323200, 0.0328210, 0.0227610, 0.0264000, 0.0287300, 0.0298200, 0.0287700, 0.0326110, 0.0269510, 0.0273000, 0.0287200, 0.0295000, 0.0293300, 0.0230000, 0.0231300, 0.0303900, 0.0325700, 0.0305700, 0.0321100, 0.0287800, 0.0288810, 0.0300000, 0.0287400, 0.0323000, 0.0290300, 0.0323200, 0.0316600, 0.0321100, 0.0318700, 0.0286300, 0.0328210, 0.0232000, 0.0287900, 0.0286900, 0.0324400, 0.0290700, 0.0295810, 0.0287110, 0.0285700, 0.0324200, 0.0290000, 0.0301700, 0.0212000, 0.0286610, 0.0328700, 0.0268600, 0.0292100, 0.0306600, 0.0280100, 0.0303600, 0.0326900, 0.0327000, 0.0240210, 0.0288700, 0.0232800, 0.0289600, 0.0229400, 0.0316910, 0.0232500, 0.0278800, 0.0305200, 0.0214000, 0.0287500, 0.0325210 ],
"timesExecution": [ 0.0309110, 0.0294800, 0.0302900, 0.0309000, 0.0316100, 0.0309800, 0.0308900, 0.0309810, 0.0286010, 0.0292000, 0.0309600, 0.0296400, 0.0300400, 0.0314710, 0.0297610, 0.0303600, 0.0319600, 0.0292400, 0.0298000, 0.0325100, 0.0296810, 0.0315600, 0.0316800, 0.0319200, 0.0292000, 0.0301600, 0.0299210, 0.0292800, 0.0313700, 0.0316800, 0.0296800, 0.0313700, 0.0324200, 0.0302010, 0.0307200, 0.0301200, 0.0299200, 0.0300400, 0.0315700, 0.0292810, 0.0325900, 0.0300800, 0.0298800, 0.0299200, 0.0302800, 0.0297610, 0.0322000, 0.0296800, 0.0301600, 0.0317000, 0.0298000, 0.0301210, 0.0325710, 0.0299600, 0.0297600, 0.0297200, 0.0322800, 0.0315700, 0.0323810, 0.0299600, 0.0317200, 0.0300410, 0.0305210, 0.0299200, 0.0313300, 0.0307600, 0.0298800, 0.0299600, 0.0298410, 0.0300000, 0.0315300, 0.0320400, 0.0327100, 0.0298000, 0.0320110, 0.0327710, 0.0299200, 0.0296800, 0.0304400, 0.0314900, 0.0291600, 0.0302710, 0.0324400, 0.0669210, 0.0325700, 0.0300800, 0.0302800, 0.0300000, 0.0321600, 0.0299610, 0.0298000, 0.0298000, 0.0300400, 0.0325300, 0.0317300, 0.0306810, 0.0296810, 0.0302800, 0.0301200, 0.0297600 ],
"timesTransferFromDevice": [ 0.0181200, 0.0170000, 0.0170810, 0.0194800, 0.0192000, 0.0192400, 0.0190800, 0.0191200, 0.0186800, 0.0188010, 0.0197600, 0.0192000, 0.0206000, 0.0195600, 0.0194800, 0.0203210, 0.0200400, 0.0194000, 0.0200000, 0.0196800, 0.0198800, 0.0200000, 0.0192410, 0.0198000, 0.0192800, 0.0193600, 0.0195600, 0.0196400, 0.0206010, 0.0198000, 0.0194800, 0.0210800, 0.0192800, 0.0193200, 0.0197200, 0.0200810, 0.0195600, 0.0196400, 0.0194400, 0.0194800, 0.0194000, 0.0195210, 0.0201200, 0.0193200, 0.0198800, 0.0197600, 0.0194000, 0.0203210, 0.0196800, 0.0199200, 0.0194800, 0.0195600, 0.0195200, 0.0196010, 0.0194000, 0.0200000, 0.0193600, 0.0196400, 0.0193200, 0.0195600, 0.0776210, 0.0226900, 0.0195600, 0.0210410, 0.0193600, 0.0196000, 0.0212400, 0.0196000, 0.0195600, 0.0194800, 0.0191210, 0.0200800, 0.0200400, 0.0193200, 0.0197200, 0.0194400, 0.0200000, 0.0200000, 0.0194800, 0.0204400, 0.0202800, 0.0198400, 0.0196800, 0.0195200, 0.0194800, 0.0197610, 0.0194800, 0.0200800, 0.0194400, 0.0195600, 0.0194400, 0.0198810, 0.0199200, 0.0196800, 0.0200400, 0.0198000, 0.0195600, 0.0193610, 0.0200000, 0.0198800 ],
"bins": [ 0, 2048, 0, 0, 0, 0, 0, 0, 0, 0, 0, 0, 0, 0, 0, 0, 0, 0, 0, 0, 0, 0, 0, 0, 0, 0, 0 ]
}
,