{
"inputLengthInCharacters": 65536,
"uniformInput": true,
"useMappingLetter": true,
"measurements": {
"histogram_one_thread_per_character": {
"timesTransferToDevice": [ 0.4757930, 0.0271700, 0.0224000, 0.0213200, 0.0233200, 0.0259410, 0.0234410, 0.0267510, 0.0242400, 0.0320400, 0.0238800, 0.0563200, 0.0244400, 0.0233610, 0.0228410, 0.0238400, 0.0240400, 0.0268700, 0.0234400, 0.0237600, 0.0232000, 0.0240400, 0.0236400, 0.0233600, 0.0233600, 0.0227210, 0.0238810, 0.0240800, 0.0301000, 0.0239600, 0.0248000, 0.0234000, 0.0234400, 0.0255600, 0.0232000, 0.0259200, 0.0234010, 0.0238810, 0.0255600, 0.0237200, 0.0227200, 0.0253200, 0.0233200, 0.0305300, 0.0234400, 0.0232010, 0.0233610, 0.0239210, 0.0235600, 0.0242000, 0.0234800, 0.0232000, 0.0293600, 0.0233600, 0.0232400, 0.0262700, 0.0239610, 0.0236410, 0.0242410, 0.0233600, 0.0232800, 0.0238400, 0.0233200, 0.0234400, 0.0229200, 0.0235200, 0.0230000, 0.0267200, 0.0262000, 0.0272210, 0.0238410, 0.0235200, 0.0245200, 0.0242000, 0.0240400, 0.0678700, 0.0261000, 0.0235200, 0.0234410, 0.0230810, 0.0240800, 0.0232800, 0.0238800, 0.0238800, 0.0236400, 0.0241600, 0.0232000, 0.0232400, 0.0238400, 0.0266400, 0.0242400, 0.0230810, 0.0232410, 0.0238000, 0.0261800, 0.0235200, 0.0237200, 0.0266200, 0.0236000, 0.0234400 ],
"timesExecution": [ 0.0633610, 0.0611210, 0.0629010, 0.0629310, 0.0622910, 0.0625700, 0.0608400, 0.0607600, 0.0624200, 0.0629000, 0.0618310, 0.0619210, 0.0606800, 0.0604000, 0.0604400, 0.0633800, 0.0625700, 0.0608400, 0.0605600, 0.0627410, 0.0622010, 0.0628810, 0.0624210, 0.0623910, 0.0628300, 0.0600000, 0.0625100, 0.0625400, 0.0621600, 0.0620710, 0.0668810, 0.0623010, 0.0585510, 0.0620010, 0.0622110, 0.0620900, 0.0604800, 0.0652800, 0.0609200, 0.0622300, 0.0600010, 0.0616410, 0.0604410, 0.0622010, 0.0617800, 0.0621700, 0.0625100, 0.0620800, 0.0627700, 0.0617500, 0.0625110, 0.0620110, 0.0620410, 0.0604810, 0.0607210, 0.0621300, 0.0602800, 0.0605200, 0.0605400, 0.0622000, 0.0604400, 0.0624700, 0.0623210, 0.0574810, 0.0600010, 0.0637110, 0.0605610, 0.0600610, 0.0608000, 0.0620500, 0.0606400, 0.0606000, 0.0641000, 0.0618300, 0.0608800, 0.0620310, 0.0605200, 0.0622700, 0.0605200, 0.0624100, 0.0600400, 0.0607200, 0.0620200, 0.0600400, 0.0624010, 0.0604410, 0.0600410, 0.0602810, 0.0615210, 0.0623610, 0.0600000, 0.0621300, 0.0624600, 0.0601200, 0.0617200, 0.0619700, 0.0608810, 0.0605610, 0.0626310, 0.0622010 ],
"timesTransferFromDevice": [ 0.4136430, 0.0189600, 0.0176800, 0.0238300, 0.0229200, 0.0197200, 0.0195600, 0.0213600, 0.0194010, 0.0239900, 0.0228500, 0.0198400, 0.0207600, 0.0226000, 0.0202400, 0.0230410, 0.0213210, 0.0206410, 0.0203600, 0.0205600, 0.0202800, 0.0209600, 0.0265400, 0.0245600, 0.0206800, 0.0268800, 0.0230500, 0.0279010, 0.0222400, 0.0204800, 0.0230900, 0.0235900, 0.0204000, 0.0203600, 0.0198800, 0.0245900, 0.0230100, 0.0235010, 0.0201210, 0.0214400, 0.0230200, 0.0236500, 0.0226400, 0.0234600, 0.0232800, 0.0237100, 0.0203600, 0.0213600, 0.0235810, 0.0227300, 0.0232400, 0.0266500, 0.0197600, 0.0195600, 0.0199600, 0.0210000, 0.0237900, 0.0210800, 0.0234810, 0.0200410, 0.0200410, 0.0197600, 0.0225900, 0.0234200, 0.0212800, 0.0217200, 0.0228400, 0.0234600, 0.0206800, 0.0204400, 0.0232700, 0.0234900, 0.0203610, 0.0230410, 0.0212000, 0.0213600, 0.0212400, 0.0199200, 0.0194000, 0.0200000, 0.0201200, 0.0233210, 0.0204810, 0.0228000, 0.0235700, 0.0201600, 0.0198400, 0.0235000, 0.0197600, 0.0211600, 0.0198800, 0.0197200, 0.0200800, 0.0197200, 0.0263010, 0.0236900, 0.0224500, 0.0204000, 0.0228100, 0.0200000 ],
"bins": [ 0, 65536, 0, 0, 0, 0, 0, 0, 0, 0, 0, 0, 0, 0, 0, 0, 0, 0, 0, 0, 0, 0, 0, 0, 0, 0, 0 ]
}
,
"histogram_atomic_private": {
"timesTransferToDevice": [ 0.0212800, 0.0207600, 0.0212010, 0.0206400, 0.0218800, 0.0229200, 0.0228000, 0.0219200, 0.0248810, 0.0230000, 0.0230800, 0.0233200, 0.0239200, 0.0233200, 0.0266900, 0.0230010, 0.0228000, 0.0244400, 0.0228000, 0.0229600, 0.0237600, 0.0264800, 0.0268700, 0.0313410, 0.0238410, 0.0231200, 0.0240400, 0.0231600, 0.0228000, 0.0257100, 0.0230800, 0.0232010, 0.0239200, 0.0259500, 0.0230000, 0.0240000, 0.0245600, 0.0234000, 0.0267600, 0.0258700, 0.0238400, 0.0237610, 0.0265310, 0.0235200, 0.0241200, 0.0234400, 0.0240400, 0.0233600, 0.0257010, 0.0234010, 0.0239200, 0.0256300, 0.0230800, 0.0237600, 0.0231600, 0.0267800, 0.0240810, 0.0232010, 0.0236000, 0.0230800, 0.0235600, 0.0263500, 0.0253500, 0.0273300, 0.0246800, 0.0266000, 0.0244000, 0.0265700, 0.0227600, 0.0269710, 0.0236000, 0.0269200, 0.0262800, 0.0285000, 0.0246800, 0.0240800, 0.0231600, 0.0245610, 0.0238000, 0.0301800, 0.0234400, 0.0237600, 0.0274800, 0.0234400, 0.0238400, 0.0234000, 0.0232010, 0.0253200, 0.0243200, 0.0254400, 0.0234400, 0.0234400, 0.0257500, 0.0270610, 0.0237600, 0.0234000, 0.0234000, 0.0260700, 0.0232800, 0.0261000 ],
"timesExecution": [ 0.0300800, 0.0294400, 0.0298000, 0.0323710, 0.0315810, 0.0306400, 0.0300000, 0.0316900, 0.0317200, 0.0322310, 0.0308010, 0.0310000, 0.0320800, 0.0323200, 0.0319200, 0.0317600, 0.0318400, 0.0318410, 0.0341610, 0.0317200, 0.0336100, 0.0339800, 0.0341000, 0.0318000, 0.0321200, 0.0317210, 0.0339610, 0.0334300, 0.0336300, 0.0325600, 0.0320800, 0.0320400, 0.0314000, 0.0345510, 0.0318410, 0.0338900, 0.0320800, 0.0334900, 0.0341600, 0.0337800, 0.0320800, 0.0320800, 0.0339400, 0.0326010, 0.0346310, 0.0338900, 0.0341100, 0.0324400, 0.0337600, 0.0337200, 0.0318400, 0.0339310, 0.0318810, 0.0323600, 0.0318800, 0.0341800, 0.2946820, 0.0346200, 0.0323210, 0.0335210, 0.0867810, 0.0318000, 0.0318410, 0.0320410, 0.0359010, 0.0322800, 0.0323200, 0.0343300, 0.0336800, 0.0321600, 0.0338300, 0.0336810, 0.0316810, 0.0323610, 0.0321200, 0.0318400, 0.0332700, 0.0321200, 0.0321600, 0.0318410, 0.0325210, 0.0319200, 0.0339300, 0.0341600, 0.0316800, 0.0324400, 0.0322000, 0.0317200, 0.0336510, 0.0326800, 0.0337300, 0.0320400, 0.0316000, 0.0324400, 0.0343300, 0.0336110, 0.0320010, 0.0319600, 0.0322000, 0.0317600 ],
"timesTransferFromDevice": [ 0.0170000, 0.0178400, 0.0172800, 0.0216100, 0.0232400, 0.0194010, 0.0199200, 0.0231800, 0.0210400, 0.0199200, 0.0230600, 0.0226900, 0.0230910, 0.0243900, 0.0196000, 0.0231700, 0.0226300, 0.0243600, 0.0268700, 0.0235000, 0.0192410, 0.0196000, 0.0205200, 0.0231800, 0.0210400, 0.0233800, 0.0201200, 0.0200400, 0.0236010, 0.0228100, 0.0270600, 0.0235800, 0.0234200, 0.0229200, 0.0257600, 0.0202800, 0.0200010, 0.0237100, 0.0570110, 0.0229700, 0.0212400, 0.0233000, 0.0199600, 0.0199200, 0.0195200, 0.0207210, 0.0227610, 0.0213600, 0.0198400, 0.0230500, 0.0210000, 0.0228500, 0.0216000, 0.0205610, 0.0234800, 0.0279900, 0.0227600, 0.0233000, 0.0234300, 0.0226300, 0.0241000, 0.0232600, 0.0231300, 0.0269100, 0.0204800, 0.0269900, 0.0198410, 0.0211200, 0.0204000, 0.0236000, 0.0199200, 0.0212400, 0.0200000, 0.0202000, 0.0232510, 0.0228900, 0.0236500, 0.0201200, 0.0201200, 0.0214000, 0.0228900, 0.0249010, 0.0206410, 0.0233900, 0.0203200, 0.0210800, 0.0196400, 0.0260000, 0.0192800, 0.0197600, 0.0243110, 0.0198000, 0.0211200, 0.0196400, 0.0208800, 0.0225600, 0.0196800, 0.0240010, 0.0226810, 0.0256700 ],
"bins": [ 0, 65536, 0, 0, 0, 0, 0, 0, 0, 0, 0, 0, 0, 0, 0, 0, 0, 0, 0, 0, 0, 0, 0, 0, 0, 0, 0 ]
}
,