{
"inputLengthInCharacters": 8,
"uniformInput": false,
"useMappingLetter": true,
"measurements": {
"histogram_one_thread_per_character": {
"timesTransferToDevice": [ 0.0483400, 0.0203600, 0.0254400, 0.0266800, 0.0249000, 0.0263400, 0.0253900, 0.0237610, 0.0275810, 0.0273200, 0.0599800, 0.0245700, 0.0234100, 0.0267000, 0.0274410, 0.0243810, 0.0245110, 0.0243310, 0.0242300, 0.0252700, 0.0251100, 0.0234900, 0.0260200, 0.0238300, 0.0230600, 0.0229600, 0.0277000, 0.0263900, 0.0233000, 0.0231500, 0.0251000, 0.0238900, 0.0230100, 0.0249800, 0.0243400, 0.0251600, 0.0267300, 0.0252400, 0.0215600, 0.0292400, 0.0268600, 0.0268700, 0.0264400, 0.0244500, 0.0240900, 0.0294010, 0.0235310, 0.0238210, 0.0273210, 0.0273710, 0.0213600, 0.0240100, 0.0238800, 0.0267400, 0.0242400, 0.0250400, 0.0272400, 0.0273500, 0.0235700, 0.0227900, 0.0233300, 0.0269300, 0.0253900, 0.0246800, 0.0274310, 0.0273110, 0.0264610, 0.0244410, 0.0245700, 0.0248000, 0.0242000, 0.0230100, 0.0217200, 0.0263100, 0.0265400, 0.0241500, 0.0294500, 0.0251800, 0.0245600, 0.0234600, 0.0267910, 0.0251710, 0.0267810, 0.0235610, 0.0288210, 0.0238200, 0.0269900, 0.0275300, 0.0250200, 0.0266300, 0.0274200, 0.0252700, 0.0253600, 0.0271000, 0.0229300, 0.0250500, 0.0266400, 0.0243500, 0.0265010, 0.0263210 ],
"timesExecution": [ 0.0294000, 0.0325710, 0.0314710, 0.0324310, 0.0316810, 0.0320100, 0.0321400, 0.0315600, 0.0319700, 0.0313800, 0.0319910, 0.0444010, 0.0315300, 0.0293200, 0.0313000, 0.0314600, 0.0313300, 0.0292800, 0.0294000, 0.0311200, 0.0291200, 0.0294400, 0.0314000, 0.0300800, 0.0311900, 0.0309100, 0.0313310, 0.0313810, 0.0312810, 0.0309510, 0.0315010, 0.0304810, 0.0321900, 0.0314200, 0.0318200, 0.0311200, 0.0308400, 0.0315100, 0.0311600, 0.0291600, 0.0349010, 0.0322910, 0.0314610, 0.0315300, 0.0292400, 0.0294200, 0.0312400, 0.0314200, 0.0315200, 0.0314200, 0.0317800, 0.0294000, 0.0292800, 0.0290800, 0.0294800, 0.0292000, 0.0315510, 0.0321610, 0.0292810, 0.0311210, 0.0296010, 0.0298400, 0.0310900, 0.0290800, 0.0310800, 0.0295600, 0.0314200, 0.0316700, 0.0311300, 0.0288400, 0.0292400, 0.0313700, 0.0295200, 0.0297200, 0.0347400, 0.0568510, 0.0292010, 0.0315800, 0.0319100, 0.0310400, 0.0293600, 0.0316700, 0.0309600, 0.0293200, 0.0291200, 0.0292800, 0.0294800, 0.0309100, 0.0292000, 0.0314100, 0.0308700, 0.0292410, 0.0288810, 0.0319210, 0.0313210, 0.0290000, 0.0292800, 0.0310300, 0.0312500, 0.0323400 ],
"timesTransferFromDevice": [ 0.4053540, 0.0185600, 0.0188800, 0.0242800, 0.0201200, 0.0234200, 0.0237500, 0.0207600, 0.0287000, 0.0259110, 0.0233400, 0.0235000, 0.0219600, 0.0263400, 0.0270000, 0.0220400, 0.0210400, 0.0235300, 0.0234100, 0.0235600, 0.0212410, 0.0231310, 0.0239410, 0.0231010, 0.0231710, 0.0239000, 0.0227700, 0.0233800, 0.0234000, 0.0233800, 0.0208800, 0.0264000, 0.0545000, 0.0224400, 0.0272810, 0.0258910, 0.0204010, 0.0232410, 0.0232900, 0.0231200, 0.0238900, 0.0236300, 0.0233800, 0.0225900, 0.0198000, 0.0238200, 0.0239700, 0.0212400, 0.0202000, 0.0220000, 0.0260510, 0.0233810, 0.0233010, 0.0244810, 0.0235300, 0.0234700, 0.0228500, 0.0210400, 0.0240600, 0.0232500, 0.0229700, 0.0203200, 0.0211200, 0.0228800, 0.0240100, 0.0238600, 0.0234200, 0.0214800, 0.0231300, 0.0229200, 0.0233800, 0.0242010, 0.0233010, 0.0234210, 0.0262110, 0.0234200, 0.0237200, 0.0204800, 0.0257200, 0.0233100, 0.0230500, 0.0216800, 0.0216400, 0.0238400, 0.0232500, 0.0207200, 0.0237800, 0.0230010, 0.0233810, 0.0202410, 0.0232600, 0.0231100, 0.0233800, 0.0261800, 0.0213200, 0.0228500, 0.0230000, 0.0225600, 0.0229300, 0.0257200 ],
"bins": [ 3, 0, 0, 0, 0, 0, 0, 0, 0, 1, 0, 0, 0, 1, 0, 0, 0, 0, 0, 0, 0, 0, 1, 1, 1, 0, 0 ]
}
,
"histogram_atomic_private": {
"timesTransferToDevice": [ 0.0293300, 0.0241700, 0.0216000, 0.0204400, 0.0232100, 0.0256410, 0.0253610, 0.0236610, 0.0259210, 0.0240610, 0.0224110, 0.0270610, 0.0240810, 0.0240900, 0.0252900, 0.0256000, 0.0240000, 0.0250600, 0.0269900, 0.0266700, 0.0248400, 0.0273000, 0.0268600, 0.0236400, 0.0252500, 0.0245000, 0.0253000, 0.0250100, 0.0235910, 0.0272910, 0.0257710, 0.0244010, 0.0238210, 0.0250110, 0.0237510, 0.0240900, 0.0235100, 0.0250800, 0.0277700, 0.0235300, 0.0270500, 0.0243600, 0.0245400, 0.0267900, 0.0264500, 0.0252300, 0.0266900, 0.0256200, 0.0251700, 0.0270400, 0.0304610, 0.0252310, 0.0252510, 0.0290710, 0.0263200, 0.0250500, 0.0273400, 0.0273100, 0.0267900, 0.0233900, 0.0256700, 0.0247710, 0.0267400, 0.0251000, 0.0232600, 0.0252400, 0.0274100, 0.0266300, 0.0234400, 0.0275200, 0.0233700, 0.0233700, 0.0276100, 0.0281400, 0.0236700, 0.0275300, 0.0246400, 0.0271800, 0.0254110, 0.0234710, 0.0295410, 0.0303610, 0.0274300, 0.0299400, 0.0232600, 0.0266600, 0.0235900, 0.0248200, 0.0240500, 0.0300000, 0.0272710, 0.0246710, 0.0234210, 0.0238410, 0.0260200, 0.0237000, 0.0242000, 0.0239100, 0.0272200, 0.0278400 ],
"timesExecution": [ 0.0270000, 0.0265200, 0.0262000, 0.0294100, 0.0289500, 0.0293200, 0.0280100, 0.0298700, 0.0281600, 0.0300000, 0.0283200, 0.0312500, 0.0297600, 0.0314600, 0.0312400, 0.0296800, 0.0289600, 0.0316600, 0.0290400, 0.0315500, 0.0294800, 0.0308410, 0.0293210, 0.0294010, 0.0299610, 0.0316610, 0.0296800, 0.0313400, 0.0289200, 0.0298800, 0.0314800, 0.0313100, 0.0309600, 0.0311700, 0.0312500, 0.0320700, 0.0294400, 0.0293200, 0.0317500, 0.0296400, 0.0326000, 0.0312000, 0.0296810, 0.0312510, 0.0308710, 0.0318110, 0.0316110, 0.0317100, 0.0294800, 0.0315700, 0.0319100, 0.0313000, 0.0313000, 0.0315800, 0.0311300, 0.0292400, 0.0311500, 0.0313300, 0.0312000, 0.0311200, 0.0312810, 0.0311800, 0.0318500, 0.0311300, 0.0309300, 0.0295200, 0.0314500, 0.0293200, 0.0292800, 0.0315400, 0.0316010, 0.0313010, 0.0316710, 0.0310510, 0.0296010, 0.0291200, 0.0293600, 0.0312600, 0.0310300, 0.0296000, 0.0316300, 0.0318200, 0.0316100, 0.0313600, 0.0310900, 0.0310410, 0.0310910, 0.0313610, 0.0292010, 0.0310000, 0.0313100, 0.0310800, 0.0293600, 0.0317500, 0.0296000, 0.0315400, 0.0295200, 0.0309300, 0.0312800, 0.0292400 ],
"timesTransferFromDevice": [ 0.0176000, 0.0176810, 0.0175600, 0.0255600, 0.0196000, 0.0192400, 0.0184400, 0.0188800, 0.0225900, 0.0220000, 0.0196000, 0.0240600, 0.0261500, 0.0235000, 0.0229710, 0.0228210, 0.0253310, 0.0230510, 0.0230910, 0.0233100, 0.0238600, 0.0214000, 0.0229700, 0.0233600, 0.0212400, 0.0258800, 0.0230900, 0.0258300, 0.0242000, 0.0229600, 0.0202400, 0.0229800, 0.0212000, 0.0200800, 0.0227200, 0.0290210, 0.0236110, 0.0210010, 0.0212010, 0.0205210, 0.0261900, 0.0263200, 0.0214000, 0.0230000, 0.0203600, 0.0230200, 0.0210400, 0.0229200, 0.0216400, 0.0228400, 0.0237500, 0.0235800, 0.0195600, 0.0222000, 0.0257110, 0.0230010, 0.0228010, 0.0231700, 0.0228400, 0.0212800, 0.0759400, 0.0226300, 0.0231000, 0.0242700, 0.0233610, 0.0233410, 0.0231710, 0.0200410, 0.0209610, 0.0267500, 0.0237200, 0.0211200, 0.0196800, 0.0240200, 0.0229700, 0.0234000, 0.0207200, 0.0228700, 0.0233800, 0.0232100, 0.0220400, 0.0234900, 0.0237010, 0.0263810, 0.0241800, 0.0259100, 0.0203600, 0.0234200, 0.0233100, 0.0261200, 0.0211200, 0.0230500, 0.0264100, 0.0212000, 0.0263400, 0.0224810, 0.0208810, 0.0211610, 0.0212410, 0.0241010 ],
"bins": [ 3, 0, 0, 0, 0, 0, 0, 0, 0, 1, 0, 0, 0, 1, 0, 0, 0, 0, 0, 0, 0, 0, 1, 1, 1, 0, 0 ]
}
,