{
"inputLengthInCharacters": 262144,
"uniformInput": false,
"useMappingLetter": false,
"measurements": {
"histogram_one_thread_per_character": {
"timesTransferToDevice": [ 0.4567830, 0.0375300, 0.0338200, 0.0342200, 0.0391800, 0.0348100, 0.0353900, 0.0359900, 0.0346100, 0.0368600, 0.0358200, 0.0677100, 0.0355710, 0.0364300, 0.0350300, 0.0346410, 0.0366410, 0.0362710, 0.0362000, 0.0371200, 0.0359400, 0.0357600, 0.0362200, 0.0366000, 0.0369300, 0.0357900, 0.0357100, 0.0361500, 0.0363300, 0.0381510, 0.0372110, 0.0364910, 0.0367310, 0.0373500, 0.0370900, 0.0360800, 0.0364400, 0.0399200, 0.0377100, 0.0375100, 0.0367310, 0.0371010, 0.0377410, 0.0369810, 0.0380000, 0.0378400, 0.0370900, 0.0372600, 0.0371700, 0.0368200, 0.0376200, 0.0368410, 0.0364110, 0.0369710, 0.0363700, 0.0367700, 0.0371300, 0.0368500, 0.0368600, 0.0359900, 0.0365900, 0.0362000, 0.0364900, 0.0370900, 0.0359410, 0.0450510, 0.0365710, 0.0365310, 0.0365900, 0.0367700, 0.0362300, 0.0372500, 0.0410000, 0.0365200, 0.0363200, 0.0907310, 0.0367700, 0.0369400, 0.0366500, 0.0360800, 0.0364600, 0.0363200, 0.0365300, 0.0364000, 0.0367000, 0.0365200, 0.0402910, 0.0366410, 0.0361210, 0.0372100, 0.0370400, 0.0362800, 0.0367100, 0.0424300, 0.0380000, 0.0368100, 0.0368800, 0.0361900, 0.0365310, 0.0359110 ],
"timesExecution": [ 0.0442800, 0.0463400, 0.0421200, 0.0454500, 0.0459000, 0.0433800, 0.0432400, 0.0434400, 0.0452500, 0.0449210, 0.0447610, 0.0430000, 0.0485010, 0.0432800, 0.0432400, 0.0454100, 0.0436000, 0.0457500, 0.0456300, 0.0458200, 0.0456400, 0.0454300, 0.0455010, 0.0454610, 0.0459110, 0.0454210, 0.0457110, 0.0455510, 0.0455400, 0.0459600, 0.0455600, 0.0461900, 0.0637200, 0.0458000, 0.0460300, 0.0463510, 0.0456310, 0.0461810, 0.0458010, 0.0460800, 0.0459600, 0.0457200, 0.0462700, 0.0463000, 0.0459200, 0.0459200, 0.0458810, 0.0461710, 0.0466610, 0.0463010, 0.0460800, 0.0462000, 0.0458000, 0.0459200, 0.0458700, 0.0455500, 0.0457500, 0.0457610, 0.0459210, 0.0460410, 0.0458310, 0.0458010, 0.0458410, 0.0456700, 0.0458500, 0.0457100, 0.0455000, 0.0454300, 0.0459500, 0.0455200, 0.0456400, 0.0454200, 0.0458010, 0.0455610, 0.0455510, 0.0459700, 0.0463100, 0.0460100, 0.0462800, 0.0455610, 0.0460110, 0.0458210, 0.0461910, 0.0455810, 0.0463510, 0.0460800, 0.0460800, 0.0455600, 0.0456300, 0.0457500, 0.0459500, 0.0455500, 0.0461300, 0.0458910, 0.0456410, 0.0455910, 0.0458010, 0.0458300, 0.0455900, 0.0456200 ],
"timesTransferFromDevice": [ 0.3908430, 0.0186800, 0.0175200, 0.0198800, 0.0202810, 0.0214810, 0.0234310, 0.0294710, 0.0213200, 0.0196400, 0.0207200, 0.0216800, 0.0195600, 0.0199600, 0.0226400, 0.0259600, 0.0253400, 0.0211200, 0.0204400, 0.0202410, 0.0206000, 0.0214400, 0.0213600, 0.0208000, 0.0204400, 0.0204000, 0.0206400, 0.0205200, 0.0204400, 0.0236500, 0.0209200, 0.0213600, 0.0208410, 0.0206810, 0.0206000, 0.0212400, 0.0258500, 0.0209200, 0.0213600, 0.0210800, 0.0212400, 0.0206400, 0.0213600, 0.0263310, 0.0216010, 0.0211600, 0.0210000, 0.0216000, 0.0208800, 0.0216400, 0.0210800, 0.0210400, 0.0211600, 0.0204000, 0.0209610, 0.0207610, 0.0218400, 0.0208800, 0.0212000, 0.0208800, 0.0216400, 0.0204400, 0.0206400, 0.0209600, 0.0206400, 0.0211600, 0.0208400, 0.0207200, 0.0204810, 0.0206410, 0.0207210, 0.0214400, 0.0205200, 0.0206800, 0.0200800, 0.0210000, 0.0205210, 0.0206410, 0.0215200, 0.0206000, 0.0205200, 0.0210000, 0.0206000, 0.0204400, 0.0208000, 0.0206400, 0.0203600, 0.0211600, 0.0216000, 0.0208400, 0.0209610, 0.0204410, 0.0204400, 0.0207600, 0.0206800, 0.0206800, 0.0211200, 0.0206800, 0.0203600, 0.0212800 ],
"bins": [ 2067, 2073, 2066, 2029, 1942, 2120, 2044, 2035, 2048, 2059, 2028, 1976, 2085, 1957, 2010, 2008, 2133, 2096, 2108, 2030, 2049, 2059, 2065, 2075, 1993, 2069, 2038, 1999, 2021, 1974, 2053, 2064, 2064, 2073, 1994, 2034, 2123, 2035, 2006, 2123, 2046, 2040, 2039, 2071, 1955, 2007, 2050, 2014, 2105, 2051, 2064, 2029, 2038, 2035, 1994, 2082, 2128, 2064, 2018, 2085, 2045, 2033, 2071, 2082, 2110, 2045, 2118, 2033, 2020, 2013, 1998, 1953, 2050, 2049, 2001, 2038, 2101, 2058, 2019, 1987, 2081, 2065, 2078, 2068, 2087, 2076, 2038, 2033, 1976, 2074, 2115, 2123, 1998, 2029, 2054, 2055, 2048, 2058, 1938, 2080, 1991, 2017, 2044, 2059, 2069, 2055, 2105, 2069, 2048, 2002, 2096, 1972, 2082, 1988, 2088, 2044, 1989, 2048, 2063, 2053, 2117, 2104, 2052, 2139, 2058, 2016, 2058, 2080 ]
}
,
"histogram_atomic_private": {
"timesTransferToDevice": [ 0.0337800, 0.0326700, 0.0328300, 0.0328700, 0.0390410, 0.0365310, 0.0350410, 0.0351510, 0.0354000, 0.0362600, 0.0356400, 0.0351900, 0.0361400, 0.0366400, 0.0388500, 0.0362000, 0.0362800, 0.0361500, 0.0368000, 0.0366810, 0.0361210, 0.0371110, 0.0363610, 0.0372110, 0.0368610, 0.0372910, 0.0367800, 0.0368400, 0.0361600, 0.0371300, 0.0374000, 0.0376500, 0.0371000, 0.0366000, 0.0371800, 0.0373400, 0.0362800, 0.0363300, 0.0371800, 0.0371300, 0.0367500, 0.0370300, 0.0369700, 0.0368100, 0.0369300, 0.0367310, 0.0370510, 0.0361210, 0.0362610, 0.0361110, 0.0367710, 0.0370500, 0.0369300, 0.0364400, 0.0370100, 0.0362400, 0.0363500, 0.0362400, 0.0360300, 0.0368900, 0.0411800, 0.0370710, 0.0375200, 0.0359900, 0.0364900, 0.0370500, 0.0360400, 0.0360900, 0.0378500, 0.0359000, 0.0367700, 0.0361600, 0.0366900, 0.0354700, 0.0366400, 0.0360300, 0.0411610, 0.0364910, 0.0372010, 0.0369110, 0.0364010, 0.0370110, 0.0365300, 0.0362800, 0.0366500, 0.0366100, 0.0365600, 0.0370100, 0.0362300, 0.0370000, 0.0363500, 0.0363200, 0.0365500, 0.0364400, 0.0372700, 0.0366400, 0.0361500, 0.0368100, 0.0366300, 0.0368110 ],
"timesExecution": [ 0.0253210, 0.0254800, 0.0246800, 0.0283300, 0.0280200, 0.0281500, 0.0289000, 0.0291900, 0.0292600, 0.0286710, 0.0290710, 0.0287100, 0.0308500, 0.0304600, 0.0303600, 0.0299600, 0.0303900, 0.0300000, 0.0301600, 0.0299400, 0.0319400, 0.0303100, 0.0308400, 0.0302700, 0.0302400, 0.0306200, 0.0304400, 0.0299100, 0.0303910, 0.0301910, 0.0308510, 0.0300710, 0.0303210, 0.0301510, 0.0302300, 0.0298300, 0.0304800, 0.0308700, 0.0303300, 0.0304100, 0.0304400, 0.0301900, 0.0300300, 0.0306400, 0.0308700, 0.0303100, 0.0300700, 0.0299100, 0.0302300, 0.0299900, 0.0302700, 0.0303900, 0.0305100, 0.0305200, 0.0299910, 0.0300710, 0.0302010, 0.0299610, 0.0307510, 0.0298400, 0.0940510, 0.0306700, 0.0299100, 0.0303300, 0.0301110, 0.0303610, 0.0306510, 0.0300410, 0.0303810, 0.0304300, 0.0298300, 0.0300000, 0.0305500, 0.0299900, 0.0299800, 0.0297100, 0.0307200, 0.0299500, 0.0301200, 0.0302300, 0.0306700, 0.0299100, 0.0308000, 0.0299000, 0.0304710, 0.0298700, 0.0299910, 0.0302310, 0.0300410, 0.0299510, 0.0299910, 0.0297100, 0.0303400, 0.0299100, 0.0308200, 0.0300000, 0.0303400, 0.0302300, 0.0302700, 0.0309400 ],
"timesTransferFromDevice": [ 0.0171200, 0.0172400, 0.0170010, 0.0199200, 0.0194000, 0.0194800, 0.0191600, 0.0196800, 0.0196800, 0.0196800, 0.0198000, 0.0203200, 0.0196800, 0.0209610, 0.0206810, 0.0199210, 0.0198800, 0.0212400, 0.0204800, 0.0198800, 0.0210400, 0.0206000, 0.0209600, 0.0208400, 0.0217600, 0.0208800, 0.0211600, 0.0206400, 0.0206800, 0.0204800, 0.0205600, 0.0208400, 0.0206000, 0.0205600, 0.0210000, 0.0209200, 0.0244410, 0.0206810, 0.0212810, 0.0210410, 0.0218400, 0.0204000, 0.0215200, 0.0208400, 0.0202000, 0.0206000, 0.0209600, 0.0206400, 0.0204400, 0.0210000, 0.0208000, 0.0204000, 0.0211200, 0.0205600, 0.0210000, 0.0212000, 0.0229500, 0.0204000, 0.0209200, 0.0203600, 0.0210800, 0.0212400, 0.0204000, 0.0205200, 0.0204000, 0.0202000, 0.0210800, 0.0215200, 0.0204000, 0.0202800, 0.0210400, 0.0210410, 0.0217210, 0.0202410, 0.0208000, 0.0210000, 0.0209200, 0.0210000, 0.0205600, 0.0206000, 0.0205200, 0.0202400, 0.0199200, 0.0211200, 0.0209200, 0.0208400, 0.0206800, 0.0206800, 0.0237300, 0.0210800, 0.0204000, 0.0204800, 0.0206000, 0.0205610, 0.0203610, 0.0201210, 0.0204000, 0.0203600, 0.0214000, 0.0201200 ],