{
"inputLengthInCharacters": 16,
"uniformInput": false,
"useMappingLetter": true,
"measurements": {
"histogram_one_thread_per_character": {
"timesTransferToDevice": [ 0.0464100, 0.0210800, 0.0269600, 0.0227700, 0.0198400, 0.0246200, 0.0266200, 0.0251700, 0.0230500, 0.0255000, 0.0244900, 0.0241700, 0.0233600, 0.0259200, 0.0265300, 0.0260800, 0.0215610, 0.0231210, 0.0216000, 0.0247900, 0.0234100, 0.0234000, 0.0229200, 0.0264400, 0.0262900, 0.0246100, 0.0232510, 0.0237410, 0.0232310, 0.0235100, 0.0218800, 0.0220400, 0.0248600, 0.0249300, 0.0248200, 0.0236600, 0.0271400, 0.0271200, 0.0243300, 0.0215200, 0.0261200, 0.0266600, 0.0302800, 0.0234000, 0.0236510, 0.0254400, 0.0231600, 0.0265200, 0.0237000, 0.0243300, 0.0232100, 0.0272400, 0.0299500, 0.0249600, 0.0245300, 0.0242910, 0.0244110, 0.0288800, 0.0248600, 0.0273100, 0.0278900, 0.0263600, 0.0234100, 0.0242100, 0.0250500, 0.0246100, 0.0239500, 0.0233710, 0.0228910, 0.0257200, 0.0228400, 0.0248900, 0.0242100, 0.0245200, 0.0250700, 0.0213200, 0.0303600, 0.0274700, 0.0249300, 0.0249700, 0.0231300, 0.0264100, 0.0233700, 0.0228410, 0.0217200, 0.0253800, 0.0300300, 0.0227000, 0.0228900, 0.0272300, 0.0268900, 0.0218000, 0.0238400, 0.0286500, 0.0247210, 0.0208800, 0.0230000, 0.0233600, 0.0236300, 0.0216400 ],
"timesExecution": [ 0.0300000, 0.0333800, 0.0298800, 0.0296800, 0.0318300, 0.0319900, 0.0321810, 0.0297210, 0.0318510, 0.0320800, 0.0324000, 0.0446100, 0.0300400, 0.0313700, 0.0307100, 0.0311600, 0.0312700, 0.0294000, 0.0296400, 0.0292410, 0.0307510, 0.0313800, 0.0296000, 0.0317100, 0.0292000, 0.0315200, 0.0306700, 0.0308000, 0.0311000, 0.0296410, 0.0320610, 0.0323800, 0.0291200, 0.0317300, 0.0317300, 0.0311600, 0.0316400, 0.0317100, 0.0324300, 0.0329600, 0.0295200, 0.0292800, 0.0294800, 0.0306700, 0.0295200, 0.0322000, 0.0322700, 0.0294010, 0.0309310, 0.0312200, 0.0298000, 0.0294400, 0.0318700, 0.0316500, 0.0293200, 0.0314200, 0.0310100, 0.0315000, 0.0317010, 0.0313310, 0.0315310, 0.0293610, 0.0315400, 0.0309700, 0.0315300, 0.0313800, 0.0311000, 0.0323400, 0.0296400, 0.0298400, 0.0312910, 0.0293210, 0.0317910, 0.0312100, 0.0311800, 0.0622510, 0.0315800, 0.0318200, 0.0293600, 0.0321900, 0.0317400, 0.0298800, 0.0316500, 0.0310600, 0.0312500, 0.0308810, 0.0308810, 0.0293210, 0.0317300, 0.0310800, 0.0315400, 0.0293200, 0.0296000, 0.0308800, 0.0309200, 0.0312100, 0.0292010, 0.0295200, 0.0294000, 0.0314100 ],
"timesTransferFromDevice": [ 0.4301640, 0.0179210, 0.0188400, 0.0194000, 0.0231500, 0.0214000, 0.0226400, 0.0249200, 0.0226500, 0.0234600, 0.0237100, 0.0243100, 0.0194410, 0.0234710, 0.0228100, 0.0198800, 0.0235800, 0.0237200, 0.0204800, 0.0230800, 0.0227700, 0.0204400, 0.0232210, 0.0217210, 0.0284900, 0.0210000, 0.0241300, 0.0225900, 0.0192400, 0.0225700, 0.0211600, 0.0193200, 0.0552410, 0.0234600, 0.0230900, 0.0204010, 0.0232510, 0.0222010, 0.0228400, 0.0227810, 0.0212410, 0.0214400, 0.0232600, 0.0231700, 0.0211200, 0.0233800, 0.0212800, 0.0231300, 0.0235500, 0.0228400, 0.0211610, 0.0195610, 0.0266810, 0.0212400, 0.0212000, 0.0208000, 0.0228900, 0.0230900, 0.0259800, 0.0225600, 0.0213600, 0.0233800, 0.0212000, 0.0196410, 0.0231710, 0.0193200, 0.0224000, 0.0229000, 0.0230800, 0.0297600, 0.0231300, 0.0230000, 0.0231500, 0.0227100, 0.0224800, 0.0228000, 0.0232200, 0.0232200, 0.0227310, 0.0256710, 0.0269400, 0.0230500, 0.0195600, 0.0229800, 0.0230800, 0.0194800, 0.0227200, 0.0244500, 0.0216400, 0.0228010, 0.0206410, 0.0266110, 0.0230600, 0.0196400, 0.0193600, 0.0202800, 0.0231200, 0.0287100, 0.0198010, 0.0227310 ],
"bins": [ 8, 0, 0, 0, 0, 0, 0, 0, 0, 1, 0, 0, 0, 1, 0, 0, 0, 0, 0, 0, 0, 1, 1, 1, 3, 0, 0 ]
}
,
"histogram_atomic_private": {
"timesTransferToDevice": [ 0.0215000, 0.0225800, 0.0215800, 0.0195210, 0.0251610, 0.0228900, 0.0251400, 0.0195600, 0.0241700, 0.0260900, 0.0205600, 0.0234110, 0.0226110, 0.0258200, 0.0246700, 0.0262900, 0.0244000, 0.0272800, 0.0277800, 0.0248800, 0.0215600, 0.0232910, 0.0238310, 0.0210410, 0.0245400, 0.0244900, 0.0213600, 0.0247000, 0.0228700, 0.0261400, 0.0279200, 0.0254700, 0.0217610, 0.0229600, 0.0237200, 0.0249500, 0.0231600, 0.0212000, 0.0248600, 0.0236900, 0.0277200, 0.0234000, 0.0266000, 0.0234400, 0.0234010, 0.0255010, 0.0248000, 0.0234500, 0.0269800, 0.0213600, 0.0229600, 0.0297700, 0.0234500, 0.0235600, 0.0248210, 0.0236110, 0.0230010, 0.0254210, 0.0223700, 0.0304400, 0.0331100, 0.0236800, 0.0242510, 0.0244910, 0.0244500, 0.0255000, 0.0232100, 0.0233800, 0.0290800, 0.0251000, 0.0227600, 0.0253700, 0.0253600, 0.0253400, 0.0235210, 0.0232610, 0.0252210, 0.0267500, 0.0233700, 0.0242800, 0.0230000, 0.0237000, 0.0239300, 0.0220800, 0.0247210, 0.0248500, 0.0233910, 0.0253810, 0.0242100, 0.0220000, 0.0253900, 0.0234800, 0.0246700, 0.0233000, 0.0229700, 0.0271600, 0.0252710, 0.0215210, 0.0249700, 0.0234400 ],
"timesExecution": [ 0.0275210, 0.0289200, 0.0264800, 0.0293700, 0.0288000, 0.0294000, 0.0272410, 0.0293600, 0.0306700, 0.0308700, 0.0311200, 0.0312700, 0.0301600, 0.0301000, 0.0286410, 0.0295210, 0.0313300, 0.0310000, 0.0320800, 0.0292800, 0.0312000, 0.0313800, 0.0314600, 0.0307900, 0.0317400, 0.0292810, 0.0293610, 0.0293800, 0.0313300, 0.0293600, 0.0317000, 0.0292800, 0.0297600, 0.0312500, 0.0308800, 0.0293210, 0.0316310, 0.0317910, 0.0316700, 0.0292000, 0.0312700, 0.0295600, 0.0314200, 0.0317000, 0.0315000, 0.0293600, 0.0314000, 0.0292010, 0.0312510, 0.0317300, 0.0313200, 0.0316300, 0.0293200, 0.0318200, 0.0316000, 0.0298000, 0.0317500, 0.0312600, 0.0313400, 0.0308800, 0.0295210, 0.0317000, 0.0297600, 0.0317000, 0.0309300, 0.0310400, 0.0322310, 0.0317310, 0.0314010, 0.0293210, 0.0294400, 0.0292400, 0.0294400, 0.0316500, 0.0314500, 0.0316500, 0.0293200, 0.0296800, 0.0311710, 0.0314510, 0.0295200, 0.0322800, 0.0317200, 0.0310800, 0.0292400, 0.0317000, 0.0311700, 0.0292000, 0.0293200, 0.0293610, 0.0294010, 0.0295600, 0.0310500, 0.0310900, 0.0313300, 0.0310800, 0.0314200, 0.0325300, 0.0311700, 0.0311310 ],
"timesTransferFromDevice": [ 0.0179600, 0.0172000, 0.0170400, 0.0218600, 0.0276900, 0.0223300, 0.0212900, 0.0203200, 0.0202410, 0.0220910, 0.0192800, 0.0220800, 0.0222600, 0.0220400, 0.0214000, 0.0253500, 0.0226000, 0.0195600, 0.0236210, 0.0233500, 0.0224400, 0.0216800, 0.0252700, 0.0213600, 0.0226500, 0.0240400, 0.0230100, 0.0230100, 0.0229310, 0.0234100, 0.0227700, 0.0231800, 0.0227700, 0.0214000, 0.0263300, 0.0232700, 0.0232100, 0.0237000, 0.0258900, 0.0233000, 0.0211210, 0.0232100, 0.0233800, 0.0204400, 0.0234200, 0.0235400, 0.0229200, 0.0198800, 0.0212000, 0.0210000, 0.0194810, 0.0238110, 0.0209200, 0.0231300, 0.0260000, 0.0315700, 0.0230600, 0.0231000, 0.0239500, 0.0200000, 0.0813300, 0.0213200, 0.0284800, 0.0240800, 0.0230600, 0.0230100, 0.0233000, 0.0243000, 0.0225900, 0.0200000, 0.0215610, 0.0240310, 0.0229600, 0.0210000, 0.0256400, 0.0256100, 0.0212400, 0.0230400, 0.0230500, 0.0196000, 0.0229300, 0.0206010, 0.0215200, 0.0228500, 0.0255900, 0.0237100, 0.0234100, 0.0230600, 0.0224400, 0.0246800, 0.0230500, 0.0283400, 0.0212410, 0.0203210, 0.0232200, 0.0225600, 0.0228000, 0.0210800, 0.0212800, 0.0204400 ],
"bins": [ 8, 0, 0, 0, 0, 0, 0, 0, 0, 1, 0, 0, 0, 1, 0, 0, 0, 0, 0, 0, 0, 1, 1, 1, 3, 0, 0 ]
}
,