{
"inputLengthInCharacters": 128,
"uniformInput": false,
"useMappingLetter": false,
"measurements": {
"histogram_one_thread_per_character": {
"timesTransferToDevice": [ 0.0462100, 0.0224300, 0.0228910, 0.0270100, 0.0270800, 0.0230800, 0.0212400, 0.0233800, 0.0234000, 0.0233000, 0.0226810, 0.0260100, 0.0264800, 0.0232100, 0.0227600, 0.0229600, 0.0220000, 0.0278400, 0.0228800, 0.0230800, 0.0243600, 0.0242500, 0.0265410, 0.0232100, 0.0235800, 0.0229300, 0.0235700, 0.0272000, 0.0240500, 0.0234500, 0.0248100, 0.0228510, 0.0330410, 0.0235910, 0.0242700, 0.0233600, 0.0223600, 0.0278300, 0.0230100, 0.0261700, 0.0219600, 0.0246810, 0.0248400, 0.0234900, 0.0237700, 0.0235700, 0.0233200, 0.0228100, 0.0295300, 0.0228500, 0.0248910, 0.0233710, 0.0257300, 0.0232900, 0.0234900, 0.0228500, 0.0348700, 0.0243500, 0.0249600, 0.0245600, 0.0254410, 0.0248710, 0.0319800, 0.0248200, 0.0234900, 0.0232800, 0.0234100, 0.0264000, 0.0272500, 0.0251700, 0.0237810, 0.0230110, 0.0245600, 0.0240000, 0.0271400, 0.0256500, 0.0251700, 0.0265400, 0.0242800, 0.0220000, 0.0248500, 0.0228810, 0.0237200, 0.0248900, 0.0227600, 0.0218800, 0.0234000, 0.0233700, 0.0246900, 0.0233710, 0.0251410, 0.0258210, 0.0266300, 0.0253300, 0.0280100, 0.0308300, 0.0229200, 0.0238900, 0.0249310, 0.0216810 ],
"timesExecution": [ 0.0250000, 0.0282400, 0.0257600, 0.0318600, 0.0280300, 0.0272010, 0.0279500, 0.0277000, 0.0279000, 0.0279900, 0.0275200, 0.0426700, 0.0277700, 0.0275410, 0.0279110, 0.0278000, 0.0277400, 0.0717000, 0.0276600, 0.0273700, 0.0273800, 0.0269300, 0.0276600, 0.0273000, 0.0272410, 0.0277110, 0.0274600, 0.0281500, 0.0286000, 0.0275800, 0.0272300, 0.0272600, 0.0277600, 0.0269100, 0.0272100, 0.0270910, 0.0274210, 0.0277000, 0.0288900, 0.0281900, 0.0277200, 0.0275500, 0.0278700, 0.0282000, 0.0280210, 0.0277510, 0.0271400, 0.0277100, 0.0272500, 0.0277900, 0.0276300, 0.0277500, 0.0277100, 0.0273810, 0.0262510, 0.0276700, 0.0270100, 0.0273800, 0.0273300, 0.0276300, 0.0277800, 0.0273800, 0.0272200, 0.0275910, 0.0279010, 0.0278100, 0.0273700, 0.0279900, 0.0274700, 0.0269200, 0.0274600, 0.0281200, 0.0271810, 0.0270910, 0.0271300, 0.0566310, 0.0273510, 0.0273800, 0.0271800, 0.0253200, 0.0270900, 0.0270900, 0.0282000, 0.0252410, 0.0278410, 0.0276600, 0.0273900, 0.0275000, 0.0270500, 0.0271400, 0.0277500, 0.0280900, 0.0278500, 0.0277110, 0.0272800, 0.0252400, 0.0253000, 0.0272600, 0.0270000, 0.0283700 ],
"timesTransferFromDevice": [ 0.4221840, 0.0175600, 0.0174000, 0.0229700, 0.0198800, 0.0200800, 0.0196000, 0.0209210, 0.0227300, 0.0211000, 0.0204000, 0.0233800, 0.0219600, 0.0203200, 0.0204000, 0.0279710, 0.0225510, 0.0227300, 0.0228810, 0.0214010, 0.0211600, 0.0195600, 0.0260100, 0.0230000, 0.0226400, 0.0206800, 0.0207200, 0.0211210, 0.0239200, 0.0255600, 0.0234800, 0.0204000, 0.0526200, 0.0196000, 0.0266400, 0.0214000, 0.0200000, 0.0192800, 0.0228910, 0.0229300, 0.0226000, 0.0200000, 0.0221200, 0.0261000, 0.0231000, 0.0210800, 0.0234300, 0.0202410, 0.0253910, 0.0199600, 0.0235000, 0.0204800, 0.0222000, 0.0228500, 0.0237300, 0.0198800, 0.0234210, 0.0215210, 0.0209200, 0.0231000, 0.0232100, 0.0202000, 0.0194800, 0.0250500, 0.0239100, 0.0235400, 0.0206410, 0.0224300, 0.0237100, 0.0212400, 0.0235400, 0.0233100, 0.0236600, 0.0214000, 0.0210400, 0.0229600, 0.0228500, 0.0192800, 0.0210010, 0.0228900, 0.0192800, 0.0210000, 0.0206000, 0.0233000, 0.0234700, 0.0231800, 0.0227210, 0.0230100, 0.0226800, 0.0233900, 0.0234800, 0.0207200, 0.0199200, 0.0208800, 0.0215200, 0.0246010, 0.0229310, 0.0196000, 0.0212400, 0.0204800 ],
"bins": [ 2, 1, 2, 0, 0, 2, 2, 1, 1, 3, 1, 0, 1, 1, 0, 0, 1, 3, 0, 1, 1, 0, 0, 1, 3, 0, 0, 1, 0, 2, 1, 1, 0, 3, 0, 2, 0, 0, 0, 0, 0, 5, 0, 1, 1, 2, 2, 1, 1, 1, 1, 0, 2, 1, 0, 0, 0, 1, 0, 0, 1, 1, 0, 1, 1, 1, 1, 0, 1, 0, 1, 0, 1, 1, 1, 0, 4, 2, 1, 2, 1, 0, 0, 2, 3, 1, 0, 4, 0, 0, 1, 1, 2, 0, 0, 2, 0, 3, 0, 0, 0, 1, 0, 2, 1, 1, 2, 2, 0, 1, 0, 0, 0, 1, 1, 2, 2, 4, 3, 1, 0, 2, 1, 1, 2, 0, 1, 1 ]
}
,
"histogram_atomic_private": {
"timesTransferToDevice": [ 0.0246210, 0.0255700, 0.0209700, 0.0212900, 0.0230500, 0.0244310, 0.0224600, 0.0216400, 0.0275800, 0.0218000, 0.0269900, 0.0250400, 0.0240110, 0.0228410, 0.0265900, 0.0219200, 0.0263700, 0.0275800, 0.0248800, 0.0219600, 0.0220410, 0.0226000, 0.0247400, 0.0260300, 0.0240100, 0.0241400, 0.0299010, 0.0210810, 0.0234000, 0.0239700, 0.0234000, 0.0305500, 0.0351200, 0.0227300, 0.0260300, 0.0248510, 0.0263710, 0.0273910, 0.0234800, 0.0264900, 0.0233800, 0.0245600, 0.0273200, 0.0273100, 0.0208800, 0.0223510, 0.0234600, 0.0222800, 0.0226100, 0.0273200, 0.0251700, 0.0229200, 0.0239200, 0.0272700, 0.0234510, 0.0247610, 0.0269300, 0.0230400, 0.0277100, 0.0218800, 0.0268400, 0.0227600, 0.0233600, 0.0234000, 0.0226400, 0.0269100, 0.0229300, 0.0234400, 0.0248910, 0.0216200, 0.0232000, 0.0228900, 0.0234100, 0.0234500, 0.0244000, 0.0227800, 0.0250700, 0.0242510, 0.0244010, 0.0229500, 0.0248700, 0.0213600, 0.0269900, 0.0266200, 0.0257600, 0.0228000, 0.0227200, 0.0232410, 0.0238810, 0.0268500, 0.0246300, 0.0226000, 0.0214000, 0.0270400, 0.0252200, 0.0233200, 0.0245910, 0.0228400, 0.0273400, 0.0215200 ],
"timesExecution": [ 0.0256300, 0.0230800, 0.0252900, 0.0267300, 0.0253700, 0.0237200, 0.0242800, 0.0261910, 0.0268400, 0.0264700, 0.0248400, 0.0275900, 0.0265800, 0.0245600, 0.0270410, 0.0270900, 0.0269900, 0.0261600, 0.0275700, 0.0257200, 0.0275400, 0.0270900, 0.0276210, 0.0253600, 0.0253200, 0.0253600, 0.0253200, 0.0272500, 0.0272610, 0.0270910, 0.0271300, 0.0285400, 0.0276300, 0.0273200, 0.0278900, 0.0278800, 0.0273300, 0.0276100, 0.0271200, 0.0270810, 0.0276910, 0.0280100, 0.0268800, 0.0273400, 0.0273000, 0.0272900, 0.0275800, 0.0285810, 0.0273410, 0.0271600, 0.0277800, 0.0279600, 0.0281300, 0.0277900, 0.0273000, 0.0272600, 0.0272600, 0.0278410, 0.0299510, 0.0252000, 0.0270900, 0.0276700, 0.0275810, 0.0289910, 0.0272100, 0.0252000, 0.0276600, 0.0272200, 0.0253200, 0.0277400, 0.0273110, 0.0276810, 0.0277800, 0.0275400, 0.0252000, 0.0274200, 0.0278200, 0.0271300, 0.0252800, 0.0285400, 0.0283410, 0.0272900, 0.0277700, 0.0278700, 0.0269600, 0.0276100, 0.0279700, 0.0278700, 0.0278300, 0.0275810, 0.0273910, 0.0277910, 0.0252000, 0.0274600, 0.0272500, 0.0280400, 0.0271700, 0.0275400, 0.0276410, 0.0275700 ],
"timesTransferFromDevice": [ 0.0165600, 0.0172800, 0.0168800, 0.0180010, 0.0227100, 0.0217000, 0.0217600, 0.0217600, 0.0226700, 0.0202410, 0.0248200, 0.0198000, 0.0222000, 0.0193600, 0.0192800, 0.0195200, 0.0205610, 0.0228510, 0.0232200, 0.0234100, 0.0230800, 0.0236100, 0.0198800, 0.0195200, 0.0211210, 0.0192400, 0.0194400, 0.0194800, 0.0238600, 0.0258900, 0.0204400, 0.0194810, 0.0211610, 0.0196000, 0.0258700, 0.0262800, 0.0241400, 0.0233800, 0.0259700, 0.0210800, 0.0223400, 0.0229700, 0.0193610, 0.0216000, 0.0196000, 0.0216000, 0.0210000, 0.0213200, 0.0232500, 0.0202800, 0.0236310, 0.0228810, 0.0236900, 0.0238700, 0.0210000, 0.0199200, 0.0214800, 0.0241400, 0.0255500, 0.0232000, 0.0892310, 0.0234200, 0.0210000, 0.0265600, 0.0206400, 0.0196410, 0.0208800, 0.0229700, 0.0240900, 0.0226000, 0.0229300, 0.0233300, 0.0259100, 0.0210800, 0.0201210, 0.0230600, 0.0231700, 0.0232300, 0.0235900, 0.0196400, 0.0241800, 0.0196400, 0.0228910, 0.0254510, 0.0243010, 0.0233600, 0.0230100, 0.0204800, 0.0205200, 0.0230500, 0.0257500, 0.0204800, 0.0212810, 0.0209610, 0.0228500, 0.0215200, 0.0214800, 0.0194000, 0.0226800, 0.0235200 ],
"bins": [ 2, 1, 2, 0, 0, 2, 2, 1, 1, 3, 1, 0, 1, 1, 0, 0, 1, 3, 0, 1, 1, 0, 0, 1, 3, 0, 0, 1, 0, 2, 1, 1, 0, 3, 0, 2, 0, 0, 0, 0, 0, 5, 0, 1, 1, 2, 2, 1, 1, 1, 1, 0, 2, 1, 0, 0, 0, 1, 0, 0, 1, 1, 0, 1, 1, 1, 1, 0, 1, 0, 1, 0, 1, 1, 1, 0, 4, 2, 1, 2, 1, 0, 0, 2, 3, 1, 0, 4, 0, 0, 1, 1, 2, 0, 0, 2, 0, 3, 0, 0, 0, 1, 0, 2, 1, 1, 2, 2, 0, 1, 0, 0, 0, 1, 1, 2, 2, 4, 3, 1, 0, 2, 1, 1, 2, 0, 1, 1 ]
}
,