{
"fileName": "./input_data/test.txt",
"inputLengthInCharacters": 10532866,
"uniformInput": false,
"useMappingLetter": false,
"measurements": {
"histogram_one_thread_per_character": {
"timesTransferToDevice": [ 2.0608759, 0.7771070, 0.7643760, 0.7600360, 0.7615460, 0.7603460, 0.7823870, 0.7750760, 0.8121170, 0.7960060, 0.7668060, 0.7623170, 0.7615860, 0.7599670, 0.7746970, 0.7779960, 0.7753360, 0.7746770, 0.7601260, 0.7610560, 0.7619370, 0.7657260, 0.7770670, 0.7809670, 0.7755560, 0.7755960, 0.7603670, 0.7603960, 0.7604460, 0.7609270, 0.7597660, 0.7755370, 0.7793460, 0.7771670, 0.8105460, 0.7857660, 0.7613070, 0.7609160, 0.7609660, 0.7761060, 0.7752060, 0.7765260, 0.7761860, 0.7603770, 0.7619070, 0.7614560, 0.7606160, 0.7603860, 0.7733360, 0.7762660, 0.7760860, 0.8424370, 0.7606360, 0.7653660, 0.7615360, 0.7606760, 0.7779370, 0.7750760, 0.7804360, 0.7753760, 0.7605160, 0.7601160, 0.7605860, 0.7609360, 0.7779570, 0.7767660, 0.7771060, 0.7735960, 0.8123260, 0.7607960, 0.7608160, 0.7602060, 0.7608860, 0.7756160, 0.7815860, 0.7884560, 0.7790860, 0.7601960, 0.7605660, 0.7609060, 0.7616160, 0.7750560, 0.7760960, 0.7763660, 0.7786760, 0.8316070, 0.7803060, 0.7606960, 0.7611360, 0.7610070, 0.7759570, 0.7760370, 0.7762570, 0.7755270, 0.8319360, 0.7608860, 0.7641060, 0.7608260, 0.7609060, 0.7757760 ],
"timesExecution": [ 1.1432101, 1.2748910, 1.0442491, 1.0449589, 1.0445580, 1.0444390, 1.0443389, 1.0440280, 1.0441880, 1.0443780, 1.0443190, 1.0443881, 1.0445590, 1.0445189, 1.0444680, 1.0445189, 1.0441890, 1.0442790, 1.0443090, 1.0444390, 1.0447980, 1.0445490, 1.0444690, 1.0444781, 1.0444790, 1.0496490, 1.0440290, 1.0441591, 1.0444790, 1.0444680, 1.0450890, 1.0440390, 1.0452180, 1.0446380, 1.0439390, 1.0437380, 1.0444580, 1.0441480, 1.0442680, 1.0441480, 1.0450391, 1.0444289, 1.0441080, 1.0441279, 1.0445480, 1.0439080, 1.0446380, 1.0438180, 1.0443180, 1.0443590, 1.0452290, 1.0443890, 1.0438590, 1.0447190, 1.0443490, 1.0446690, 1.0441080, 1.0440780, 1.0439880, 1.0447990, 1.0445091, 1.0439090, 1.0444289, 1.0438180, 1.0443480, 1.0444680, 1.0441890, 1.0446390, 1.0445480, 1.0444680, 1.0441490, 1.0446690, 1.0441890, 1.0442690, 1.0438490, 1.0447990, 1.0451280, 1.0442290, 1.0496790, 1.0440490, 1.0437890, 1.0438590, 1.0445590, 1.0439790, 1.0443790, 1.0441080, 1.0444180, 1.0439780, 1.0444280, 1.0441480, 1.0443881, 1.0439380, 1.0447080, 1.0437480, 1.0445490, 1.0438180, 1.0443079, 1.0444781, 1.0444280, 1.0442580 ],
"timesTransferFromDevice": [ 0.4045730, 0.0236800, 0.0243700, 0.0249800, 0.0238810, 0.0246600, 0.0246400, 0.0235710, 0.0241510, 0.0239510, 0.0242400, 0.0238500, 0.0226000, 0.0248900, 0.0234110, 0.0233200, 0.0306200, 0.0241700, 0.0241900, 0.0245900, 0.0239510, 0.0240900, 0.0247200, 0.0234100, 0.0239710, 0.0238500, 0.0232900, 0.0237000, 0.0241000, 0.0243910, 0.0243900, 0.0249500, 0.0234900, 0.0242510, 0.0240900, 0.0286900, 0.0244400, 0.0238600, 0.0238210, 0.0245610, 0.0241500, 0.0243500, 0.0293800, 0.0237800, 0.0244100, 0.0245510, 0.0232810, 0.0233510, 0.0238200, 0.0246900, 0.0244200, 0.0305400, 0.0246800, 0.0239400, 0.0241000, 0.0232400, 0.0244700, 0.0231610, 0.0247100, 0.0237200, 0.0238900, 0.0243600, 0.0237400, 0.0238600, 0.0236000, 0.0272900, 0.0249200, 0.0246700, 0.0248100, 0.0237600, 0.0238100, 0.0238600, 0.0240200, 0.0240200, 0.0234400, 0.0244700, 0.0241800, 0.0277500, 0.0227200, 0.0242900, 0.0243700, 0.0249700, 0.0241100, 0.0245900, 0.0252100, 0.0246600, 0.0281110, 0.0232000, 0.0234500, 0.0244100, 0.0235300, 0.0230400, 0.0234400, 0.0260800, 0.0243100, 0.0244400, 0.0268700, 0.0277110, 0.0238110, 0.0236400 ],
"bins": [ 0, 0, 0, 0, 0, 0, 0, 0, 0, 37022, 0, 0, 0, 0, 0, 0, 0, 0, 0, 0, 0, 0, 0, 0, 0, 0, 0, 0, 0, 0, 0, 1749664, 0, 0, 0, 0, 0, 0, 0, 0, 0, 0, 0, 114062, 0, 92662, 0, 0, 0, 0, 0, 0, 0, 0, 0, 0, 0, 0, 0, 0, 0, 0, 0, 0, 23754, 0, 2568, 8132, 0, 0, 0, 0, 0, 0, 0, 47722, 0, 2568, 0, 0, 0, 0, 23754, 0, 5350, 0, 0, 0, 0, 0, 0, 0, 0, 0, 0, 0, 725674, 92662, 231334, 422650, 987396, 32528, 135676, 16050, 702348, 23754, 47508, 419868, 520020, 407242, 693360, 175266, 61418, 518094, 603908, 824542, 584220, 117486, 5350, 10700, 52858, 13696, 0, 0, 0, 0, 0, 0 ]
}
,
"histogram_atomic_private": {
"timesTransferToDevice": [ 1.6625240, 0.7750660, 0.7600160, 0.7600560, 0.7616760, 0.7603460, 0.7607160, 0.7606160, 0.7614460, 0.7605660, 0.7907270, 0.7649360, 0.7602460, 0.7604570, 0.7606760, 0.7616460, 0.7604260, 0.7605960, 0.7614570, 0.7654760, 0.7605760, 0.7605860, 0.7610760, 0.7629660, 0.7604160, 0.7606760, 0.7601960, 0.7607960, 0.7797760, 0.7702970, 0.7620160, 0.7605660, 0.7608460, 0.7601560, 0.7605460, 0.7591960, 0.6804850, 1.0102780, 0.7758070, 0.7601660, 0.7617260, 0.7612760, 0.7602460, 0.7602570, 0.7601060, 0.7648360, 0.7604560, 0.7603360, 0.7611460, 0.7600560, 0.8011660, 0.7623060, 0.7616260, 0.7599160, 0.7609460, 0.7625460, 0.7600560, 0.7617260, 0.7610360, 0.7611760, 0.7604960, 0.7621460, 0.7611860, 0.7600860, 0.7602060, 0.7598360, 0.7609060, 0.7624860, 0.8113670, 0.7597660, 0.7608260, 0.7614770, 0.7624460, 0.7584870, 0.7590560, 0.7592060, 0.7579260, 0.7582960, 0.7591860, 0.7587660, 0.7586860, 0.7581660, 0.7587360, 0.7586560, 0.7592060, 0.7692860, 0.7586160, 0.7814460, 0.7589160, 0.7618860, 0.7580960, 0.7587070, 0.7582960, 0.7585860, 0.7591560, 0.7606060, 0.7582560, 0.7587260, 0.7628960, 0.7592160 ],
"timesExecution": [ 0.1142810, 0.1127210, 0.1165310, 0.1176310, 0.1166410, 0.1175310, 0.1167010, 0.1168810, 0.1166710, 0.1178910, 0.1171210, 0.1170910, 0.1168510, 0.1171910, 0.1169310, 0.1172310, 0.1165510, 0.1174210, 0.1170210, 0.1174910, 0.1170110, 0.1170000, 0.1169210, 0.1176110, 0.1172510, 0.1174810, 0.1164510, 0.1182610, 0.1170510, 0.1176610, 0.1162810, 0.1168810, 0.1143210, 0.1171310, 0.1165310, 0.1179310, 0.1160910, 0.1170210, 0.1171010, 0.1157910, 0.1164110, 0.1165810, 0.1158410, 0.1166010, 0.1164110, 0.1172210, 0.1161710, 0.1158410, 0.1139210, 0.1163210, 0.1158110, 0.1167510, 0.1158910, 0.1169510, 0.1158110, 0.1196310, 0.1166210, 0.1173400, 0.1164710, 0.1167610, 0.1173610, 0.1165810, 0.1158410, 0.1173810, 0.1158010, 0.1146010, 0.1161100, 0.1171710, 0.1167310, 0.1163200, 0.1137210, 0.1143010, 0.1161510, 0.1168110, 0.1164510, 0.1168210, 0.1166310, 0.1174210, 0.1166310, 0.1167310, 0.1158710, 0.1171310, 0.1155610, 0.1170510, 0.1162210, 0.1163210, 0.1169910, 0.1171310, 0.1159410, 0.1186910, 0.1162910, 0.1164110, 0.1159210, 0.1178310, 0.1160910, 0.1171710, 0.1162110, 0.1167010, 0.1161410, 0.1171510 ],
"timesTransferFromDevice": [ 0.0237500, 0.0233200, 0.0213200, 0.0234010, 0.0252600, 0.0238100, 0.0245500, 0.0248100, 0.0239610, 0.0234000, 0.0242500, 0.0243010, 0.0235300, 0.0251000, 0.0244310, 0.0238100, 0.0240500, 0.0234000, 0.0241100, 0.0236810, 0.0238900, 0.0240600, 0.0242700, 0.0239600, 0.0236510, 0.0247100, 0.0240000, 0.0240100, 0.0236500, 0.0242800, 0.0235710, 0.0235300, 0.0258500, 0.0283400, 0.0227600, 0.0267010, 0.0228810, 0.0244700, 0.0231600, 0.0247310, 0.0246200, 0.0231700, 0.0247500, 0.0239300, 0.0245800, 0.0232800, 0.0236700, 0.0231500, 0.0245100, 0.0237900, 0.0232100, 0.0226800, 0.0236400, 0.0279910, 0.0224000, 0.0241310, 0.0235400, 0.0227600, 0.0234100, 0.0239100, 0.0235600, 0.0234300, 0.0243510, 0.0268900, 0.0245310, 0.0234400, 0.0241000, 0.0219600, 0.0240500, 0.0243000, 0.0241100, 0.0224000, 0.0215200, 0.0248500, 0.0236300, 0.0232300, 0.0240400, 0.0243500, 0.0226010, 0.0245900, 0.0213210, 0.0243900, 0.0234510, 0.0234600, 0.0251700, 0.0246300, 0.0244500, 0.0233300, 0.0249400, 0.0234800, 0.0241700, 0.0215200, 0.0270000, 0.0244500, 0.0240600, 0.0245000, 0.0234610, 0.0247800, 0.0247910, 0.0240800 ],