{
"inputLengthInCharacters": 8388608,
"uniformInput": false,
"useMappingLetter": false,
"measurements": {
"histogram_one_thread_per_character": {
"timesTransferToDevice": [ 1.9790649, 0.5744040, 0.5518840, 0.5468740, 0.5378040, 0.5369540, 0.5517340, 0.5363440, 0.5393740, 0.5457850, 0.5365140, 0.5782750, 0.5402140, 0.5403340, 0.5366940, 0.5504540, 0.5397040, 0.5440740, 0.5367140, 0.5380240, 0.5499640, 0.5370140, 0.5471340, 0.5465640, 0.5496640, 0.5385440, 0.5413550, 0.5378740, 0.5503150, 0.5402040, 0.5417540, 0.5388740, 0.5391540, 0.5542440, 0.5379950, 0.5411540, 0.5373740, 0.5518540, 0.5374940, 0.5375040, 0.5390840, 0.5387840, 0.5526850, 0.5371340, 0.5399740, 0.5394040, 0.5508850, 0.5385540, 0.5416150, 0.5385040, 0.5371340, 0.5898840, 0.5381840, 0.5373640, 0.5374040, 0.5607840, 0.5373440, 0.5395240, 0.5399040, 0.5518050, 0.5378440, 0.5439040, 0.5374340, 0.5419340, 0.5544340, 0.5378240, 0.5407640, 0.5378140, 0.5516140, 0.5363640, 0.5409750, 0.5378840, 0.5385640, 0.5528540, 0.5392440, 0.5794550, 0.5385440, 0.5508440, 0.5392040, 0.5407540, 0.5375440, 0.5389440, 0.5677140, 0.5393640, 0.5374340, 0.5375940, 0.5573150, 0.5373940, 0.5395140, 0.5371440, 0.5523440, 0.5424950, 0.5412940, 0.5391240, 0.5366240, 0.5532040, 0.5371940, 0.5391050, 0.5381540, 0.5511540 ],
"timesExecution": [ 0.9454870, 0.6180850, 0.6195740, 0.6204350, 0.6203650, 0.6201550, 0.6201050, 0.6203950, 0.6198250, 0.6199850, 0.6200350, 0.6211750, 0.6199340, 0.6200350, 0.6199050, 0.6202450, 0.6199950, 0.6198650, 0.6202450, 0.6201650, 0.6198650, 0.6198750, 0.6198250, 0.6200350, 0.6201640, 0.6281750, 0.6200440, 0.6212050, 0.6201840, 0.6201850, 0.6204240, 0.6208150, 0.6202440, 0.6203150, 0.6216140, 0.6199250, 0.6203240, 0.6197750, 0.6201740, 0.6198250, 0.6202340, 0.6206150, 0.6198740, 0.6199150, 0.6202740, 0.6200550, 0.6201540, 0.6203150, 0.6204740, 0.6202640, 0.6201040, 0.6197450, 0.6201950, 0.6202440, 0.6198740, 0.6198250, 0.6195350, 0.6203550, 0.6201450, 0.6198640, 0.6206240, 0.6206050, 0.6197950, 0.6206050, 0.6197840, 0.6194140, 0.6280850, 0.6199950, 0.6207450, 0.6202550, 0.6199140, 0.6194640, 0.6199150, 0.6201550, 0.6204650, 0.6198640, 0.6197050, 0.6195950, 0.6202950, 0.6199850, 0.6201540, 0.6202340, 0.6203750, 0.6201150, 0.6202350, 0.6200150, 0.6201840, 0.6202050, 0.6197450, 0.6205150, 0.6199050, 0.6198440, 0.6200240, 0.6200750, 0.6208050, 0.6196750, 0.6200450, 0.6203640, 0.6200240, 0.6194150 ],
"timesTransferFromDevice": [ 0.4240430, 0.0201600, 0.0191610, 0.0209600, 0.0206410, 0.0215200, 0.0207600, 0.0214400, 0.0235400, 0.0236200, 0.0232400, 0.0243600, 0.0240110, 0.0214000, 0.0239110, 0.0247000, 0.0234610, 0.0247300, 0.0241510, 0.0216000, 0.0250210, 0.0293100, 0.0209210, 0.0244100, 0.0278110, 0.0248400, 0.0239400, 0.0234900, 0.0214000, 0.0234900, 0.0243400, 0.0240100, 0.0242810, 0.0241500, 0.0232800, 0.0239600, 0.0232310, 0.0224000, 0.0216800, 0.0279800, 0.0285110, 0.0238900, 0.0234000, 0.0217600, 0.0245100, 0.0282800, 0.0239100, 0.0241100, 0.0234800, 0.0234910, 0.0241610, 0.0216000, 0.0252300, 0.0244700, 0.0238810, 0.0240700, 0.0215200, 0.0239400, 0.0237300, 0.0211610, 0.0237400, 0.0238600, 0.0217200, 0.0244000, 0.0233600, 0.0242710, 0.0287300, 0.0232900, 0.0215200, 0.0216400, 0.0241010, 0.0214400, 0.0244800, 0.0279800, 0.0242700, 0.0233500, 0.0201600, 0.0219200, 0.0211600, 0.0233200, 0.0249900, 0.0234410, 0.0244900, 0.0233600, 0.0234600, 0.0210000, 0.0214410, 0.0234200, 0.0218400, 0.0220300, 0.0242200, 0.0212010, 0.0236500, 0.0248700, 0.0247900, 0.0237800, 0.0289000, 0.0234410, 0.0241810, 0.0237700 ],
"bins": [ 65216, 65587, 65581, 65658, 66052, 65183, 65016, 65538, 65693, 65419, 65038, 65798, 65672, 65631, 65278, 65453, 66011, 65490, 65539, 65377, 65513, 65607, 65293, 65254, 65497, 65563, 65428, 65119, 65689, 65848, 65094, 65357, 65725, 65831, 65312, 65649, 65544, 65269, 65257, 65344, 65310, 65573, 65678, 65578, 65150, 65416, 65850, 65256, 65264, 65481, 66001, 65374, 66076, 65303, 65238, 65364, 65419, 65400, 65778, 65807, 65265, 65686, 65608, 65997, 65623, 65368, 65231, 65926, 66063, 65586, 65256, 65921, 65307, 65850, 65315, 65519, 65712, 64956, 65690, 65690, 65539, 65818, 65442, 65657, 65746, 65943, 66096, 65789, 65661, 65951, 65219, 65262, 65950, 65562, 65453, 65456, 65636, 65160, 65391, 65236, 65203, 65287, 65241, 65312, 65618, 65443, 65827, 65479, 65603, 65642, 65971, 65546, 65508, 65903, 65735, 65494, 65680, 65594, 65231, 65922, 65774, 65823, 65549, 65641, 65160, 65209, 65780, 65158 ]
}
,
"histogram_atomic_private": {
"timesTransferToDevice": [ 1.4912500, 0.5635250, 0.5468240, 0.8591770, 0.5317340, 0.5323840, 0.5451340, 0.5333250, 0.5389440, 0.5427040, 0.5324740, 0.5320150, 0.5328740, 0.5345940, 0.5325950, 0.5323440, 0.5333440, 0.5407640, 0.5320540, 0.5363540, 0.5324240, 0.5329040, 0.5343850, 0.5322640, 0.5327140, 0.5322650, 0.5590540, 0.5344350, 0.5318740, 0.5554940, 0.5353040, 0.5328940, 0.5371850, 0.5517540, 0.5324350, 0.5331440, 0.5322540, 0.5337650, 0.5331940, 0.5364540, 0.5330140, 0.5303540, 0.5389140, 0.5301240, 0.5332240, 0.5316450, 0.5322940, 0.5325840, 0.5343740, 0.5438840, 0.5346540, 0.5328040, 0.5453440, 0.5346240, 0.5332540, 0.5354240, 0.5321840, 0.5334240, 0.5324650, 0.5317740, 0.5309040, 0.5367450, 0.5350940, 0.5527850, 0.5344140, 0.5327140, 0.5352740, 0.5368740, 0.5319340, 0.5350640, 0.5323040, 0.5378950, 0.5343340, 0.5346340, 0.5326540, 0.5491040, 0.5327040, 0.5356540, 0.5371140, 0.5332640, 0.5331740, 0.5348740, 0.5329440, 0.5319840, 0.5368950, 0.5555740, 0.5503850, 0.5345940, 0.5401440, 0.5337640, 0.5330250, 0.5323940, 0.5330440, 0.5345140, 0.5333440, 0.5340740, 0.5361140, 0.5353040, 0.5480440, 0.5353740 ],
"timesExecution": [ 0.0953310, 0.0976110, 0.0957610, 0.0958210, 0.0959510, 0.0981410, 0.0984110, 0.0959800, 0.2715020, 0.0966010, 0.0968210, 0.0962300, 0.0949310, 0.0971210, 0.0967600, 0.0959710, 0.0962410, 0.0967510, 0.0981210, 0.0949300, 0.0964010, 0.0987210, 0.0962500, 0.0949710, 0.0979610, 0.0971900, 0.0971710, 0.0941700, 0.0960110, 0.0974600, 0.0977010, 0.0960510, 0.0956500, 0.0974810, 0.0974700, 0.0954610, 0.0968310, 0.0971500, 0.0966010, 0.0950510, 0.0952910, 0.0971810, 0.0969800, 0.0955010, 0.0973210, 0.0990200, 0.0969610, 0.0954210, 0.0954510, 0.0966610, 0.0979100, 0.0959710, 0.0959710, 0.0958910, 0.0971510, 0.0953200, 0.0963110, 0.0970710, 0.0968200, 0.0938410, 0.0917410, 0.0972500, 0.0965310, 0.0954200, 0.0959510, 0.0972310, 0.0975710, 0.0955410, 0.0958500, 0.0982310, 0.0966110, 0.0954600, 0.0960510, 0.0962110, 0.0961910, 0.0954410, 0.0964400, 0.0964710, 0.0970710, 0.0963410, 0.0959510, 0.0960700, 0.0965910, 0.0955910, 0.0952100, 0.0959710, 0.0967310, 0.0968200, 0.0951010, 0.0974810, 0.0964200, 0.0959010, 0.0961710, 0.0965810, 0.0968600, 0.0953510, 0.0955810, 0.0967700, 0.0969010, 0.0952610 ],
"timesTransferFromDevice": [ 0.0192000, 0.0192000, 0.0201200, 0.0238500, 0.0253210, 0.0240000, 0.0234600, 0.0234500, 0.0240100, 0.0234900, 0.0230000, 0.0231910, 0.0235300, 0.0236700, 0.0208800, 0.0205600, 0.0235000, 0.0235000, 0.0234600, 0.0234310, 0.0198000, 0.0195200, 0.0214810, 0.0204400, 0.0238000, 0.0239300, 0.0286600, 0.0215600, 0.0234900, 0.0237810, 0.0237500, 0.0199200, 0.0289600, 0.0234900, 0.0232110, 0.0198400, 0.0232100, 0.0233400, 0.0240300, 0.0205200, 0.0235600, 0.0239500, 0.0235710, 0.0238700, 0.0259000, 0.0232600, 0.0214400, 0.0234600, 0.0207200, 0.0210800, 0.0231210, 0.0208000, 0.0237800, 0.0231700, 0.0281100, 0.0202810, 0.0234100, 0.0230100, 0.0221610, 0.0206800, 0.0234000, 0.0287400, 0.0233000, 0.0233410, 0.0200800, 0.0281200, 0.0236700, 0.0229700, 0.0239510, 0.0212000, 0.0210000, 0.0299000, 0.0238600, 0.0206000, 0.0233700, 0.0205200, 0.0278410, 0.0243900, 0.0233300, 0.0234500, 0.0224000, 0.0241210, 0.0230500, 0.0231700, 0.0273200, 0.0200800, 0.0234900, 0.0206800, 0.0233400, 0.0212000, 0.0239310, 0.0208400, 0.0199200, 0.0233900, 0.0237300, 0.0236400, 0.0240800, 0.0214810, 0.0206000, 0.0210000 ],