{
"inputLengthInCharacters": 33554432,
"uniformInput": true,
"useMappingLetter": false,
"measurements": {
"histogram_one_thread_per_character": {
"timesTransferToDevice": [ 4.8526759, 4.0395808, 4.0065408, 4.0271711, 4.0130100, 4.0185299, 4.0268011, 4.0197010, 4.0549102, 4.2247419, 4.0290599, 4.0485001, 4.0218101, 3.8598390, 4.0542798, 4.0381598, 4.0286198, 4.0236602, 4.0395808, 4.0138102, 4.0022898, 4.0176711, 3.8812990, 4.1068921, 3.8060789, 3.7924080, 3.7743881, 3.7770891, 3.8054581, 3.7982891, 3.9530399, 3.9495990, 3.7940879, 3.8075590, 4.0139198, 3.8490090, 3.8468990, 3.8405390, 4.0247512, 3.9904799, 4.0208902, 4.0159898, 4.0000811, 3.8566489, 3.8630691, 4.0044298, 4.0440311, 4.0215311, 4.0160899, 4.1039810, 4.0373011, 4.1616721, 4.0062699, 3.8669591, 3.8448291, 3.8692501, 3.8961689, 4.1780319, 4.2156820, 4.0077009, 4.0255928, 4.1089540, 4.1642742, 4.0152130, 3.9965401, 3.8512089, 3.8486791, 3.8632290, 3.9141791, 3.9833300, 4.0211110, 3.8493791, 3.8452489, 3.8852489, 3.9329901, 4.1646218, 3.8536291, 3.8420489, 3.8472090, 3.8627090, 3.8505490, 3.8461189, 3.8874400, 3.8957000, 3.8262589, 3.8262589, 3.9885099, 3.9646499, 3.9355700, 3.9624100, 3.9352500, 3.9621401, 3.9430699, 3.9557600, 3.9311700, 3.9325099, 3.9426100, 3.8461289, 4.0499101, 4.1697011 ],
"timesExecution": [ 14.0329866, 14.0256281, 14.0340977, 14.0413761, 14.0301666, 13.7649250, 13.7623148, 13.7612829, 13.7590036, 14.0265350, 14.0243158, 14.0229759, 13.7679348, 14.0307760, 14.0284166, 14.0307751, 14.0350161, 13.9272947, 13.7589731, 13.7631245, 13.7656250, 14.0317764, 14.0370874, 14.0266953, 14.0309553, 14.0301056, 14.0290661, 14.0298548, 14.0312052, 14.0305061, 14.0328255, 13.7666130, 13.7654037, 13.7637043, 13.7598438, 14.0278349, 14.0240860, 14.0246859, 14.0299463, 14.0286150, 14.0280657, 14.0341358, 14.0297251, 14.0282860, 13.7666435, 13.7647238, 13.7623644, 13.7610941, 14.0256968, 14.0243969, 14.0238056, 14.0299063, 14.0301771, 14.0291071, 14.0377569, 14.0377064, 14.0289268, 13.7648935, 13.7629042, 13.7611523, 14.0292749, 14.0284853, 14.0275745, 14.0243959, 14.0238457, 14.0309458, 14.0328960, 14.0351858, 14.0318661, 13.7658539, 13.7647038, 13.7638140, 13.7620049, 14.0263071, 14.0298872, 13.7573328, 14.0253363, 14.0290861, 14.0320063, 14.0291958, 14.0356960, 14.0368156, 14.0316963, 13.7669239, 13.7649536, 13.7630138, 13.7624741, 14.0282459, 14.0300856, 14.0255260, 14.0264759, 14.0248756, 14.0338564, 14.0549974, 14.0287256, 14.0380659, 13.7784843, 13.7657642, 13.7629547, 13.7629337 ],
"timesTransferFromDevice": [ 0.4552440, 0.0186400, 0.0187200, 0.0212000, 0.0231700, 0.0200400, 0.0197600, 0.0204800, 0.0231600, 0.0202800, 0.0200800, 0.0199200, 0.0199200, 0.0202010, 0.0198800, 0.0200800, 0.0206800, 0.0195200, 0.0204410, 0.0201600, 0.0203200, 0.0205610, 0.0238900, 0.0195600, 0.0195200, 0.0194410, 0.0194400, 0.0216000, 0.0196000, 0.0194800, 0.0193200, 0.0195200, 0.0199600, 0.0232700, 0.0199200, 0.0210400, 0.0200800, 0.0204800, 0.0202000, 0.0203600, 0.0209200, 0.0198400, 0.0208800, 0.0204000, 0.0216800, 0.0200400, 0.0201200, 0.0205600, 0.0203200, 0.0205200, 0.0206800, 0.0208000, 0.0205200, 0.0203600, 0.0213600, 0.0208000, 0.0217600, 0.0202010, 0.0208800, 0.0234900, 0.0200400, 0.0204800, 0.0204000, 0.0207200, 0.0199210, 0.0214010, 0.0205200, 0.0195200, 0.0220800, 0.0207600, 0.0209600, 0.0200000, 0.0202000, 0.0204800, 0.0198800, 0.0211200, 0.0204400, 0.0235210, 0.0199600, 0.0199600, 0.0202800, 0.0213200, 0.0232500, 0.0206800, 0.0198000, 0.0205600, 0.0202400, 0.0205200, 0.0207210, 0.0202400, 0.0194400, 0.0216400, 0.0203600, 0.0206000, 0.0210800, 0.0203200, 0.0201600, 0.0200400, 0.0207200, 0.0206000 ],
"bins": [ 0, 0, 0, 0, 0, 0, 0, 0, 0, 0, 0, 0, 0, 0, 0, 0, 0, 0, 0, 0, 0, 0, 0, 0, 0, 0, 0, 0, 0, 0, 0, 0, 0, 0, 0, 0, 0, 0, 0, 0, 0, 0, 0, 0, 0, 0, 0, 0, 0, 0, 0, 0, 0, 0, 0, 0, 0, 0, 0, 0, 0, 0, 0, 0, 0, 0, 0, 0, 0, 0, 0, 0, 0, 0, 0, 0, 0, 0, 0, 0, 0, 0, 0, 0, 0, 0, 0, 0, 0, 0, 0, 0, 0, 0, 0, 0, 33554432, 0, 0, 0, 0, 0, 0, 0, 0, 0, 0, 0, 0, 0, 0, 0, 0, 0, 0, 0, 0, 0, 0, 0, 0, 0, 0, 0, 0, 0, 0, 0 ]
}
,
"histogram_atomic_private": {
"timesTransferToDevice": [ 3.8343191, 4.0161309, 3.7936690, 3.8142991, 3.9460499, 3.8214190, 3.8174889, 3.9483800, 3.8063681, 3.8344090, 3.9206100, 3.9186201, 3.7963591, 3.8985491, 3.8705699, 3.7884090, 3.8940690, 3.9013090, 3.8062091, 3.8470099, 3.9039090, 3.8148179, 3.8757889, 3.8743589, 3.8456190, 3.8339989, 3.8911891, 3.8095889, 3.8588490, 3.8987789, 3.8040891, 3.8807790, 3.8771801, 3.7876589, 3.9122591, 3.8740890, 3.8122880, 3.8455989, 3.8876390, 3.8064880, 3.9051290, 3.8694301, 3.8033681, 3.8780489, 3.8792689, 3.8047881, 3.8997991, 3.8860199, 3.8040490, 3.8450689, 3.8937190, 3.7994080, 3.8933389, 3.8731501, 3.8153391, 3.8407190, 3.9051600, 3.8167989, 3.8608091, 3.8972499, 3.8116491, 3.8600390, 3.8933301, 3.8121390, 3.8514991, 3.8974090, 3.7947979, 3.9053099, 3.8795099, 3.8135190, 3.8842089, 3.8525190, 3.7924790, 4.0902309, 3.9912801, 3.8905890, 3.7893889, 3.8912499, 3.8660090, 3.8092489, 3.8731289, 3.8908689, 3.7984591, 3.8590200, 3.8702791, 3.8047280, 4.0692401, 3.9841599, 3.8785501, 3.8029690, 3.8805590, 3.8854589, 3.7970481, 4.0524502, 3.9566000, 3.8135791, 3.8270190, 3.9989901, 3.8415589, 3.8022089 ],
"timesExecution": [ 0.7643960, 0.7656860, 0.7646960, 0.7652760, 0.7631460, 0.7643460, 0.7684960, 0.7662360, 0.7655550, 0.7665760, 0.7653460, 0.7654750, 0.7643650, 0.7654260, 0.7657360, 0.7655460, 0.7637760, 0.7654860, 0.7652560, 0.7641450, 0.7634960, 0.7652260, 0.7652250, 0.7658760, 0.7649960, 0.7648250, 0.7641860, 0.7668560, 0.7645860, 0.7633450, 0.7657950, 0.7687460, 0.7634960, 0.7661450, 0.7658760, 0.7658860, 0.7664350, 0.7665960, 0.7655460, 0.7646760, 0.7641660, 0.7643250, 0.7661250, 0.7650260, 0.7638450, 0.7662150, 0.7658460, 0.7645860, 0.7640660, 0.7645960, 0.7655150, 0.7659950, 0.7648060, 0.7660350, 0.7656550, 0.7649560, 0.7647450, 0.7665850, 0.7655260, 0.7660250, 0.7644850, 0.7662260, 0.7673150, 0.7668450, 0.7647550, 0.7659860, 0.7669560, 0.7657860, 0.7655460, 0.7647760, 0.7672750, 0.7661560, 0.7643060, 0.7646260, 0.7661150, 0.7659060, 0.7656260, 0.7676260, 0.7695850, 0.7684260, 0.7675560, 0.7696360, 0.7690360, 0.7691860, 0.7681260, 0.7692360, 0.7684650, 0.7674760, 0.7679950, 0.7687060, 0.7681060, 0.7709560, 0.7682050, 0.7690260, 0.7697250, 0.7728760, 0.7685160, 0.7688660, 0.7689660, 0.7695160 ],
"timesTransferFromDevice": [ 0.0184000, 0.0171600, 0.0184800, 0.0209200, 0.0278400, 0.0205600, 0.0207600, 0.0211600, 0.0194010, 0.0198800, 0.0198000, 0.0197200, 0.0205210, 0.0200800, 0.0200000, 0.0198000, 0.0232110, 0.0207200, 0.0198000, 0.0202010, 0.0196000, 0.0200010, 0.0198410, 0.0198400, 0.0200410, 0.0199600, 0.0201200, 0.0198400, 0.0201600, 0.0246310, 0.0203610, 0.0197600, 0.0202400, 0.0197600, 0.0201210, 0.0203600, 0.0200810, 0.0234100, 0.0202400, 0.0205200, 0.0202000, 0.0210410, 0.0197210, 0.0201600, 0.0227610, 0.0204810, 0.0205200, 0.0213600, 0.0198000, 0.0204400, 0.0197610, 0.0207610, 0.0202800, 0.0242010, 0.0201200, 0.0200400, 0.0197210, 0.0202410, 0.0197200, 0.0198400, 0.0226910, 0.0199600, 0.0199200, 0.0205600, 0.0201210, 0.0206400, 0.0201200, 0.0203200, 0.0204800, 0.0205600, 0.0197210, 0.0197600, 0.0196000, 0.0201600, 0.0200010, 0.0200800, 0.0232500, 0.0198400, 0.0196010, 0.0206800, 0.0204800, 0.0200000, 0.0199200, 0.0195600, 0.0196800, 0.0199210, 0.0199210, 0.0195600, 0.0194800, 0.0197600, 0.0202000, 0.0198400, 0.0230010, 0.0196410, 0.0200800, 0.0201200, 0.0202400, 0.0197200, 0.0200000, 0.0198400 ],
"bins": [ 0, 0, 0, 0, 0, 0, 0, 0, 0, 0, 0, 0, 0, 0, 0, 0, 0, 0, 0, 0, 0, 0, 0, 0, 0, 0, 0, 0, 0, 0, 0, 0, 0, 0, 0, 0, 0, 0, 0, 0, 0, 0, 0, 0, 0, 0, 0, 0, 0, 0, 0, 0, 0, 0, 0, 0, 0, 0, 0, 0, 0, 0, 0, 0, 0, 0, 0, 0, 0, 0, 0, 0, 0, 0, 0, 0, 0, 0, 0, 0, 0, 0, 0, 0, 0, 0, 0, 0, 0, 0, 0, 0, 0, 0, 0, 0, 33554432, 0, 0, 0, 0, 0, 0, 0, 0, 0, 0, 0, 0, 0, 0, 0, 0, 0, 0, 0, 0, 0, 0, 0, 0, 0, 0, 0, 0, 0, 0, 0 ]
}
,