{
"inputLengthInCharacters": 8388608,
"uniformInput": false,
"useMappingLetter": true,
"measurements": {
"histogram_one_thread_per_character": {
"timesTransferToDevice": [ 1.9173940, 1.4548711, 2.0222659, 2.1719460, 2.0405149, 2.0342250, 2.0240159, 2.0354850, 0.5917140, 2.0672450, 2.0215850, 2.0141549, 2.0010650, 2.0337751, 1.9955651, 0.5802340, 2.0418060, 2.0147650, 2.0264850, 2.0394549, 2.0340250, 2.0002251, 2.1773961, 2.0396249, 2.0450161, 2.0181849, 2.0503249, 0.5763840, 2.0724759, 2.0468550, 2.0171471, 0.5789650, 2.0646880, 2.0523779, 2.0447669, 2.1869991, 2.0288169, 2.0510571, 2.0472980, 2.0444670, 0.5508150, 2.1073079, 2.0491779, 2.0253770, 0.5495750, 2.1089859, 2.0340061, 2.0408061, 2.2181871, 2.0443749, 2.0501649, 2.0386951, 2.0568559, 2.2234170, 2.0480750, 2.0699151, 2.0494859, 2.0626459, 2.2068770, 2.0427351, 2.0326650, 2.0340650, 2.0364859, 0.5506040, 2.1186759, 2.0258050, 2.0357449, 2.2321270, 2.0253451, 2.0549760, 2.0401850, 2.0411351, 0.5868040, 2.0714059, 2.0290959, 2.0270250, 0.5548340, 2.1434469, 2.0402350, 2.0438750, 2.1827860, 2.0544951, 2.0566449, 2.0280449, 2.0501349, 0.5494840, 2.1121659, 2.0416861, 2.0356550, 2.1978869, 2.0296850, 2.0366249, 2.0433650, 2.0496550, 2.0411849, 2.0441649, 2.0496950, 2.1555660, 2.0261350, 2.0399859 ],
"timesExecution": [ 2.4823380, 2.2717071, 2.2710869, 2.2722671, 2.2723470, 2.2715769, 2.2722070, 2.2724569, 2.2720370, 2.2716570, 2.2723770, 2.2808170, 2.2724869, 2.2716470, 2.2714159, 2.2711570, 2.2722070, 2.2715170, 2.2720470, 2.2735569, 2.2718470, 2.2714369, 2.2715271, 2.2719769, 2.2720971, 2.2715671, 2.2726569, 2.2719569, 2.2717669, 2.2713590, 2.2717299, 2.2722089, 2.2723491, 2.2717791, 2.2720799, 2.2797191, 2.2712600, 2.2713089, 2.2710090, 2.2714801, 2.2715790, 2.2710490, 2.2719989, 2.2708390, 2.2712791, 2.2718871, 2.2711971, 2.2794869, 2.2709670, 2.2719870, 2.2713480, 2.2720580, 2.2713571, 2.2716970, 2.2711470, 2.2719870, 2.2707870, 2.2714770, 2.2800081, 2.2712770, 2.2722170, 2.2714469, 2.2715671, 2.2716470, 2.2714469, 2.2714469, 2.2719569, 2.2713571, 2.2716770, 2.2714369, 2.2798879, 2.2717669, 2.2718470, 2.2715969, 2.2710769, 2.2716470, 2.2712369, 2.2710371, 2.2715271, 2.2706981, 2.2718070, 2.2713671, 2.2762370, 2.2709379, 2.2711880, 2.2713170, 2.2715969, 2.2712770, 2.2709479, 2.2711170, 2.2709870, 2.2709570, 2.2716169, 2.2712369, 2.2715371, 2.2710071, 2.2708571, 2.2705569, 2.2711971, 2.2708371 ],
"timesTransferFromDevice": [ 0.4550930, 0.0188000, 0.0188000, 0.0204800, 0.0200010, 0.0204000, 0.0198400, 0.0210000, 0.0209210, 0.0209210, 0.0237800, 0.0239500, 0.0228500, 0.0239700, 0.0236600, 0.0242300, 0.0220000, 0.0239500, 0.0209600, 0.0211200, 0.0215200, 0.0240000, 0.0218400, 0.0209600, 0.0240600, 0.0211200, 0.0216810, 0.0242100, 0.0210400, 0.0233700, 0.0214800, 0.0235000, 0.0256100, 0.0200800, 0.0202400, 0.0209210, 0.0200400, 0.0200400, 0.0198800, 0.0203200, 0.0201200, 0.0204400, 0.0203210, 0.0204000, 0.0199600, 0.0225200, 0.0197200, 0.0196800, 0.0204010, 0.0198000, 0.0196800, 0.0200000, 0.0197600, 0.0207610, 0.0202800, 0.0206400, 0.0200400, 0.0202000, 0.0208800, 0.0210000, 0.0228800, 0.0205200, 0.0204400, 0.0205210, 0.0209200, 0.0199210, 0.0196800, 0.0205200, 0.0196400, 0.0202000, 0.0208800, 0.0205210, 0.0195600, 0.0202000, 0.0205600, 0.0205610, 0.0190400, 0.0204800, 0.0197600, 0.0204400, 0.0197200, 0.0200800, 0.0203200, 0.0201200, 0.0221200, 0.0200810, 0.0204400, 0.0196400, 0.0209600, 0.0211600, 0.0200000, 0.0202810, 0.0196410, 0.0208810, 0.0209210, 0.0206410, 0.0200810, 0.0200000, 0.0204000, 0.0203600 ],
"bins": [ 4977694, 131259, 130528, 130622, 131162, 131266, 130873, 130497, 131233, 130925, 131293, 131142, 130998, 131315, 130598, 131661, 131236, 131047, 131721, 131177, 131151, 131426, 131537, 131327, 131711, 131435, 131774 ]
}
,
"histogram_atomic_private": {
"timesTransferToDevice": [ 1.4512000, 0.5450750, 0.5450940, 0.5294140, 0.8596760, 0.5310340, 0.5364840, 0.5359240, 0.5329340, 0.5322640, 0.5307140, 0.5359940, 0.5355640, 0.5364340, 0.5374040, 0.5348040, 0.5355750, 0.5365040, 0.5355440, 0.5356740, 0.5347040, 0.5308340, 0.5350740, 0.5362340, 0.5329940, 0.5308140, 0.5311640, 0.5356040, 0.5312340, 0.5429050, 0.5318140, 0.5333840, 0.5315740, 0.5334640, 0.5310140, 0.5312140, 0.5303840, 0.5340540, 0.5325340, 0.5308340, 0.5327040, 0.5345540, 0.5317740, 0.5350440, 0.5310340, 0.5407740, 0.5399140, 0.5362040, 0.5313240, 0.5333450, 0.5311140, 0.5342240, 0.5312850, 0.5325240, 0.5370340, 0.5351640, 0.5325540, 0.5322140, 0.5568440, 0.5361040, 0.5322940, 0.5431840, 0.5404040, 0.5423340, 0.5320840, 0.5321040, 0.5533540, 0.5305840, 0.5322840, 0.5323240, 0.5556850, 0.5319840, 0.5313140, 0.5332040, 0.5552350, 0.5337440, 0.5316040, 0.5320740, 0.5608550, 0.5318640, 0.5360740, 0.5340840, 0.5332940, 0.5306540, 0.5325140, 0.5335740, 0.5609040, 0.5311950, 0.5301640, 0.5317040, 0.5516650, 0.5327740, 0.5317040, 0.5296140, 0.5305740, 0.5343740, 0.5321240, 0.5358740, 0.5362240, 0.5334440 ],
"timesExecution": [ 0.1606910, 0.1484010, 0.1485620, 0.1536110, 0.1523410, 0.1513410, 0.3042820, 0.1500420, 0.1510910, 0.1516610, 0.1493020, 0.1515610, 0.1513610, 0.1519210, 0.1516610, 0.1489610, 0.1521710, 0.1492020, 0.1509010, 0.1496810, 0.1507420, 0.1508910, 0.1543010, 0.1519310, 0.1511910, 0.1515210, 0.1521710, 0.1507410, 0.1507810, 0.1517510, 0.1526020, 0.1516710, 0.1521610, 0.1510810, 0.1517510, 0.1508010, 0.1524410, 0.1507010, 0.1511810, 0.1508510, 0.1514410, 0.1518710, 0.1522210, 0.1520020, 0.1517810, 0.1524410, 0.1515410, 0.1515010, 0.1526610, 0.1520310, 0.1514910, 0.1519710, 0.1510810, 0.1509110, 0.1511710, 0.1505810, 0.1514320, 0.1518610, 0.1508310, 0.1511810, 0.1510020, 0.1505110, 0.1516010, 0.1499210, 0.1522820, 0.1513210, 0.1512510, 0.1512810, 0.1527310, 0.1511610, 0.1526710, 0.1520810, 0.1492810, 0.1511410, 0.1504410, 0.1521420, 0.1515610, 0.1515210, 0.1511310, 0.1496820, 0.1523110, 0.1501810, 0.1508210, 0.1512710, 0.1513210, 0.1505710, 0.1454010, 0.1507710, 0.1514410, 0.1507510, 0.1518010, 0.1506920, 0.1512010, 0.1504410, 0.1493210, 0.1511110, 0.1520110, 0.1519210, 0.1510610, 0.1510110 ],
"timesTransferFromDevice": [ 0.0189200, 0.0192800, 0.0200400, 0.0246300, 0.0202010, 0.0240600, 0.0221200, 0.0237100, 0.0193210, 0.0215200, 0.0230100, 0.0227210, 0.0207600, 0.0229600, 0.0209200, 0.0208000, 0.0234200, 0.0234400, 0.0238610, 0.0244300, 0.0213200, 0.0210010, 0.0212400, 0.0251100, 0.0207610, 0.0238800, 0.0229600, 0.0207600, 0.0231400, 0.0239000, 0.0256300, 0.0209610, 0.0233500, 0.0232400, 0.0242710, 0.0234300, 0.0238900, 0.0232400, 0.0235400, 0.0228400, 0.0231400, 0.0209600, 0.0230100, 0.0215600, 0.0201210, 0.0236200, 0.0243900, 0.0237800, 0.0198000, 0.0204400, 0.0231300, 0.0237500, 0.0229400, 0.0280300, 0.0209600, 0.0236900, 0.0235800, 0.0231310, 0.0211610, 0.0201600, 0.0293800, 0.0236500, 0.0228800, 0.0230900, 0.0203600, 0.0210010, 0.0235700, 0.0192400, 0.0230900, 0.0243500, 0.0238400, 0.0228000, 0.0196010, 0.0241500, 0.0225700, 0.0230500, 0.0228910, 0.0231400, 0.0232600, 0.0196800, 0.0227600, 0.0239400, 0.0211610, 0.0194800, 0.0243400, 0.0216010, 0.0253300, 0.0235000, 0.0208800, 0.0226000, 0.0266100, 0.0229600, 0.0211600, 0.0196000, 0.0231300, 0.0233100, 0.0230900, 0.0210400, 0.0195600, 0.0232700 ],
"bins": [ 4977694, 131259, 130528, 130622, 131162, 131266, 130873, 130497, 131233, 130925, 131293, 131142, 130998, 131315, 130598, 131661, 131236, 131047, 131721, 131177, 131151, 131426, 131537, 131327, 131711, 131435, 131774 ]
}
,