{
"inputLengthInCharacters": 256,
"uniformInput": false,
"useMappingLetter": true,
"measurements": {
"histogram_one_thread_per_character": {
"timesTransferToDevice": [ 0.0474100, 0.0247200, 0.0210800, 0.0232800, 0.0243300, 0.0219700, 0.0227600, 0.0225600, 0.0237200, 0.0246400, 0.0239500, 0.0249800, 0.0264100, 0.0268600, 0.0210000, 0.0251300, 0.0265100, 0.0270900, 0.0253400, 0.0251000, 0.0271300, 0.0216400, 0.0269300, 0.0259300, 0.0248800, 0.0245200, 0.0238600, 0.0253500, 0.0253600, 0.0269600, 0.0254200, 0.0248600, 0.0244100, 0.0270000, 0.0255100, 0.0254600, 0.0240000, 0.0254500, 0.0230000, 0.0272900, 0.0256100, 0.0240300, 0.0246100, 0.0241900, 0.0264800, 0.0252000, 0.0315800, 0.0236400, 0.0238100, 0.0268000, 0.0245200, 0.0269300, 0.0266000, 0.0269700, 0.0230800, 0.0251400, 0.0299200, 0.0270700, 0.0279000, 0.0233700, 0.0251000, 0.0249300, 0.0236400, 0.0253000, 0.0269300, 0.0273400, 0.0236100, 0.0249300, 0.0254000, 0.0271300, 0.0252900, 0.0251300, 0.0256500, 0.0269000, 0.0267500, 0.0226800, 0.0243700, 0.0261610, 0.0268600, 0.0267300, 0.0250900, 0.0235400, 0.0229500, 0.0266800, 0.0240700, 0.0268300, 0.0210800, 0.0241800, 0.0270300, 0.0266400, 0.0271200, 0.0256300, 0.0296600, 0.0230400, 0.0257300, 0.0296200, 0.0254800, 0.0251400, 0.0259100, 0.0248400 ],
"timesExecution": [ 0.0279600, 0.0312400, 0.0317200, 0.0321000, 0.0302400, 0.0319600, 0.0316500, 0.0327100, 0.0325110, 0.0314000, 0.0316000, 0.0460600, 0.0317300, 0.0317400, 0.0321100, 0.0316500, 0.0313700, 0.0314800, 0.0322200, 0.0314100, 0.0319700, 0.0298800, 0.0316000, 0.0319100, 0.0323000, 0.0319500, 0.0295600, 0.0318100, 0.0315200, 0.0298000, 0.0317000, 0.0296010, 0.0313300, 0.0316200, 0.0317900, 0.0296800, 0.0317200, 0.0314600, 0.0295600, 0.0310800, 0.0311500, 0.0316200, 0.0294800, 0.0307600, 0.0321600, 0.0315700, 0.0298900, 0.0293600, 0.0316500, 0.0320900, 0.0318200, 0.0309200, 0.0312100, 0.0333000, 0.0301300, 0.0316700, 0.0320700, 0.0315500, 0.0321000, 0.0292800, 0.0314500, 0.0296800, 0.0316500, 0.0313600, 0.0311900, 0.0315300, 0.0303200, 0.0334100, 0.0297900, 0.0294800, 0.0312900, 0.0317400, 0.0324300, 0.0297600, 0.0317900, 0.0609000, 0.0313000, 0.0322700, 0.0315900, 0.0314900, 0.0296000, 0.0321100, 0.0315300, 0.0293600, 0.0317400, 0.0311200, 0.0316900, 0.0323000, 0.0321500, 0.0318700, 0.0329800, 0.0316200, 0.0315300, 0.0312000, 0.0313300, 0.0309700, 0.0312500, 0.0319900, 0.0313600, 0.0312900 ],
"timesTransferFromDevice": [ 0.4117000, 0.0188400, 0.0185200, 0.0200400, 0.0206800, 0.0199600, 0.0209200, 0.0228800, 0.0198400, 0.0214000, 0.0197600, 0.0208400, 0.0200400, 0.0204000, 0.0197600, 0.0197200, 0.0199600, 0.0234600, 0.0229700, 0.0211200, 0.0237600, 0.0231500, 0.0204000, 0.0233100, 0.0233500, 0.0218800, 0.0210800, 0.0194400, 0.0234300, 0.0231400, 0.0195200, 0.0230100, 0.0511200, 0.0228800, 0.0194000, 0.0214000, 0.0200400, 0.0198400, 0.0201200, 0.0226900, 0.0204000, 0.0234600, 0.0201210, 0.0215600, 0.0200800, 0.0233500, 0.0227500, 0.0269700, 0.0230500, 0.0232300, 0.0267700, 0.0230100, 0.0197600, 0.0238900, 0.0233800, 0.0205200, 0.0265300, 0.0234500, 0.0238800, 0.0198400, 0.0202400, 0.0230400, 0.0227200, 0.0198400, 0.0203600, 0.0233810, 0.0208000, 0.0194400, 0.0214800, 0.0237200, 0.0226900, 0.0244700, 0.0200800, 0.0193200, 0.0196800, 0.0234800, 0.0212800, 0.0198800, 0.0196000, 0.0232900, 0.0199200, 0.0194800, 0.0211200, 0.0241000, 0.0226800, 0.0204800, 0.0211600, 0.0205600, 0.0213210, 0.0195600, 0.0272100, 0.0232600, 0.0204400, 0.0198000, 0.0225100, 0.0234300, 0.0198400, 0.0259100, 0.0225200, 0.0208400 ],
"bins": [ 144, 1, 4, 2, 1, 5, 2, 5, 7, 5, 6, 4, 3, 4, 6, 4, 4, 2, 8, 1, 5, 6, 6, 5, 7, 5, 4 ]
}
,
"histogram_atomic_private": {
"timesTransferToDevice": [ 0.0236300, 0.0200400, 0.0231600, 0.0242900, 0.0225400, 0.0256800, 0.0251900, 0.0250800, 0.0239300, 0.0240100, 0.0257900, 0.0228100, 0.0258800, 0.0258200, 0.0254500, 0.0255600, 0.0273000, 0.0251700, 0.0268400, 0.0288200, 0.0267200, 0.0263800, 0.0250500, 0.0237900, 0.0269300, 0.0270800, 0.0212000, 0.0235400, 0.0245700, 0.0250300, 0.0251600, 0.0268900, 0.0238200, 0.0252000, 0.0242300, 0.0276500, 0.0266400, 0.0237300, 0.0259400, 0.0274200, 0.0253600, 0.0235700, 0.0269500, 0.0255400, 0.0270500, 0.0256500, 0.0245700, 0.0249000, 0.0230000, 0.0225300, 0.0249600, 0.0245700, 0.0248200, 0.0252000, 0.0250500, 0.0264700, 0.0249300, 0.0234800, 0.0303210, 0.0264900, 0.0249600, 0.0234300, 0.0268000, 0.0231400, 0.0263900, 0.0248100, 0.0254800, 0.0280400, 0.0244200, 0.0262300, 0.0287900, 0.0270900, 0.0265000, 0.0234000, 0.0270800, 0.0252900, 0.0267900, 0.0246900, 0.0228900, 0.0274400, 0.0248800, 0.0285700, 0.0269200, 0.0258300, 0.0268100, 0.0210000, 0.0246100, 0.0205200, 0.0267300, 0.0260400, 0.0252400, 0.0250800, 0.0228000, 0.0235300, 0.0255400, 0.0234400, 0.0259200, 0.0267700, 0.0267600, 0.0269100 ],
"timesExecution": [ 0.0270000, 0.0264800, 0.0274400, 0.0298900, 0.0288800, 0.0296300, 0.0297600, 0.0292800, 0.0300400, 0.0289200, 0.0303700, 0.0305100, 0.0301000, 0.0302500, 0.0310700, 0.0318500, 0.0313600, 0.0316100, 0.0296800, 0.0310700, 0.0316600, 0.0318300, 0.0316500, 0.0293600, 0.0337000, 0.0315800, 0.0314900, 0.0296000, 0.0293200, 0.0315700, 0.0317000, 0.0296800, 0.0296000, 0.0313700, 0.0324400, 0.0296400, 0.0312000, 0.0303200, 0.0313600, 0.0293600, 0.0327400, 0.0315800, 0.0322600, 0.0313200, 0.0311600, 0.0294000, 0.0313310, 0.0296400, 0.0316000, 0.0314500, 0.0317400, 0.0319500, 0.0311300, 0.0317300, 0.0317200, 0.0314800, 0.0326700, 0.0312800, 0.0316600, 0.0309100, 0.0299200, 0.0316700, 0.0320200, 0.0314000, 0.0309700, 0.0323000, 0.0312000, 0.0315400, 0.0315700, 0.0328600, 0.0313300, 0.0327400, 0.0326700, 0.0297200, 0.0296800, 0.0311700, 0.0312400, 0.0315400, 0.0317000, 0.0296400, 0.0325310, 0.0312800, 0.0314800, 0.0312000, 0.0313200, 0.0314900, 0.0313200, 0.0317400, 0.0325700, 0.0332000, 0.0312900, 0.0289200, 0.0316300, 0.0311600, 0.0322600, 0.0310900, 0.0298400, 0.0314900, 0.0314900, 0.0315900 ],
"timesTransferFromDevice": [ 0.0181600, 0.0171200, 0.0190400, 0.0201600, 0.0183600, 0.0227200, 0.0262100, 0.0214800, 0.0189200, 0.0194000, 0.0195600, 0.0192410, 0.0221400, 0.0212800, 0.0222400, 0.0234100, 0.0205200, 0.0201200, 0.0204000, 0.0232100, 0.0228400, 0.0227300, 0.0233800, 0.0233300, 0.0194800, 0.0195200, 0.0228100, 0.0225500, 0.0197200, 0.0210000, 0.0202800, 0.0200800, 0.0195600, 0.0232200, 0.0234000, 0.0226900, 0.0228100, 0.0209200, 0.0202800, 0.0234200, 0.0227600, 0.0226800, 0.0228900, 0.0196800, 0.0197600, 0.0245400, 0.0213200, 0.0195200, 0.0206800, 0.0234300, 0.0262300, 0.0237100, 0.0224600, 0.0238400, 0.0228800, 0.0239400, 0.0233400, 0.0200800, 0.0201600, 0.0205200, 0.0825000, 0.0258100, 0.0261800, 0.0200800, 0.0233400, 0.0200400, 0.0235900, 0.0262200, 0.0194400, 0.0225600, 0.0194400, 0.0197200, 0.0197600, 0.0212400, 0.0193200, 0.0214400, 0.0245500, 0.0245200, 0.0194800, 0.0226400, 0.0233500, 0.0212800, 0.0259200, 0.0214000, 0.0213600, 0.0191200, 0.0226100, 0.0210000, 0.0233700, 0.0199200, 0.0229700, 0.0234110, 0.0232800, 0.0204000, 0.0212800, 0.0205600, 0.0198800, 0.0192800, 0.0200800, 0.0210400 ],
"bins": [ 144, 1, 4, 2, 1, 5, 2, 5, 7, 5, 6, 4, 3, 4, 6, 4, 4, 2, 8, 1, 5, 6, 6, 5, 7, 5, 4 ]
}
,