{
"inputLengthInCharacters": 2097152,
"uniformInput": true,
"useMappingLetter": false,
"measurements": {
"histogram_one_thread_per_character": {
"timesTransferToDevice": [ 1.6861020, 0.2079220, 0.1884410, 0.2011810, 0.1878110, 0.1871110, 0.1879820, 0.1869120, 0.1969320, 0.1871210, 0.2029610, 0.2458620, 0.1892920, 0.1867710, 0.1875110, 0.1878710, 0.1915610, 0.2024020, 0.2114820, 0.1870120, 0.1856020, 0.1875710, 0.1882610, 0.1888410, 0.2021810, 0.1873820, 0.1867620, 0.1878420, 0.1898810, 0.1881410, 0.1887110, 0.2017510, 0.1997810, 0.1891020, 0.1871820, 0.1860020, 0.1895620, 0.1952910, 0.2027310, 0.1890910, 0.1863110, 0.1872020, 0.1847520, 0.1868520, 0.1873810, 0.2010210, 0.2024610, 0.1871010, 0.1885710, 0.1867520, 0.1881620, 0.1880520, 0.2016120, 0.1889110, 0.1879010, 0.1870620, 0.1860720, 0.1878210, 0.2018310, 0.1872320, 0.1902820, 0.1878510, 0.1868410, 0.1900520, 0.1890320, 0.1992310, 0.1877810, 0.1895920, 0.1868120, 0.1868410, 0.1876010, 0.1949320, 0.2005120, 0.1878910, 0.1864810, 0.2281520, 0.1873220, 0.1770010, 0.1871910, 0.2023810, 0.2104820, 0.1867620, 0.1879010, 0.1850310, 0.1880120, 0.1870720, 0.2050810, 0.1970110, 0.1865410, 0.1883720, 0.1879920, 0.1880010, 0.1876910, 0.2034020, 0.1888920, 0.1877610, 0.1879610, 0.1877020, 0.1894520, 0.1871110 ],
"timesExecution": [ 1.1005290, 0.8902770, 0.8900060, 0.8912170, 0.8908870, 0.8905670, 0.8906470, 0.8902670, 0.8905270, 0.8908060, 0.8909660, 0.8906870, 0.8906270, 0.8906760, 0.8907270, 0.8914270, 0.8907970, 0.8896970, 0.8902370, 0.8905470, 0.8906270, 0.8900560, 0.8905470, 0.8901970, 0.8906370, 0.8906670, 0.8907470, 0.8904870, 0.8906960, 0.8910370, 0.8902770, 0.8901870, 0.8905570, 0.8905470, 0.8903970, 0.8905470, 0.8901070, 0.8902270, 0.8904070, 0.8905570, 0.8905170, 0.8902670, 0.8905070, 0.8901870, 0.8904360, 0.8903470, 0.8905670, 0.8901370, 0.8908270, 0.8906870, 0.8905970, 0.8910970, 0.8905260, 0.8903170, 0.8907270, 0.8906070, 0.8902660, 0.8902370, 0.8902770, 0.8904870, 0.8902760, 0.8900270, 0.8905370, 0.8902670, 0.8899860, 0.8906770, 0.8904770, 0.8905270, 0.8904960, 0.8905970, 0.8910170, 0.8905570, 0.8907970, 0.8907970, 0.8901470, 0.8903970, 0.8903970, 0.8907960, 0.8901470, 0.8902670, 0.8904770, 0.8901370, 0.8900360, 0.8901970, 0.8900270, 0.8902360, 0.8903960, 0.8902770, 0.8900670, 0.8902670, 0.8905660, 0.8902770, 0.8908070, 0.8902370, 0.8905560, 0.8902070, 0.8904770, 0.8909270, 0.8905260, 0.8905970 ],
"timesTransferFromDevice": [ 0.3953730, 0.0193600, 0.0195200, 0.0212410, 0.0214000, 0.0211200, 0.0214000, 0.0243900, 0.0234400, 0.0245200, 0.0227200, 0.0220400, 0.0238800, 0.0210000, 0.0242110, 0.0244200, 0.0249200, 0.0219200, 0.0243500, 0.0227600, 0.0235300, 0.0234800, 0.0243310, 0.0219600, 0.0212800, 0.0239900, 0.0249600, 0.0239000, 0.0238900, 0.0237310, 0.0248300, 0.0237600, 0.0217600, 0.0220400, 0.0241800, 0.0250400, 0.0204400, 0.0241810, 0.0243010, 0.0241500, 0.0240800, 0.0218800, 0.0243900, 0.0241200, 0.0208400, 0.0241210, 0.0234010, 0.0233300, 0.0245100, 0.0240200, 0.0241700, 0.0248200, 0.0242300, 0.0300710, 0.0219200, 0.0237700, 0.0250800, 0.0240000, 0.0243800, 0.0240300, 0.0250700, 0.0246100, 0.0292200, 0.0241100, 0.0210400, 0.0250710, 0.0241400, 0.0250900, 0.0221600, 0.0224400, 0.0243900, 0.0247200, 0.0251400, 0.0215610, 0.0235300, 0.0225600, 0.0219600, 0.0242400, 0.0241800, 0.0247700, 0.0252300, 0.0248500, 0.0249710, 0.0221200, 0.0241500, 0.0286900, 0.0226010, 0.0240800, 0.0214000, 0.0278100, 0.0247100, 0.0300600, 0.0218000, 0.0220400, 0.0241900, 0.0242710, 0.0225200, 0.0232800, 0.0216800, 0.0294800 ],
"bins": [ 0, 0, 0, 0, 0, 0, 0, 0, 0, 0, 0, 0, 0, 0, 0, 0, 0, 0, 0, 0, 0, 0, 0, 0, 0, 0, 0, 0, 0, 0, 0, 0, 0, 0, 0, 0, 0, 0, 0, 0, 0, 0, 0, 0, 0, 0, 0, 0, 0, 0, 0, 0, 0, 0, 0, 0, 0, 0, 0, 0, 0, 0, 0, 0, 0, 0, 0, 0, 0, 0, 0, 0, 0, 0, 0, 0, 0, 0, 0, 0, 0, 0, 0, 0, 0, 0, 0, 0, 0, 0, 0, 0, 0, 0, 0, 0, 2097152, 0, 0, 0, 0, 0, 0, 0, 0, 0, 0, 0, 0, 0, 0, 0, 0, 0, 0, 0, 0, 0, 0, 0, 0, 0, 0, 0, 0, 0, 0, 0 ]
}
,
"histogram_atomic_private": {
"timesTransferToDevice": [ 1.0968370, 0.1954320, 0.1953410, 0.1994720, 0.1821110, 0.1804820, 0.1821310, 0.1805320, 0.1846210, 0.1826820, 0.1834310, 0.1826610, 0.1848110, 0.1841210, 0.1975110, 0.2003220, 0.1877610, 0.1874720, 0.1866410, 0.1887820, 0.1868610, 0.1989120, 0.1887610, 0.1847220, 0.1843010, 0.1845620, 0.1844110, 0.2324320, 0.1908320, 0.1831910, 0.2050320, 0.1858910, 0.1849820, 0.1940010, 0.1845420, 0.1855510, 0.2011320, 0.1854810, 0.1864310, 0.1834010, 0.1838220, 0.1847610, 0.1872620, 0.1840510, 0.1838620, 0.1869410, 0.1863120, 0.1837610, 0.1881920, 0.1833410, 0.1819420, 0.1836910, 0.1836120, 0.1848510, 0.1843720, 0.1837410, 0.1845720, 0.2061810, 0.1842120, 0.1840910, 0.1837720, 0.1842010, 0.1871320, 0.1834710, 0.1825320, 0.1868910, 0.1842020, 0.1827710, 0.1855820, 0.1842810, 0.1847020, 0.1839010, 0.1832020, 0.1857310, 0.1857320, 0.1844410, 0.1842320, 0.1849710, 0.1831020, 0.1852310, 0.1824820, 0.1829110, 0.1823320, 0.1861810, 0.1833020, 0.1826610, 0.2087920, 0.1952810, 0.1832720, 0.1875110, 0.1836620, 0.1835810, 0.1881820, 0.1846710, 0.1844220, 0.1871210, 0.1829120, 0.1841110, 0.1916620, 0.1828910 ],
"timesExecution": [ 0.0790810, 0.0785800, 0.0801510, 0.0795500, 0.0794810, 0.0795700, 0.0800910, 0.0790500, 0.0792910, 0.0792700, 0.0795510, 0.0807500, 0.0798010, 0.0799800, 0.0796710, 0.0808400, 0.0789310, 0.0796500, 0.0795710, 0.0797800, 0.0798910, 0.0799410, 0.0798810, 0.0795300, 0.0796410, 0.0798700, 0.0797210, 0.0799710, 0.0796000, 0.0795710, 0.0799600, 0.0795710, 0.0818500, 0.0798510, 0.0797210, 0.0791310, 0.0788510, 0.0793200, 0.0794110, 0.0799110, 0.0799110, 0.0787310, 0.0798910, 0.0795110, 0.0774810, 0.0793310, 0.0797910, 0.0796810, 0.0796000, 0.0800110, 0.0782000, 0.0795710, 0.0797100, 0.0799510, 0.0799600, 0.0787510, 0.0793700, 0.0793910, 0.0793700, 0.0797610, 0.0742400, 0.0961910, 0.0770800, 0.0757910, 0.0824800, 0.0791710, 0.0795300, 0.0799010, 0.0789900, 0.0788410, 0.0774000, 0.0811210, 0.0788100, 0.0793010, 0.0794700, 0.0791710, 0.0776400, 0.0797710, 0.0795400, 0.0794910, 0.0791700, 0.0801110, 0.0802600, 0.0794510, 0.0790500, 0.0801610, 0.0799410, 0.0791610, 0.0792210, 0.0795710, 0.0795010, 0.0799010, 0.0775210, 0.0803110, 0.0800710, 0.0799910, 0.0795610, 0.0798610, 0.0800810, 0.0800910 ],
"timesTransferFromDevice": [ 0.0192000, 0.0193610, 0.0196000, 0.0253100, 0.0212800, 0.0234810, 0.0243600, 0.0237010, 0.0248500, 0.0204800, 0.0239700, 0.0234500, 0.0248700, 0.0203600, 0.0240000, 0.0220410, 0.0256900, 0.0235500, 0.0247500, 0.0208000, 0.0244500, 0.0219200, 0.0207600, 0.0246500, 0.0206800, 0.0204400, 0.0237700, 0.0234400, 0.0218010, 0.0235400, 0.0213210, 0.0249800, 0.0290610, 0.0246600, 0.0241200, 0.0261500, 0.0242200, 0.0238500, 0.0248400, 0.0241500, 0.0220400, 0.0239600, 0.0238800, 0.0216400, 0.0220800, 0.0218000, 0.0238500, 0.0205200, 0.0216000, 0.0243700, 0.0241300, 0.0218400, 0.0240010, 0.0231100, 0.0243710, 0.0247900, 0.0242910, 0.0236100, 0.0218000, 0.0201200, 0.0224410, 0.0241500, 0.0235300, 0.0200400, 0.0291010, 0.0233500, 0.0239210, 0.0218400, 0.0216410, 0.0237700, 0.0242610, 0.0279000, 0.0236210, 0.0357000, 0.0240710, 0.0225200, 0.0234110, 0.0289300, 0.0282910, 0.0238900, 0.0243810, 0.0238300, 0.0214810, 0.0235800, 0.0211610, 0.0203200, 0.0233600, 0.0244600, 0.0252200, 0.0245700, 0.0233300, 0.0219200, 0.0241400, 0.0303800, 0.0243100, 0.0254300, 0.0291400, 0.0204400, 0.0222400, 0.0247200 ],
"bins": [ 0, 0, 0, 0, 0, 0, 0, 0, 0, 0, 0, 0, 0, 0, 0, 0, 0, 0, 0, 0, 0, 0, 0, 0, 0, 0, 0, 0, 0, 0, 0, 0, 0, 0, 0, 0, 0, 0, 0, 0, 0, 0, 0, 0, 0, 0, 0, 0, 0, 0, 0, 0, 0, 0, 0, 0, 0, 0, 0, 0, 0, 0, 0, 0, 0, 0, 0, 0, 0, 0, 0, 0, 0, 0, 0, 0, 0, 0, 0, 0, 0, 0, 0, 0, 0, 0, 0, 0, 0, 0, 0, 0, 0, 0, 0, 0, 2097152, 0, 0, 0, 0, 0, 0, 0, 0, 0, 0, 0, 0, 0, 0, 0, 0, 0, 0, 0, 0, 0, 0, 0, 0, 0, 0, 0, 0, 0, 0, 0 ]
}
,