{
"inputLengthInCharacters": 128,
"uniformInput": false,
"useMappingLetter": true,
"measurements": {
"histogram_one_thread_per_character": {
"timesTransferToDevice": [ 0.0476600, 0.0196400, 0.0237610, 0.0216400, 0.0226800, 0.0273400, 0.0252900, 0.0247200, 0.0247200, 0.0263310, 0.0296210, 0.0245700, 0.0254400, 0.0237200, 0.0306600, 0.0264500, 0.0236300, 0.0209600, 0.0295100, 0.0269410, 0.0267310, 0.0227610, 0.0225200, 0.0253400, 0.0257300, 0.0259600, 0.0261100, 0.0258600, 0.0238510, 0.0263700, 0.0237600, 0.0230400, 0.0265600, 0.0318200, 0.0220000, 0.0258500, 0.0236000, 0.0268500, 0.0234600, 0.0256100, 0.0254400, 0.0255210, 0.0292710, 0.0234210, 0.0253000, 0.0247600, 0.0237600, 0.0237600, 0.0263300, 0.0235800, 0.0271510, 0.0241510, 0.0251700, 0.0235700, 0.0253000, 0.0232400, 0.0218000, 0.0253400, 0.0261100, 0.0266110, 0.0246510, 0.0247100, 0.0251000, 0.0279300, 0.0250300, 0.0254100, 0.0262700, 0.0269500, 0.0255010, 0.0270010, 0.0272500, 0.0232500, 0.0245600, 0.0270900, 0.0282000, 0.0269300, 0.0274000, 0.0252600, 0.0297500, 0.0271610, 0.0263410, 0.0269200, 0.0270300, 0.0268600, 0.0268600, 0.0294500, 0.0231700, 0.0236500, 0.0270610, 0.0277410, 0.0269410, 0.0267300, 0.0254800, 0.0268800, 0.0269400, 0.0262500, 0.0265400, 0.0264600, 0.0273110, 0.0262900 ],
"timesExecution": [ 0.0311700, 0.0309600, 0.0293600, 0.0325600, 0.0303610, 0.0298400, 0.0299600, 0.0320500, 0.0319300, 0.0298800, 0.0322700, 0.0480900, 0.0327300, 0.0312110, 0.0292410, 0.0303210, 0.0295600, 0.0314900, 0.0312900, 0.0299200, 0.0315800, 0.0315700, 0.0324310, 0.0295610, 0.0317400, 0.0314200, 0.0322700, 0.0312100, 0.0308800, 0.0293200, 0.0317410, 0.0295210, 0.0317500, 0.0313610, 0.0318010, 0.0311300, 0.0314100, 0.0311200, 0.0662200, 0.0323100, 0.0296000, 0.0319100, 0.0316200, 0.0313300, 0.0310500, 0.0311610, 0.0319600, 0.0312000, 0.0318100, 0.0312800, 0.0293600, 0.0316200, 0.0315400, 0.0317510, 0.0317410, 0.0295600, 0.0318000, 0.0311200, 0.0316100, 0.0318200, 0.0292800, 0.0291600, 0.0317610, 0.0322210, 0.0293600, 0.0317100, 0.0320700, 0.0313300, 0.0319000, 0.0298400, 0.0312100, 0.0314510, 0.0311200, 0.0322700, 0.0294000, 0.0551500, 0.0317000, 0.0317400, 0.0312400, 0.0292800, 0.0320800, 0.0300000, 0.0295610, 0.0295210, 0.0293600, 0.0318900, 0.0320700, 0.0299200, 0.0313100, 0.0298000, 0.0296400, 0.0294410, 0.0314210, 0.0307900, 0.0297200, 0.0308400, 0.0308500, 0.0312500, 0.0290400, 0.0308800 ],
"timesTransferFromDevice": [ 0.4305740, 0.0191200, 0.0184400, 0.0196400, 0.0193200, 0.0196000, 0.0199210, 0.0192400, 0.0289500, 0.0202800, 0.0210800, 0.0196800, 0.0230000, 0.0235500, 0.0234100, 0.0196000, 0.0202410, 0.0229700, 0.0202800, 0.0258500, 0.0199600, 0.0203600, 0.0194000, 0.0212000, 0.0199600, 0.0193210, 0.0198000, 0.0210800, 0.0229700, 0.0229700, 0.0199200, 0.0205600, 0.0549000, 0.0234200, 0.0210800, 0.0233610, 0.0196810, 0.0230900, 0.0238010, 0.0230110, 0.0237600, 0.0205600, 0.0227700, 0.0200800, 0.0251300, 0.0227200, 0.0233900, 0.0234110, 0.0234510, 0.0198400, 0.0231000, 0.0230100, 0.0233100, 0.0227300, 0.0228400, 0.0194000, 0.0196010, 0.0234200, 0.0204800, 0.0239600, 0.0225700, 0.0227700, 0.0237500, 0.0228400, 0.0227700, 0.0197210, 0.0234400, 0.0234800, 0.0203200, 0.0204400, 0.0202000, 0.0244600, 0.0225600, 0.0201610, 0.0202400, 0.0201210, 0.0236810, 0.0214900, 0.0200000, 0.0233300, 0.0199200, 0.0196400, 0.0231400, 0.0194400, 0.0215600, 0.0199600, 0.0228410, 0.0198400, 0.0228100, 0.0192800, 0.0195600, 0.0195600, 0.0213600, 0.0229300, 0.0204810, 0.0202400, 0.0238700, 0.0202800, 0.0238400, 0.0233000 ],
"bins": [ 71, 1, 4, 1, 0, 1, 1, 1, 2, 2, 2, 3, 2, 4, 3, 1, 2, 1, 1, 1, 4, 5, 5, 3, 5, 0, 2 ]
}
,
"histogram_atomic_private": {
"timesTransferToDevice": [ 0.0207310, 0.0194400, 0.0189200, 0.0191200, 0.0250210, 0.0257200, 0.0213200, 0.0220800, 0.0208000, 0.0252910, 0.0222910, 0.0249900, 0.0256600, 0.0224200, 0.0242800, 0.0252600, 0.0291410, 0.0252910, 0.0230000, 0.0286000, 0.0269600, 0.0260100, 0.0261100, 0.0242800, 0.0271600, 0.0266910, 0.0271910, 0.0273610, 0.0231200, 0.0212400, 0.0248400, 0.0270000, 0.0271100, 0.0254100, 0.0253600, 0.0259310, 0.0234510, 0.0267000, 0.0247700, 0.0262400, 0.0273800, 0.0243400, 0.0229200, 0.0236000, 0.0243610, 0.0267310, 0.0244900, 0.0252500, 0.0251600, 0.0259700, 0.0251000, 0.0234500, 0.0253400, 0.0242910, 0.0269700, 0.0272900, 0.0224000, 0.0253400, 0.0256500, 0.0244400, 0.0238800, 0.0243400, 0.0250100, 0.0272500, 0.0263900, 0.0262400, 0.0259310, 0.0218810, 0.0258400, 0.0254500, 0.0231600, 0.0267300, 0.0233300, 0.0242500, 0.0250500, 0.0273210, 0.0261210, 0.0253000, 0.0248900, 0.0229200, 0.0261300, 0.0251600, 0.0232400, 0.0247310, 0.0253210, 0.0264710, 0.0242500, 0.0252500, 0.0236000, 0.0246100, 0.0277200, 0.0256100, 0.0263300, 0.0230410, 0.0255900, 0.0217200, 0.0234800, 0.0208400, 0.0219200, 0.0236500 ],
"timesExecution": [ 0.0268400, 0.0296110, 0.0290000, 0.0305700, 0.0301500, 0.0295400, 0.0278010, 0.0292100, 0.0273600, 0.0309700, 0.0285200, 0.0285210, 0.0302910, 0.0293600, 0.0282400, 0.0298400, 0.0315600, 0.0293600, 0.0313400, 0.0293210, 0.0295610, 0.0312500, 0.0296400, 0.0319500, 0.0312100, 0.0317900, 0.0310500, 0.0316900, 0.0292800, 0.0293610, 0.0318410, 0.0313700, 0.0316800, 0.0313000, 0.0318700, 0.0321900, 0.0294400, 0.0313410, 0.0334110, 0.0314410, 0.0295600, 0.0316900, 0.0317900, 0.0308200, 0.0295600, 0.0294400, 0.0313410, 0.0293210, 0.0295200, 0.0314700, 0.0305900, 0.0310500, 0.0311700, 0.0312500, 0.0296000, 0.0314310, 0.0315810, 0.0309600, 0.0292800, 0.0317100, 0.0319900, 0.0319000, 0.0311700, 0.0296400, 0.0317900, 0.0314000, 0.0311700, 0.0311200, 0.0318210, 0.0294010, 0.0295200, 0.0288800, 0.0296000, 0.0289600, 0.0311200, 0.0295200, 0.0321200, 0.0293600, 0.0319410, 0.0333610, 0.0311300, 0.0308800, 0.0310400, 0.0315700, 0.0312800, 0.0295200, 0.0315000, 0.0315010, 0.0318210, 0.0320300, 0.0317000, 0.0317800, 0.0294800, 0.0313800, 0.0311100, 0.0314910, 0.0296410, 0.0306700, 0.0318300, 0.0314200 ],
"timesTransferFromDevice": [ 0.0174400, 0.0171200, 0.0171210, 0.0233000, 0.0186400, 0.0183600, 0.0227800, 0.0180010, 0.0201600, 0.0216400, 0.0223300, 0.0200000, 0.0224800, 0.0223300, 0.0256210, 0.0222900, 0.0239000, 0.0205200, 0.0196000, 0.0209200, 0.0262400, 0.0234200, 0.0207210, 0.0193600, 0.0259700, 0.0256100, 0.0233800, 0.0216800, 0.0232400, 0.0243000, 0.0195200, 0.0192400, 0.0228110, 0.0200400, 0.0202400, 0.0235800, 0.0195600, 0.0224800, 0.0272200, 0.0197200, 0.0259200, 0.0233210, 0.0264310, 0.0200400, 0.0200400, 0.0192000, 0.0230000, 0.0215600, 0.0227200, 0.0231310, 0.0233910, 0.0270500, 0.0202800, 0.0206800, 0.0264500, 0.0251300, 0.0234300, 0.0257300, 0.0233510, 0.0207610, 0.0798610, 0.0233900, 0.0198410, 0.0213610, 0.0276900, 0.0237100, 0.0228100, 0.0205200, 0.0229400, 0.0196800, 0.0252700, 0.0208400, 0.0244910, 0.0264400, 0.0224500, 0.0233500, 0.0271100, 0.0235500, 0.0194800, 0.0260900, 0.0213610, 0.0195610, 0.0198000, 0.0226000, 0.0230100, 0.0196800, 0.0258400, 0.0227200, 0.0201200, 0.0215200, 0.0226710, 0.0205200, 0.0196800, 0.0228000, 0.0193200, 0.0233800, 0.0249200, 0.0257600, 0.0270110, 0.0275910 ],
"bins": [ 71, 1, 4, 1, 0, 1, 1, 1, 2, 2, 2, 3, 2, 4, 3, 1, 2, 1, 1, 1, 4, 5, 5, 3, 5, 0, 2 ]
}
,