{
"inputLengthInCharacters": 1024,
"uniformInput": false,
"useMappingLetter": false,
"measurements": {
"histogram_one_thread_per_character": {
"timesTransferToDevice": [ 0.0458100, 0.0252800, 0.0235610, 0.0198400, 0.0237500, 0.0272100, 0.0294100, 0.0264400, 0.0266210, 0.0314800, 0.0244100, 0.0273000, 0.0267500, 0.0230000, 0.0329800, 0.0247400, 0.0276610, 0.0246900, 0.0271600, 0.0246000, 0.0230400, 0.0229200, 0.0246200, 0.0267410, 0.0243700, 0.0270500, 0.0251200, 0.0246100, 0.0263100, 0.0255810, 0.0260010, 0.0252700, 0.0331500, 0.0249400, 0.0251400, 0.0247200, 0.0266600, 0.0245700, 0.0240500, 0.0262510, 0.0248600, 0.0275700, 0.0246400, 0.0270000, 0.0268600, 0.0248500, 0.0262910, 0.0246500, 0.0246100, 0.0220400, 0.0252600, 0.0550900, 0.0267800, 0.0265600, 0.0244200, 0.0252310, 0.0249000, 0.0269200, 0.0247000, 0.0249300, 0.0278900, 0.0262110, 0.0270310, 0.0273600, 0.0269900, 0.0233600, 0.0229300, 0.0233200, 0.0236800, 0.0296610, 0.0268800, 0.0273000, 0.0294300, 0.0253500, 0.0249000, 0.0293000, 0.0250500, 0.0234500, 0.0297010, 0.0234800, 0.0238500, 0.0246900, 0.0339300, 0.0233700, 0.0244900, 0.0263210, 0.0268100, 0.0238800, 0.0234100, 0.0251000, 0.0277800, 0.0246800, 0.0267710, 0.0230000, 0.0266400, 0.0246400, 0.0245600, 0.0292000, 0.0252600, 0.0237800 ],
"timesExecution": [ 0.0252800, 0.0315100, 0.0272800, 0.0283410, 0.0281800, 0.0276500, 0.0274500, 0.0279100, 0.0255200, 0.0280600, 0.0278710, 0.0476010, 0.0273700, 0.0278700, 0.0291200, 0.0281400, 0.0278100, 0.0256000, 0.0276210, 0.0260010, 0.0253600, 0.0274500, 0.0255200, 0.0255600, 0.0275800, 0.0257610, 0.0278100, 0.0263600, 0.0254800, 0.0260000, 0.0289600, 0.0254000, 0.0277310, 0.0272810, 0.0287010, 0.0278100, 0.0278600, 0.0261600, 0.0264400, 0.0263600, 0.0284900, 0.0282710, 0.0282800, 0.0286200, 0.0277400, 0.0255600, 0.0271300, 0.0278000, 0.0277910, 0.0285100, 0.0272100, 0.0265600, 0.0263600, 0.0272100, 0.0260800, 0.0253200, 0.0273800, 0.0277710, 0.0256800, 0.0277000, 0.0272100, 0.0278600, 0.0290300, 0.0285800, 0.0273210, 0.0279000, 0.0271600, 0.0273700, 0.0278300, 0.0279400, 0.0277700, 0.0280910, 0.0270410, 0.0263600, 0.0289300, 0.0579000, 0.0271500, 0.0279100, 0.0288800, 0.0282000, 0.0271110, 0.0278100, 0.0257600, 0.0260000, 0.0277700, 0.0274300, 0.0272100, 0.0253610, 0.0284700, 0.0276900, 0.0262000, 0.0286900, 0.0254000, 0.0274500, 0.0256010, 0.0271700, 0.0286600, 0.0275600, 0.0272400, 0.0270900 ],
"timesTransferFromDevice": [ 0.4214530, 0.0196000, 0.0184000, 0.0197600, 0.0279600, 0.0201210, 0.0196400, 0.0229500, 0.0194400, 0.0218000, 0.0194000, 0.0195600, 0.0234200, 0.0206410, 0.0200000, 0.0225200, 0.0204400, 0.0203600, 0.0207200, 0.0230000, 0.0234510, 0.0229810, 0.0211200, 0.0194800, 0.0234700, 0.0207200, 0.0196000, 0.0228410, 0.0229600, 0.0210400, 0.0263400, 0.0202800, 0.0541800, 0.0234500, 0.0235000, 0.0192800, 0.0214410, 0.0213200, 0.0224900, 0.0233300, 0.0265000, 0.0192800, 0.0205200, 0.0196010, 0.0225700, 0.0230000, 0.0235100, 0.0236200, 0.0197600, 0.0234600, 0.0228010, 0.0211200, 0.0265010, 0.0211200, 0.0228400, 0.0206400, 0.0196000, 0.0237800, 0.0198400, 0.0194010, 0.0261900, 0.0207600, 0.0208800, 0.0196800, 0.0216800, 0.0230000, 0.0225110, 0.0207200, 0.0212400, 0.0235500, 0.0234900, 0.0262100, 0.0196800, 0.0193600, 0.0263810, 0.0203210, 0.0233410, 0.0197600, 0.0205200, 0.0199600, 0.0232200, 0.0206000, 0.0207610, 0.0226700, 0.0256400, 0.0233500, 0.0220000, 0.0197600, 0.0226700, 0.0196410, 0.0202010, 0.0225200, 0.0196400, 0.0226500, 0.0225900, 0.0230100, 0.0232910, 0.0229610, 0.0233300, 0.0234900 ],
"bins": [ 7, 10, 9, 2, 5, 11, 12, 6, 5, 11, 4, 6, 7, 6, 9, 9, 10, 12, 9, 7, 9, 4, 5, 10, 9, 5, 4, 6, 10, 6, 8, 7, 6, 15, 12, 10, 7, 8, 9, 5, 5, 10, 11, 8, 7, 7, 7, 8, 11, 13, 6, 7, 7, 7, 8, 12, 6, 15, 9, 8, 9, 8, 8, 9, 10, 9, 10, 9, 12, 8, 16, 6, 6, 12, 5, 5, 9, 9, 5, 10, 10, 5, 10, 6, 10, 5, 6, 8, 9, 9, 8, 9, 9, 8, 9, 5, 11, 7, 7, 10, 7, 10, 6, 12, 6, 10, 7, 5, 3, 10, 5, 4, 9, 8, 7, 7, 8, 10, 8, 5, 6, 9, 6, 5, 8, 10, 5, 8 ]
}
,
"histogram_atomic_private": {
"timesTransferToDevice": [ 0.0207300, 0.0219600, 0.0215100, 0.0217500, 0.0240910, 0.0237100, 0.0234500, 0.0235300, 0.0240000, 0.0247210, 0.0252800, 0.0267300, 0.0276400, 0.0273400, 0.0250000, 0.0278210, 0.0246110, 0.0288700, 0.0277300, 0.0270500, 0.0226000, 0.0234000, 0.0229610, 0.0238200, 0.0249600, 0.0250400, 0.0226400, 0.0234010, 0.0230400, 0.0251400, 0.0256100, 0.0273400, 0.0235600, 0.0307010, 0.0246410, 0.0261000, 0.0230000, 0.0221200, 0.0244200, 0.0219600, 0.0234010, 0.0266710, 0.0247000, 0.0246100, 0.0277200, 0.0232500, 0.0272800, 0.0259210, 0.0254700, 0.0265800, 0.0245500, 0.0298500, 0.0273600, 0.0273400, 0.0265910, 0.0356410, 0.0269000, 0.0251300, 0.0241200, 0.0253000, 0.0244400, 0.0252300, 0.0247300, 0.0280700, 0.0246900, 0.0267210, 0.0229200, 0.0250700, 0.0284600, 0.0264700, 0.0271600, 0.0263710, 0.0242110, 0.0231600, 0.0249700, 0.0248500, 0.0234000, 0.0229210, 0.0226300, 0.0255900, 0.0272800, 0.0218400, 0.0229200, 0.0264200, 0.0251910, 0.0234410, 0.0241200, 0.0235000, 0.0306900, 0.0298200, 0.0251510, 0.0263810, 0.0267000, 0.0250500, 0.0217200, 0.0273300, 0.0247700, 0.0247200, 0.0249310, 0.0297500 ],
"timesExecution": [ 0.0260900, 0.0236410, 0.0244000, 0.0268600, 0.0282000, 0.0265310, 0.0246000, 0.0258000, 0.0253200, 0.0258400, 0.0254000, 0.0277310, 0.0279100, 0.0281500, 0.0255600, 0.0254800, 0.0276200, 0.0256400, 0.0264410, 0.0275900, 0.0294400, 0.0256400, 0.0273000, 0.0253610, 0.0268400, 0.0254000, 0.0292700, 0.0254800, 0.0275000, 0.0255210, 0.0277400, 0.0264600, 0.0273700, 0.0253600, 0.0279300, 0.0253200, 0.0284010, 0.0272400, 0.0272500, 0.0276600, 0.0279800, 0.0279400, 0.0253610, 0.0285300, 0.0254000, 0.0277900, 0.0268400, 0.0274500, 0.0278500, 0.0254810, 0.0254000, 0.0255600, 0.0288700, 0.0277300, 0.0272000, 0.0274500, 0.0270100, 0.0252810, 0.0280400, 0.0270800, 0.0264600, 0.0271700, 0.0272800, 0.0277800, 0.0287800, 0.0255200, 0.0276100, 0.0252810, 0.0285400, 0.0278700, 0.0276300, 0.0258000, 0.0273200, 0.0273310, 0.0255210, 0.0278100, 0.0289700, 0.0256400, 0.0266400, 0.0255610, 0.0256400, 0.0276100, 0.0256800, 0.0279200, 0.0284100, 0.0269600, 0.0275710, 0.0273800, 0.0273300, 0.0277400, 0.0275500, 0.0271600, 0.0286410, 0.0273210, 0.0258400, 0.0258400, 0.0270800, 0.0256000, 0.0276500, 0.0274500 ],
"timesTransferFromDevice": [ 0.0227300, 0.0169600, 0.0174010, 0.0188400, 0.0186400, 0.0226200, 0.0226310, 0.0196400, 0.0230200, 0.0212000, 0.0195200, 0.0199600, 0.0232910, 0.0195210, 0.0231300, 0.0227100, 0.0196000, 0.0229600, 0.0209600, 0.0198000, 0.0200000, 0.0211200, 0.0198400, 0.0211200, 0.0201600, 0.0236510, 0.0200400, 0.0229700, 0.0210800, 0.0206800, 0.0232300, 0.0204410, 0.0204400, 0.0234100, 0.0228400, 0.0202800, 0.0234300, 0.0233310, 0.0207200, 0.0254800, 0.0268300, 0.0203200, 0.0210800, 0.0195600, 0.0230810, 0.0264500, 0.0231700, 0.0213600, 0.0234500, 0.0234600, 0.0196400, 0.0234610, 0.0233310, 0.0196400, 0.0195200, 0.0258000, 0.0195600, 0.0218800, 0.0257200, 0.0231010, 0.0772810, 0.0227700, 0.0193610, 0.0225200, 0.0206000, 0.0195600, 0.0232500, 0.0212000, 0.0213200, 0.0195610, 0.0200400, 0.0200000, 0.0227200, 0.0217200, 0.0206000, 0.0199610, 0.0206000, 0.0231900, 0.0253500, 0.0228000, 0.0256300, 0.0223010, 0.0258400, 0.0231200, 0.0198800, 0.0207600, 0.0206000, 0.0202400, 0.0208810, 0.0216000, 0.0195200, 0.0196800, 0.0228400, 0.0247100, 0.0231310, 0.0227310, 0.0232700, 0.0229300, 0.0223400, 0.0241000 ],
"bins": [ 7, 10, 9, 2, 5, 11, 12, 6, 5, 11, 4, 6, 7, 6, 9, 9, 10, 12, 9, 7, 9, 4, 5, 10, 9, 5, 4, 6, 10, 6, 8, 7, 6, 15, 12, 10, 7, 8, 9, 5, 5, 10, 11, 8, 7, 7, 7, 8, 11, 13, 6, 7, 7, 7, 8, 12, 6, 15, 9, 8, 9, 8, 8, 9, 10, 9, 10, 9, 12, 8, 16, 6, 6, 12, 5, 5, 9, 9, 5, 10, 10, 5, 10, 6, 10, 5, 6, 8, 9, 9, 8, 9, 9, 8, 9, 5, 11, 7, 7, 10, 7, 10, 6, 12, 6, 10, 7, 5, 3, 10, 5, 4, 9, 8, 7, 7, 8, 10, 8, 5, 6, 9, 6, 5, 8, 10, 5, 8 ]
}
,