{
"inputLengthInCharacters": 262144,
"uniformInput": true,
"useMappingLetter": false,
"measurements": {
"histogram_one_thread_per_character": {
"timesTransferToDevice": [ 0.4527230, 0.0400810, 0.0344500, 0.0330300, 0.0369000, 0.0376700, 0.0363710, 0.0354500, 0.0366100, 0.0353100, 0.0353400, 0.0648410, 0.0358810, 0.0354000, 0.0368800, 0.0348000, 0.0354110, 0.0384010, 0.0361500, 0.0352900, 0.0361800, 0.0364210, 0.0360800, 0.0359100, 0.0360900, 0.0361500, 0.0356110, 0.0350200, 0.0372700, 0.0355600, 0.0364500, 0.0357710, 0.0360410, 0.0379900, 0.0360200, 0.0356000, 0.0349210, 0.0356810, 0.0408900, 0.0348900, 0.0358800, 0.0358110, 0.0355000, 0.0347700, 0.0345700, 0.0362300, 0.0346010, 0.0367100, 0.0350100, 0.0358600, 0.0357900, 0.0343610, 0.0364500, 0.0349700, 0.0355100, 0.0345300, 0.0353010, 0.0347300, 0.0372500, 0.0370100, 0.0347100, 0.0362310, 0.0344000, 0.0358100, 0.0346800, 0.0372600, 0.0351610, 0.0349700, 0.0361800, 0.0354400, 0.0347910, 0.0366310, 0.0344300, 0.0352500, 0.0352000, 0.0771410, 0.0355400, 0.0357710, 0.0366900, 0.0404900, 0.0353700, 0.0349400, 0.0343710, 0.0368210, 0.0351600, 0.0358500, 0.0349200, 0.0342010, 0.0349700, 0.0367000, 0.0359900, 0.0359000, 0.0377810, 0.0346600, 0.0346200, 0.0353700, 0.0367800, 0.0358210, 0.0356500, 0.0344800 ],
"timesExecution": [ 0.1390110, 0.1394010, 0.1360010, 0.1392410, 0.1382010, 0.1378810, 0.1382110, 0.1389010, 0.1384810, 0.1387110, 0.1384110, 0.1378610, 0.1380510, 0.1358810, 0.1383010, 0.1360410, 0.1341910, 0.1362410, 0.1379310, 0.1377610, 0.1386510, 0.1384310, 0.1385910, 0.1381310, 0.1381710, 0.1383310, 0.1384410, 0.1380110, 0.1377710, 0.1381510, 0.1381310, 0.1381010, 0.1380610, 0.1383320, 0.1376410, 0.1379610, 0.1383410, 0.1376410, 0.1375620, 0.1386010, 0.1360010, 0.1376310, 0.1378510, 0.1375210, 0.1387110, 0.1381010, 0.1377710, 0.1376110, 0.1377310, 0.1387610, 0.1382010, 0.1376510, 0.1385710, 0.1381410, 0.1380410, 0.1384410, 0.1382210, 0.1383910, 0.1382710, 0.1384810, 0.1375210, 0.1362410, 0.1377710, 0.1373610, 0.1381210, 0.1383410, 0.1376710, 0.1383420, 0.1388210, 0.1360810, 0.1386310, 0.1362410, 0.1376420, 0.1378310, 0.1379610, 0.1381910, 0.1376810, 0.1380710, 0.1386810, 0.1387510, 0.1376810, 0.1383610, 0.1381410, 0.1362010, 0.1361210, 0.1342710, 0.1377710, 0.1384910, 0.1360410, 0.1384610, 0.1356810, 0.1383810, 0.1384210, 0.1386210, 0.1383410, 0.1385210, 0.1377210, 0.1386510, 0.1379210, 0.1381010 ],
"timesTransferFromDevice": [ 0.4127330, 0.0189200, 0.0185200, 0.0299210, 0.0230100, 0.0241800, 0.0242600, 0.0229000, 0.0239110, 0.0233400, 0.0233700, 0.0232900, 0.0233000, 0.0216400, 0.0239310, 0.0213200, 0.0234600, 0.0215600, 0.0210400, 0.0229300, 0.0193600, 0.0233300, 0.0228800, 0.0229700, 0.0206000, 0.0250400, 0.0214400, 0.0277900, 0.0240300, 0.0239710, 0.0241000, 0.0264500, 0.0240100, 0.0234500, 0.0229610, 0.0214400, 0.0237100, 0.0227700, 0.0237000, 0.0230410, 0.0204000, 0.0201600, 0.0219200, 0.0212400, 0.0276510, 0.0257100, 0.0236700, 0.0236500, 0.0244100, 0.0232010, 0.0212800, 0.0231700, 0.0216400, 0.0273000, 0.0249510, 0.0268000, 0.0231500, 0.0236600, 0.0202000, 0.0242310, 0.0239100, 0.0217600, 0.0234100, 0.0240010, 0.0233900, 0.0210400, 0.0236600, 0.0228500, 0.0230510, 0.0228700, 0.0264300, 0.0272500, 0.0261000, 0.0217210, 0.0206400, 0.0216000, 0.0239100, 0.0224400, 0.0235800, 0.0235700, 0.0214810, 0.0238700, 0.0217600, 0.0238200, 0.0237200, 0.0235500, 0.0231100, 0.0229100, 0.0232000, 0.0237910, 0.0237100, 0.0228700, 0.0203600, 0.0203600, 0.0238010, 0.0213200, 0.0231600, 0.0237300, 0.0237300, 0.0206810 ],
"bins": [ 0, 0, 0, 0, 0, 0, 0, 0, 0, 0, 0, 0, 0, 0, 0, 0, 0, 0, 0, 0, 0, 0, 0, 0, 0, 0, 0, 0, 0, 0, 0, 0, 0, 0, 0, 0, 0, 0, 0, 0, 0, 0, 0, 0, 0, 0, 0, 0, 0, 0, 0, 0, 0, 0, 0, 0, 0, 0, 0, 0, 0, 0, 0, 0, 0, 0, 0, 0, 0, 0, 0, 0, 0, 0, 0, 0, 0, 0, 0, 0, 0, 0, 0, 0, 0, 0, 0, 0, 0, 0, 0, 0, 0, 0, 0, 0, 262144, 0, 0, 0, 0, 0, 0, 0, 0, 0, 0, 0, 0, 0, 0, 0, 0, 0, 0, 0, 0, 0, 0, 0, 0, 0, 0, 0, 0, 0, 0, 0 ]
}
,
"histogram_atomic_private": {
"timesTransferToDevice": [ 0.0331000, 0.0320700, 0.0324300, 0.0316200, 0.0343600, 0.0350000, 0.0339700, 0.0344710, 0.0353010, 0.0340310, 0.0351610, 0.0342010, 0.0361410, 0.0348810, 0.0344910, 0.0350410, 0.0351400, 0.0349610, 0.0363010, 0.0362810, 0.0363310, 0.0352910, 0.0402710, 0.0348010, 0.0346910, 0.0351210, 0.0349210, 0.0343910, 0.0349310, 0.0353210, 0.0359210, 0.0351910, 0.0362210, 0.0363110, 0.0360810, 0.0356510, 0.0348110, 0.0354010, 0.0350410, 0.0348310, 0.0354910, 0.0346810, 0.0352210, 0.0356510, 0.0344810, 0.0399510, 0.0351510, 0.0356500, 0.0364400, 0.0354300, 0.0366200, 0.0345100, 0.0352200, 0.0360300, 0.0355600, 0.0351100, 0.0354200, 0.0352500, 0.0344100, 0.0351700, 0.0343500, 0.0366000, 0.0380000, 0.0364100, 0.0351000, 0.0397100, 0.0382200, 0.0365100, 0.0370800, 0.0355300, 0.0350500, 0.0360900, 0.0353010, 0.0363610, 0.0360510, 0.0378210, 0.0368010, 0.0356010, 0.0362710, 0.0368910, 0.0357810, 0.0344510, 0.0364510, 0.0384910, 0.0344110, 0.0360410, 0.0351710, 0.0361410, 0.0372410, 0.0383210, 0.0352200, 0.0357700, 0.0350400, 0.0355500, 0.0348800, 0.0358510, 0.0362200, 0.0347300, 0.0356000, 0.0356600 ],
"timesExecution": [ 0.0344710, 0.0302810, 0.0296400, 0.0323000, 0.0302400, 0.0332300, 0.0325300, 0.0328400, 0.0332600, 0.0340900, 0.0334800, 0.0336600, 0.0336600, 0.0316400, 0.0330400, 0.0338100, 0.0338800, 0.0337300, 0.0341500, 0.0346600, 0.0344300, 0.0337900, 0.0341400, 0.0343100, 0.0321200, 0.0339300, 0.0348500, 0.0341100, 0.0340900, 0.0370400, 0.0347900, 0.0335200, 0.0343400, 0.0324000, 0.0318800, 0.0347100, 0.0344400, 0.0341200, 0.0341000, 0.0341000, 0.0337100, 0.0343000, 0.0342200, 0.0325200, 0.0346600, 0.0340000, 0.0345400, 0.0346600, 0.0328800, 0.0333700, 0.0336800, 0.0338800, 0.0322000, 0.0345200, 0.0340100, 0.0343700, 0.0325200, 0.0336000, 0.0339200, 0.0349000, 0.0818910, 0.0343910, 0.0341010, 0.0337210, 0.0345410, 0.0339910, 0.0346210, 0.0343510, 0.0344100, 0.0340400, 0.0336800, 0.0346700, 0.0344100, 0.0342600, 0.0336400, 0.0339700, 0.0336400, 0.0335600, 0.0338900, 0.0322800, 0.0323200, 0.0335500, 0.0337600, 0.0343000, 0.0345100, 0.0338100, 0.0335100, 0.0348800, 0.0341800, 0.0341000, 0.0343800, 0.0345900, 0.0341900, 0.0341500, 0.0342500, 0.0340100, 0.0326000, 0.0339800, 0.0343000, 0.0341400 ],
"timesTransferFromDevice": [ 0.0170000, 0.0170000, 0.0167200, 0.0267810, 0.0193600, 0.0232400, 0.0184000, 0.0222000, 0.0221400, 0.0210000, 0.0245100, 0.0222800, 0.0239200, 0.0234500, 0.0193200, 0.0238800, 0.0236200, 0.0264800, 0.0272800, 0.0238600, 0.0232900, 0.0201600, 0.0235800, 0.0237500, 0.0201600, 0.0236800, 0.0238900, 0.0207600, 0.0247300, 0.0237500, 0.0216400, 0.0238500, 0.0236200, 0.0230000, 0.0233700, 0.0264900, 0.0204000, 0.0229200, 0.0229600, 0.0233700, 0.0240200, 0.0210400, 0.0222400, 0.0219600, 0.0232500, 0.0236300, 0.0257600, 0.0241100, 0.0211200, 0.0225100, 0.0234500, 0.0237700, 0.0227200, 0.0239000, 0.0232100, 0.0243400, 0.0214400, 0.0232100, 0.0214400, 0.0236000, 0.0253200, 0.0294000, 0.0236000, 0.0205200, 0.0238200, 0.0209600, 0.0307600, 0.0235400, 0.0242700, 0.0242200, 0.0233300, 0.0237800, 0.0205600, 0.0241300, 0.0237100, 0.0228800, 0.0245600, 0.0233900, 0.0246000, 0.0235700, 0.0227600, 0.0243200, 0.0203200, 0.0236200, 0.0210000, 0.0227200, 0.0230500, 0.0236600, 0.0231600, 0.0241500, 0.0238300, 0.0202000, 0.0233900, 0.0195200, 0.0207200, 0.0239500, 0.0244600, 0.0277100, 0.0229300, 0.0239900 ],
"bins": [ 0, 0, 0, 0, 0, 0, 0, 0, 0, 0, 0, 0, 0, 0, 0, 0, 0, 0, 0, 0, 0, 0, 0, 0, 0, 0, 0, 0, 0, 0, 0, 0, 0, 0, 0, 0, 0, 0, 0, 0, 0, 0, 0, 0, 0, 0, 0, 0, 0, 0, 0, 0, 0, 0, 0, 0, 0, 0, 0, 0, 0, 0, 0, 0, 0, 0, 0, 0, 0, 0, 0, 0, 0, 0, 0, 0, 0, 0, 0, 0, 0, 0, 0, 0, 0, 0, 0, 0, 0, 0, 0, 0, 0, 0, 0, 0, 262144, 0, 0, 0, 0, 0, 0, 0, 0, 0, 0, 0, 0, 0, 0, 0, 0, 0, 0, 0, 0, 0, 0, 0, 0, 0, 0, 0, 0, 0, 0, 0 ]
}
,