{
"inputLengthInCharacters": 8,
"uniformInput": true,
"useMappingLetter": false,
"measurements": {
"histogram_one_thread_per_character": {
"timesTransferToDevice": [ 0.0529200, 0.0244200, 0.0241800, 0.0243800, 0.0287800, 0.0269800, 0.0255000, 0.0263500, 0.0252100, 0.0254100, 0.0273200, 0.0249700, 0.0262000, 0.0253300, 0.0273800, 0.0249000, 0.0249900, 0.0250000, 0.0254400, 0.0253100, 0.0251500, 0.0255100, 0.0252400, 0.0266900, 0.0264100, 0.0268600, 0.0250900, 0.0257300, 0.0255300, 0.0268200, 0.0266500, 0.0281800, 0.0265900, 0.0259700, 0.0252000, 0.0269800, 0.0271600, 0.0255800, 0.0255100, 0.0250100, 0.0267100, 0.0271700, 0.0262500, 0.0265600, 0.0269700, 0.0272300, 0.0262100, 0.0256900, 0.0253700, 0.0256600, 0.0259600, 0.0257900, 0.0257800, 0.0276700, 0.0255600, 0.0269000, 0.0252600, 0.0254500, 0.0283800, 0.0252900, 0.0273100, 0.0265400, 0.0277600, 0.0276100, 0.0260800, 0.0255100, 0.0250400, 0.0249100, 0.0256800, 0.0254100, 0.0252600, 0.0250100, 0.0266500, 0.0250900, 0.0277700, 0.0267400, 0.0273100, 0.0263200, 0.0249600, 0.0289800, 0.0248300, 0.0257800, 0.0255900, 0.0255200, 0.0269500, 0.0262600, 0.0251700, 0.0272900, 0.0300900, 0.0255800, 0.0295000, 0.0259400, 0.0254300, 0.0250400, 0.0252800, 0.0251400, 0.0261200, 0.0262100, 0.0266600, 0.0251400 ],
"timesExecution": [ 0.0244000, 0.0289010, 0.0258000, 0.0278300, 0.0284000, 0.0276500, 0.0272400, 0.0288200, 0.0275400, 0.0271100, 0.0277500, 0.0502310, 0.0277210, 0.0270310, 0.0272400, 0.0258000, 0.0278200, 0.0272900, 0.0272800, 0.0272900, 0.0277900, 0.0252800, 0.0271100, 0.0273800, 0.0276200, 0.0278300, 0.0276300, 0.0273300, 0.0278000, 0.0277100, 0.0282300, 0.0270900, 0.0272100, 0.0278410, 0.0272910, 0.0269210, 0.0269210, 0.0278410, 0.0272610, 0.0272410, 0.0271910, 0.0270110, 0.0282110, 0.0268510, 0.0273810, 0.0276310, 0.0276210, 0.0280810, 0.0273810, 0.0277910, 0.0268510, 0.0272210, 0.0271710, 0.0269210, 0.0277510, 0.0277810, 0.0271610, 0.0272210, 0.0269310, 0.0252810, 0.0268310, 0.0275910, 0.0275810, 0.0283410, 0.0254010, 0.0270910, 0.0252000, 0.0267300, 0.0274300, 0.0279100, 0.0275200, 0.0274300, 0.0276700, 0.0278000, 0.0251600, 0.0643410, 0.0278010, 0.0270510, 0.0271810, 0.0286110, 0.0271710, 0.0277510, 0.0275410, 0.0278410, 0.0272610, 0.0277610, 0.0278310, 0.0278310, 0.0277010, 0.0269210, 0.0277100, 0.0268410, 0.0268710, 0.0278310, 0.0269610, 0.0282410, 0.0268810, 0.0278310, 0.0269610, 0.0252810 ],
"timesTransferFromDevice": [ 0.4161640, 0.0221600, 0.0182800, 0.0258210, 0.0281210, 0.0239200, 0.0262610, 0.0236600, 0.0235610, 0.0233910, 0.0244410, 0.0240200, 0.0224000, 0.0234000, 0.0230500, 0.0268700, 0.0234200, 0.0235600, 0.0253600, 0.0231800, 0.0243810, 0.0234300, 0.0234300, 0.0254800, 0.0230000, 0.0256900, 0.0234210, 0.0234010, 0.0237710, 0.0230810, 0.0248910, 0.0232610, 0.0599010, 0.0237100, 0.0242300, 0.0236000, 0.0234100, 0.0248200, 0.0232700, 0.0260700, 0.0255200, 0.0229300, 0.0275800, 0.0257400, 0.0234400, 0.0233600, 0.0234000, 0.0263300, 0.0235500, 0.0229700, 0.0234500, 0.0258400, 0.0233700, 0.0261400, 0.0250600, 0.0232500, 0.0254400, 0.0243900, 0.0233300, 0.0226400, 0.0235300, 0.0241200, 0.0237600, 0.0257400, 0.0228800, 0.0244500, 0.0233900, 0.0235700, 0.0241800, 0.0235010, 0.0235010, 0.0256410, 0.0254410, 0.0241210, 0.0258410, 0.0248900, 0.0246500, 0.0263300, 0.0255100, 0.0245500, 0.0233700, 0.0240200, 0.0229600, 0.0241400, 0.0273000, 0.0237000, 0.0239200, 0.0273300, 0.0234900, 0.0241900, 0.0244400, 0.0236300, 0.0247500, 0.0247200, 0.0235300, 0.0267100, 0.0233800, 0.0255500, 0.0246300, 0.0254300 ],
"bins": [ 0, 0, 0, 0, 0, 0, 0, 0, 0, 0, 0, 0, 0, 0, 0, 0, 0, 0, 0, 0, 0, 0, 0, 0, 0, 0, 0, 0, 0, 0, 0, 0, 0, 0, 0, 0, 0, 0, 0, 0, 0, 0, 0, 0, 0, 0, 0, 0, 0, 0, 0, 0, 0, 0, 0, 0, 0, 0, 0, 0, 0, 0, 0, 0, 0, 0, 0, 0, 0, 0, 0, 0, 0, 0, 0, 0, 0, 0, 0, 0, 0, 0, 0, 0, 0, 0, 0, 0, 0, 0, 0, 0, 0, 0, 0, 0, 8, 0, 0, 0, 0, 0, 0, 0, 0, 0, 0, 0, 0, 0, 0, 0, 0, 0, 0, 0, 0, 0, 0, 0, 0, 0, 0, 0, 0, 0, 0, 0 ]
}
,
"histogram_atomic_private": {
"timesTransferToDevice": [ 0.0172400, 0.0241800, 0.0226910, 0.0234010, 0.0241500, 0.0235500, 0.0263500, 0.0287400, 0.0242000, 0.0244700, 0.0255600, 0.0251100, 0.0302000, 0.0259400, 0.0261600, 0.0255000, 0.0251600, 0.0252900, 0.0251900, 0.0253000, 0.0247800, 0.0255600, 0.0259300, 0.0253700, 0.0254100, 0.0253100, 0.0262000, 0.0297500, 0.0247300, 0.0251000, 0.0249400, 0.0247200, 0.0253000, 0.0261600, 0.0254000, 0.0255300, 0.0255200, 0.0260300, 0.0280500, 0.0251000, 0.0254000, 0.0262600, 0.0281600, 0.0268700, 0.0255800, 0.0253000, 0.0260910, 0.0256510, 0.0256710, 0.0247710, 0.0264610, 0.0267410, 0.0277010, 0.0300310, 0.0262410, 0.0268810, 0.0251210, 0.0255610, 0.0272310, 0.0252410, 0.0250110, 0.0273200, 0.0251300, 0.0250800, 0.0253200, 0.0251400, 0.0258200, 0.0267400, 0.0251900, 0.0257800, 0.0261300, 0.0252300, 0.0267500, 0.0255300, 0.0250600, 0.0256600, 0.0265400, 0.0258400, 0.0261500, 0.0251400, 0.0262400, 0.0258600, 0.0289500, 0.0250300, 0.0253300, 0.0283200, 0.0263700, 0.0273200, 0.0252600, 0.0251800, 0.0264200, 0.0253500, 0.0272000, 0.0251400, 0.0250900, 0.0254900, 0.0265300, 0.0246800, 0.0255200, 0.0251710 ],
"timesExecution": [ 0.0223600, 0.0253300, 0.0256400, 0.0258800, 0.0255300, 0.0251310, 0.0250510, 0.0266210, 0.0262910, 0.0261710, 0.0274200, 0.0278300, 0.0278000, 0.0272500, 0.0269200, 0.0254000, 0.0272800, 0.0252400, 0.0277700, 0.0277900, 0.0271100, 0.0274200, 0.0273000, 0.0251600, 0.0270100, 0.0275100, 0.0277600, 0.0284200, 0.0271600, 0.0272100, 0.0278200, 0.0275500, 0.0268900, 0.0255200, 0.0277200, 0.0269700, 0.0277400, 0.0252000, 0.0272400, 0.0259200, 0.0275800, 0.0273700, 0.0278300, 0.0288700, 0.0271800, 0.0277100, 0.0269600, 0.0271200, 0.0272200, 0.0277100, 0.0277800, 0.0270800, 0.0269600, 0.0277100, 0.0275900, 0.0277600, 0.0272900, 0.0276200, 0.0269300, 0.0282100, 0.0254000, 0.0254000, 0.0277700, 0.0273800, 0.0253600, 0.0271900, 0.0271700, 0.0270500, 0.0273700, 0.0272000, 0.0266300, 0.0277900, 0.0272900, 0.0273400, 0.0278300, 0.0272900, 0.0272500, 0.0274200, 0.0272900, 0.0275800, 0.0272500, 0.0252000, 0.0278700, 0.0271600, 0.0272300, 0.0275800, 0.0277800, 0.0273400, 0.0271200, 0.0258300, 0.0275300, 0.0288700, 0.0271300, 0.0270800, 0.0270900, 0.0270100, 0.0275000, 0.0274800, 0.0268800, 0.0271600 ],
"timesTransferFromDevice": [ 0.0214600, 0.0217900, 0.0221400, 0.0225600, 0.0223700, 0.0236900, 0.0230300, 0.0228100, 0.0228500, 0.0224800, 0.0233000, 0.0246700, 0.0246700, 0.0229600, 0.0237400, 0.0252200, 0.0284810, 0.0232000, 0.0242410, 0.0234610, 0.0248110, 0.0232110, 0.0251710, 0.0256810, 0.0239310, 0.0264010, 0.0239010, 0.0262910, 0.0261510, 0.0253110, 0.0234510, 0.0236610, 0.0243710, 0.0260110, 0.0234010, 0.0233810, 0.0231700, 0.0233100, 0.0233000, 0.0266500, 0.0234700, 0.0232900, 0.0225200, 0.0249500, 0.0233100, 0.0243300, 0.0246000, 0.0238600, 0.0255900, 0.0240600, 0.0240900, 0.0248700, 0.0232700, 0.0240900, 0.0261000, 0.0240200, 0.0261500, 0.0244100, 0.0263000, 0.0239900, 0.0839210, 0.0234400, 0.0274700, 0.0241400, 0.0248300, 0.0237700, 0.0286500, 0.0233000, 0.0237100, 0.0230010, 0.0235810, 0.0257410, 0.0234610, 0.0234110, 0.0263410, 0.0244010, 0.0201610, 0.0257710, 0.0234210, 0.0236810, 0.0243210, 0.0241610, 0.0232110, 0.0240400, 0.0203210, 0.0232910, 0.0234510, 0.0251810, 0.0248010, 0.0240200, 0.0234100, 0.0235800, 0.0232800, 0.0233700, 0.0263400, 0.0241400, 0.0244900, 0.0236900, 0.0240700, 0.0234900 ],
"bins": [ 0, 0, 0, 0, 0, 0, 0, 0, 0, 0, 0, 0, 0, 0, 0, 0, 0, 0, 0, 0, 0, 0, 0, 0, 0, 0, 0, 0, 0, 0, 0, 0, 0, 0, 0, 0, 0, 0, 0, 0, 0, 0, 0, 0, 0, 0, 0, 0, 0, 0, 0, 0, 0, 0, 0, 0, 0, 0, 0, 0, 0, 0, 0, 0, 0, 0, 0, 0, 0, 0, 0, 0, 0, 0, 0, 0, 0, 0, 0, 0, 0, 0, 0, 0, 0, 0, 0, 0, 0, 0, 0, 0, 0, 0, 0, 0, 8, 0, 0, 0, 0, 0, 0, 0, 0, 0, 0, 0, 0, 0, 0, 0, 0, 0, 0, 0, 0, 0, 0, 0, 0, 0, 0, 0, 0, 0, 0, 0 ]
}
,