{
"inputLengthInCharacters": 67108864,
"uniformInput": true,
"useMappingLetter": false,
"measurements": {
"histogram_one_thread_per_character": {
"timesTransferToDevice": [ 10.1180744, 9.2983589, 9.2785091, 9.2477789, 9.2793989, 9.2261076, 9.0456581, 9.0347881, 9.0332279, 9.1634092, 9.0155067, 9.0094967, 9.4361305, 9.0601177, 9.2448893, 8.1608810, 9.0052671, 9.1670179, 9.2420588, 9.3563995, 9.1495886, 8.1630621, 8.9848270, 9.0139179, 9.3563204, 9.4875917, 9.1874886, 9.2191696, 9.2100391, 9.3674707, 9.2842302, 9.2655306, 9.4659309, 9.2494287, 9.3505602, 9.2657099, 9.2728291, 9.2574396, 9.2300692, 8.1412811, 8.1455212, 9.0169983, 9.2192192, 9.0145779, 9.0096378, 9.0107880, 9.0200481, 9.2185888, 9.0343285, 9.0209084, 9.0360880, 9.2066088, 9.2464399, 9.2627487, 9.0144682, 9.0096178, 9.0438375, 9.2193604, 9.1952887, 9.1750193, 9.0162382, 9.3209200, 9.3492203, 9.2287502, 9.2750397, 9.3285398, 9.1567688, 9.2803202, 9.0279980, 9.0035973, 9.0204582, 9.2158203, 9.2423086, 9.0149879, 9.0207081, 9.1952686, 9.2496405, 9.0255480, 9.0159178, 9.2224188, 9.0010681, 9.3764410, 9.2792597, 9.2655296, 9.4578810, 9.3492107, 9.4888620, 9.2973204, 9.4351711, 9.0277576, 9.1526194, 8.1074810, 9.0228090, 9.1063204, 9.0189276, 9.0216084, 9.4296207, 9.0527382, 9.3571396, 9.1299391 ],
"timesExecution": [ 27.4936047, 27.7527256, 27.7556057, 27.7594433, 27.7655563, 27.4946060, 27.7584209, 27.7660275, 27.7679996, 27.5002041, 27.4920063, 27.7557278, 27.7641678, 27.7668171, 27.4958153, 27.4918537, 27.7545681, 27.7677803, 27.7621689, 27.4911289, 27.7554073, 27.7558880, 27.7614880, 27.7631588, 27.4957161, 27.7564087, 27.7598095, 27.7631683, 27.7795677, 27.4934082, 27.7582092, 27.7640972, 27.7645283, 27.4960957, 27.7485275, 27.7488079, 27.7641373, 27.7586479, 27.4894886, 27.7557678, 27.7570095, 27.7672482, 27.7597275, 27.4920864, 27.7551174, 27.7596989, 27.7750072, 27.7578602, 27.4982185, 27.7518482, 27.7755280, 27.7583275, 27.7681675, 27.4924488, 27.7578888, 27.7558403, 27.7615795, 27.5129681, 27.4873676, 27.7559376, 27.7772884, 27.7600880, 27.4873676, 27.7555809, 27.7746601, 27.7659073, 27.7584591, 27.4874878, 27.7725201, 27.7622471, 27.7587700, 27.5038567, 27.4879284, 27.7688198, 27.7761288, 27.7788486, 27.5348568, 27.7512074, 27.7740593, 27.7772598, 27.7839680, 27.4905682, 27.7555676, 27.7752075, 27.7784195, 27.5117683, 27.5202885, 27.7761803, 27.7803307, 27.7828884, 27.5190487, 27.5139408, 27.7770119, 27.5136471, 27.7623692, 27.5027676, 27.7639008, 27.7583675, 27.7852592, 27.8193283 ],
"timesTransferFromDevice": [ 0.4715240, 0.0186400, 0.0177600, 0.0194000, 0.0193200, 0.0195600, 0.0196800, 0.0211600, 0.0196400, 0.0192800, 0.0496310, 0.0198000, 0.0195200, 0.0195200, 0.0194810, 0.0199600, 0.0194000, 0.0194400, 0.0196410, 0.0198000, 0.0196400, 0.0195600, 0.0197200, 0.0195200, 0.0196400, 0.0194400, 0.0195600, 0.0200400, 0.0193600, 0.0192400, 0.0195200, 0.0194800, 0.0197200, 0.0191200, 0.0192000, 0.0195600, 0.0195200, 0.0196800, 0.0196400, 0.0197200, 0.0194400, 0.0216400, 0.0196800, 0.0205600, 0.0193200, 0.0195200, 0.0196400, 0.0193600, 0.0195600, 0.0196400, 0.0194800, 0.0196800, 0.0195600, 0.0196000, 0.0198410, 0.0199200, 0.0198810, 0.0194800, 0.0195200, 0.0195600, 0.0196400, 0.0200800, 0.0197200, 0.0201600, 0.0193210, 0.0196000, 0.0196000, 0.0194400, 0.0197200, 0.0193600, 0.0197200, 0.0196800, 0.0194000, 0.0197200, 0.0613210, 0.0195200, 0.0193200, 0.0206800, 0.0196000, 0.0199200, 0.0193200, 0.0192400, 0.0193210, 0.0199600, 0.0196800, 0.0195200, 0.0193600, 0.0196800, 0.0195200, 0.0198800, 0.0206400, 0.0211600, 0.0196000, 0.0196800, 0.0193600, 0.0195600, 0.0200000, 0.0195200, 0.0193210, 0.0193600 ],
"bins": [ 0, 0, 0, 0, 0, 0, 0, 0, 0, 0, 0, 0, 0, 0, 0, 0, 0, 0, 0, 0, 0, 0, 0, 0, 0, 0, 0, 0, 0, 0, 0, 0, 0, 0, 0, 0, 0, 0, 0, 0, 0, 0, 0, 0, 0, 0, 0, 0, 0, 0, 0, 0, 0, 0, 0, 0, 0, 0, 0, 0, 0, 0, 0, 0, 0, 0, 0, 0, 0, 0, 0, 0, 0, 0, 0, 0, 0, 0, 0, 0, 0, 0, 0, 0, 0, 0, 0, 0, 0, 0, 0, 0, 0, 0, 0, 0, 67108864, 0, 0, 0, 0, 0, 0, 0, 0, 0, 0, 0, 0, 0, 0, 0, 0, 0, 0, 0, 0, 0, 0, 0, 0, 0, 0, 0, 0, 0, 0, 0 ]
}
,
"histogram_atomic_private": {
"timesTransferToDevice": [ 9.0160980, 9.1533499, 8.1271820, 8.9667778, 9.0824881, 8.9574080, 9.2609100, 8.9431267, 8.9842882, 8.0996914, 8.9797077, 9.0682688, 8.9674873, 9.2404203, 8.1053419, 8.9788675, 9.0686083, 8.9643173, 9.2546902, 8.9814367, 8.9929276, 8.9864578, 8.1845217, 9.1747303, 8.1005621, 9.1389990, 9.1986990, 8.1133709, 8.9656591, 9.0888100, 8.9616489, 9.2096710, 9.3300123, 9.3170719, 9.3088799, 9.1533489, 9.4758425, 9.4524717, 9.4778919, 9.2691097, 9.4416409, 9.3065701, 9.1519289, 9.1421890, 9.0936995, 9.1825790, 8.3346233, 9.4001608, 9.4230909, 9.4636507, 9.4573021, 9.2274103, 9.3411798, 9.1328192, 8.1754522, 9.4800024, 9.4929123, 9.2456198, 9.1359682, 9.3079996, 8.3882427, 9.3339901, 9.4299707, 9.4659214, 9.4677210, 9.4820023, 9.4582624, 9.4809513, 9.2040987, 9.3064203, 9.3092299, 8.9721079, 9.2211094, 8.2569923, 9.2357798, 9.3821507, 9.4732513, 9.4785824, 9.4496918, 9.4406414, 8.1117611, 9.3387003, 8.9787674, 9.2552004, 8.9577370, 8.9695377, 8.9731369, 8.9645281, 8.9863873, 8.1905422, 9.2295504, 8.9863482, 8.2101421, 9.1802092, 8.9877481, 8.9867077, 8.9738979, 8.9746580, 8.9627275, 8.9546165 ],
"timesExecution": [ 1.5006911, 1.4978110, 1.5016110, 1.4985310, 1.4952919, 1.4965709, 1.5042911, 1.4968220, 1.4971710, 1.4951310, 1.5049310, 1.4959710, 1.4944520, 1.4934911, 1.5012910, 1.4953710, 1.4961320, 1.4940920, 1.4991710, 1.4937720, 1.4956510, 1.4959710, 1.5024210, 1.4950510, 1.5001709, 1.4938920, 1.5020109, 1.4951510, 1.4942811, 1.4958110, 1.4994110, 1.4935319, 1.4970920, 1.4962510, 1.5024810, 1.4964920, 1.4950110, 1.4952910, 1.5062610, 1.4932510, 1.4934510, 1.4948920, 1.4999210, 1.4942110, 1.4964110, 1.4947810, 1.4984910, 1.4960120, 1.4965121, 1.4990920, 1.5020810, 1.4959810, 1.5008510, 1.4951720, 1.4997309, 1.4922510, 1.4924910, 1.4958910, 1.4974110, 1.4940521, 1.4958121, 1.4956510, 1.5012521, 1.4957720, 1.4948510, 1.4963710, 1.5006510, 1.4944520, 1.4929709, 1.4965520, 1.5000910, 1.4948910, 1.4944520, 1.4952511, 1.4976810, 1.4930410, 1.4921310, 1.4947710, 1.4989710, 1.4980921, 1.4986920, 1.4988120, 1.5010910, 1.4993410, 1.5009420, 1.4965310, 1.5030520, 1.4987310, 1.4982110, 1.4992120, 1.5022510, 1.4982520, 1.4975311, 1.4994810, 1.5055010, 1.4992110, 1.5004220, 1.4975710, 1.5029310, 1.5042520 ],
"timesTransferFromDevice": [ 0.0177600, 0.0170000, 0.0170800, 0.0185600, 0.0178800, 0.0184400, 0.0201200, 0.0183600, 0.0184000, 0.0181200, 0.0186800, 0.0185600, 0.0216400, 0.0182800, 0.0188000, 0.0224800, 0.0186400, 0.0188400, 0.0182800, 0.0180400, 0.0186400, 0.0184800, 0.0194800, 0.0218800, 0.0186400, 0.0177600, 0.0181600, 0.0185600, 0.0184400, 0.0184000, 0.0180000, 0.0179200, 0.0184000, 0.0183200, 0.0186000, 0.0181600, 0.0182000, 0.0178800, 0.0201600, 0.0182000, 0.0182800, 0.0179200, 0.0187200, 0.0186400, 0.0209210, 0.0185210, 0.0184400, 0.0188400, 0.0188400, 0.0242100, 0.0186400, 0.0187610, 0.0178800, 0.0183200, 0.0223600, 0.0186800, 0.0187200, 0.0186800, 0.0177600, 0.0205600, 0.0184000, 0.0188000, 0.0184000, 0.0185200, 0.0189600, 0.0185200, 0.0185610, 0.0179600, 0.0187200, 0.0207200, 0.0195200, 0.0210010, 0.0184000, 0.0186800, 0.0184810, 0.0179600, 0.0179200, 0.0180000, 0.0176400, 0.0176800, 0.0187600, 0.0182800, 0.0179600, 0.0182400, 0.0206400, 0.0178800, 0.0195600, 0.0180000, 0.0195200, 0.0188800, 0.0180400, 0.0199600, 0.0189610, 0.0189200, 0.0188000, 0.0185200, 0.0197600, 0.0186400, 0.0182000, 0.0189200 ],
"bins": [ 0, 0, 0, 0, 0, 0, 0, 0, 0, 0, 0, 0, 0, 0, 0, 0, 0, 0, 0, 0, 0, 0, 0, 0, 0, 0, 0, 0, 0, 0, 0, 0, 0, 0, 0, 0, 0, 0, 0, 0, 0, 0, 0, 0, 0, 0, 0, 0, 0, 0, 0, 0, 0, 0, 0, 0, 0, 0, 0, 0, 0, 0, 0, 0, 0, 0, 0, 0, 0, 0, 0, 0, 0, 0, 0, 0, 0, 0, 0, 0, 0, 0, 0, 0, 0, 0, 0, 0, 0, 0, 0, 0, 0, 0, 0, 0, 67108864, 0, 0, 0, 0, 0, 0, 0, 0, 0, 0, 0, 0, 0, 0, 0, 0, 0, 0, 0, 0, 0, 0, 0, 0, 0, 0, 0, 0, 0, 0, 0 ]
}
,