{
"inputLengthInCharacters": 4096,
"uniformInput": false,
"useMappingLetter": false,
"measurements": {
"histogram_one_thread_per_character": {
"timesTransferToDevice": [ 0.0611800, 0.0278200, 0.0326900, 0.0222900, 0.0305810, 0.0290710, 0.0328500, 0.0303400, 0.0326600, 0.0307000, 0.0307500, 0.0316600, 0.0273400, 0.0298700, 0.0302700, 0.0311500, 0.0292300, 0.0292700, 0.0278400, 0.0295600, 0.0308810, 0.0287010, 0.0309110, 0.0292710, 0.0299600, 0.0291600, 0.0305200, 0.0275500, 0.0295800, 0.0292600, 0.0306600, 0.0322300, 0.0273600, 0.0297800, 0.0310100, 0.0295200, 0.0304200, 0.0309800, 0.0291900, 0.0276300, 0.0293210, 0.0274410, 0.0291910, 0.0270600, 0.0273100, 0.0290400, 0.0301400, 0.0314600, 0.0305100, 0.0292200, 0.0312400, 0.0300600, 0.0290800, 0.0286600, 0.0315210, 0.0295310, 0.0286610, 0.0309300, 0.0304800, 0.0294100, 0.0313200, 0.0287400, 0.0304000, 0.0276500, 0.0252700, 0.0312900, 0.0282910, 0.0297310, 0.0289710, 0.0312400, 0.0301100, 0.0270900, 0.0276000, 0.0272800, 0.0289700, 0.0304100, 0.0296100, 0.0289200, 0.0326600, 0.0277600, 0.0289500, 0.0283900, 0.0314900, 0.0299000, 0.0292100, 0.0308910, 0.0295110, 0.0307510, 0.0295000, 0.0293600, 0.0301700, 0.0328200, 0.0305700, 0.0330800, 0.0302800, 0.0273000, 0.0270200, 0.0273500, 0.0272900, 0.0294210 ],
"timesExecution": [ 0.0318200, 0.0301500, 0.0285900, 0.0304400, 0.0288500, 0.0295200, 0.0287800, 0.0296510, 0.0292710, 0.0301710, 0.0299310, 0.0486610, 0.0297110, 0.0298910, 0.0290200, 0.0286600, 0.0272000, 0.0296600, 0.0285300, 0.0283600, 0.0301200, 0.0294600, 0.0297500, 0.0289800, 0.0293900, 0.0288410, 0.0284810, 0.0286810, 0.0287710, 0.0295000, 0.0270800, 0.0276400, 0.0292100, 0.0294300, 0.0305900, 0.0289900, 0.0270000, 0.0299000, 0.0273200, 0.0298500, 0.0292600, 0.0277600, 0.0289400, 0.0290900, 0.0297410, 0.0270810, 0.0288510, 0.0293000, 0.0288600, 0.0293800, 0.0291800, 0.0299000, 0.0292100, 0.0294700, 0.0285300, 0.0274400, 0.0288500, 0.0294000, 0.0286010, 0.0292310, 0.0292110, 0.0289800, 0.0292400, 0.0289000, 0.0294000, 0.0285700, 0.0286700, 0.0291900, 0.0284700, 0.0288000, 0.0289000, 0.0296010, 0.0290910, 0.0268810, 0.0291710, 0.0698610, 0.0283210, 0.0289010, 0.0288610, 0.0294200, 0.0292600, 0.0288900, 0.0288500, 0.0268800, 0.0288300, 0.0290900, 0.0292400, 0.0292800, 0.0282400, 0.0290310, 0.0309110, 0.0288110, 0.0291600, 0.0298700, 0.0287900, 0.0270400, 0.0295900, 0.0298800, 0.0285700, 0.0298300 ],
"timesTransferFromDevice": [ 0.4298840, 0.0185210, 0.0184400, 0.0198000, 0.0231300, 0.0192800, 0.0197600, 0.0231400, 0.0202400, 0.0203600, 0.0208400, 0.0235100, 0.0227700, 0.0233700, 0.0235800, 0.0217600, 0.0232610, 0.0239410, 0.0192800, 0.0230900, 0.0213600, 0.0197600, 0.0211600, 0.0207200, 0.0230100, 0.0258800, 0.0232600, 0.0235300, 0.0223600, 0.0234400, 0.0204810, 0.0232110, 0.0540510, 0.0264210, 0.0256310, 0.0195210, 0.0293310, 0.0214800, 0.0231800, 0.0258900, 0.0210400, 0.0234200, 0.0205200, 0.0255500, 0.0217600, 0.0204400, 0.0229300, 0.0243100, 0.0196400, 0.0195610, 0.0236510, 0.0225900, 0.0235400, 0.0196000, 0.0204800, 0.0231700, 0.0198800, 0.0204800, 0.0210400, 0.0230600, 0.0213200, 0.0199200, 0.0212410, 0.0199610, 0.0197600, 0.0234300, 0.0226300, 0.0214800, 0.0233900, 0.0237300, 0.0253300, 0.0270300, 0.0226500, 0.0231800, 0.0226000, 0.0231800, 0.0226300, 0.0210400, 0.0235100, 0.0226000, 0.0198000, 0.0205210, 0.0234410, 0.0210000, 0.0198800, 0.0209600, 0.0196800, 0.0231700, 0.0210000, 0.0198000, 0.0212400, 0.0199200, 0.0201200, 0.0200000, 0.0259510, 0.0229210, 0.0214410, 0.0228400, 0.0228400, 0.0210400 ],
"bins": [ 25, 34, 33, 25, 27, 37, 43, 33, 30, 40, 28, 26, 44, 30, 35, 32, 28, 39, 25, 19, 26, 30, 26, 22, 33, 35, 32, 28, 35, 28, 30, 36, 34, 36, 41, 43, 40, 34, 36, 31, 31, 40, 36, 32, 30, 36, 24, 35, 39, 39, 36, 29, 33, 34, 23, 39, 27, 37, 34, 36, 31, 28, 27, 38, 31, 32, 33, 29, 37, 32, 39, 27, 30, 36, 31, 37, 27, 33, 27, 33, 22, 33, 34, 29, 34, 31, 26, 25, 28, 29, 36, 29, 37, 34, 38, 25, 37, 41, 33, 37, 26, 28, 35, 34, 31, 32, 29, 33, 26, 33, 36, 20, 33, 20, 35, 34, 29, 28, 33, 32, 33, 40, 25, 30, 36, 35, 28, 27 ]
}
,
"histogram_atomic_private": {
"timesTransferToDevice": [ 0.0175600, 0.0293600, 0.0192800, 0.0292600, 0.0285310, 0.0256710, 0.0294500, 0.0265300, 0.0288100, 0.0263000, 0.0279000, 0.0275500, 0.0265610, 0.0282910, 0.0306600, 0.0298300, 0.0328700, 0.0295400, 0.0313400, 0.0273100, 0.0296200, 0.0294700, 0.0311700, 0.0288610, 0.0289410, 0.0292210, 0.0312000, 0.0331800, 0.0311100, 0.0318000, 0.0274200, 0.0314500, 0.0282100, 0.0311600, 0.0298100, 0.0296900, 0.0287310, 0.0276910, 0.0294010, 0.0307800, 0.0273200, 0.0315800, 0.0286900, 0.0306500, 0.0274100, 0.0290000, 0.0297000, 0.0292300, 0.0294900, 0.0278500, 0.0273510, 0.0280510, 0.0314400, 0.0275700, 0.0311100, 0.0295800, 0.0272600, 0.0300700, 0.0302900, 0.0326500, 0.0271000, 0.0294100, 0.0328300, 0.0302800, 0.0296700, 0.0326200, 0.0302000, 0.0288700, 0.0325910, 0.0296210, 0.0251700, 0.0293100, 0.0304200, 0.0290900, 0.0294000, 0.0305800, 0.0297000, 0.0330300, 0.0294310, 0.0316810, 0.0314510, 0.0285600, 0.0265400, 0.0314600, 0.0293600, 0.0286800, 0.0285300, 0.0309100, 0.0305700, 0.0291100, 0.0279010, 0.0298710, 0.0313410, 0.0269000, 0.0289900, 0.0321100, 0.0275200, 0.0308000, 0.0311800, 0.0291000 ],
"timesExecution": [ 0.0231200, 0.0241210, 0.0244800, 0.0263700, 0.0269400, 0.0248000, 0.0273100, 0.0266010, 0.0251600, 0.0282800, 0.0277100, 0.0282700, 0.0277600, 0.0257600, 0.0289400, 0.0277610, 0.0277210, 0.0281610, 0.0261600, 0.0285700, 0.0290600, 0.0288400, 0.0281200, 0.0287100, 0.0262000, 0.0279700, 0.0289200, 0.0290510, 0.0282710, 0.0283910, 0.0289900, 0.0288000, 0.0280600, 0.0287800, 0.0277700, 0.0279800, 0.0277000, 0.0280900, 0.0287300, 0.0278100, 0.0262810, 0.0292810, 0.0278210, 0.0286300, 0.0288900, 0.0288500, 0.0280500, 0.0290100, 0.0274500, 0.0284900, 0.0278100, 0.0286900, 0.0292700, 0.0280800, 0.0287210, 0.0283410, 0.0297210, 0.0261200, 0.0290200, 0.0267200, 0.0277600, 0.0287010, 0.0265600, 0.0292600, 0.0293500, 0.0283800, 0.0264000, 0.0288700, 0.0294300, 0.0283300, 0.0264810, 0.0260410, 0.0267610, 0.0260800, 0.0267600, 0.0282500, 0.0272400, 0.0291700, 0.0281900, 0.0286100, 0.0283400, 0.0286100, 0.0275210, 0.0291410, 0.0277810, 0.0264010, 0.0287800, 0.0285900, 0.0280600, 0.0267200, 0.0286700, 0.0269400, 0.0282100, 0.0280200, 0.0280510, 0.0268010, 0.0286600, 0.0287300, 0.0287100, 0.0280100 ],
"timesTransferFromDevice": [ 0.0172000, 0.0169200, 0.0170410, 0.0220600, 0.0249000, 0.0182400, 0.0200800, 0.0198400, 0.0220800, 0.0225810, 0.0208400, 0.0217300, 0.0192400, 0.0209600, 0.0209600, 0.0196000, 0.0228900, 0.0198400, 0.0212400, 0.0229910, 0.0234110, 0.0195600, 0.0235000, 0.0200400, 0.0233200, 0.0200400, 0.0196000, 0.0235100, 0.0233000, 0.0226500, 0.0210800, 0.0205600, 0.0230510, 0.0209610, 0.0193200, 0.0255800, 0.0228000, 0.0233400, 0.0231500, 0.0235900, 0.0229200, 0.0239600, 0.0197200, 0.0228000, 0.0255810, 0.0229510, 0.0215210, 0.0210800, 0.0260100, 0.0210800, 0.0224700, 0.0207600, 0.0228500, 0.0198400, 0.0253000, 0.0232600, 0.0195200, 0.0204000, 0.0196010, 0.0258010, 0.0796510, 0.0192000, 0.0200800, 0.0211210, 0.0200810, 0.0227700, 0.0234100, 0.0190800, 0.0210400, 0.0202000, 0.0227700, 0.0212400, 0.0234300, 0.0234200, 0.0192810, 0.0203610, 0.0200800, 0.0216000, 0.0226300, 0.0229200, 0.0200000, 0.0219600, 0.0191600, 0.0228900, 0.0202400, 0.0200400, 0.0195610, 0.0213610, 0.0236100, 0.0204800, 0.0208400, 0.0233500, 0.0226300, 0.0231800, 0.0206000, 0.0260000, 0.0198400, 0.0230210, 0.0231210, 0.0225610 ],
"bins": [ 25, 34, 33, 25, 27, 37, 43, 33, 30, 40, 28, 26, 44, 30, 35, 32, 28, 39, 25, 19, 26, 30, 26, 22, 33, 35, 32, 28, 35, 28, 30, 36, 34, 36, 41, 43, 40, 34, 36, 31, 31, 40, 36, 32, 30, 36, 24, 35, 39, 39, 36, 29, 33, 34, 23, 39, 27, 37, 34, 36, 31, 28, 27, 38, 31, 32, 33, 29, 37, 32, 39, 27, 30, 36, 31, 37, 27, 33, 27, 33, 22, 33, 34, 29, 34, 31, 26, 25, 28, 29, 36, 29, 37, 34, 38, 25, 37, 41, 33, 37, 26, 28, 35, 34, 31, 32, 29, 33, 26, 33, 36, 20, 33, 20, 35, 34, 29, 28, 33, 32, 33, 40, 25, 30, 36, 35, 28, 27 ]
}
,