{
"inputLengthInCharacters": 131072,
"uniformInput": false,
"useMappingLetter": true,
"measurements": {
"histogram_one_thread_per_character": {
"timesTransferToDevice": [ 0.4584230, 0.0332700, 0.0262400, 0.0264000, 0.0291710, 0.0284710, 0.0355400, 0.0304600, 0.0292600, 0.0301710, 0.0297200, 0.0587000, 0.0311810, 0.0305410, 0.0295400, 0.0342900, 0.0303000, 0.0292210, 0.0305300, 0.0295800, 0.0286400, 0.0335200, 0.0297610, 0.0291800, 0.0299700, 0.0292600, 0.0291700, 0.0306300, 0.0291010, 0.0290400, 0.0292600, 0.0306300, 0.0297210, 0.0310400, 0.0299800, 0.0287700, 0.0301400, 0.0299610, 0.0295900, 0.0301100, 0.0294900, 0.0296100, 0.0299310, 0.0298000, 0.0291700, 0.0311200, 0.0286910, 0.0297500, 0.0296700, 0.0313200, 0.0284600, 0.0308510, 0.0292910, 0.0291800, 0.0290100, 0.0300900, 0.0289000, 0.0296610, 0.0292500, 0.0302700, 0.0288900, 0.0302200, 0.0337810, 0.0294600, 0.0290800, 0.0293800, 0.0292600, 0.0292010, 0.0300100, 0.0286700, 0.0291300, 0.0342510, 0.0296600, 0.0290900, 0.0304900, 0.0703010, 0.0303200, 0.0291200, 0.0284700, 0.0302610, 0.0294900, 0.0296800, 0.0286400, 0.0306700, 0.0289210, 0.0312100, 0.0304500, 0.0304000, 0.0286800, 0.0293510, 0.0310900, 0.0294700, 0.0294200, 0.0295000, 0.0304510, 0.0285500, 0.0315000, 0.0307600, 0.0289700, 0.0295810 ],
"timesExecution": [ 0.0696800, 0.0713510, 0.0687210, 0.0702610, 0.0680000, 0.0707600, 0.0706110, 0.0696810, 0.0705600, 0.0706000, 0.0701900, 0.0679610, 0.0701200, 0.0696500, 0.0682000, 0.0705810, 0.0694810, 0.0681200, 0.0701500, 0.0707110, 0.0706710, 0.0701300, 0.0706600, 0.0699400, 0.0709610, 0.0703510, 0.0701810, 0.0701400, 0.0698400, 0.0703500, 0.0710310, 0.0697410, 0.0677600, 0.0686400, 0.0682010, 0.0701510, 0.0695610, 0.0705700, 0.0702100, 0.0706210, 0.0699410, 0.0702300, 0.0696900, 0.0698710, 0.3392330, 0.0704310, 0.0703300, 0.0704700, 0.0704110, 0.0701010, 0.0701710, 0.0677200, 0.0698900, 0.0677600, 0.0684010, 0.0691610, 0.0678400, 0.0676800, 0.0695700, 0.0696910, 0.0715910, 0.0694810, 0.0701400, 0.0698600, 0.0699510, 0.0680010, 0.0705500, 0.0698400, 0.0688700, 0.0698510, 0.0691810, 0.0682000, 0.0703500, 0.0696510, 0.0696510, 0.0698100, 0.0678010, 0.0701010, 0.0700710, 0.0703900, 0.0677200, 0.0709210, 0.0706710, 0.0677610, 0.0699100, 0.0695000, 0.0679210, 0.0693210, 0.0701810, 0.0695600, 0.0708000, 0.0697410, 0.0697610, 0.0681200, 0.0681600, 0.0677200, 0.0697310, 0.0680010, 0.0702210, 0.0698400 ],
"timesTransferFromDevice": [ 0.4140630, 0.0175200, 0.0193200, 0.0240400, 0.0227500, 0.0230210, 0.0234200, 0.0227700, 0.0232900, 0.0231010, 0.0265400, 0.0232100, 0.0206800, 0.0192010, 0.0292300, 0.0237900, 0.0234700, 0.0217600, 0.0200010, 0.0224000, 0.0239100, 0.0193600, 0.0238000, 0.0204810, 0.0226700, 0.0212400, 0.0196400, 0.0235000, 0.0228510, 0.0230800, 0.0211200, 0.0229600, 0.0241600, 0.0230510, 0.0229300, 0.0237000, 0.0272300, 0.0201200, 0.0264600, 0.0228100, 0.0234600, 0.0231400, 0.0234510, 0.0228100, 0.0233700, 0.0200800, 0.0213200, 0.0214410, 0.0235500, 0.0200400, 0.0204000, 0.0233000, 0.0227610, 0.0206800, 0.0232500, 0.0228400, 0.0207200, 0.0214000, 0.0225710, 0.0204400, 0.0229200, 0.0233000, 0.0242710, 0.0235000, 0.0234200, 0.0206800, 0.0230500, 0.0201210, 0.0232200, 0.0235800, 0.0238600, 0.0239100, 0.0234510, 0.0234600, 0.0233700, 0.0229810, 0.0210000, 0.0233000, 0.0230500, 0.0262900, 0.0220410, 0.0235500, 0.0229200, 0.0254200, 0.0216000, 0.0264110, 0.0227700, 0.0235000, 0.0225200, 0.0235200, 0.0194800, 0.0236300, 0.0232000, 0.0259100, 0.0195610, 0.0205610, 0.0236600, 0.0234900, 0.0226300, 0.0227600 ],
"bins": [ 77847, 2019, 2065, 1943, 2089, 1941, 2013, 2039, 2015, 2105, 2095, 2102, 2110, 2070, 2048, 2056, 2022, 2082, 2004, 2067, 2047, 1990, 2068, 2076, 2009, 2061, 2089 ]
}
,
"histogram_atomic_private": {
"timesTransferToDevice": [ 0.0287310, 0.0272500, 0.0264800, 0.0263700, 0.0272700, 0.0266800, 0.0288410, 0.0277510, 0.0278800, 0.0291300, 0.0277400, 0.0297200, 0.0287300, 0.0288800, 0.0292700, 0.0309100, 0.0295200, 0.0285600, 0.0305910, 0.0293910, 0.0294110, 0.0302900, 0.0313400, 0.0295000, 0.0311300, 0.0289700, 0.0294700, 0.0304100, 0.0284400, 0.0286800, 0.0285300, 0.0289600, 0.0291410, 0.0290410, 0.0297900, 0.0288800, 0.0291200, 0.0296300, 0.0285800, 0.0297900, 0.0290900, 0.0303400, 0.0286000, 0.0296000, 0.0307800, 0.0293800, 0.0328810, 0.0298610, 0.0292210, 0.0294800, 0.0293800, 0.0298300, 0.0290200, 0.0293000, 0.0297400, 0.0295800, 0.0302500, 0.0291800, 0.0296300, 0.0283800, 0.0290110, 0.0318300, 0.0295900, 0.0304600, 0.0294700, 0.0292400, 0.0298110, 0.0286610, 0.0288310, 0.0290100, 0.0305600, 0.0302200, 0.0295100, 0.0287200, 0.0307200, 0.0291100, 0.0285600, 0.0290900, 0.0295300, 0.0305500, 0.0297900, 0.0294900, 0.0310510, 0.0290210, 0.0298010, 0.0302910, 0.0295600, 0.0293100, 0.0285500, 0.0306000, 0.0298100, 0.0283900, 0.0285500, 0.0295700, 0.0291810, 0.0301110, 0.0292600, 0.0291900, 0.0297200, 0.0294900 ],
"timesExecution": [ 0.0296000, 0.0301210, 0.0315300, 0.0318600, 0.0321300, 0.0320100, 0.0296000, 0.0312400, 0.0331700, 0.0340410, 0.0330010, 0.0329210, 0.0324400, 0.0330200, 0.0334000, 0.0318000, 0.0339200, 0.0337600, 0.0347100, 0.0322400, 0.0333200, 0.0342600, 0.0318800, 0.0340110, 0.0334510, 0.0317210, 0.0337700, 0.0336100, 0.0324800, 0.0335800, 0.0319200, 0.0346200, 0.0316400, 0.0314800, 0.0319600, 0.0320410, 0.0356710, 0.0338510, 0.0320400, 0.0335300, 0.0348000, 0.0336600, 0.0336000, 0.0336600, 0.0340900, 0.0341900, 0.0334000, 0.0321200, 0.0316800, 0.0338800, 0.0321610, 0.0345510, 0.0317210, 0.0337200, 0.0342200, 0.0340000, 0.0335700, 0.0334500, 0.0337200, 0.0339500, 0.0737400, 0.0344300, 0.0334100, 0.0333900, 0.0338200, 0.0342500, 0.0345400, 0.0319200, 0.0339000, 0.0323200, 0.0341410, 0.0337810, 0.0333610, 0.0334410, 0.0340910, 0.0339400, 0.0317600, 0.0341400, 0.0342400, 0.0340400, 0.0341000, 0.0341000, 0.0341600, 0.0322800, 0.0317600, 0.0338500, 0.0346700, 0.0318410, 0.0322010, 0.0340100, 0.0321600, 0.0334800, 0.0335300, 0.0322000, 0.0316000, 0.0324000, 0.0351700, 0.0344800, 0.0345610, 0.0343110 ],
"timesTransferFromDevice": [ 0.0172000, 0.0174000, 0.0178000, 0.0217710, 0.0220300, 0.0250200, 0.0212400, 0.0249200, 0.0225800, 0.0221600, 0.0252000, 0.0203600, 0.0227400, 0.0246310, 0.0263410, 0.0233810, 0.0226900, 0.0232900, 0.0236600, 0.0209200, 0.0233200, 0.0216800, 0.0301200, 0.0227700, 0.0209600, 0.0192400, 0.0264600, 0.0208400, 0.0234610, 0.0200010, 0.0287900, 0.0233400, 0.0231700, 0.0202400, 0.0246300, 0.0194400, 0.0199200, 0.0205600, 0.0234500, 0.0234510, 0.0218410, 0.0228810, 0.0234300, 0.0264900, 0.0233000, 0.0232900, 0.0259300, 0.0208800, 0.0201200, 0.0209200, 0.0203600, 0.0230100, 0.0247900, 0.0231300, 0.0234200, 0.0229710, 0.0264710, 0.0234510, 0.0195200, 0.0206800, 0.0243710, 0.0213610, 0.0211210, 0.0247500, 0.0234100, 0.0231700, 0.0233500, 0.0210400, 0.0231600, 0.0200000, 0.0244200, 0.0228400, 0.0233900, 0.0268000, 0.0229600, 0.0224400, 0.0206000, 0.0226010, 0.0229710, 0.0228100, 0.0227700, 0.0230100, 0.0235000, 0.0248400, 0.0232900, 0.0226300, 0.0192000, 0.0205200, 0.0225100, 0.0235000, 0.0201610, 0.0213210, 0.0229300, 0.0203600, 0.0230800, 0.0207200, 0.0216000, 0.0228000, 0.0210400, 0.0212400 ],
"bins": [ 77847, 2019, 2065, 1943, 2089, 1941, 2013, 2039, 2015, 2105, 2095, 2102, 2110, 2070, 2048, 2056, 2022, 2082, 2004, 2067, 2047, 1990, 2068, 2076, 2009, 2061, 2089 ]
}
,