{
"inputLengthInCharacters": 67108864,
"uniformInput": true,
"useMappingLetter": true,
"measurements": {
"histogram_one_thread_per_character": {
"timesTransferToDevice": [ 10.0352650, 8.4451246, 9.2809792, 9.4535103, 9.2655382, 9.1581383, 9.1561680, 9.1356478, 9.1633883, 9.1711493, 9.2488890, 9.2392788, 9.2237988, 9.2381592, 9.1401176, 9.1508894, 9.1396990, 9.1398087, 9.2009087, 9.1533489, 9.1240282, 9.1278982, 9.1536379, 9.2079782, 9.2235794, 9.2306690, 9.2233992, 9.2153587, 9.1639690, 9.1420393, 9.1759090, 9.1330576, 9.3181496, 9.2024288, 9.2183685, 9.2336702, 9.1713591, 9.1150894, 9.1279392, 9.1426687, 9.1442194, 9.1860590, 9.2039194, 9.2038994, 9.2144890, 9.2234087, 8.2678423, 9.1468887, 9.1391487, 9.1580687, 9.2156286, 9.2023392, 9.2258987, 9.2007494, 9.2158689, 9.2432404, 9.1353989, 9.1347094, 9.1337395, 9.1389990, 9.3295031, 9.1847610, 9.2347202, 9.2016897, 9.1687088, 9.1194487, 9.1423693, 9.9898548, 9.2065086, 9.1636992, 8.2885818, 9.5750618, 9.2896795, 9.2639399, 9.2122402, 9.1514692, 9.2094994, 9.2065592, 9.1861191, 9.1492786, 9.1320992, 9.1376286, 9.1302891, 9.2856903, 9.2580500, 9.2096205, 9.1689186, 9.1903400, 9.1688395, 9.1406994, 9.1503487, 9.1305695, 9.1248093, 9.2969913, 9.1993895, 9.2238703, 9.1913090, 9.2114687, 9.1639194, 9.1860800 ],
"timesExecution": [ 27.8854618, 27.7646847, 27.7654648, 27.4980717, 27.4943047, 27.7665062, 27.7709274, 27.7666759, 27.4978447, 27.7598171, 27.7620277, 27.7671776, 27.7667084, 27.4959755, 27.7809887, 27.7867203, 27.7681599, 27.4980259, 27.4995556, 27.7630386, 27.7653580, 27.7787552, 27.4997063, 27.7682076, 27.8087902, 27.7683983, 27.7886791, 27.5074272, 27.7961998, 27.7992592, 27.7962685, 27.5404873, 27.5301571, 27.7894802, 27.7956295, 27.8213005, 27.5214272, 27.7556801, 27.7955475, 27.7651596, 27.8042488, 27.5355968, 27.7972279, 27.7831688, 27.7915993, 27.5551968, 27.5314083, 27.7769394, 27.7846794, 27.7859497, 27.5229378, 27.7946606, 27.7997208, 27.8027477, 27.7646408, 27.5307884, 27.8052292, 27.7977276, 27.8145905, 27.5330849, 27.5513439, 27.7889996, 27.8262596, 27.8220406, 27.5402088, 27.7832088, 27.8009491, 27.8210278, 27.5285187, 27.5143471, 27.7967396, 27.8155594, 27.7818699, 27.5132771, 27.8176804, 27.7917995, 27.8084297, 27.8198700, 27.5450478, 27.8143406, 27.7808990, 27.8226509, 27.5147152, 27.5288277, 27.8156605, 27.8195801, 27.8247929, 27.5446682, 27.8209705, 27.8186607, 27.8145103, 27.8010006, 27.5560875, 27.8167591, 27.7849102, 27.8224392, 27.5551071, 27.8174400, 27.8246403, 27.8248692 ],
"timesTransferFromDevice": [ 0.4337530, 0.0185600, 0.0185210, 0.0199200, 0.0197600, 0.0195200, 0.0201200, 0.0198400, 0.0197600, 0.0195600, 0.0493810, 0.0198800, 0.0197210, 0.0197600, 0.0196400, 0.0200800, 0.0201600, 0.0206000, 0.0205600, 0.0199600, 0.0211610, 0.0203200, 0.0200400, 0.0202400, 0.0200400, 0.0204800, 0.0200000, 0.0198400, 0.0206000, 0.0196000, 0.0198400, 0.0202400, 0.0199600, 0.0202800, 0.0228800, 0.0204800, 0.0200000, 0.0207600, 0.0200810, 0.0204000, 0.0199200, 0.0202800, 0.0201610, 0.0198000, 0.0200000, 0.0202400, 0.0202400, 0.0201200, 0.0198800, 0.0195600, 0.0204000, 0.0203600, 0.0234100, 0.0197600, 0.0199200, 0.0200800, 0.0200400, 0.0199200, 0.0203200, 0.0203600, 0.0203600, 0.0199600, 0.0199200, 0.0205200, 0.0197600, 0.0198000, 0.0204800, 0.0249300, 0.0197200, 0.0203600, 0.0206000, 0.0197200, 0.0200000, 0.0201200, 0.0731310, 0.0203600, 0.0201200, 0.0205600, 0.0200800, 0.0198400, 0.0200000, 0.0201200, 0.0199200, 0.0208400, 0.0202000, 0.0197200, 0.0198800, 0.0198400, 0.0204010, 0.0205600, 0.0197200, 0.0200000, 0.0200800, 0.0198000, 0.0199600, 0.0201600, 0.0206000, 0.0231200, 0.0194800, 0.0202800 ],
"bins": [ 0, 67108864, 0, 0, 0, 0, 0, 0, 0, 0, 0, 0, 0, 0, 0, 0, 0, 0, 0, 0, 0, 0, 0, 0, 0, 0, 0 ]
}
,
"histogram_atomic_private": {
"timesTransferToDevice": [ 9.1720190, 9.2838297, 9.0940390, 9.4565010, 9.2384586, 9.1324787, 8.2399120, 9.0963583, 9.2019987, 9.1259193, 9.1070776, 8.2899418, 9.1332092, 9.1613998, 9.0975885, 8.3126116, 9.1192780, 9.1384487, 8.2366018, 9.1221790, 9.1233492, 9.1658487, 9.0722485, 9.1180887, 9.1131887, 8.2498732, 9.1225386, 9.1245480, 9.1492090, 9.1037483, 8.3073721, 9.1446886, 9.1080189, 8.2558622, 9.1104784, 9.1634893, 9.1504192, 9.1163893, 8.2991934, 9.1176786, 9.1386890, 8.2636833, 9.1215591, 9.1404190, 9.1618700, 8.2493420, 8.4044027, 9.1275692, 9.1496687, 9.1645594, 9.1126595, 8.3233919, 9.0943785, 9.1666689, 8.2221622, 9.1175890, 9.1633587, 9.1519489, 9.0891876, 9.0959492, 9.3545008, 9.1295090, 8.2583523, 9.0987978, 9.1536093, 9.1933594, 9.1326094, 8.3143435, 9.2839403, 9.2303085, 9.1391592, 9.1215887, 8.3156729, 9.1161985, 9.1400890, 9.2924204, 9.0832882, 9.1217089, 9.1756496, 9.1084986, 9.0974789, 9.3337097, 9.3900814, 9.1818190, 9.1038189, 9.0988894, 9.0889387, 8.2472620, 9.0959282, 9.1452093, 9.1512794, 9.2715302, 9.0715981, 9.2270594, 9.1347094, 8.2504520, 9.1247387, 9.1740789, 9.1475496, 8.2503824 ],
"timesExecution": [ 1.5516510, 1.5577821, 1.5486110, 1.5541010, 1.5516920, 1.5513920, 1.5461910, 1.5514510, 1.5525420, 1.5503711, 1.5541610, 1.5502020, 1.5476420, 1.5495120, 1.5475510, 1.5478311, 1.5484810, 1.5532711, 1.5470020, 1.5506620, 1.5538720, 1.5472010, 1.5511320, 1.5491920, 1.5488020, 1.5496020, 1.5484020, 1.5514610, 1.5459110, 1.5483410, 1.5510620, 1.5475820, 1.5491120, 1.5472410, 1.5513320, 1.5494610, 1.5484819, 1.5494720, 1.5501510, 1.5484910, 1.5504420, 1.5515510, 1.5502220, 1.5460221, 1.5463120, 1.5498110, 1.5477520, 1.5469520, 1.5501519, 1.5476820, 1.5503110, 1.5500710, 1.5544710, 1.5457920, 1.5469520, 1.5470420, 1.5462910, 1.5471510, 1.5446720, 1.5470020, 1.5443320, 1.5473020, 1.5416420, 1.5464610, 1.5470411, 1.5493619, 1.5454021, 1.5447520, 1.5470721, 1.5463510, 1.5472020, 1.5492920, 1.5489820, 1.5479920, 1.5426720, 1.5489110, 1.5467520, 1.5488720, 1.5454520, 1.5468709, 1.5455110, 1.5459810, 1.5476511, 1.5479120, 1.5474020, 1.5435120, 1.5503910, 1.5472111, 1.5457220, 1.5466710, 1.5466410, 1.5467920, 1.5492409, 1.5470810, 1.5453910, 1.5507220, 1.5465920, 1.5482620, 1.5412410, 1.5484010 ],
"timesTransferFromDevice": [ 0.0161200, 0.0170400, 0.0177200, 0.0188810, 0.0182800, 0.0191600, 0.0189600, 0.0184800, 0.0201600, 0.0188010, 0.0186000, 0.0186800, 0.0185200, 0.0185600, 0.0192010, 0.0184000, 0.0186800, 0.0184000, 0.0190400, 0.0183200, 0.0194800, 0.0188410, 0.0180000, 0.0190000, 0.0208000, 0.0184400, 0.0192400, 0.0186410, 0.0195210, 0.0184800, 0.0189200, 0.0195600, 0.0191200, 0.0196400, 0.0188800, 0.0186800, 0.0194000, 0.0181200, 0.0193610, 0.0190810, 0.0190800, 0.0195200, 0.0189200, 0.0192000, 0.0180800, 0.0192410, 0.0194000, 0.0202000, 0.0188800, 0.0186400, 0.0188800, 0.0196810, 0.0192400, 0.0182800, 0.0183600, 0.0192800, 0.0193200, 0.0188400, 0.0184400, 0.0193600, 0.0186000, 0.0187600, 0.0178800, 0.0190400, 0.0188000, 0.0179200, 0.0193200, 0.0188800, 0.0184800, 0.0189610, 0.0185200, 0.0179200, 0.0180000, 0.0197600, 0.0188800, 0.0182410, 0.0194400, 0.0189200, 0.0192800, 0.0187200, 0.0196410, 0.0180800, 0.0184410, 0.0192400, 0.0188000, 0.0182800, 0.0184010, 0.0195200, 0.0182000, 0.0184000, 0.0184400, 0.0192800, 0.0184400, 0.0182800, 0.0186010, 0.0184000, 0.0194800, 0.0183200, 0.0274510, 0.0194010 ],
"bins": [ 0, 67108864, 0, 0, 0, 0, 0, 0, 0, 0, 0, 0, 0, 0, 0, 0, 0, 0, 0, 0, 0, 0, 0, 0, 0, 0, 0 ]
}
,