{
"inputLengthInCharacters": 128,
"uniformInput": true,
"useMappingLetter": true,
"measurements": {
"histogram_one_thread_per_character": {
"timesTransferToDevice": [ 0.0495100, 0.0231600, 0.0245810, 0.0275010, 0.0268710, 0.0245500, 0.0246600, 0.0277300, 0.0278600, 0.0309400, 0.0304600, 0.0240800, 0.0298600, 0.0254100, 0.0273200, 0.0275300, 0.0274500, 0.0252700, 0.0253700, 0.0295400, 0.0245300, 0.0301900, 0.0254910, 0.0273610, 0.0253310, 0.0251300, 0.0272700, 0.0287900, 0.0238800, 0.0248500, 0.0251800, 0.0270400, 0.0251700, 0.0279000, 0.0264900, 0.0273900, 0.0260400, 0.0239900, 0.0242400, 0.0250200, 0.0266700, 0.0305210, 0.0248410, 0.0242010, 0.0240410, 0.0253300, 0.0246200, 0.0248300, 0.0246200, 0.0271500, 0.0272100, 0.0272900, 0.0252200, 0.0250300, 0.0254000, 0.0244200, 0.0254310, 0.0274510, 0.0254410, 0.0271110, 0.0234800, 0.0292500, 0.0274000, 0.0270700, 0.0278300, 0.0248600, 0.0250000, 0.0250100, 0.0239300, 0.0292000, 0.0277500, 0.0270400, 0.0307800, 0.0272100, 0.0245010, 0.0299210, 0.0279800, 0.0281000, 0.0253200, 0.0272500, 0.0276710, 0.0267710, 0.0241610, 0.0240800, 0.0307900, 0.0275800, 0.0297800, 0.0277000, 0.0270900, 0.0273200, 0.0286200, 0.0247200, 0.0273500, 0.0275000, 0.0243000, 0.0273100, 0.0267500, 0.0266400, 0.0259210, 0.0252510 ],
"timesExecution": [ 0.0309700, 0.0321500, 0.0318600, 0.0317400, 0.0325000, 0.0313600, 0.0323510, 0.0337310, 0.0317610, 0.0297610, 0.0316910, 0.0478810, 0.0325210, 0.0318710, 0.0311600, 0.0308400, 0.0311300, 0.0312500, 0.0310000, 0.0316400, 0.0318100, 0.0321500, 0.0296800, 0.0311300, 0.0309600, 0.0317000, 0.0315700, 0.0314600, 0.0316710, 0.0319910, 0.0316210, 0.0308800, 0.0320000, 0.0316310, 0.0320010, 0.0316200, 0.0313400, 0.0315100, 0.0317100, 0.0318100, 0.0317000, 0.0317000, 0.0317400, 0.0312000, 0.0310900, 0.0314500, 0.0311610, 0.0308410, 0.0308510, 0.0318700, 0.0324100, 0.0314500, 0.0311700, 0.0313200, 0.0296000, 0.0308800, 0.0310800, 0.0317400, 0.0317000, 0.0292000, 0.0308800, 0.0299000, 0.0312610, 0.0310410, 0.0319110, 0.0316610, 0.0317200, 0.0312800, 0.0312900, 0.0314500, 0.0319200, 0.0316400, 0.0324700, 0.0314900, 0.0315400, 0.0605800, 0.0318200, 0.0317000, 0.0314600, 0.0290800, 0.0312800, 0.0317100, 0.0314400, 0.0309100, 0.0313400, 0.0318410, 0.0321010, 0.0311610, 0.0317110, 0.0311710, 0.0297200, 0.0308400, 0.0316700, 0.0311600, 0.0315400, 0.0317800, 0.0294400, 0.0312900, 0.0329400, 0.0317400 ],
"timesTransferFromDevice": [ 0.4193030, 0.0191200, 0.0186000, 0.0233900, 0.0220400, 0.0230000, 0.0238800, 0.0233400, 0.0231200, 0.0242200, 0.0237600, 0.0231900, 0.0216400, 0.0240900, 0.0243900, 0.0204800, 0.0241010, 0.0212010, 0.0234300, 0.0234700, 0.0248400, 0.0241000, 0.0241400, 0.0268000, 0.0235900, 0.0266100, 0.0267300, 0.0228000, 0.0234900, 0.0243900, 0.0243600, 0.0236400, 0.0589410, 0.0244300, 0.0210400, 0.0238500, 0.0242010, 0.0241010, 0.0238910, 0.0202800, 0.0230000, 0.0241400, 0.0236000, 0.0255200, 0.0238800, 0.0217600, 0.0233100, 0.0231700, 0.0230500, 0.0222400, 0.0243300, 0.0241210, 0.0225610, 0.0249110, 0.0243100, 0.0259400, 0.0239200, 0.0243000, 0.0246600, 0.0237100, 0.0268200, 0.0246100, 0.0228000, 0.0241400, 0.0232300, 0.0217600, 0.0252300, 0.0233910, 0.0262910, 0.0212010, 0.0223900, 0.0240700, 0.0205200, 0.0236900, 0.0331100, 0.0271410, 0.0235610, 0.0228800, 0.0239800, 0.0234500, 0.0206400, 0.0234600, 0.0240600, 0.0257100, 0.0226800, 0.0228900, 0.0242600, 0.0221200, 0.0246500, 0.0229700, 0.0239000, 0.0241200, 0.0241410, 0.0236110, 0.0241010, 0.0220800, 0.0234900, 0.0233400, 0.0232600, 0.0229200 ],
"bins": [ 0, 128, 0, 0, 0, 0, 0, 0, 0, 0, 0, 0, 0, 0, 0, 0, 0, 0, 0, 0, 0, 0, 0, 0, 0, 0, 0 ]
}
,
"histogram_atomic_private": {
"timesTransferToDevice": [ 0.0174000, 0.0222700, 0.0220710, 0.0262700, 0.0263100, 0.0250200, 0.0228800, 0.0251500, 0.0262610, 0.0267610, 0.0236200, 0.0227100, 0.0256100, 0.0254200, 0.0268300, 0.0254100, 0.0268300, 0.0242100, 0.0255300, 0.0259700, 0.0241000, 0.0258510, 0.0267710, 0.0246110, 0.0310010, 0.0280100, 0.0241200, 0.0254900, 0.0264300, 0.0302100, 0.0252400, 0.0248000, 0.0272500, 0.0242000, 0.0246400, 0.0275000, 0.0296700, 0.0275300, 0.0243600, 0.0257210, 0.0266310, 0.0249810, 0.0254300, 0.0253500, 0.0268300, 0.0242900, 0.0240700, 0.0275300, 0.0272500, 0.0261200, 0.0253300, 0.0274200, 0.0267400, 0.0250100, 0.0268810, 0.0241510, 0.0244100, 0.0270700, 0.0240400, 0.0276900, 0.0247000, 0.0277410, 0.0250310, 0.0290800, 0.0280000, 0.0240900, 0.0269500, 0.0254800, 0.0271200, 0.0262600, 0.0273000, 0.0296900, 0.0258300, 0.0283700, 0.0244500, 0.0256400, 0.0279210, 0.0234810, 0.0245910, 0.0265900, 0.0261100, 0.0277300, 0.0260600, 0.0272700, 0.0274900, 0.0283400, 0.0255800, 0.0262900, 0.0302500, 0.0274800, 0.0255500, 0.0247400, 0.0269310, 0.0230210, 0.0247510, 0.0268310, 0.0243300, 0.0296100, 0.0300600, 0.0266400 ],
"timesExecution": [ 0.0321900, 0.0277600, 0.0271600, 0.0299410, 0.0290000, 0.0292500, 0.0289700, 0.0296000, 0.0301500, 0.0300800, 0.0309500, 0.0285610, 0.0317510, 0.0317110, 0.0333900, 0.0315800, 0.0316100, 0.0312000, 0.0322400, 0.0310800, 0.0308100, 0.0317700, 0.0313400, 0.0318400, 0.0312100, 0.0312800, 0.0302000, 0.0318210, 0.0317510, 0.0318710, 0.0328310, 0.0316600, 0.0316500, 0.0315700, 0.0314100, 0.0315100, 0.0324200, 0.0317700, 0.0313800, 0.0318700, 0.0315700, 0.0317300, 0.0320700, 0.0294410, 0.0296810, 0.0322710, 0.0317410, 0.0314100, 0.0294400, 0.0317900, 0.0307900, 0.0318200, 0.0319000, 0.0293600, 0.0314300, 0.0315400, 0.0314900, 0.0316610, 0.0294410, 0.0314410, 0.0321710, 0.0321500, 0.0326600, 0.0297200, 0.0296400, 0.0325810, 0.0318610, 0.0315410, 0.0316110, 0.0325000, 0.0319900, 0.0311700, 0.0312400, 0.0314500, 0.0313200, 0.0311300, 0.0316300, 0.0298400, 0.0324200, 0.0314900, 0.0296010, 0.0321810, 0.0313210, 0.0315500, 0.0309600, 0.0316700, 0.0314200, 0.0293600, 0.0309200, 0.0314800, 0.0311600, 0.0313100, 0.0317300, 0.0315700, 0.0331400, 0.0315000, 0.0312900, 0.0314110, 0.0322410, 0.0317710 ],
"timesTransferFromDevice": [ 0.0176400, 0.0171600, 0.0178400, 0.0237600, 0.0211200, 0.0218110, 0.0219400, 0.0225100, 0.0234000, 0.0230800, 0.0214000, 0.0238700, 0.0209200, 0.0228100, 0.0242400, 0.0285000, 0.0237910, 0.0236610, 0.0220810, 0.0237600, 0.0244200, 0.0239100, 0.0270600, 0.0237300, 0.0248800, 0.0269500, 0.0234000, 0.0238800, 0.0210400, 0.0234800, 0.0263900, 0.0233800, 0.0230900, 0.0214810, 0.0245810, 0.0259010, 0.0204800, 0.0263600, 0.0284700, 0.0232600, 0.0227200, 0.0241700, 0.0235200, 0.0244300, 0.0234000, 0.0243400, 0.0234300, 0.0241000, 0.0247510, 0.0233210, 0.0245910, 0.0220800, 0.0208800, 0.0238100, 0.0228900, 0.0246300, 0.0236500, 0.0236900, 0.0240400, 0.0236500, 0.0824700, 0.0239300, 0.0206000, 0.0248800, 0.0233500, 0.0232000, 0.0237300, 0.0277000, 0.0218400, 0.0235700, 0.0226300, 0.0220810, 0.0222410, 0.0226810, 0.0242500, 0.0263500, 0.0232800, 0.0218000, 0.0223600, 0.0235800, 0.0234400, 0.0218800, 0.0234500, 0.0229600, 0.0216800, 0.0242100, 0.0230000, 0.0244810, 0.0222010, 0.0214410, 0.0229100, 0.0257500, 0.0231700, 0.0255500, 0.0234500, 0.0233400, 0.0221600, 0.0223200, 0.0237300, 0.0264100 ],
"bins": [ 0, 128, 0, 0, 0, 0, 0, 0, 0, 0, 0, 0, 0, 0, 0, 0, 0, 0, 0, 0, 0, 0, 0, 0, 0, 0, 0 ]
}
,