{
"inputLengthInCharacters": 2097152,
"uniformInput": true,
"useMappingLetter": true,
"measurements": {
"histogram_one_thread_per_character": {
"timesTransferToDevice": [ 1.5145310, 0.2367820, 0.1862520, 0.1845910, 0.1869010, 0.1870720, 0.2195320, 0.1873620, 0.1872720, 0.1874910, 0.1866610, 0.2182820, 0.2024520, 0.1875220, 0.1899220, 0.1869310, 0.1870610, 0.1871910, 0.1856620, 0.1999120, 0.1873510, 0.1875510, 0.1875810, 0.1862620, 0.1858920, 0.1877910, 0.1924010, 0.1987310, 0.1948210, 0.1882120, 0.1862520, 0.1865210, 0.1866810, 0.1890320, 0.1875120, 0.1833220, 0.1868310, 0.1839110, 0.1835720, 0.1843620, 0.1846510, 0.1841810, 0.1994420, 0.1858720, 0.1871320, 0.1905610, 0.1848210, 0.1841210, 0.1842220, 0.1839510, 0.2000410, 0.1847610, 0.1854120, 0.1851820, 0.1843020, 0.1846420, 0.1847310, 0.1843720, 0.1995120, 0.1936210, 0.1839820, 0.1844520, 0.1762310, 0.1846620, 0.1847820, 0.1848510, 0.1999920, 0.1850320, 0.1889810, 0.1872220, 0.1872520, 0.1869710, 0.1880620, 0.2028220, 0.1895020, 0.2291120, 0.1901720, 0.1876520, 0.1849110, 0.1881120, 0.1863120, 0.2011320, 0.2145720, 0.1878920, 0.1915920, 0.1875410, 0.1870120, 0.1876020, 0.2018910, 0.1871520, 0.1881910, 0.1869820, 0.1879720, 0.1868610, 0.1874720, 0.1844820, 0.1998710, 0.1959120, 0.1849120, 0.1842510 ],
"timesExecution": [ 1.1108090, 0.8921670, 0.8910870, 0.8936370, 0.8922070, 0.8916070, 0.8916070, 0.8919670, 0.8916470, 0.8916470, 0.8915670, 0.8924470, 0.8936370, 0.8983570, 0.8930370, 0.8932470, 0.8921670, 0.8915270, 0.8918470, 0.8932470, 0.8919260, 0.8918470, 0.8918470, 0.8914470, 0.8920070, 0.8933660, 0.8918870, 0.8914070, 0.8917670, 0.8913670, 0.8919670, 0.8914470, 0.8938070, 0.8932370, 0.8913670, 0.8919670, 0.8918870, 0.8914070, 0.8931570, 0.8914870, 0.8920470, 0.8918870, 0.8930870, 0.8912470, 0.8913270, 0.8922060, 0.8916070, 0.8917670, 0.8915270, 0.8920060, 0.8912070, 0.8916070, 0.8915270, 0.8914480, 0.8917280, 0.8915280, 0.8917680, 0.8916880, 0.8914080, 0.8916090, 0.8930880, 0.8914480, 0.8918490, 0.8916880, 0.8914880, 0.8912880, 0.8911680, 0.8916080, 0.8920080, 0.8920480, 0.8934380, 0.8917280, 0.8915280, 0.8911690, 0.8916080, 0.8919690, 0.8919280, 0.8914080, 0.8914480, 0.8918080, 0.8916080, 0.8934180, 0.8916880, 0.8912880, 0.8919680, 0.8915290, 0.8913680, 0.8912480, 0.8911280, 0.8913280, 0.8916080, 0.8921280, 0.8922880, 0.8916490, 0.8928580, 0.8913280, 0.8908080, 0.8914080, 0.8916480, 0.8915680 ],
"timesTransferFromDevice": [ 0.4089730, 0.0174400, 0.0173200, 0.0197610, 0.0193600, 0.0195600, 0.0201200, 0.0206400, 0.0208800, 0.0204810, 0.0198000, 0.0197600, 0.0204800, 0.0204800, 0.0201600, 0.0202800, 0.0205610, 0.0202800, 0.0206000, 0.0197600, 0.0202800, 0.0209210, 0.0200000, 0.0205600, 0.0208800, 0.0206800, 0.0203610, 0.0207200, 0.0200000, 0.0204400, 0.0204800, 0.0207210, 0.0198400, 0.0207200, 0.0206000, 0.0198400, 0.0204810, 0.0201600, 0.0216000, 0.0200400, 0.0202010, 0.0200800, 0.0204800, 0.0200800, 0.0202400, 0.0195200, 0.0200400, 0.0202000, 0.0204400, 0.0203600, 0.0204410, 0.0199600, 0.0199200, 0.0200800, 0.0200400, 0.0206400, 0.0195600, 0.0208800, 0.0210010, 0.0204800, 0.0202800, 0.0205610, 0.0204400, 0.0205200, 0.0200000, 0.0202000, 0.0202800, 0.0208010, 0.0208800, 0.0200800, 0.0210010, 0.0199200, 0.0199200, 0.0204400, 0.0202800, 0.0197600, 0.0205200, 0.0201610, 0.0200000, 0.0202400, 0.0204810, 0.0202800, 0.0201200, 0.0199600, 0.0200000, 0.0199200, 0.0204800, 0.0198010, 0.0200000, 0.0202000, 0.0206400, 0.0199600, 0.0202800, 0.0198400, 0.0195200, 0.0203200, 0.0199200, 0.0200800, 0.0200410, 0.0200800 ],
"bins": [ 0, 2097152, 0, 0, 0, 0, 0, 0, 0, 0, 0, 0, 0, 0, 0, 0, 0, 0, 0, 0, 0, 0, 0, 0, 0, 0, 0 ]
}
,
"histogram_atomic_private": {
"timesTransferToDevice": [ 1.1084270, 0.2002920, 0.1973210, 0.2055820, 0.1825210, 0.1841220, 0.1817610, 0.1811520, 0.1826610, 0.2192720, 0.1839210, 0.1834520, 0.2319310, 0.1841310, 0.1832410, 0.1944220, 0.1849810, 0.1855220, 0.1960510, 0.1853020, 0.1844010, 0.2003220, 0.1842310, 0.1830920, 0.1843310, 0.1839620, 0.1830310, 0.1841020, 0.1844510, 0.1836120, 0.1823610, 0.1845610, 0.1842520, 0.1869810, 0.1834920, 0.1847010, 0.1841320, 0.1864610, 0.1865520, 0.1865710, 0.1869920, 0.1870210, 0.1822320, 0.1900310, 0.1865120, 0.1853510, 0.1976020, 0.1840510, 0.1831310, 0.1964020, 0.1817510, 0.1815720, 0.1851110, 0.1836120, 0.1907210, 0.1869520, 0.1842810, 0.1848720, 0.1852010, 0.1837020, 0.1839610, 0.1911020, 0.1857410, 0.1838710, 0.1808020, 0.1836210, 0.1853220, 0.1842510, 0.2112620, 0.1854610, 0.1863120, 0.2108220, 0.1825710, 0.1814610, 0.1890220, 0.1832210, 0.2099220, 0.1897020, 0.1839510, 0.1874310, 0.1848320, 0.1831010, 0.1806020, 0.1866910, 0.1837520, 0.1845110, 0.1853420, 0.1832510, 0.1838520, 0.1849310, 0.1835520, 0.1832610, 0.1837320, 0.1839010, 0.1834520, 0.1873210, 0.1839120, 0.1837210, 0.1856010, 0.1913720 ],
"timesExecution": [ 0.0802810, 0.0810800, 0.0818810, 0.0846110, 0.0824010, 0.0830800, 0.0824010, 0.0826400, 0.0844610, 0.0843200, 0.0824410, 0.0846500, 0.0847200, 0.0849310, 0.0848410, 0.0826410, 0.0826410, 0.0824410, 0.0826810, 0.0826010, 0.0844110, 0.0848010, 0.0826010, 0.0848610, 0.0853010, 0.0824800, 0.0845010, 0.0827200, 0.0829010, 0.0824800, 0.0826010, 0.0829600, 0.0850010, 0.0840410, 0.0851010, 0.0821610, 0.0851700, 0.0823610, 0.0826400, 0.0823210, 0.0842400, 0.0826410, 0.0830400, 0.0829210, 0.0832800, 0.0824810, 0.0821200, 0.0844210, 0.0836400, 0.0824410, 0.0842910, 0.0841210, 0.0826810, 0.0826000, 0.0831910, 0.0841100, 0.0850110, 0.0823200, 0.0828810, 0.0829600, 0.0816710, 0.0843900, 0.0821610, 0.0830000, 0.0828810, 0.0825210, 0.0826410, 0.0830410, 0.0824410, 0.0822810, 0.0827210, 0.0828000, 0.0829210, 0.0852610, 0.0830410, 0.0833610, 0.0852710, 0.0846200, 0.0826410, 0.0817200, 0.0828810, 0.0831210, 0.0844400, 0.0836710, 0.0833200, 0.0828410, 0.0845400, 0.0846010, 0.0844000, 0.0821210, 0.0826410, 0.0840810, 0.0821600, 0.0818010, 0.0824800, 0.0848510, 0.0827600, 0.0846310, 0.0831210, 0.0845710 ],
"timesTransferFromDevice": [ 0.0170400, 0.0176810, 0.0186400, 0.0199600, 0.0198800, 0.0198810, 0.0200400, 0.0207600, 0.0243400, 0.0205600, 0.0204000, 0.0198810, 0.0198000, 0.0234900, 0.0202400, 0.0202000, 0.0211600, 0.0208400, 0.0208000, 0.0205600, 0.0200000, 0.0199200, 0.0204400, 0.0200400, 0.0204800, 0.0200400, 0.0199600, 0.0196410, 0.0202400, 0.0212410, 0.0203200, 0.0202400, 0.0208800, 0.0206000, 0.0203200, 0.0197600, 0.0204800, 0.0205200, 0.0200800, 0.0204000, 0.0202810, 0.0200400, 0.0201600, 0.0200800, 0.0200000, 0.0214800, 0.0204400, 0.0200800, 0.0199600, 0.0204400, 0.0206000, 0.0202000, 0.0200400, 0.0198400, 0.0203600, 0.0206400, 0.0206000, 0.0248810, 0.0205600, 0.0201610, 0.0200800, 0.0216010, 0.0197600, 0.0198000, 0.0214000, 0.0205200, 0.0199200, 0.0206800, 0.0203200, 0.0201600, 0.0200000, 0.0198400, 0.0205600, 0.0201200, 0.0198000, 0.0202800, 0.0200800, 0.0210400, 0.0204800, 0.0200800, 0.0206000, 0.0200800, 0.0200000, 0.0198000, 0.0204000, 0.0206800, 0.0194400, 0.0203600, 0.0203200, 0.0198800, 0.0201600, 0.0202000, 0.0202810, 0.0214800, 0.0205610, 0.0200400, 0.0202400, 0.0200000, 0.0200400, 0.0204400 ],
"bins": [ 0, 2097152, 0, 0, 0, 0, 0, 0, 0, 0, 0, 0, 0, 0, 0, 0, 0, 0, 0, 0, 0, 0, 0, 0, 0, 0, 0 ]
}
,