{
"inputLengthInCharacters": 256,
"uniformInput": true,
"useMappingLetter": true,
"measurements": {
"histogram_one_thread_per_character": {
"timesTransferToDevice": [ 0.0534300, 0.0248900, 0.0243910, 0.0248810, 0.0261710, 0.0264200, 0.0264700, 0.0266500, 0.0267000, 0.0253000, 0.0253100, 0.0253700, 0.0262800, 0.0275800, 0.0250500, 0.0281900, 0.0258900, 0.0258700, 0.0257500, 0.0252800, 0.0265410, 0.0293110, 0.0266710, 0.0252510, 0.0254200, 0.0263700, 0.0277800, 0.0274500, 0.0274400, 0.0277200, 0.0273700, 0.0277300, 0.0250100, 0.0252800, 0.0252200, 0.0252700, 0.0254700, 0.0292000, 0.0259600, 0.0243600, 0.0242000, 0.0258100, 0.0269100, 0.0268710, 0.0241610, 0.0294810, 0.0245800, 0.0296700, 0.0237600, 0.0251500, 0.0281200, 0.0278400, 0.0272900, 0.0281600, 0.0245100, 0.0251500, 0.0278110, 0.0274610, 0.0272510, 0.0255000, 0.0254300, 0.0310100, 0.0306600, 0.0247700, 0.0299000, 0.0304400, 0.0282900, 0.0259000, 0.0255000, 0.0262100, 0.0273200, 0.0249010, 0.0287510, 0.0268710, 0.0276100, 0.0274200, 0.0245910, 0.0274600, 0.0260100, 0.0272400, 0.0269900, 0.0301200, 0.0281500, 0.0252500, 0.0271900, 0.0274500, 0.0269000, 0.0267300, 0.0260900, 0.0253110, 0.0289410, 0.0274210, 0.0244310, 0.0303800, 0.0254900, 0.0255800, 0.0269900, 0.0244600, 0.0272800, 0.0251000 ],
"timesExecution": [ 0.0312500, 0.0312800, 0.0297200, 0.0324200, 0.0304000, 0.0318200, 0.0298810, 0.0321710, 0.0297610, 0.0316010, 0.0296400, 0.0500310, 0.0299200, 0.0295600, 0.0316500, 0.0309900, 0.0314500, 0.0298800, 0.0318300, 0.0314400, 0.0314800, 0.0322300, 0.0316000, 0.0314800, 0.0315200, 0.0323800, 0.0321010, 0.0318610, 0.0313210, 0.0319910, 0.0312810, 0.0316610, 0.0315810, 0.0316500, 0.0300810, 0.0315210, 0.0320810, 0.0312000, 0.0317300, 0.0318200, 0.0312100, 0.0319200, 0.0315800, 0.0316100, 0.0310100, 0.0313700, 0.0314900, 0.0316310, 0.0316710, 0.0319910, 0.0312400, 0.0312900, 0.0312900, 0.0311900, 0.0312500, 0.0315700, 0.0318200, 0.0317300, 0.0316400, 0.0312500, 0.0313310, 0.0313710, 0.0323410, 0.0312610, 0.0313300, 0.0316100, 0.0294400, 0.0312000, 0.0313400, 0.0313600, 0.0319900, 0.0321000, 0.0312100, 0.0298400, 0.0297200, 0.0587410, 0.0311700, 0.0316600, 0.0315310, 0.0310410, 0.0320210, 0.0317010, 0.0319110, 0.0315000, 0.0320200, 0.0319500, 0.0342300, 0.0317800, 0.0315300, 0.0317400, 0.0321600, 0.0313500, 0.0295600, 0.0312400, 0.0315410, 0.0312210, 0.0312010, 0.0319700, 0.0312900, 0.0295200 ],
"timesTransferFromDevice": [ 0.4176530, 0.0243000, 0.0188800, 0.0273800, 0.0234400, 0.0234000, 0.0233400, 0.0242200, 0.0255200, 0.0249200, 0.0233000, 0.0240900, 0.0238900, 0.0275400, 0.0272610, 0.0255710, 0.0231010, 0.0247300, 0.0237700, 0.0233300, 0.0268000, 0.0247300, 0.0265000, 0.0254800, 0.0235900, 0.0249800, 0.0228500, 0.0232600, 0.0245400, 0.0257900, 0.0361000, 0.0307200, 0.0632100, 0.0244600, 0.0244200, 0.0231600, 0.0231700, 0.0242200, 0.0222800, 0.0228710, 0.0233810, 0.0208000, 0.0213600, 0.0265000, 0.0231600, 0.0211200, 0.0223200, 0.0263400, 0.0241700, 0.0232600, 0.0217200, 0.0214010, 0.0239410, 0.0243910, 0.0243900, 0.0214000, 0.0236500, 0.0230000, 0.0240800, 0.0237800, 0.0231600, 0.0212400, 0.0224800, 0.0236000, 0.0227600, 0.0234500, 0.0239810, 0.0239010, 0.0239400, 0.0237100, 0.0240400, 0.0236100, 0.0251700, 0.0236900, 0.0221200, 0.0237300, 0.0234000, 0.0273600, 0.0243000, 0.0284100, 0.0242100, 0.0246600, 0.0227900, 0.0239100, 0.0225610, 0.0233710, 0.0242610, 0.0239100, 0.0242300, 0.0220400, 0.0204400, 0.0239600, 0.0241900, 0.0227600, 0.0243500, 0.0241000, 0.0269800, 0.0233800, 0.0236300, 0.0255510 ],
"bins": [ 0, 256, 0, 0, 0, 0, 0, 0, 0, 0, 0, 0, 0, 0, 0, 0, 0, 0, 0, 0, 0, 0, 0, 0, 0, 0, 0 ]
}
,
"histogram_atomic_private": {
"timesTransferToDevice": [ 0.0239700, 0.0238300, 0.0219000, 0.0263110, 0.0256300, 0.0252300, 0.0228900, 0.0295600, 0.0278600, 0.0244700, 0.0241000, 0.0285910, 0.0240310, 0.0263200, 0.0288000, 0.0261000, 0.0280300, 0.0245000, 0.0273800, 0.0256100, 0.0256700, 0.0243000, 0.0279010, 0.0266110, 0.0256900, 0.0251800, 0.0248200, 0.0270000, 0.0275100, 0.0268300, 0.0250100, 0.0257200, 0.0277700, 0.0251900, 0.0245210, 0.0251110, 0.0243300, 0.0272400, 0.0279100, 0.0247300, 0.0273200, 0.0273900, 0.0254500, 0.0272800, 0.0243300, 0.0273510, 0.0270910, 0.0303210, 0.0289800, 0.0280400, 0.0257600, 0.0273100, 0.0275900, 0.0275300, 0.0240800, 0.0302000, 0.0264000, 0.0272800, 0.0264800, 0.0237100, 0.0268310, 0.0275600, 0.0267800, 0.0301900, 0.0278600, 0.0250200, 0.0249610, 0.0272710, 0.0266210, 0.0257300, 0.0253500, 0.0305300, 0.0273300, 0.0271100, 0.0269800, 0.0271500, 0.0273600, 0.0248100, 0.0253600, 0.0266100, 0.0281110, 0.0268310, 0.0275210, 0.0253400, 0.0269100, 0.0271500, 0.0295500, 0.0255800, 0.0267200, 0.0267700, 0.0252500, 0.0276600, 0.0249000, 0.0294500, 0.0265300, 0.0239400, 0.0279510, 0.0248610, 0.0257200, 0.0246900 ],
"timesExecution": [ 0.0274400, 0.0279200, 0.0292800, 0.0296100, 0.0297800, 0.0293310, 0.0294800, 0.0293300, 0.0297300, 0.0315100, 0.0308600, 0.0302400, 0.0284400, 0.0306510, 0.0305710, 0.0313710, 0.0321400, 0.0316500, 0.0315800, 0.0314000, 0.0316600, 0.0324000, 0.0320300, 0.0313200, 0.0311200, 0.0320310, 0.0312910, 0.0315310, 0.0317900, 0.0300000, 0.0296800, 0.0315700, 0.0311300, 0.0300400, 0.0315600, 0.0319900, 0.0295200, 0.0307710, 0.0299610, 0.0319110, 0.0318200, 0.0317000, 0.0311200, 0.0313300, 0.0317300, 0.0297200, 0.0329900, 0.0317300, 0.0316600, 0.0316600, 0.0315710, 0.0316710, 0.0324010, 0.0312010, 0.0317700, 0.0315200, 0.0314600, 0.0321200, 0.0314800, 0.0301400, 0.0329500, 0.0296000, 0.0317100, 0.0315300, 0.0312800, 0.0317800, 0.0296800, 0.0305200, 0.0320400, 0.0314400, 0.0300410, 0.0313810, 0.0313410, 0.0319810, 0.0314400, 0.0318300, 0.0316000, 0.0296100, 0.0314000, 0.0296000, 0.0314000, 0.0319900, 0.0316500, 0.0313000, 0.0315210, 0.0317700, 0.0315710, 0.0311610, 0.0312110, 0.0314100, 0.0315700, 0.0294800, 0.0310300, 0.0320200, 0.0335500, 0.0294800, 0.0310800, 0.0311900, 0.0320300, 0.0316510 ],
"timesTransferFromDevice": [ 0.0186400, 0.0171610, 0.0169600, 0.0234200, 0.0208400, 0.0225300, 0.0234600, 0.0227810, 0.0212010, 0.0231900, 0.0228100, 0.0234500, 0.0230100, 0.0229800, 0.0226800, 0.0234300, 0.0235400, 0.0238910, 0.0233910, 0.0236310, 0.0230500, 0.0220400, 0.0234700, 0.0231700, 0.0240900, 0.0205600, 0.0241500, 0.0234900, 0.0197200, 0.0238110, 0.0238810, 0.0223600, 0.0239700, 0.0240700, 0.0239900, 0.0237800, 0.0236000, 0.0241100, 0.0259000, 0.0208000, 0.0222800, 0.0203610, 0.0233810, 0.0232800, 0.0229200, 0.0238900, 0.0208400, 0.0241800, 0.0239300, 0.0240100, 0.0226000, 0.0242700, 0.0231400, 0.0259000, 0.0230100, 0.0236710, 0.0240510, 0.0222810, 0.0240100, 0.0245100, 0.0811410, 0.0247910, 0.0237510, 0.0232210, 0.0240300, 0.0235200, 0.0246800, 0.0232300, 0.0267200, 0.0242900, 0.0240500, 0.0212400, 0.0239400, 0.0234000, 0.0252700, 0.0208800, 0.0226810, 0.0248700, 0.0236400, 0.0269200, 0.0243100, 0.0243500, 0.0220400, 0.0226800, 0.0238100, 0.0241200, 0.0222000, 0.0232000, 0.0238500, 0.0235800, 0.0240410, 0.0244610, 0.0234800, 0.0239400, 0.0241800, 0.0221200, 0.0237100, 0.0237700, 0.0236100, 0.0234000 ],
"bins": [ 0, 256, 0, 0, 0, 0, 0, 0, 0, 0, 0, 0, 0, 0, 0, 0, 0, 0, 0, 0, 0, 0, 0, 0, 0, 0, 0 ]
}
,