{
"inputLengthInCharacters": 65536,
"uniformInput": true,
"useMappingLetter": false,
"measurements": {
"histogram_one_thread_per_character": {
"timesTransferToDevice": [ 0.4491030, 0.0237200, 0.0228000, 0.0226000, 0.0232400, 0.0232800, 0.0259300, 0.0234800, 0.0262600, 0.0235600, 0.0270700, 0.0538910, 0.0275800, 0.0246800, 0.0232000, 0.0242400, 0.0238800, 0.0232000, 0.0258900, 0.0263410, 0.0258900, 0.0259700, 0.0297600, 0.0227200, 0.0236400, 0.0240000, 0.0272900, 0.0264510, 0.0268410, 0.0261010, 0.0262800, 0.0240000, 0.0230800, 0.0235200, 0.0250400, 0.0232800, 0.0242800, 0.0279700, 0.0270810, 0.0293710, 0.0239200, 0.0243600, 0.0229200, 0.0234400, 0.0267900, 0.0265700, 0.0228400, 0.0226000, 0.0266800, 0.0230010, 0.0237210, 0.0265900, 0.0235200, 0.0258400, 0.0236800, 0.0233600, 0.0266600, 0.0238000, 0.0235610, 0.0268310, 0.0239600, 0.0230400, 0.0264100, 0.0232800, 0.0233200, 0.0281200, 0.0233600, 0.0258800, 0.0243200, 0.0234800, 0.0239200, 0.0286410, 0.0240810, 0.0245200, 0.0246000, 0.0765400, 0.0247600, 0.0244400, 0.0242410, 0.0272900, 0.0242800, 0.0265000, 0.0235200, 0.0259800, 0.0259300, 0.0269300, 0.0235200, 0.0230800, 0.0263900, 0.0232810, 0.0240010, 0.0254000, 0.0293700, 0.0235600, 0.0232000, 0.0235600, 0.0266700, 0.0234800, 0.0244000, 0.0232000 ],
"timesExecution": [ 0.0595800, 0.0589600, 0.0561600, 0.0607300, 0.0582900, 0.0561610, 0.0563610, 0.0597410, 0.0579810, 0.0583310, 0.0583300, 0.0614700, 0.0590900, 0.0576810, 0.0604710, 0.0578010, 0.0579210, 0.0584010, 0.0595200, 0.0580000, 0.0580800, 0.0595600, 0.0564010, 0.0581710, 0.0580110, 0.0584010, 0.0583310, 0.0582800, 0.0581700, 0.0562000, 0.0568200, 0.0586900, 0.0545900, 0.0580510, 0.0583610, 0.0592310, 0.0586410, 0.0594200, 0.0564000, 0.0590300, 0.0590000, 0.0589000, 0.0578900, 0.0581710, 0.0592610, 0.0562410, 0.0587010, 0.0562010, 0.0591100, 0.0582800, 0.0565200, 0.0584500, 0.0585910, 0.0578010, 0.0560810, 0.0602210, 0.0580410, 0.0580000, 0.0603900, 0.0582600, 0.0580000, 0.0586400, 0.0591500, 0.0581300, 0.0591610, 0.3070530, 0.0583510, 0.0583810, 0.0567210, 0.0582010, 0.0578800, 0.0583200, 0.0583000, 0.0582100, 0.0596900, 0.0589910, 0.0579410, 0.0605400, 0.0581700, 0.0585500, 0.0577300, 0.0590100, 0.0582200, 0.0600110, 0.0589210, 0.0578810, 0.0583610, 0.0562010, 0.0580400, 0.0562400, 0.0592100, 0.0591100, 0.0568000, 0.0578410, 0.0578510, 0.0590010, 0.0591810, 0.0589510, 0.0585910, 0.0577100 ],
"timesTransferFromDevice": [ 0.3913020, 0.0187610, 0.0186810, 0.0230010, 0.0239200, 0.0213200, 0.0216800, 0.0243500, 0.0228500, 0.0212000, 0.0234500, 0.0240610, 0.0239000, 0.0237300, 0.0236200, 0.0204000, 0.0236500, 0.0220000, 0.0276200, 0.0230500, 0.0232910, 0.0228800, 0.0216000, 0.0244000, 0.0203600, 0.0265200, 0.0237600, 0.0209600, 0.0229000, 0.0230000, 0.0214810, 0.0268210, 0.0276300, 0.0239900, 0.0232500, 0.0230200, 0.0232100, 0.0233200, 0.0231500, 0.0242010, 0.0234110, 0.0217200, 0.0261000, 0.0201600, 0.0214700, 0.0228800, 0.0236500, 0.0229000, 0.0214000, 0.0242800, 0.0194000, 0.0220000, 0.0232200, 0.0206000, 0.0235400, 0.0239900, 0.0212800, 0.0204400, 0.0211200, 0.0231800, 0.0198400, 0.0237710, 0.0198400, 0.0237300, 0.0216800, 0.0236400, 0.0199200, 0.0205200, 0.0242300, 0.0226800, 0.0235400, 0.0272200, 0.0198000, 0.0204810, 0.0234810, 0.0230600, 0.0230100, 0.0264900, 0.0194400, 0.0208810, 0.0203210, 0.0210800, 0.0239700, 0.0233900, 0.0202000, 0.0230000, 0.0204800, 0.0228900, 0.0237100, 0.0227300, 0.0237700, 0.0234610, 0.0265810, 0.0228500, 0.0233300, 0.0243100, 0.0205600, 0.0220000, 0.0263000, 0.0238100 ],
"bins": [ 0, 0, 0, 0, 0, 0, 0, 0, 0, 0, 0, 0, 0, 0, 0, 0, 0, 0, 0, 0, 0, 0, 0, 0, 0, 0, 0, 0, 0, 0, 0, 0, 0, 0, 0, 0, 0, 0, 0, 0, 0, 0, 0, 0, 0, 0, 0, 0, 0, 0, 0, 0, 0, 0, 0, 0, 0, 0, 0, 0, 0, 0, 0, 0, 0, 0, 0, 0, 0, 0, 0, 0, 0, 0, 0, 0, 0, 0, 0, 0, 0, 0, 0, 0, 0, 0, 0, 0, 0, 0, 0, 0, 0, 0, 0, 0, 65536, 0, 0, 0, 0, 0, 0, 0, 0, 0, 0, 0, 0, 0, 0, 0, 0, 0, 0, 0, 0, 0, 0, 0, 0, 0, 0, 0, 0, 0, 0, 0 ]
}
,
"histogram_atomic_private": {
"timesTransferToDevice": [ 0.0200400, 0.0210000, 0.0206400, 0.0206800, 0.0217600, 0.0214000, 0.0218000, 0.0224810, 0.0251600, 0.0231200, 0.0232000, 0.0230400, 0.0304600, 0.0238810, 0.0234010, 0.0235600, 0.0230000, 0.0232000, 0.0237600, 0.0268100, 0.0244400, 0.0264800, 0.0231610, 0.0268610, 0.0278200, 0.0262100, 0.0236400, 0.0238000, 0.0257300, 0.0240000, 0.0235210, 0.0256900, 0.0230400, 0.0265000, 0.0232400, 0.0247200, 0.0267100, 0.0241200, 0.0233610, 0.0264910, 0.0267800, 0.0240800, 0.0230000, 0.0238800, 0.0233200, 0.0254900, 0.0232810, 0.0259600, 0.0261700, 0.0235600, 0.0234000, 0.0235600, 0.0232000, 0.0236010, 0.0254910, 0.0266000, 0.0269100, 0.0334200, 0.0240400, 0.0271700, 0.0227200, 0.0261400, 0.0258300, 0.0232400, 0.0246000, 0.0263410, 0.0241200, 0.0236400, 0.0234400, 0.0241200, 0.0234000, 0.0261700, 0.0292400, 0.0269900, 0.0263410, 0.0238010, 0.0235200, 0.0264800, 0.0256800, 0.0246400, 0.0268200, 0.0245200, 0.0259200, 0.0246410, 0.0236410, 0.0240000, 0.0250400, 0.0236400, 0.0277400, 0.0235200, 0.0233600, 0.0232400, 0.0234410, 0.0238800, 0.0242400, 0.0246800, 0.0234400, 0.0234000, 0.0243200, 0.0262700 ],
"timesExecution": [ 0.0257200, 0.0256800, 0.0253600, 0.0278010, 0.0262400, 0.0263600, 0.0279700, 0.0286600, 0.0283010, 0.0288210, 0.0292400, 0.0288900, 0.0308200, 0.0302000, 0.0296500, 0.0278000, 0.0297610, 0.0278400, 0.0303900, 0.0309400, 0.0326700, 0.0288800, 0.0299700, 0.0302800, 0.0300510, 0.0304210, 0.0295100, 0.0301300, 0.0308700, 0.0302600, 0.0303200, 0.0304500, 0.0300910, 0.0295610, 0.0298000, 0.0303500, 0.0286400, 0.0296500, 0.0304100, 0.0303500, 0.0305100, 0.0304310, 0.0294800, 0.0308100, 0.0297100, 0.0281600, 0.0294400, 0.0306000, 0.0299210, 0.0302510, 0.0281600, 0.0304900, 0.0301400, 0.0279200, 0.0300600, 0.0304100, 0.0298010, 0.0304110, 0.0305100, 0.0306300, 0.0727610, 0.0297200, 0.0281600, 0.0296800, 0.0280400, 0.0305600, 0.0298000, 0.0301310, 0.0305810, 0.0296500, 0.0302700, 0.0307300, 0.0310300, 0.0292800, 0.0283200, 0.0295500, 0.0308610, 0.0309210, 0.0280000, 0.0305400, 0.0309000, 0.0303100, 0.0305900, 0.0281600, 0.0274800, 0.0299200, 0.0296810, 0.0299210, 0.0303900, 0.0284400, 0.0299800, 0.0298000, 0.0306700, 0.0298300, 0.0300910, 0.0307110, 0.0301300, 0.0299300, 0.0294900, 0.0308400 ],
"timesTransferFromDevice": [ 0.0174800, 0.0229000, 0.0182000, 0.0187600, 0.0187200, 0.0191600, 0.0184800, 0.0216800, 0.0224400, 0.0198800, 0.0212010, 0.0235400, 0.0261300, 0.0215200, 0.0239900, 0.0227900, 0.0233600, 0.0214400, 0.0220010, 0.0205210, 0.0266500, 0.0232200, 0.0236200, 0.0234200, 0.0216000, 0.0211200, 0.0234500, 0.0229610, 0.0233700, 0.0226800, 0.0210400, 0.0244000, 0.0210400, 0.0209600, 0.0246110, 0.0241910, 0.0208000, 0.0240600, 0.0233200, 0.0260800, 0.0202800, 0.0211600, 0.0209600, 0.0208410, 0.0229300, 0.0235700, 0.0210000, 0.0215200, 0.0220400, 0.0238100, 0.0239510, 0.0234400, 0.0261700, 0.0236900, 0.0263100, 0.0210800, 0.0262900, 0.0233600, 0.0227900, 0.0210010, 0.0205200, 0.0199600, 0.0212010, 0.0232000, 0.0212400, 0.0197600, 0.0241900, 0.0233300, 0.0227500, 0.0242610, 0.0270010, 0.0280910, 0.0202400, 0.0262900, 0.0227500, 0.0226900, 0.0214000, 0.0217600, 0.0202800, 0.0238110, 0.0238910, 0.0260800, 0.0240600, 0.0234300, 0.0212800, 0.0235000, 0.0230100, 0.0232600, 0.0223200, 0.0212010, 0.0254600, 0.0208800, 0.0211600, 0.0231000, 0.0220000, 0.0269000, 0.0237000, 0.0266210, 0.0269200, 0.0238600 ],
"bins": [ 0, 0, 0, 0, 0, 0, 0, 0, 0, 0, 0, 0, 0, 0, 0, 0, 0, 0, 0, 0, 0, 0, 0, 0, 0, 0, 0, 0, 0, 0, 0, 0, 0, 0, 0, 0, 0, 0, 0, 0, 0, 0, 0, 0, 0, 0, 0, 0, 0, 0, 0, 0, 0, 0, 0, 0, 0, 0, 0, 0, 0, 0, 0, 0, 0, 0, 0, 0, 0, 0, 0, 0, 0, 0, 0, 0, 0, 0, 0, 0, 0, 0, 0, 0, 0, 0, 0, 0, 0, 0, 0, 0, 0, 0, 0, 0, 65536, 0, 0, 0, 0, 0, 0, 0, 0, 0, 0, 0, 0, 0, 0, 0, 0, 0, 0, 0, 0, 0, 0, 0, 0, 0, 0, 0, 0, 0, 0, 0 ]
}
,