{
"inputLengthInCharacters": 8388608,
"uniformInput": false,
"useMappingLetter": false,
"measurements": {
"histogram_atomic_global": {
"timesTransferToDevice": [ 1.8122560, 1.6386560, 1.6372480, 1.5389760, 1.6299840, 1.5274880, 1.4995199, 1.4803840, 1.5125120, 1.5920320, 1.4642240, 1.5658880, 1.5487680, 1.5756800, 1.5766400, 1.5384001, 1.5428480, 1.4841920, 1.4800320, 1.5395200, 1.4781760, 1.4509760, 1.4661760, 1.4620481, 1.4691520, 1.4487040, 1.6538880, 1.5519360, 1.5500480, 1.5911680, 1.5400320, 1.5510080, 1.5839040, 1.6032320, 1.5352319, 1.5928000, 1.5616961, 1.5316800, 1.6110719, 1.8164160, 1.5637439, 1.5451840, 1.4885120, 1.4426880, 1.4971520, 1.4512320, 1.5299840, 1.4997760, 1.5157120, 1.5483520, 1.4837120, 1.5039040, 1.5241280, 1.4901440, 1.4921600, 1.4902720, 1.4576319, 1.4871360, 1.4918720, 1.5253119, 1.4937280, 1.5027840, 1.5423360, 1.5212801, 1.4589760, 1.4775040, 1.5043520, 1.4669440, 1.4438400, 1.4980479, 1.4488000, 1.4769280, 1.4988160, 1.6393280, 1.4994240, 1.4874560, 1.4875520, 1.4919680, 1.5048000, 1.4847360, 1.4953279, 1.4346560, 1.5504640, 1.4964480, 1.4839680, 1.4820160, 1.4879040, 1.4771520, 1.4968640, 1.4977920, 1.4689600, 1.4777600, 1.5930560, 1.5110080, 1.5319040, 1.5484160, 1.5215360, 1.4514880, 1.4588480, 1.5210880 ],
"timesExecution": [ 6.5416322, 6.5269122, 6.6135678, 6.5482559, 6.5152960, 6.4946880, 6.5210242, 6.5527682, 6.5246401, 6.5156479, 6.5214081, 6.5142722, 6.4805441, 6.5231361, 6.5244799, 6.5312958, 6.5063682, 6.5302081, 6.4998722, 6.4998078, 6.5459838, 6.5184641, 6.5241280, 6.5230718, 6.5154881, 6.5287042, 6.5198078, 6.2425919, 6.2735038, 6.2231359, 6.2388802, 6.2687998, 6.2360320, 6.2476802, 6.2863359, 6.2648320, 6.2326722, 6.2648959, 6.2621760, 6.3831358, 6.3131199, 6.2198081, 6.2403202, 6.2304959, 6.2409921, 6.3455362, 6.2247682, 6.2743359, 6.2985601, 6.2455039, 6.2611518, 6.3026242, 6.2691522, 6.2591362, 6.2699518, 6.2134719, 6.3212161, 6.2848959, 6.3168960, 6.2280321, 6.3471360, 6.2377920, 6.2600002, 6.2746558, 6.2960639, 6.3420482, 6.2539520, 6.3016319, 6.2668481, 6.3135681, 6.2986240, 6.3008318, 6.3397441, 6.2714882, 6.2691841, 6.2709761, 6.2379842, 6.2725120, 6.2648959, 6.2337918, 6.3196158, 6.2850881, 6.3113599, 6.2507200, 6.2661762, 6.2624321, 6.2419519, 6.2414079, 6.3086720, 6.2391362, 6.2601600, 6.2912321, 6.2597122, 6.2714882, 6.2999039, 6.2314558, 6.2596478, 6.2829442, 6.2849278, 6.2448320 ],
"timesTransferFromDevice": [ 0.1201600, 0.1142080, 0.1521280, 0.1148480, 0.0756480, 0.0731520, 0.0717440, 0.1175680, 0.1086720, 0.1156160, 0.1141440, 0.0713920, 0.0956480, 0.1011840, 0.1431040, 0.0745280, 0.0717760, 0.0712320, 0.0730240, 0.0730240, 0.0760960, 0.1093120, 0.0758720, 0.1069120, 0.1151680, 0.1073600, 0.0768960, 0.0753280, 0.1048000, 0.0715840, 0.1110080, 0.1014720, 0.0707840, 0.0713280, 0.0694720, 0.1064000, 0.0701440, 0.1110720, 0.1251840, 0.0838720, 0.0768640, 0.0714240, 0.0704000, 0.0697920, 0.1138880, 0.1151040, 0.1090560, 0.0717440, 0.0796480, 0.0725760, 0.0705280, 0.0767680, 0.0708800, 0.0726080, 0.0692800, 0.0989440, 0.0736320, 0.0706240, 0.0699520, 0.0702400, 0.0745920, 0.0849280, 0.0702400, 0.0978560, 0.0712000, 0.0974400, 0.0788480, 0.1134080, 0.0702720, 0.0734400, 0.0710400, 0.1143680, 0.1403520, 0.0866880, 0.0795520, 0.0784320, 0.0752000, 0.0820480, 0.0767360, 0.0722240, 0.0880640, 0.1138240, 0.0875840, 0.0772800, 0.0759040, 0.0816000, 0.0917440, 0.0739200, 0.0718400, 0.0731200, 0.0842880, 0.0802880, 0.0832000, 0.0793600, 0.0897920, 0.0783360, 0.1212480, 0.0772160, 0.0786560, 0.1064640 ],
"bins": [ 65216, 65587, 65581, 65658, 66052, 65183, 65016, 65538, 65693, 65419, 65038, 65798, 65672, 65631, 65278, 65453, 66011, 65490, 65539, 65377, 65513, 65607, 65293, 65254, 65497, 65563, 65428, 65119, 65689, 65848, 65094, 65357, 65725, 65831, 65312, 65649, 65544, 65269, 65257, 65344, 65310, 65573, 65678, 65578, 65150, 65416, 65850, 65256, 65264, 65481, 66001, 65374, 66076, 65303, 65238, 65364, 65419, 65400, 65778, 65807, 65265, 65686, 65608, 65997, 65623, 65368, 65231, 65926, 66063, 65586, 65256, 65921, 65307, 65850, 65315, 65519, 65712, 64956, 65690, 65690, 65539, 65818, 65442, 65657, 65746, 65943, 66096, 65789, 65661, 65951, 65219, 65262, 65950, 65562, 65453, 65456, 65636, 65160, 65391, 65236, 65203, 65287, 65241, 65312, 65618, 65443, 65827, 65479, 65603, 65642, 65971, 65546, 65508, 65903, 65735, 65494, 65680, 65594, 65231, 65922, 65774, 65823, 65549, 65641, 65160, 65209, 65780, 65158 ]
}
,
"histogram_atomic_private": {
"timesTransferToDevice": [ 1.6171520, 1.4590720, 1.5008640, 1.5274240, 1.5928640, 1.6517440, 1.6506240, 1.5039680, 1.4986880, 1.5873280, 1.4894080, 1.7244480, 1.5389121, 1.3102720, 1.3841600, 1.4283839, 1.5692480, 1.6202240, 1.3675520, 1.3988481, 1.3616960, 1.5381759, 1.5316480, 1.4238080, 1.3637440, 1.4457279, 1.4184639, 1.4446400, 1.2966720, 1.3901440, 1.4795200, 1.4216640, 1.4421120, 1.3903680, 1.3741120, 1.3906560, 1.7494720, 1.7128640, 1.7246079, 1.5633280, 1.5881920, 1.4834560, 1.6117760, 1.6556480, 1.6681280, 1.6838080, 1.3983999, 1.3738559, 1.5182720, 1.5448000, 1.5018560, 1.4370559, 1.4870720, 1.4414080, 1.5694081, 1.5445120, 1.3888640, 1.3575680, 1.3827840, 1.4257920, 1.5175040, 1.6108160, 1.4135040, 1.3976960, 1.3594240, 1.4645760, 1.3655360, 1.3539200, 1.4704961, 1.3765121, 1.3728640, 1.2835200, 1.3213440, 1.3218880, 1.3991359, 1.3623360, 1.2372160, 1.2711680, 1.4084160, 1.4321280, 1.2451200, 1.2636480, 1.2586880, 1.3393600, 1.1916480, 1.2505600, 1.1889600, 1.3869120, 1.2338240, 1.5714560, 1.4687680, 1.4562880, 1.6089600, 1.6758400, 1.8679680, 1.6136640, 1.4375041, 1.4496320, 1.6437440, 1.6655040 ],
"timesExecution": [ 1.5286080, 1.5316160, 1.5721600, 1.5168639, 1.5221120, 1.5521600, 1.5162240, 1.5137920, 1.5746239, 1.5275520, 1.5208319, 1.5691200, 1.5359360, 1.5597121, 1.5656000, 1.5328000, 1.5272321, 1.5452800, 1.5754240, 1.5177600, 1.5802240, 1.5213439, 1.5497600, 1.5351040, 1.5288640, 1.5469120, 1.5275520, 1.5249280, 1.5528960, 1.5168960, 1.5092480, 1.5297920, 1.5599040, 1.4891200, 1.5587519, 1.5968961, 1.5328640, 1.5702720, 1.5219840, 1.5241920, 1.5743361, 1.5386560, 1.5826560, 1.5355200, 1.5271360, 1.5520639, 1.5191360, 1.4949440, 1.5863680, 1.5161600, 1.5180480, 1.5560000, 1.5229120, 1.5200000, 1.5705600, 1.5103040, 1.5796800, 1.5516480, 1.5188800, 1.5145921, 1.5727360, 1.5536000, 1.5248640, 1.5224320, 1.5181760, 1.5173440, 1.6327040, 1.5300800, 1.5237761, 1.5186239, 1.4870720, 1.5412160, 1.5213120, 1.5078080, 1.5423681, 1.5184000, 1.5115200, 1.5356160, 1.5129920, 1.5329280, 1.5491199, 1.5070080, 1.5659840, 1.5182720, 1.5017920, 1.5472640, 1.5409920, 1.5144320, 1.5386560, 1.5587200, 1.6109760, 1.5678080, 1.6586879, 1.5881280, 1.6276799, 1.5305279, 1.5108480, 1.6025600, 1.6303999, 1.5842240 ],
"timesTransferFromDevice": [ 0.0752640, 0.1121600, 0.1052480, 0.0773440, 0.0758080, 0.0780480, 0.0765760, 0.0969600, 0.0965760, 0.1729600, 0.0750400, 0.1386240, 0.0703040, 0.0901760, 0.0720640, 0.0845440, 0.0920640, 0.0693120, 0.0995200, 0.0698880, 0.0943360, 0.0730880, 0.0923200, 0.0730880, 0.0756800, 0.1671360, 0.0692480, 0.0657280, 0.0864960, 0.0923200, 0.0796800, 0.0543040, 0.1366400, 0.0647360, 0.0647680, 0.1203520, 0.0725760, 0.0723520, 0.0710400, 0.0692480, 0.0700800, 0.1136000, 0.1044480, 0.0742720, 0.0716160, 0.0830080, 0.0704960, 0.0697920, 0.0849280, 0.0741440, 0.0723200, 0.0736320, 0.0966400, 0.0743040, 0.0784640, 0.0714560, 0.1182400, 0.0720960, 0.1632960, 0.0579840, 0.0847360, 0.0736000, 0.0776000, 0.0718400, 0.0700480, 0.0694080, 0.0670400, 0.0698560, 0.1587520, 0.0644480, 0.0732800, 0.0640640, 0.0695360, 0.0649920, 0.0913600, 0.0705920, 0.0614720, 0.0624960, 0.0675840, 0.0748800, 0.0860480, 0.1805760, 0.0694400, 0.0622400, 0.0603200, 0.1465280, 0.0639680, 0.0676160, 0.1088320, 0.0876800, 0.1327040, 0.1531520, 0.1308160, 0.1312000, 0.1273600, 0.0747520, 0.0694720, 0.1612480, 0.1338880, 0.1729280 ],