{
"inputLengthInCharacters": 16384,
"uniformInput": true,
"useMappingLetter": true,
"measurements": {
"histogram_atomic_global": {
"timesTransferToDevice": [ 0.1186240, 0.1008320, 0.1224320, 0.0962880, 0.0970880, 0.0967360, 0.1091200, 0.1209920, 0.0954560, 0.1109440, 0.0982400, 0.0926080, 0.0969600, 0.1106880, 0.0962880, 0.1032640, 0.0951680, 0.0980480, 0.0826880, 0.1352640, 0.0887040, 0.0919360, 0.0898560, 0.0777920, 0.0773760, 0.0964160, 0.1095680, 0.0675200, 0.0674560, 0.0934400, 0.0635840, 0.0792320, 0.0898560, 0.0616000, 0.0612480, 0.0616640, 0.0914880, 0.0613760, 0.0600640, 0.0641600, 0.0199360, 0.0377920, 0.0192640, 0.0204800, 0.0286720, 0.0203840, 0.0197440, 0.0207360, 0.0362560, 0.0203520, 0.0382720, 0.0195840, 0.0193280, 0.0192960, 0.0203840, 0.0199360, 0.0351680, 0.0209280, 0.0192320, 0.0189760, 0.0209280, 0.0202560, 0.0384960, 0.0198720, 0.0191680, 0.0203840, 0.0204160, 0.0194560, 0.0369280, 0.0198720, 0.0192000, 0.0200640, 0.0305920, 0.0201600, 0.0392320, 0.0215360, 0.0210240, 0.0197440, 0.0199040, 0.0207360, 0.0411200, 0.0194240, 0.0193920, 0.0209600, 0.0198080, 0.0200960, 0.0388160, 0.0211520, 0.0195200, 0.0192640, 0.0199360, 0.0200000, 0.0403520, 0.0202560, 0.0572480, 0.0200000, 0.0192960, 0.0197120, 0.0200000, 0.0199040 ],
"timesExecution": [ 0.0870080, 0.1577280, 0.1720960, 0.1369600, 0.1320960, 0.1277120, 0.1808960, 0.1351360, 0.1272960, 0.1444160, 0.2328000, 0.1895680, 0.1894080, 0.1975680, 0.1362240, 0.1292160, 0.1075200, 0.1617280, 0.1194560, 0.1574400, 0.0969280, 0.1304000, 0.1413440, 0.1359040, 0.0816320, 0.1310720, 0.1443840, 0.1052480, 0.1146880, 0.0717120, 0.1385600, 0.1105600, 0.1215040, 0.1014080, 0.0979520, 0.1088320, 0.1047680, 0.1116160, 0.0978880, 0.0993600, 0.0982080, 0.1024000, 0.1016000, 0.1261120, 0.1024000, 0.1002240, 0.0973760, 0.0983360, 0.1021440, 0.1074560, 0.1013760, 0.1013760, 0.0973120, 0.0983360, 0.0962880, 0.1095360, 0.1032000, 0.1012800, 0.0972480, 0.0983680, 0.0983040, 0.1075520, 0.1024960, 0.1025280, 0.0986560, 0.0983680, 0.0991680, 0.1238720, 0.1024640, 0.1077440, 0.1013440, 0.1699200, 0.2060160, 0.0846720, 0.1106240, 0.0817600, 0.1033920, 0.1002560, 0.1075200, 0.0976320, 0.1027520, 0.1075200, 0.1017280, 0.0991040, 0.0982720, 0.0980480, 0.1013760, 0.0840000, 0.1024000, 0.1454720, 0.0971520, 0.0973440, 0.1003200, 0.1092800, 0.1136320, 0.1014400, 0.1097600, 0.0993280, 0.0982720, 0.0808640 ],
"timesTransferFromDevice": [ 0.0958400, 0.0819840, 0.0633920, 0.0603840, 0.0617280, 0.0954560, 0.0616000, 0.0584320, 0.0611200, 0.0591040, 0.0958080, 0.0895680, 0.0680000, 0.0879680, 0.0602240, 0.0599360, 0.0598720, 0.0546880, 0.0753600, 0.0582080, 0.0570240, 0.0559040, 0.0491840, 0.0480960, 0.0490560, 0.0619520, 0.0440000, 0.0419840, 0.0411520, 0.0400000, 0.0397120, 0.0382080, 0.0392960, 0.0395840, 0.0395840, 0.0560640, 0.0602880, 0.0376640, 0.0383680, 0.0546880, 0.0458560, 0.0454400, 0.0390080, 0.0378240, 0.0441280, 0.0376640, 0.0376960, 0.0556800, 0.0394240, 0.0376640, 0.0377600, 0.0444800, 0.0419840, 0.0439680, 0.0386240, 0.0486720, 0.0380480, 0.0476800, 0.0684160, 0.0378880, 0.0454720, 0.0381120, 0.0539840, 0.0375680, 0.0447360, 0.0372800, 0.0490880, 0.0373440, 0.0384320, 0.0371840, 0.0392320, 0.0586560, 0.0690880, 0.0381760, 0.0378880, 0.0368000, 0.0382400, 0.0380160, 0.0480320, 0.0375360, 0.0582720, 0.0376960, 0.0379840, 0.0372160, 0.0458880, 0.0378560, 0.0543040, 0.0370880, 0.0379520, 0.0373760, 0.0455040, 0.0374080, 0.0383360, 0.0369600, 0.0488320, 0.0375040, 0.0377280, 0.0369280, 0.0631360, 0.0375680 ],
"bins": [ 0, 16384, 0, 0, 0, 0, 0, 0, 0, 0, 0, 0, 0, 0, 0, 0, 0, 0, 0, 0, 0, 0, 0, 0, 0, 0, 0 ]
}
,
"histogram_atomic_private": {
"timesTransferToDevice": [ 0.0379200, 0.0312000, 0.0299520, 0.0299520, 0.0312960, 0.0321280, 0.0312000, 0.0296640, 0.0399360, 0.0310400, 0.0554880, 0.0304320, 0.0831680, 0.0282240, 0.0318080, 0.0277760, 0.0290560, 0.0280000, 0.0291200, 0.0282240, 0.0298560, 0.0273920, 0.0284480, 0.0286720, 0.0331840, 0.1464000, 0.0206400, 0.0392960, 0.0212160, 0.0200320, 0.0214720, 0.0212800, 0.0218880, 0.0211840, 0.0217600, 0.0206720, 0.0380160, 0.0205760, 0.0228480, 0.0209600, 0.0217920, 0.0385600, 0.0217280, 0.0369280, 0.0210560, 0.0199360, 0.0200000, 0.0200320, 0.0200320, 0.0207680, 0.0197440, 0.0192640, 0.0190720, 0.0196800, 0.0193600, 0.0197760, 0.0203520, 0.0198720, 0.0208960, 0.0200320, 0.0201600, 0.0193280, 0.0198720, 0.0354560, 0.0199360, 0.0196480, 0.0196480, 0.0204160, 0.0202240, 0.0197760, 0.0199040, 0.0208000, 0.0215680, 0.0213760, 0.0202560, 0.0352640, 0.0197120, 0.0188160, 0.0207360, 0.0194560, 0.0355520, 0.0239680, 0.0207680, 0.0201920, 0.0204800, 0.0195200, 0.0206720, 0.0192320, 0.0198400, 0.0374080, 0.0199680, 0.0197120, 0.0197120, 0.0265920, 0.0198720, 0.0191680, 0.0200960, 0.0193920, 0.0199360, 0.0195520 ],
"timesExecution": [ 0.0747840, 0.0745280, 0.0758720, 0.0747200, 0.0747840, 0.0996480, 0.0768000, 0.0737600, 0.0764160, 0.0754240, 0.0766080, 0.1160000, 0.0910400, 0.0722240, 0.0847360, 0.0715520, 0.0717120, 0.0934080, 0.0724160, 0.0717440, 0.0727360, 0.0942080, 0.0715520, 0.0703360, 0.0716800, 0.0593920, 0.1095680, 0.0533760, 0.0716480, 0.0575360, 0.0542080, 0.0647680, 0.0543360, 0.0529600, 0.0575040, 0.0704960, 0.0542720, 0.0522880, 0.0541120, 0.0533760, 0.0536000, 0.0531520, 0.0706880, 0.0880960, 0.0495680, 0.0483840, 0.0498240, 0.0493760, 0.0490880, 0.0491520, 0.0664320, 0.0473600, 0.0491520, 0.0488960, 0.0491840, 0.0492160, 0.0499520, 0.0682880, 0.0481600, 0.0489920, 0.0491520, 0.0491520, 0.0778560, 0.0491200, 0.0563520, 0.0491200, 0.0493760, 0.0490560, 0.0491840, 0.0492160, 0.0532800, 0.0638080, 0.0495360, 0.0488000, 0.0642880, 0.0519680, 0.0501440, 0.0488960, 0.0491200, 0.0491520, 0.0484800, 0.0490240, 0.0491200, 0.0656000, 0.0497600, 0.0482560, 0.0491520, 0.0485120, 0.0491200, 0.0488960, 0.0655040, 0.0472000, 0.0584320, 0.0481600, 0.0501440, 0.0482560, 0.0493760, 0.0653760, 0.0480000, 0.0489280 ],
"timesTransferFromDevice": [ 0.0609600, 0.0636480, 0.0582080, 0.0591040, 0.0567360, 0.0592640, 0.0580480, 0.0592960, 0.0580480, 0.0591040, 0.0596480, 0.0592320, 0.0800000, 0.0563200, 0.0547520, 0.0552320, 0.0545280, 0.0553920, 0.0551040, 0.0561280, 0.0549120, 0.0547840, 0.0541440, 0.0552000, 0.0548480, 0.0816640, 0.0407360, 0.0417600, 0.0406080, 0.0420480, 0.0407680, 0.0418240, 0.0404800, 0.0534720, 0.0584320, 0.0416000, 0.0410240, 0.0416320, 0.0410240, 0.0419520, 0.0409280, 0.0416000, 0.1342720, 0.0672320, 0.0377280, 0.0372480, 0.0371520, 0.0544320, 0.0401600, 0.0380480, 0.0374400, 0.0379840, 0.0514880, 0.0379520, 0.0370240, 0.0380480, 0.0527680, 0.0380160, 0.0370880, 0.0375680, 0.0374400, 0.0480960, 0.0377920, 0.0380800, 0.0375360, 0.0377600, 0.0375040, 0.0377600, 0.0375360, 0.0681600, 0.0377600, 0.0380480, 0.0373760, 0.0536960, 0.0373440, 0.0378880, 0.0370240, 0.0371520, 0.0367360, 0.0374720, 0.0371840, 0.0370560, 0.0371840, 0.0373120, 0.0371840, 0.0376000, 0.0373760, 0.0376320, 0.0374720, 0.0376000, 0.0371840, 0.0529920, 0.0376320, 0.0377600, 0.0369920, 0.0379840, 0.0526400, 0.0380480, 0.0373760, 0.0380800 ],
"bins": [ 0, 16384, 0, 0, 0, 0, 0, 0, 0, 0, 0, 0, 0, 0, 0, 0, 0, 0, 0, 0, 0, 0, 0, 0, 0, 0, 0 ]
}
,