{
"inputLengthInCharacters": 134217728,
"uniformInput": false,
"useMappingLetter": true,
"measurements": {
"histogram_atomic_global": {
"timesTransferToDevice": [ 22.9203529, 23.1815357, 22.8483524, 23.1236153, 22.4258232, 22.6108799, 22.2175999, 22.7837124, 22.2124805, 21.8263035, 21.8116169, 21.8992329, 21.5789757, 21.7311993, 22.2223034, 21.8642883, 21.5292168, 21.7068481, 21.4270077, 21.6593914, 21.2157764, 21.9125118, 21.7373753, 21.6967049, 21.6223679, 22.0634556, 21.6620159, 21.8577271, 21.7559681, 21.7000008, 21.4463367, 21.8446083, 21.6225929, 21.3405437, 21.9283524, 21.5896320, 21.4125443, 21.6719685, 22.0944004, 21.5095997, 21.5497608, 21.5369911, 21.5945911, 21.6426563, 21.8556156, 21.7307205, 21.4464951, 21.9073601, 21.7913914, 21.6054077, 21.1762238, 21.6520634, 21.4867191, 21.3547192, 21.9326401, 21.6750088, 21.1704311, 21.6543999, 21.4754562, 21.5444164, 21.4944954, 21.5615673, 21.6523209, 21.3841915, 21.5161285, 21.5714245, 21.4013119, 21.2021751, 21.4880638, 21.9148483, 21.2536964, 21.5537281, 21.7428474, 21.5918407, 21.9468803, 21.2726727, 21.5943680, 21.5118084, 21.1075840, 21.6964798, 21.6083202, 21.8084488, 21.6128311, 22.0543995, 21.8335037, 21.4818554, 21.2588482, 21.7114887, 21.3576965, 21.3318081, 21.6315842, 21.1428471, 21.6679993, 21.1829128, 21.8102398, 21.2348156, 21.2190399, 21.6287041, 21.3129597, 22.1959038 ],
"timesExecution": [ 214.1884766, 214.1807098, 214.2050171, 214.2209015, 214.1831055, 214.1837769, 214.1877136, 214.1846466, 214.1871033, 214.1900787, 214.1852112, 214.1865234, 214.1783752, 214.1761627, 214.2328339, 214.1786804, 214.1784668, 214.1752625, 214.1759644, 214.2149506, 214.1749115, 214.1648712, 214.1753540, 214.1837463, 214.1898499, 214.1731567, 214.1653137, 214.1892548, 214.1806335, 214.1745605, 214.1778259, 214.2006073, 214.1705017, 214.1820221, 214.1761932, 214.1789093, 214.2046661, 214.1729584, 214.1720886, 214.2052460, 214.1898193, 214.1811218, 214.1798706, 214.1822662, 214.2011566, 214.1771545, 214.1962280, 214.1724854, 214.1739197, 214.1771240, 214.1732178, 214.1799927, 214.2539215, 214.1764526, 214.1764221, 214.1716766, 214.1660156, 214.2071075, 214.1747894, 214.1932220, 214.2050934, 214.1981506, 214.1931152, 214.1948090, 214.1794281, 214.1701050, 214.1662445, 214.1766968, 214.1735382, 214.1687317, 214.1749115, 214.1722565, 214.1788483, 214.1889954, 214.1931458, 214.1764221, 214.1780853, 214.1808319, 214.2061157, 214.1705933, 214.1719055, 214.1716156, 214.1931152, 214.1727295, 214.1683197, 214.1943054, 214.1748199, 214.2136383, 214.1669159, 214.1739807, 214.1753540, 214.1722260, 214.1786194, 214.1782684, 214.1768951, 214.1740417, 214.1744690, 214.1848297, 214.1716461, 214.1818848 ],
"timesTransferFromDevice": [ 0.1606720, 0.1468160, 0.0904000, 0.0876480, 0.0576960, 0.0828480, 0.1168320, 0.0845760, 0.0837760, 0.0935680, 0.0912320, 0.0876480, 0.0812480, 0.0802560, 0.1292480, 0.0799680, 0.1084160, 0.0793920, 0.1158400, 0.0800640, 0.0811200, 0.1246720, 0.1044800, 0.0871680, 0.0776960, 0.0768960, 0.1336640, 0.0834880, 0.0768640, 0.1126080, 0.0770880, 0.0863360, 0.1170240, 0.0781440, 0.0803520, 0.0818560, 0.1068480, 0.0764160, 0.0770880, 0.0775360, 0.0834560, 0.1163520, 0.0770240, 0.0769920, 0.0765120, 0.0755840, 0.1030400, 0.0822080, 0.0759360, 0.0787200, 0.0771520, 0.0766080, 0.0764160, 0.0765120, 0.0750080, 0.1059840, 0.1036160, 0.0856320, 0.0745600, 0.1119040, 0.0939520, 0.0783040, 0.0807360, 0.0780480, 0.0824320, 0.1214720, 0.0794560, 0.0808960, 0.0788480, 0.0793280, 0.0766400, 0.0778240, 0.0792640, 0.1090240, 0.0801920, 0.0822400, 0.0783360, 0.0779840, 0.1083520, 0.1072960, 0.0752640, 0.0771520, 0.0832960, 0.0843840, 0.0659520, 0.0772160, 0.0810240, 0.0807360, 0.0781120, 0.0773760, 0.0784000, 0.1282240, 0.0767680, 0.0812800, 0.0778240, 0.0792640, 0.0784640, 0.0987520, 0.0778880, 0.0794880 ],
"bins": [ 79688213, 2098012, 2093788, 2098921, 2097848, 2098597, 2096381, 2100257, 2098856, 2096493, 2097396, 2097403, 2095532, 2098047, 2095187, 2098478, 2100957, 2097301, 2096643, 2095627, 2097844, 2097921, 2094326, 2094812, 2098440, 2097857, 2096591 ]
}
,
"histogram_atomic_private": {
"timesTransferToDevice": [ 21.5967045, 21.7668152, 21.2868805, 21.6834888, 21.6170235, 21.2908478, 21.3748169, 21.1702404, 21.2949123, 21.5830078, 21.1692162, 21.4331207, 20.8942394, 20.8604794, 22.4617596, 21.3830719, 21.4718399, 21.2726078, 21.5481911, 21.1368961, 21.5087681, 21.1482563, 21.4002552, 22.7160969, 21.6409607, 20.9394875, 21.4549122, 21.0009289, 21.2360649, 21.6174393, 20.9262714, 21.5000648, 21.4586563, 21.4841595, 21.1125431, 21.3003197, 21.5944633, 20.9084797, 21.2955208, 21.6411514, 21.2672958, 21.2500477, 21.4660168, 21.5532475, 21.1467209, 21.5941448, 21.1264954, 21.2551041, 21.1337605, 21.5704956, 21.0875206, 21.3187523, 21.7293758, 21.2212486, 21.4345608, 21.5895042, 21.1312008, 21.3805447, 21.7885113, 21.8366089, 21.4191360, 21.7712002, 20.8597755, 21.2979832, 21.9502087, 21.1096001, 21.6869755, 21.7130871, 21.6398392, 21.3311367, 21.6778564, 21.4563847, 21.7021751, 21.2605762, 21.5692158, 21.7105274, 21.2977276, 21.3723526, 21.8535671, 21.5533752, 21.8758717, 21.8595524, 21.5180473, 21.1910400, 21.6976967, 21.3740807, 21.3736649, 21.0807991, 21.5252151, 21.6511364, 21.5681915, 21.2786560, 21.9566078, 21.1101437, 21.4870071, 21.2003517, 21.5440006, 21.5893764, 21.3050232, 21.1705284 ],
"timesExecution": [ 43.4946861, 43.5524483, 43.5017586, 43.5272942, 43.6834869, 43.8122864, 43.6353264, 43.5045128, 43.5822067, 43.6399994, 43.5275536, 43.5409927, 43.7543983, 43.5648956, 43.5793915, 43.5910072, 43.5882568, 43.5699196, 43.6340485, 43.7066574, 43.5953598, 43.6727982, 43.7560959, 43.5669746, 43.7138863, 43.5129929, 43.5490875, 43.5301437, 43.5718384, 43.5865936, 43.5251198, 43.6328011, 43.6341438, 43.5310707, 43.6226883, 43.6282234, 43.7365112, 43.6192627, 43.5496330, 43.5204811, 43.6099205, 43.7775688, 43.6162872, 43.5021744, 43.6311378, 43.6203842, 43.6171188, 43.5869102, 43.5081902, 43.8081932, 43.5038719, 43.5903053, 43.5537910, 43.6622391, 43.5936623, 43.6895370, 43.4987183, 43.5691833, 43.6934090, 43.5192947, 43.6345596, 43.6493454, 43.5583992, 43.6418877, 43.6215668, 43.5594864, 43.5541115, 43.6184959, 43.6897926, 43.5687027, 43.5072327, 43.5304947, 43.5724144, 43.5590096, 43.5927048, 43.5134392, 43.6039047, 43.6628151, 43.5351372, 43.7618866, 43.6147194, 43.5331192, 43.4990387, 43.5331841, 43.5653458, 43.6370888, 43.6431351, 43.5078087, 43.6186562, 43.5425911, 43.5695686, 43.5908470, 43.6558418, 43.5108147, 43.5019188, 43.7703362, 43.5254402, 43.5080948, 43.5509109, 43.7400017 ],
"timesTransferFromDevice": [ 0.0769600, 0.0761280, 0.0784000, 0.0780480, 0.1671680, 0.1275840, 0.0807360, 0.0794880, 0.0781440, 0.5928000, 0.1117760, 0.0808960, 0.1046720, 0.0820160, 0.0774720, 0.1080320, 0.0793280, 0.0783680, 0.0778560, 0.0800320, 0.1086080, 0.0806720, 0.0797440, 0.1163520, 0.1249920, 0.0791360, 0.0803840, 0.0948480, 0.0820480, 0.1236800, 0.0813120, 0.0776640, 0.0800320, 0.0846080, 0.0799680, 0.1275520, 0.0856320, 0.0832000, 0.0786560, 0.0787520, 0.0773120, 0.1600000, 0.1377280, 0.0779200, 0.0903680, 0.0780160, 0.0797120, 0.0773440, 0.0773440, 0.0807040, 0.0778560, 0.0870400, 0.0769280, 0.1043200, 0.0774720, 0.1961600, 0.0798080, 0.0757760, 0.0775040, 0.0784320, 0.0795840, 0.0845760, 0.0798720, 0.0799040, 0.0803840, 0.0752320, 0.1437760, 0.0821120, 0.0850240, 0.0833920, 0.0802240, 0.0785920, 0.1237440, 0.0800640, 0.0781760, 0.0817600, 0.0801600, 0.0802560, 0.0796800, 0.1358080, 0.1220480, 0.0770880, 0.0774400, 0.0765120, 0.0816640, 0.0779200, 0.0775040, 0.0773440, 0.0929280, 0.0779520, 0.0791360, 0.0779520, 0.1316160, 0.0795200, 0.0929600, 0.0799040, 0.0784000, 0.0782720, 0.0782720, 0.0864000 ],
"bins": [ 79688213, 2098012, 2093788, 2098921, 2097848, 2098597, 2096381, 2100257, 2098856, 2096493, 2097396, 2097403, 2095532, 2098047, 2095187, 2098478, 2100957, 2097301, 2096643, 2095627, 2097844, 2097921, 2094326, 2094812, 2098440, 2097857, 2096591 ]
}
,