{
"inputLengthInCharacters": 2048,
"uniformInput": true,
"useMappingLetter": false,
"measurements": {
"histogram_atomic_global": {
"timesTransferToDevice": [ 0.0739520, 0.0507200, 0.0497920, 0.0492480, 0.0478720, 0.0287040, 0.0287360, 0.0255360, 0.0264640, 0.0479680, 0.0465920, 0.0456640, 0.0446400, 0.0429760, 0.0249280, 0.0247040, 0.0248960, 0.0292480, 0.0703680, 0.0448960, 0.0440640, 0.0436480, 0.0249600, 0.0232320, 0.0471360, 0.0188160, 0.0504000, 0.0331840, 0.0331520, 0.0330240, 0.0384000, 0.0365760, 0.0188160, 0.0189440, 0.0192320, 0.0340480, 0.0548480, 0.0564800, 0.0326400, 0.0201920, 0.0184320, 0.0417280, 0.0175680, 0.0305280, 0.0304960, 0.0304320, 0.0390720, 0.0299200, 0.0329280, 0.0175680, 0.0185600, 0.0184320, 0.0300480, 0.0478720, 0.0302080, 0.0297920, 0.0177280, 0.0181760, 0.0180480, 0.0180480, 0.0452800, 0.0300800, 0.0295680, 0.0297600, 0.0297920, 0.0337600, 0.0173440, 0.0174080, 0.0178560, 0.0300800, 0.0472000, 0.0299520, 0.0302080, 0.0179840, 0.0171520, 0.0204160, 0.0175680, 0.0447040, 0.0299520, 0.0301440, 0.0297600, 0.0302720, 0.0330560, 0.0183680, 0.0172480, 0.0180480, 0.0305920, 0.0449280, 0.0303040, 0.0298880, 0.0178880, 0.0174720, 0.0174080, 0.0176640, 0.0458560, 0.0299200, 0.0312960, 0.0312000, 0.0297600, 0.0338880 ],
"timesExecution": [ 0.1015360, 0.0903360, 0.0747520, 0.0758080, 0.0799680, 0.1319360, 0.0939840, 0.0944320, 0.0839360, 0.0758720, 0.0756800, 0.0734400, 0.0696000, 0.0893120, 0.0923520, 0.0890560, 0.0891200, 0.1116160, 0.0716800, 0.0718400, 0.0831040, 0.0718720, 0.0901440, 0.0880320, 0.0676480, 0.0770560, 0.0532480, 0.0542080, 0.0532800, 0.0549440, 0.0708480, 0.0696320, 0.0576640, 0.0703680, 0.0532800, 0.0533440, 0.0736640, 0.0543040, 0.0530880, 0.1641920, 0.0614400, 0.0614080, 0.0643200, 0.0499200, 0.0490560, 0.0491840, 0.0488320, 0.0491200, 0.0624960, 0.0611200, 0.0604800, 0.0491200, 0.0470720, 0.0492480, 0.0488320, 0.0489920, 0.0543040, 0.0605760, 0.0606720, 0.0652800, 0.0489920, 0.0525760, 0.0490560, 0.0491840, 0.0648000, 0.0627840, 0.0531200, 0.0604160, 0.0491840, 0.0491520, 0.0481280, 0.0460480, 0.0491840, 0.0617920, 0.0618240, 0.0615040, 0.0464320, 0.0779520, 0.0489920, 0.0491840, 0.0489600, 0.0655680, 0.0623680, 0.0607040, 0.0612480, 0.0491200, 0.0482880, 0.0492160, 0.0460800, 0.0491520, 0.0623040, 0.0624960, 0.0614080, 0.0462400, 0.0489920, 0.0491520, 0.0489920, 0.0491520, 0.0655040, 0.0625920 ],
"timesTransferFromDevice": [ 0.1267840, 0.0823680, 0.0614720, 0.0612800, 0.0910720, 0.0585600, 0.0938880, 0.0598720, 0.0615680, 0.0583680, 0.2924480, 0.0562560, 0.0563520, 0.0553280, 0.0565760, 0.0560960, 0.0562560, 0.0555200, 0.0803520, 0.0555200, 0.0570560, 0.0552000, 0.1678720, 0.0423680, 0.0425600, 0.0415360, 0.0426880, 0.0420800, 0.0425600, 0.0414400, 0.0418560, 0.0585600, 0.0419840, 0.0416640, 0.0420800, 0.0412480, 0.0544000, 0.0412160, 0.0424000, 0.0384000, 0.0927040, 0.0549760, 0.0393280, 0.0378880, 0.0383360, 0.0375680, 0.0539200, 0.0376320, 0.0480960, 0.0383040, 0.0379200, 0.0376320, 0.0380800, 0.0369280, 0.0383360, 0.0472640, 0.0386240, 0.0378880, 0.0545920, 0.0383360, 0.0383040, 0.0380800, 0.0376960, 0.0379200, 0.0385600, 0.0541120, 0.0384000, 0.0378880, 0.0384960, 0.0376320, 0.0555200, 0.0379200, 0.0386880, 0.0379200, 0.0387200, 0.0531520, 0.0457920, 0.0384640, 0.0385600, 0.0379200, 0.0384640, 0.0477120, 0.0539840, 0.0382400, 0.0389440, 0.0382400, 0.0457600, 0.0544320, 0.0388800, 0.0377920, 0.0390720, 0.0381440, 0.0555520, 0.0377920, 0.0497600, 0.0379200, 0.0385600, 0.0375360, 0.0384640, 0.0538240 ],
"bins": [ 0, 0, 0, 0, 0, 0, 0, 0, 0, 0, 0, 0, 0, 0, 0, 0, 0, 0, 0, 0, 0, 0, 0, 0, 0, 0, 0, 0, 0, 0, 0, 0, 0, 0, 0, 0, 0, 0, 0, 0, 0, 0, 0, 0, 0, 0, 0, 0, 0, 0, 0, 0, 0, 0, 0, 0, 0, 0, 0, 0, 0, 0, 0, 0, 0, 0, 0, 0, 0, 0, 0, 0, 0, 0, 0, 0, 0, 0, 0, 0, 0, 0, 0, 0, 0, 0, 0, 0, 0, 0, 0, 0, 0, 0, 0, 0, 2048, 0, 0, 0, 0, 0, 0, 0, 0, 0, 0, 0, 0, 0, 0, 0, 0, 0, 0, 0, 0, 0, 0, 0, 0, 0, 0, 0, 0, 0, 0, 0 ]
}
,
"histogram_atomic_private": {
"timesTransferToDevice": [ 0.0317440, 0.0275200, 0.0531840, 0.0286720, 0.0278720, 0.0298880, 0.0277760, 0.0274240, 0.0283520, 0.0266880, 0.0296320, 0.0265920, 0.0283840, 0.0247040, 0.0310080, 0.0487360, 0.0263680, 0.0248320, 0.0255360, 0.0254080, 0.0256640, 0.0523200, 0.0263360, 0.0256000, 0.0255680, 0.0245760, 0.1259840, 0.0346880, 0.0190720, 0.0185920, 0.0197120, 0.0178560, 0.0183680, 0.0354560, 0.0192960, 0.0184960, 0.0183040, 0.0179200, 0.0183680, 0.0178880, 0.0373120, 0.0184960, 0.0185920, 0.0174400, 0.0505600, 0.0337600, 0.0178240, 0.0173120, 0.0180800, 0.0172480, 0.0177920, 0.0169600, 0.0347840, 0.0169600, 0.0183040, 0.0171200, 0.0179840, 0.0168320, 0.0348800, 0.0170560, 0.0179200, 0.0167360, 0.0177920, 0.0182080, 0.0176000, 0.0176000, 0.0188160, 0.0184640, 0.0177920, 0.0170560, 0.0177600, 0.0170880, 0.0200320, 0.0174400, 0.0176640, 0.0169920, 0.0177280, 0.0173440, 0.0182720, 0.0172800, 0.0186560, 0.0174400, 0.0177280, 0.0171520, 0.0176000, 0.0177280, 0.0173120, 0.0168320, 0.0180800, 0.0172800, 0.0177920, 0.0171840, 0.0184000, 0.0167680, 0.0173440, 0.0173120, 0.0176320, 0.0169280, 0.0175360, 0.0175680 ],
"timesExecution": [ 0.0739200, 0.1023680, 0.0530240, 0.0751040, 0.0741120, 0.0758080, 0.0746560, 0.1023040, 0.0769280, 0.0758400, 0.0765760, 0.0743360, 0.2017600, 0.0943680, 0.0728960, 0.0716480, 0.0829440, 0.0715520, 0.0727040, 0.0709440, 0.1103680, 0.0706560, 0.0716480, 0.0716480, 0.0788480, 0.1894720, 0.0849280, 0.1094400, 0.0526080, 0.0525440, 0.0531200, 0.0513280, 0.0697920, 0.0515520, 0.0505280, 0.0522560, 0.0534080, 0.0512000, 0.0522880, 0.0501760, 0.0521920, 0.0417280, 0.1689600, 0.0747840, 0.0685760, 0.0491200, 0.0502080, 0.0491840, 0.0493440, 0.0493760, 0.0503680, 0.0759040, 0.0502400, 0.0499200, 0.0491840, 0.0491520, 0.0491520, 0.0664000, 0.0493760, 0.0482560, 0.0492160, 0.0491200, 0.0485440, 0.0707840, 0.0502400, 0.0596160, 0.0491200, 0.0491200, 0.0497280, 0.0484160, 0.0665600, 0.0498240, 0.0768000, 0.0483200, 0.0499840, 0.0483520, 0.0484800, 0.0645440, 0.0490880, 0.0491200, 0.0491840, 0.0491840, 0.0491520, 0.0489280, 0.0491200, 0.0551680, 0.0491200, 0.0686080, 0.0531200, 0.0481600, 0.0491520, 0.0483840, 0.0654720, 0.0491840, 0.0666240, 0.0481280, 0.0491200, 0.0482880, 0.0488320, 0.0583360 ],
"timesTransferFromDevice": [ 0.0654400, 0.0610560, 0.0680960, 0.0602560, 0.0749120, 0.0591040, 0.0589120, 0.0589760, 0.0845760, 0.0602560, 0.0589760, 0.0591360, 0.0579520, 0.0565120, 0.0561280, 0.0787840, 0.0557120, 0.0556480, 0.0557440, 0.0562880, 0.0558080, 0.0813760, 0.0553600, 0.0686720, 0.0560000, 0.0595200, 0.0400000, 0.0569600, 0.0397760, 0.0399040, 0.0393280, 0.0405760, 0.0399360, 0.0548800, 0.0400000, 0.0398400, 0.0400640, 0.0402880, 0.0567360, 0.0404800, 0.0398400, 0.0407040, 0.0377600, 0.0389440, 0.0374080, 0.0573440, 0.0381440, 0.0387520, 0.0379200, 0.0381120, 0.0555840, 0.0389120, 0.0532480, 0.0382720, 0.0380160, 0.0383040, 0.0384960, 0.0385920, 0.0548800, 0.0371840, 0.0369920, 0.0380800, 0.0376640, 0.0384640, 0.0376960, 0.0381760, 0.0376960, 0.0382080, 0.0374080, 0.0674560, 0.0373760, 0.0382080, 0.0472960, 0.0375040, 0.0377280, 0.0376960, 0.0377600, 0.0422720, 0.0373440, 0.0531200, 0.0373760, 0.0376960, 0.0374720, 0.0379520, 0.0529280, 0.0377600, 0.0375680, 0.0380160, 0.0373440, 0.0374720, 0.0373120, 0.0482560, 0.0376320, 0.0379840, 0.0376320, 0.0381760, 0.0374080, 0.0376000, 0.0376320, 0.0382400 ],
"bins": [ 0, 0, 0, 0, 0, 0, 0, 0, 0, 0, 0, 0, 0, 0, 0, 0, 0, 0, 0, 0, 0, 0, 0, 0, 0, 0, 0, 0, 0, 0, 0, 0, 0, 0, 0, 0, 0, 0, 0, 0, 0, 0, 0, 0, 0, 0, 0, 0, 0, 0, 0, 0, 0, 0, 0, 0, 0, 0, 0, 0, 0, 0, 0, 0, 0, 0, 0, 0, 0, 0, 0, 0, 0, 0, 0, 0, 0, 0, 0, 0, 0, 0, 0, 0, 0, 0, 0, 0, 0, 0, 0, 0, 0, 0, 0, 0, 2048, 0, 0, 0, 0, 0, 0, 0, 0, 0, 0, 0, 0, 0, 0, 0, 0, 0, 0, 0, 0, 0, 0, 0, 0, 0, 0, 0, 0, 0, 0, 0 ]
}
,