{
"fileName": "./input_data/test.txt",
"inputLengthInCharacters": 10532866,
"uniformInput": false,
"useMappingLetter": false,
"measurements": {
"histogram_atomic_global": {
"timesTransferToDevice": [ 2.4115839, 2.2373121, 2.4239681, 2.2858560, 2.1973441, 2.1127679, 2.1699200, 2.1412160, 2.1876481, 2.2238081, 2.2210240, 2.1719999, 2.3260801, 2.1981440, 1.9694080, 2.1356161, 2.0261440, 2.0585279, 1.9311360, 1.9458240, 1.9179200, 1.9620160, 1.8875200, 1.9120320, 1.8921280, 1.9343040, 1.9428160, 1.8357440, 1.9309440, 1.8764160, 1.9359040, 1.9692481, 1.8383681, 2.0368321, 1.8592319, 1.8493760, 1.9502400, 1.8327039, 1.9343359, 1.9756800, 1.9175040, 2.1290879, 1.8812799, 1.9967680, 1.8210239, 1.9216959, 1.9523200, 1.8516160, 1.9256639, 1.8370560, 1.8825920, 1.9129280, 1.8402240, 1.9350719, 1.9533761, 1.9066240, 1.9383680, 1.9627841, 1.8661439, 1.9231679, 1.8649600, 1.9524480, 1.8546560, 1.9561280, 2.0167041, 1.9097600, 1.8897920, 1.9658880, 1.8180480, 1.9252480, 1.8747840, 1.9488640, 1.9669120, 1.9799360, 1.8781120, 1.9417920, 1.8552001, 2.0305281, 1.8409280, 1.9087040, 1.8348160, 1.9649920, 1.9280961, 2.0603521, 1.9381440, 2.0156479, 1.8279040, 1.9966080, 1.8579201, 1.8279999, 1.9692800, 1.9883840, 1.9299840, 2.0024641, 1.9323840, 2.0870399, 2.0300159, 2.0632319, 1.9446720, 2.0042880 ],
"timesExecution": [ 9.7957439, 9.8386879, 9.8318720, 9.8392000, 9.8248320, 9.8353281, 9.8460159, 9.8370876, 9.7910404, 9.8762236, 9.7858238, 9.8947840, 9.8205757, 9.8265924, 9.8570242, 9.7895365, 9.8538237, 9.8148479, 9.8535357, 9.7876482, 9.8376637, 9.8193598, 9.8356800, 9.8112316, 9.8869762, 9.7941122, 9.7700157, 9.8524160, 9.7950716, 9.8091202, 9.8168316, 9.8600960, 9.8080959, 9.7867517, 9.8759356, 9.8021765, 9.7916164, 9.8184319, 9.7769279, 9.7821436, 9.9100475, 9.8787518, 9.8193922, 9.7916479, 9.8053436, 9.8248644, 9.8031359, 9.8416319, 9.8026876, 9.8556805, 9.8034878, 9.8453436, 9.7847042, 9.8074236, 9.9008322, 9.8528643, 9.8229761, 9.8302717, 9.7953281, 9.8031998, 9.8796797, 9.7872000, 9.8770237, 9.8294401, 9.8106556, 9.8119364, 9.8069763, 9.7983999, 9.8157759, 9.7894716, 9.8678083, 9.8041916, 9.7962561, 9.8391037, 9.8207998, 9.7870083, 9.7833595, 9.8097601, 9.7951365, 9.8084803, 9.8977280, 9.8284483, 9.8222084, 9.8132162, 9.8447676, 9.5639362, 9.5596800, 9.5647364, 9.6095362, 9.5214396, 9.5353603, 9.5724163, 9.5025282, 9.5237761, 9.5754557, 9.5355196, 9.6204157, 9.5818558, 9.5409918, 9.5104961 ],
"timesTransferFromDevice": [ 0.1235520, 0.0919040, 0.1265600, 0.0888320, 0.1214720, 0.0898240, 0.0893440, 0.1360640, 0.0849280, 0.1130880, 0.0913280, 0.1188160, 0.0844480, 0.0879040, 0.0851520, 0.0844160, 0.0914880, 0.0860800, 0.0994240, 0.0904000, 0.1194560, 0.0871040, 0.1566720, 0.0865280, 0.1197120, 0.0869440, 0.0917440, 0.1148160, 0.0806080, 0.0823680, 0.1282560, 0.0879680, 0.1140160, 0.0842880, 0.1127040, 0.1224640, 0.0836480, 0.0826880, 0.0967360, 0.1442880, 0.1213760, 0.0911680, 0.0857600, 0.0830080, 0.1144000, 0.0905600, 0.0849600, 0.1304640, 0.0826240, 0.0855040, 0.0817920, 0.1075840, 0.0796160, 0.0820160, 0.0868480, 0.0893440, 0.1188800, 0.0879040, 0.1179200, 0.0820160, 0.1119680, 0.1024320, 0.1232960, 0.1139840, 0.1139520, 0.0837760, 0.1175360, 0.0840960, 0.1047680, 0.0811840, 0.1120960, 0.0860800, 0.0748480, 0.0869120, 0.0747840, 0.0842240, 0.0695040, 0.0797120, 0.0809280, 0.0845760, 0.0904000, 0.0901440, 0.0712640, 0.0852480, 0.0835840, 0.0853120, 0.0834880, 0.0882880, 0.0845760, 0.1559040, 0.0796480, 0.0846720, 0.0788800, 0.0821120, 0.0818240, 0.0866240, 0.1309760, 0.1190080, 0.1157440, 0.0838400 ],
"bins": [ 0, 0, 0, 0, 0, 0, 0, 0, 0, 37022, 0, 0, 0, 0, 0, 0, 0, 0, 0, 0, 0, 0, 0, 0, 0, 0, 0, 0, 0, 0, 0, 1749664, 0, 0, 0, 0, 0, 0, 0, 0, 0, 0, 0, 114062, 0, 92662, 0, 0, 0, 0, 0, 0, 0, 0, 0, 0, 0, 0, 0, 0, 0, 0, 0, 0, 23754, 0, 2568, 8132, 0, 0, 0, 0, 0, 0, 0, 47722, 0, 2568, 0, 0, 0, 0, 23754, 0, 5350, 0, 0, 0, 0, 0, 0, 0, 0, 0, 0, 0, 725674, 92662, 231334, 422650, 987396, 32528, 135676, 16050, 702348, 23754, 47508, 419868, 520020, 407242, 693360, 175266, 61418, 518094, 603908, 824542, 584220, 117486, 5350, 10700, 52858, 13696, 0, 0, 0, 0, 0, 0 ]
}
,
"histogram_atomic_private": {
"timesTransferToDevice": [ 1.9470400, 1.8551360, 2.2699521, 2.0148799, 1.8394560, 2.1203840, 2.6758399, 1.9075840, 1.9947520, 2.1734719, 1.9186881, 1.9853120, 1.9492480, 2.6487679, 2.0536001, 2.0392959, 2.0113921, 1.9581760, 2.0264320, 2.0448639, 2.5801599, 2.0400641, 1.8773440, 1.6168320, 2.0339200, 1.8523520, 2.0196800, 2.1947200, 2.4811201, 2.1670079, 1.9461761, 2.1174719, 2.0803840, 1.9209920, 2.4755840, 2.1609280, 2.0645120, 2.1653759, 2.1316800, 2.1663680, 2.2811201, 2.0938561, 2.0438721, 1.9753280, 1.9608639, 1.9729280, 1.8897600, 1.9740800, 1.9633600, 2.1621439, 2.1020160, 2.0339520, 2.0092480, 2.0619199, 1.9257920, 1.7963200, 1.9448000, 2.5882239, 2.1654720, 1.9700160, 2.1166401, 1.9942720, 1.9799680, 1.9657600, 1.8531200, 1.9175040, 2.4501441, 2.1083519, 2.1038079, 1.9666880, 2.0860479, 2.1211519, 2.0695360, 2.0515521, 2.1278720, 2.0743999, 1.8413759, 1.9341120, 2.0866561, 2.0096641, 1.9312320, 2.2007041, 2.1221120, 2.0374081, 1.8832960, 1.9662400, 2.1552961, 1.8971840, 2.0039680, 2.0731201, 2.4163520, 1.9976960, 1.9493760, 1.9189440, 1.8282239, 1.9330560, 1.9881600, 1.9861439, 2.2726400, 2.0490241 ],
"timesExecution": [ 2.0751359, 2.0624321, 2.0970240, 2.0662079, 2.1517439, 2.1610560, 2.1190081, 2.1297920, 2.1654720, 2.1979201, 2.0344961, 2.1458559, 2.0397761, 2.0953920, 2.2002561, 2.0872321, 2.1240320, 2.1317761, 2.0982721, 2.1370881, 2.1670401, 2.2140479, 2.0907519, 2.1180799, 2.1265919, 2.1320000, 2.0724480, 2.1659520, 2.1543679, 2.1354561, 2.0375359, 2.1599360, 2.1140800, 2.1015360, 2.1485119, 2.1557441, 2.0824001, 2.1187520, 2.1084480, 2.0970881, 2.1695039, 2.1495359, 2.1217921, 2.1029119, 2.0958400, 2.1115520, 2.1059840, 2.1195199, 2.3415999, 2.0854080, 2.0578561, 2.1372161, 2.1113601, 2.1213441, 2.0578880, 2.0783999, 2.0719039, 2.1519041, 2.1518719, 2.0867839, 2.1688001, 2.1412799, 2.0779200, 2.0186241, 2.0381761, 2.3516800, 2.1632321, 2.0819199, 2.1528640, 2.1360321, 2.0828481, 2.2109439, 2.1529601, 2.1008639, 2.2477760, 2.0544960, 2.0787201, 2.1475840, 2.1411841, 2.0699840, 2.3415041, 2.1088960, 2.0542719, 2.1158719, 2.1224320, 2.1638081, 2.1582720, 2.1578240, 2.1164479, 2.1631041, 2.0907841, 2.1778560, 2.1265600, 2.1242559, 2.0997119, 2.1389761, 2.0912321, 2.2943361, 2.1533761, 2.0804801 ],
"timesTransferFromDevice": [ 0.1148800, 0.1144320, 0.0851200, 0.1344000, 0.0818560, 0.1374720, 0.1369600, 0.1726400, 0.1199040, 0.0920320, 0.1479680, 0.0868160, 0.1117760, 0.1295360, 0.1593600, 0.1461120, 0.1108160, 0.0886080, 0.1504000, 0.1474240, 0.1361920, 0.1310080, 0.0978560, 0.1332800, 0.2661120, 0.1572800, 0.1545600, 0.1088640, 0.1369920, 0.2130240, 0.0832960, 0.1269760, 0.1495680, 0.1353920, 0.1360320, 0.1384640, 0.2139840, 0.1195520, 0.1371840, 0.1427520, 0.1287360, 0.1435520, 0.0847360, 0.1642240, 0.1275840, 0.0851840, 0.1793280, 0.1276480, 0.1235520, 0.1158400, 0.0881600, 0.1447040, 0.1418880, 0.1568640, 0.1094080, 0.0817600, 0.1161280, 0.1875520, 0.1442880, 0.1982720, 0.1136320, 0.1190080, 0.0843840, 0.0815040, 0.0798720, 0.1166400, 0.1314240, 0.0874560, 0.0856640, 0.1393920, 0.1380800, 0.1103680, 0.1166720, 0.0842560, 0.1555200, 0.0801280, 0.1068160, 0.1391040, 0.1719360, 0.1347200, 0.1544000, 0.0816640, 0.0841280, 0.2239360, 0.1285760, 0.1564160, 0.0535680, 0.1149760, 0.1032320, 0.1333120, 0.0846080, 0.0832000, 0.1160960, 0.0908160, 0.1201280, 0.1316160, 0.1649280, 0.1101120, 0.1483840, 0.0817920 ],