{
"inputLengthInCharacters": 134217728,
"uniformInput": true,
"useMappingLetter": true,
"measurements": {
"histogram_atomic_global": {
"timesTransferToDevice": [ 22.9756794, 23.1907520, 22.8936958, 23.4319992, 23.0156155, 22.8582077, 22.5663681, 22.3016968, 21.6963844, 21.0974083, 21.4529915, 21.2545605, 21.4266872, 20.6936646, 22.4929924, 21.1392632, 20.3195210, 20.8455677, 20.0697918, 19.8362236, 19.4838409, 20.1580486, 19.7604485, 19.8144951, 19.7957115, 19.9111042, 19.9212475, 20.1840954, 19.7561283, 19.7020473, 19.9092484, 19.9720325, 19.7211838, 19.7886391, 19.9010887, 19.3522873, 20.0202560, 19.9600639, 19.7122555, 19.6804790, 19.7859192, 19.9089603, 20.6934071, 19.5962238, 19.7872963, 19.7537289, 19.9057598, 20.3664951, 20.7351685, 20.5165119, 19.9406071, 19.9033279, 19.9983044, 20.2616005, 20.1105919, 19.8254719, 20.1189442, 19.7717762, 19.7682877, 19.9369278, 19.5616951, 20.1443195, 20.0304642, 19.7935352, 19.6634884, 19.6706562, 19.8559361, 19.9405766, 19.9307842, 19.6000633, 19.6342716, 19.7386875, 19.6856003, 19.9230080, 20.0184956, 20.2282562, 19.7442245, 19.6072960, 19.5525761, 19.7922878, 19.9357758, 19.7758713, 19.6064644, 19.8600636, 19.9124165, 19.9411526, 19.8572807, 19.8559036, 19.9643841, 20.1011524, 19.6028156, 19.8075523, 19.9930248, 20.0017929, 19.6618557, 19.7518406, 19.7182713, 19.6980801, 19.8814716, 19.8076153 ],
"timesExecution": [ 267.9756470, 267.9496765, 267.9335632, 267.9487305, 267.9732971, 267.9560242, 267.9586487, 267.9880066, 267.9486694, 267.9518738, 267.9833679, 267.9532471, 267.9640808, 267.9451599, 267.9880371, 267.9989624, 267.9652100, 267.9876709, 267.9381104, 267.9566956, 267.9840393, 267.9506226, 267.9477844, 267.9425659, 267.9441528, 267.9382629, 267.9537964, 267.9698792, 267.9511719, 267.9469299, 267.9510498, 267.9562988, 267.9541626, 267.9398499, 267.9530945, 267.9432068, 267.9550781, 267.9455566, 267.9311218, 267.9382324, 267.9774170, 267.9373169, 267.9543762, 267.9442749, 267.9403992, 267.9337769, 267.9512939, 267.9612732, 268.0129395, 267.9349060, 267.9345703, 267.9367065, 267.9438171, 267.9415283, 267.9317322, 267.9581299, 267.9297791, 267.9378357, 267.9563293, 267.9453735, 267.9545898, 267.9333801, 267.9367371, 267.9634705, 267.9476624, 267.9551392, 267.9532471, 267.9358826, 267.9650269, 267.9376221, 267.9229126, 267.9314270, 267.9586182, 267.9380798, 267.9631958, 267.9267578, 267.9414368, 267.9418030, 267.9467163, 267.9689026, 267.9426270, 267.9396973, 267.9294739, 267.9370728, 267.9407043, 267.9633484, 267.9492188, 267.9333496, 267.9327393, 267.9517212, 267.9544067, 267.9434204, 267.9551697, 267.9495544, 267.9327393, 267.9571533, 267.9334412, 267.9216614, 267.9278870, 267.9281616 ],
"timesTransferFromDevice": [ 0.1548160, 0.1073280, 0.0886080, 0.0913920, 0.1319680, 0.0883520, 0.1162560, 0.1339520, 0.0912000, 0.0930240, 0.0998080, 0.0925760, 0.0906560, 0.1504320, 0.1321920, 0.0917440, 0.1195840, 0.0856320, 0.1176000, 0.0827520, 0.0843520, 0.0831680, 0.0810240, 0.0962560, 0.0847360, 0.0840000, 0.1096000, 0.0867200, 0.0819840, 0.0818560, 0.1208000, 0.0818880, 0.0820160, 0.0827840, 0.0825280, 0.0856320, 0.1153920, 0.0812800, 0.0789120, 0.0792640, 0.0800000, 0.0785600, 0.0818560, 0.0790720, 0.1020800, 0.0787520, 0.1068480, 0.0790720, 0.0779200, 0.0776000, 0.0764160, 0.0786560, 0.0771200, 0.0806080, 0.0805440, 0.0857600, 0.1123520, 0.0806080, 0.0767040, 0.0777280, 0.0808960, 0.0781760, 0.0773440, 0.0794880, 0.0812800, 0.0804160, 0.0779840, 0.0775040, 0.0760960, 0.0759680, 0.0770560, 0.0812480, 0.0781120, 0.0803520, 0.1101440, 0.0809920, 0.1160320, 0.0990080, 0.1147200, 0.0796160, 0.0806080, 0.0784000, 0.0794240, 0.0785280, 0.0791680, 0.0782720, 0.0784320, 0.0776000, 0.0784960, 0.0924480, 0.0788160, 0.0809600, 0.0794240, 0.0813120, 0.0860160, 0.0833920, 0.0783680, 0.0643520, 0.0802240, 0.0776640 ],
"bins": [ 0, 134217728, 0, 0, 0, 0, 0, 0, 0, 0, 0, 0, 0, 0, 0, 0, 0, 0, 0, 0, 0, 0, 0, 0, 0, 0, 0 ]
}
,
"histogram_atomic_private": {
"timesTransferToDevice": [ 20.3574409, 20.2734718, 19.6308155, 19.8959351, 19.8463039, 19.4871044, 19.7527676, 20.0813122, 19.1828156, 19.8640957, 20.2933121, 19.6342716, 19.2012157, 19.2449284, 19.1851521, 19.4785919, 19.2113285, 19.2154560, 18.8587513, 19.0562553, 18.9123840, 19.1525764, 19.0832329, 19.2736320, 19.0105591, 19.2959366, 19.4554882, 19.6226559, 20.0666237, 19.6111031, 19.8329601, 19.7954235, 19.8250885, 19.6732807, 20.1030083, 20.2959042, 19.2651844, 19.9477444, 19.7266560, 19.6439037, 19.8181438, 19.5866871, 20.0866566, 19.9689274, 19.5014076, 19.9423676, 19.8582401, 20.1917114, 19.6409912, 19.1740170, 20.1296329, 19.9756794, 19.8525448, 19.6128960, 19.6102085, 19.7975998, 20.0904007, 20.3015366, 20.0190392, 19.6126080, 19.9246082, 19.9948483, 19.5761929, 19.6264000, 19.5778561, 19.5648003, 20.4044151, 19.7835846, 19.7032318, 19.8236485, 20.2251511, 19.8389111, 19.3754234, 19.6546249, 20.0004158, 19.9177608, 20.1018887, 20.0853767, 19.7220802, 19.5360317, 19.6951675, 19.6486721, 19.8992329, 20.2026882, 19.6919365, 19.9304962, 19.5342712, 19.3291512, 19.7001915, 19.9363194, 19.5191364, 19.9154568, 20.1371517, 20.3593597, 20.2574081, 19.5770569, 19.6735039, 20.0165443, 20.0127048, 19.8204803 ],
"timesExecution": [ 62.7397118, 62.6952972, 62.7194557, 62.7162247, 62.7621422, 62.7772789, 62.7267838, 62.6993599, 62.7516479, 62.7264633, 62.6847687, 62.7516174, 62.7418556, 62.7234573, 62.7347527, 62.6888008, 62.7055664, 62.7009277, 62.7365456, 62.7069435, 62.7446404, 62.7484818, 62.7644463, 62.7554893, 62.7210884, 62.7523193, 62.7490234, 62.6877747, 62.7227821, 62.6921616, 62.7361298, 62.7031021, 62.7267189, 62.7148819, 62.7948799, 62.7137604, 62.7651825, 62.7981453, 62.7884483, 62.7024956, 62.7928314, 62.7693443, 62.7191048, 62.7332802, 62.7031364, 62.8132172, 62.7254715, 62.6868172, 62.7534714, 62.7625618, 62.7774734, 62.7604141, 62.6973457, 62.7949448, 62.7834549, 62.7741776, 62.7104645, 62.7908783, 62.7339211, 62.7478065, 62.7104301, 62.7328949, 62.7303047, 62.6804161, 62.7117424, 62.8060150, 62.7356148, 62.7188797, 62.7543373, 62.7653427, 62.7161598, 62.7121277, 62.6976013, 62.8392639, 62.7633934, 62.7014084, 62.7138557, 62.6829109, 62.6394882, 62.8026237, 62.7030716, 62.6898575, 62.7395515, 62.7406387, 62.7038727, 62.7375984, 62.7230072, 62.7253113, 62.8369293, 62.7297287, 62.7630730, 62.7098541, 62.7200966, 62.8143692, 62.6886711, 62.7028809, 62.6931534, 62.7351036, 62.7646408, 62.7590408 ],
"timesTransferFromDevice": [ 0.0835840, 0.0798080, 0.0832000, 0.2027200, 0.0822720, 0.1336960, 0.0830400, 0.0824000, 0.1230720, 0.0760320, 0.0827520, 0.0815360, 0.1162880, 0.0815040, 0.0988160, 0.0798080, 0.0831040, 0.0822720, 0.0770880, 0.0809600, 0.0803840, 0.0767360, 0.0854400, 0.0840320, 0.0787200, 0.0823680, 0.0888640, 0.0794560, 0.1327360, 0.0822400, 0.0812800, 0.0842560, 0.0848320, 0.0810880, 0.0973440, 0.0838400, 0.0787840, 0.1372160, 0.0803840, 0.0798720, 0.1075520, 0.0824000, 0.0765760, 0.0842240, 0.0836800, 0.2160640, 0.0763200, 0.0821760, 0.1812800, 0.0866240, 0.1420160, 0.1395200, 0.1391680, 0.1381120, 0.1329280, 0.0808960, 0.0829120, 0.1463680, 0.0656640, 0.0865280, 0.0881280, 0.0823360, 0.0783360, 0.0831040, 0.1008320, 0.0797120, 0.0833920, 0.1353920, 0.0777600, 0.0794880, 0.0792960, 0.0785280, 0.0810880, 0.1293440, 0.0821120, 0.0847680, 0.1303360, 0.0813120, 0.0834560, 0.2483200, 0.0845120, 0.0849280, 0.0819200, 0.0797760, 0.0857280, 0.1298880, 0.0775040, 0.1039040, 0.1680320, 0.0808640, 0.1425920, 0.1406080, 0.1013120, 0.1097280, 0.0780800, 0.0822720, 0.1643520, 0.0778560, 0.0837760, 0.1575040 ],
"bins": [ 0, 134217728, 0, 0, 0, 0, 0, 0, 0, 0, 0, 0, 0, 0, 0, 0, 0, 0, 0, 0, 0, 0, 0, 0, 0, 0, 0 ]
}
,