{
"inputLengthInCharacters": 4294967296,
"uniformInput": true,
"useMappingLetter": false,
"measurements": {
"histogram_atomic_private_stride": {
"timesTransferToDevice": [ 615.9544678, 571.2510376, 562.7400513, 562.2863159, 562.2728882, 570.1770020, 561.9773560, 562.3729248, 562.4223022, 561.6647949, 561.9014893, 562.5391846, 561.8154907, 569.6652832, 562.9645386, 562.6671143, 561.0830078, 563.7748413, 561.3757324, 562.3928223, 561.0544434, 569.8240967, 564.8739624, 561.6397095, 561.6639404, 561.8902588, 562.5786743, 562.6585083, 561.7078857, 566.9439087, 563.8130493, 563.6639404, 563.2425537, 562.5017090, 562.2584839, 562.9730835, 561.6951294, 566.1050415, 565.7069092, 561.9230957, 561.7213745, 562.2897339, 562.3278809, 562.5755005, 561.9613647, 564.7968140, 568.3132324, 563.8776245, 562.7933960, 563.1889648, 561.2136841, 562.5830688, 562.0798340, 563.2916260, 567.6465454, 561.9076538, 562.4526978, 563.3403320, 562.6872559, 562.3426514, 561.4791870, 563.3195801, 569.0029907, 562.8222656, 563.2139282, 563.8422241, 563.1992798, 562.4829712, 561.8629150, 563.4082031, 568.9948120, 562.9136963, 562.6406860, 565.0557251, 562.6904297, 563.6328125, 561.1925659, 563.0747070, 567.2578125, 563.4707031, 561.3643799, 563.7071533, 562.2732544, 564.3438721, 562.9378662, 563.1842041, 567.8061523, 564.8899536, 562.1527710, 562.1856079, 563.4518433, 563.6044922, 561.5261230, 562.2382202, 565.7728882, 565.5446777, 561.5899048, 563.0606079, 561.6250000, 562.1131592 ],
"timesExecution": [ 1527.3731689, 1591.8635254, 1591.1270752, 1619.9093018, 1587.7607422, 1582.2347412, 1583.2113037, 1609.9261475, 1546.0903320, 1593.5681152, 1575.3609619, 1599.8072510, 1567.9338379, 1548.8488770, 1633.6007080, 1579.5417480, 1585.9451904, 1566.4783936, 1619.0257568, 1573.8441162, 1573.9548340, 1588.3355713, 1593.6777344, 1580.2950439, 1641.5224609, 1577.9052734, 1614.3204346, 1534.9874268, 1630.8419189, 1611.1815186, 1557.2646484, 1559.8984375, 1591.9940186, 1519.6832275, 1595.9367676, 1627.3698730, 1610.5985107, 1544.4882812, 1569.2077637, 1542.8923340, 1564.6464844, 1583.2741699, 1610.3375244, 1590.2912598, 1616.8146973, 1585.3312988, 1598.1103516, 1614.1483154, 1624.1018066, 1648.0670166, 1587.3519287, 1585.1129150, 1638.0930176, 1579.3352051, 1580.8741455, 1554.5280762, 1602.7928467, 1617.2685547, 1555.8872070, 1610.7976074, 1576.3706055, 1547.4936523, 1611.4722900, 1551.7048340, 1599.2447510, 1558.8170166, 1558.6877441, 1578.2911377, 1574.8428955, 1608.0515137, 1627.7519531, 1577.2303467, 1629.1380615, 1589.9073486, 1603.0676270, 1577.5939941, 1586.1959229, 1649.4627686, 1630.3575439, 1577.0074463, 1603.1903076, 1667.0084229, 1570.9221191, 1604.8323975, 1605.0505371, 1623.9085693, 1613.4602051, 1569.6135254, 1594.2561035, 1561.9373779, 1593.4403076, 1611.6872559, 1616.7420654, 1631.3569336, 1656.9377441, 1597.3372803, 1617.0904541, 1576.3369141, 1680.6663818, 1567.8366699 ],
"timesTransferFromDevice": [ 0.1780160, 0.1339840, 0.1086400, 0.0982400, 0.0969280, 0.1051520, 0.1008000, 0.1031360, 0.0999040, 0.1392960, 0.1068160, 0.1026240, 0.1007040, 0.1084800, 0.0997440, 0.1001600, 0.1075520, 0.1016640, 0.1017920, 0.1066560, 0.0980480, 0.1384640, 0.1384320, 0.0985600, 0.1088640, 0.1082560, 0.0988480, 0.1072000, 0.0990080, 0.1024000, 0.1218240, 0.1397440, 0.1008000, 0.1077120, 0.0969280, 0.1399040, 0.1423680, 0.1017600, 0.1081920, 0.1374400, 0.0992640, 0.1081280, 0.1408960, 0.1022720, 0.1041280, 0.1017280, 0.1417600, 0.1036800, 0.1367040, 0.1116800, 0.1358400, 0.1417920, 0.1062720, 0.1434880, 0.1119680, 0.1166400, 0.1017280, 0.1014720, 0.1118720, 0.1035840, 0.1005120, 0.1092480, 0.1039360, 0.1488640, 0.1437120, 0.1015040, 0.1774400, 0.1379840, 0.1336960, 0.1120000, 0.0995840, 0.1017600, 0.1089280, 0.0991360, 0.1341440, 0.1024960, 0.1136640, 0.1087680, 0.0988160, 0.1056320, 0.1109760, 0.1057600, 0.1009280, 0.1246080, 0.1003840, 0.1021440, 0.1018560, 0.1022080, 0.1056000, 0.1000320, 0.1030720, 0.1118720, 0.1004480, 0.1045760, 0.1485760, 0.1026560, 0.0985920, 0.1017920, 0.1498880, 0.1136320 ],
"bins": [ 0, 0, 0, 0, 0, 0, 0, 0, 0, 0, 0, 0, 0, 0, 0, 0, 0, 0, 0, 0, 0, 0, 0, 0, 0, 0, 0, 0, 0, 0, 0, 0, 0, 0, 0, 0, 0, 0, 0, 0, 0, 0, 0, 0, 0, 0, 0, 0, 0, 0, 0, 0, 0, 0, 0, 0, 0, 0, 0, 0, 0, 0, 0, 0, 0, 0, 0, 0, 0, 0, 0, 0, 0, 0, 0, 0, 0, 0, 0, 0, 0, 0, 0, 0, 0, 0, 0, 0, 0, 0, 0, 0, 0, 0, 0, 0, 0, 0, 0, 0, 0, 0, 0, 0, 0, 0, 0, 0, 0, 0, 0, 0, 0, 0, 0, 0, 0, 0, 0, 0, 0, 0, 0, 0, 0, 0, 0, 0 ]
}
,
"histogram_atomic_global_stride": {
"timesTransferToDevice": [ 563.5356445, 561.6450195, 565.6972656, 567.9262695, 561.8228149, 561.9898682, 562.7699585, 562.9837646, 562.5036621, 562.4105835, 563.2178345, 567.8576050, 562.8370972, 568.0620728, 563.4789429, 561.9754639, 562.1865845, 562.3026123, 562.5222168, 570.9063721, 562.8158569, 562.2624512, 563.0108643, 562.0856323, 562.4180908, 561.8123779, 563.8131104, 569.5186768, 564.0986938, 561.3621826, 561.9979858, 562.0385132, 563.4376221, 561.9174194, 563.7310181, 568.4899902, 562.7911377, 562.6063843, 563.1011963, 562.1588135, 562.9768677, 563.2593994, 563.0211182, 567.0998535, 563.6890259, 562.9227905, 562.2730713, 562.0558472, 562.0342407, 561.7987061, 562.1573486, 566.6331177, 564.1329346, 561.7235718, 562.7952271, 562.0683594, 562.5189819, 561.8472290, 563.8594360, 566.4511719, 566.2200928, 562.0736694, 562.2622681, 562.1884155, 562.6520386, 562.2738647, 564.1276855, 563.3817749, 568.7696533, 562.3862915, 561.8633423, 561.9990845, 561.7320557, 562.3342896, 561.5385132, 561.7963257, 567.8942261, 561.4215698, 561.6836548, 561.3987427, 562.3635864, 561.0809937, 561.7872314, 561.3568726, 568.5234985, 562.6417847, 561.7542114, 561.8349609, 561.7745972, 561.2271729, 561.9915161, 560.7393188, 568.3657837, 561.3793945, 561.6572876, 560.7543945, 561.4322510, 560.1865845, 562.3650513, 560.9463501 ],
"timesExecution": [ 8582.4443359, 8583.0097656, 8582.9697266, 8583.3447266, 8582.9921875, 8588.7802734, 8582.9511719, 8583.0214844, 8583.3056641, 8583.3916016, 8582.2109375, 8582.2226562, 8583.0781250, 8588.4804688, 8587.2070312, 8589.4775391, 8583.4287109, 8588.7929688, 8582.9619141, 8588.8457031, 8583.4033203, 8588.8203125, 8582.7724609, 8588.8242188, 8583.0205078, 8588.8330078, 8588.8554688, 8589.7236328, 8588.7871094, 8582.9619141, 8582.2246094, 8589.5117188, 8582.5273438, 8582.9316406, 8583.0439453, 8582.8740234, 8582.7041016, 8583.0253906, 8582.9921875, 8582.2500000, 8587.0830078, 8583.7343750, 8583.0439453, 8587.0683594, 8588.5839844, 8582.2861328, 8582.8759766, 8589.6123047, 8582.2460938, 8582.5634766, 8582.4511719, 8588.8769531, 8582.9921875, 8583.1279297, 8582.6923828, 8589.6582031, 8582.2128906, 8588.7910156, 8582.4619141, 8589.4443359, 8588.8125000, 8589.6279297, 8582.9130859, 8588.8593750, 8589.5029297, 8583.9326172, 8582.2519531, 8582.2441406, 8582.4248047, 8588.8369141, 8588.8300781, 8582.9707031, 8582.2060547, 8588.7744141, 8582.2099609, 8589.5361328, 8582.3066406, 8588.9345703, 8582.9658203, 8583.9082031, 8587.0458984, 8589.5556641, 8588.8388672, 8582.2226562, 8589.4511719, 8582.2685547, 8583.0214844, 8589.6904297, 8582.2421875, 8582.9873047, 8582.2431641, 8582.9941406, 8582.3808594, 8582.8837891, 8582.9980469, 8583.0966797, 8582.8232422, 8582.6503906, 8582.2841797, 8588.7509766 ],