{
"inputLengthInCharacters": 8192,
"uniformInput": false,
"useMappingLetter": true,
"measurements": {
"histogram_atomic_global": {
"timesTransferToDevice": [ 0.0859840, 0.0670080, 0.0675840, 0.0676800, 0.0653440, 0.0663040, 0.0858560, 0.0650240, 0.0645760, 0.0645120, 0.0653760, 0.0664640, 0.0882240, 0.0831040, 0.0587520, 0.0579200, 0.0567360, 0.0601600, 0.0578560, 0.0579200, 0.0705920, 0.0581120, 0.0570880, 0.0790400, 0.0570240, 0.0573440, 0.0427520, 0.0552960, 0.0420480, 0.0424320, 0.0430080, 0.0423040, 0.0416960, 0.0417600, 0.0426240, 0.0516160, 0.0474240, 0.0421440, 0.0424640, 0.0421440, 0.0412480, 0.0580160, 0.0425600, 0.0418560, 0.0412480, 0.0408640, 0.0412480, 0.0577600, 0.0408000, 0.0414400, 0.0415360, 0.0411200, 0.0411520, 0.0575680, 0.0426240, 0.0418240, 0.0415040, 0.0526400, 0.0418560, 0.0423040, 0.0409920, 0.0417600, 0.0413120, 0.0415680, 0.0402240, 0.0417920, 0.0412800, 0.0419840, 0.0405440, 0.0413760, 0.0417280, 0.0518400, 0.0411840, 0.0482560, 0.0183040, 0.0211200, 0.0194560, 0.0186240, 0.0184960, 0.0190400, 0.0341120, 0.0185600, 0.0191040, 0.0189120, 0.0182080, 0.0178240, 0.0337600, 0.0186880, 0.0184960, 0.0190400, 0.0192960, 0.0188800, 0.0185920, 0.0182080, 0.0189440, 0.0187520, 0.0184960, 0.0191360, 0.0183680, 0.0180160 ],
"timesExecution": [ 0.1122560, 0.1127360, 0.1524160, 0.0760320, 0.0741120, 0.0759360, 0.0747200, 0.0760000, 0.0831680, 0.0952320, 0.0737280, 0.1176960, 0.0737280, 0.2703040, 0.0675840, 0.0683200, 0.0983360, 0.0684800, 0.0919040, 0.0675520, 0.0809280, 0.0675520, 0.0737920, 0.0840000, 0.0669120, 0.0605760, 0.1104000, 0.0634880, 0.1146880, 0.0634880, 0.0747200, 0.0614080, 0.0607680, 0.0504320, 0.0624640, 0.0655040, 0.0614400, 0.0736960, 0.0654720, 0.0614720, 0.0480960, 0.0995840, 0.0623040, 0.0652800, 0.0717120, 0.0595840, 0.0593920, 0.0614720, 0.0569600, 0.0604160, 0.0602560, 0.0726720, 0.0593600, 0.0604480, 0.0460800, 0.0738560, 0.0604800, 0.0979520, 0.0719040, 0.0474880, 0.0597120, 0.0461120, 0.0737600, 0.0604160, 0.0592960, 0.0718080, 0.0594880, 0.0463680, 0.0596160, 0.0747200, 0.0625600, 0.0601280, 0.0707520, 0.0491840, 0.0595840, 0.0655680, 0.0616960, 0.0607360, 0.0604160, 0.0781440, 0.0597120, 0.0594560, 0.0601600, 0.0614720, 0.0603840, 0.0767680, 0.0603840, 0.0594880, 0.0596800, 0.0604160, 0.0602560, 0.0481600, 0.0593280, 0.0638400, 0.0808320, 0.0615040, 0.0604160, 0.0635200, 0.0604160, 0.0644800 ],
"timesTransferFromDevice": [ 0.0944960, 0.0824960, 0.0632640, 0.0624000, 0.0634240, 0.0942080, 0.0927360, 0.0592960, 0.0615360, 0.0599040, 0.0901440, 0.0599680, 0.0616320, 0.0960640, 0.0539840, 0.0829120, 0.0544640, 0.0751680, 0.0535360, 0.0534080, 0.0536320, 0.0536000, 0.0543680, 0.0863680, 0.0539200, 0.0718400, 0.0390720, 0.0591680, 0.0592640, 0.0388480, 0.0400640, 0.0384000, 0.0397120, 0.0386560, 0.0588160, 0.0385920, 0.0507520, 0.0389760, 0.0392320, 0.0379520, 0.1280640, 0.0889920, 0.0386880, 0.0378560, 0.0382080, 0.0377920, 0.0388480, 0.0622400, 0.0392960, 0.0375040, 0.0381760, 0.0377280, 0.0387200, 0.0535680, 0.0388160, 0.0472000, 0.0385920, 0.0380800, 0.0389120, 0.0384960, 0.0532480, 0.0485440, 0.0385920, 0.0381120, 0.0378560, 0.0373440, 0.0542400, 0.0379840, 0.0382080, 0.0377600, 0.0384640, 0.0377280, 0.0549120, 0.0378880, 0.0543040, 0.0374080, 0.0383040, 0.0376000, 0.0384320, 0.0380800, 0.0578560, 0.0379840, 0.0383040, 0.0378240, 0.0389440, 0.0384000, 0.0543360, 0.0378560, 0.0384640, 0.0382080, 0.0474880, 0.0376640, 0.0433280, 0.0374720, 0.0497280, 0.0375680, 0.0382400, 0.0377280, 0.0552960, 0.0379520 ],
"bins": [ 4903, 138, 128, 128, 134, 127, 133, 127, 124, 118, 123, 129, 148, 117, 138, 120, 117, 109, 125, 136, 126, 111, 121, 113, 122, 136, 141 ]
}
,
"histogram_atomic_private": {
"timesTransferToDevice": [ 0.0726720, 0.0305600, 0.0288960, 0.0275520, 0.0290880, 0.0292160, 0.0608960, 0.0275520, 0.0287360, 0.0343680, 0.0286400, 0.0274240, 0.0293760, 0.0280960, 0.0311680, 0.0238400, 0.0241600, 0.0217920, 0.0232000, 0.0221760, 0.0240000, 0.0218880, 0.0440960, 0.0226560, 0.0432320, 0.0225280, 0.0229440, 0.0230720, 0.0231040, 0.0437120, 0.0232640, 0.0176320, 0.0189760, 0.0177600, 0.0184960, 0.0175680, 0.0178880, 0.0178880, 0.0236480, 0.0176640, 0.0180480, 0.0178240, 0.0184000, 0.0182720, 0.0184320, 0.0351360, 0.0190080, 0.0182080, 0.0189440, 0.0291200, 0.0182720, 0.0181120, 0.0185280, 0.0180480, 0.0187840, 0.0355520, 0.0190720, 0.0179200, 0.0186560, 0.0179840, 0.0189760, 0.0185280, 0.0188480, 0.0183360, 0.0186240, 0.0184000, 0.0188160, 0.0189440, 0.0184320, 0.0186880, 0.0181120, 0.0358080, 0.0204160, 0.0184960, 0.0191040, 0.0177280, 0.0351680, 0.0179520, 0.0186880, 0.0188480, 0.0183040, 0.0175680, 0.0198080, 0.0179200, 0.0184960, 0.0190400, 0.0184640, 0.0177280, 0.0185920, 0.0188800, 0.0188800, 0.0182720, 0.0187200, 0.0186880, 0.0184960, 0.0181760, 0.0351360, 0.0179200, 0.0217600, 0.0182720 ],
"timesExecution": [ 0.0757760, 0.1013440, 0.0749440, 0.0913600, 0.0747200, 0.0737280, 0.0747840, 0.0981760, 0.0746560, 0.0737280, 0.0747520, 0.0738240, 0.0747840, 0.0739840, 0.0740160, 0.1119040, 0.0832000, 0.0608000, 0.0613760, 0.0604160, 0.0605120, 0.0604160, 0.0604160, 0.0808960, 0.0611200, 0.0613120, 0.0602560, 0.0603520, 0.0605120, 0.0601280, 0.1537920, 0.0858560, 0.0470720, 0.0495360, 0.0490880, 0.0481280, 0.0491200, 0.0636160, 0.0491200, 0.0481600, 0.0474880, 0.0481280, 0.0491840, 0.0474240, 0.0484480, 0.0491200, 0.0491840, 0.0480000, 0.0570560, 0.0482560, 0.0769920, 0.0484800, 0.0481920, 0.0491200, 0.0717760, 0.0481920, 0.0655040, 0.0491520, 0.0490880, 0.0487680, 0.0489280, 0.0665600, 0.0484480, 0.0491200, 0.0500160, 0.0532480, 0.0491520, 0.0490240, 0.0499520, 0.0490240, 0.0645120, 0.0498880, 0.0493440, 0.0482240, 0.0493760, 0.0495040, 0.0501440, 0.0491840, 0.0490880, 0.0645120, 0.0494400, 0.0488640, 0.0491200, 0.0491200, 0.0491200, 0.0481280, 0.0497920, 0.0472320, 0.0682880, 0.0491520, 0.0494080, 0.0483840, 0.0492160, 0.0489280, 0.0500480, 0.0635520, 0.0493120, 0.0566080, 0.0584320, 0.0481920 ],
"timesTransferFromDevice": [ 0.0667520, 0.1213440, 0.0592960, 0.0592960, 0.0583680, 0.0460800, 0.0841920, 0.0601280, 0.0586880, 0.0593920, 0.0595840, 0.0594560, 0.0746560, 0.0592000, 0.0591040, 0.0473600, 0.0474560, 0.0477440, 0.0480640, 0.0475200, 0.0472960, 0.0486080, 0.0474560, 0.0485120, 0.0477120, 0.0476480, 0.0472320, 0.0474240, 0.0471360, 0.0481600, 0.0447680, 0.0689280, 0.0387840, 0.0496640, 0.0376000, 0.0386240, 0.0378560, 0.0488320, 0.0382400, 0.0382400, 0.0376000, 0.0383040, 0.0376640, 0.0377280, 0.0377280, 0.0380160, 0.0375040, 0.0383040, 0.0375040, 0.0379200, 0.0376640, 0.0387200, 0.0518720, 0.0378880, 0.0376960, 0.0529600, 0.0374720, 0.0377280, 0.0388160, 0.0426240, 0.0373440, 0.0384640, 0.0381760, 0.0375040, 0.0376000, 0.0380160, 0.0380160, 0.0493120, 0.0376640, 0.0797120, 0.0373760, 0.0376640, 0.0373440, 0.0384320, 0.0372480, 0.0457600, 0.0377280, 0.0384640, 0.0380480, 0.0384000, 0.0381120, 0.0381440, 0.0379520, 0.0381760, 0.0376960, 0.0385280, 0.0413440, 0.0380800, 0.0382080, 0.0385600, 0.0376000, 0.0490560, 0.0380480, 0.0384000, 0.0532160, 0.0380480, 0.0379520, 0.0376960, 0.0374080, 0.0378880 ],
"bins": [ 4903, 138, 128, 128, 134, 127, 133, 127, 124, 118, 123, 129, 148, 117, 138, 120, 117, 109, 125, 136, 126, 111, 121, 113, 122, 136, 141 ]
}
,