{
"inputLengthInCharacters": 268435456,
"uniformInput": true,
"useMappingLetter": true,
"measurements": {
"histogram_atomic_global": {
"timesTransferToDevice": [ 43.5776329, 42.9352303, 41.4006729, 40.4283829, 40.7257271, 40.3768005, 40.2756805, 39.6554222, 39.7957115, 39.8783684, 39.1758385, 39.5393906, 38.9171829, 38.8800964, 39.0622711, 37.9123192, 37.7662735, 37.5923538, 37.3940468, 37.6653748, 37.3543053, 37.4338226, 37.6079674, 37.4763832, 37.4946251, 37.8235855, 37.3779831, 37.6023674, 37.7486382, 37.3162575, 37.3882866, 37.6043854, 37.2852478, 37.2095375, 36.8209267, 37.5436172, 37.2139206, 36.5721283, 37.0021439, 37.5854721, 37.3586235, 37.0478096, 37.1655045, 37.7444153, 37.0787506, 37.3811531, 37.2494392, 37.9093742, 37.2211189, 36.7939186, 37.0261421, 37.7635193, 37.1843185, 37.0317421, 37.6775055, 38.0792656, 36.9207344, 37.6632652, 37.5482559, 36.9392319, 36.7463036, 36.8377914, 38.1573448, 37.7702065, 37.6663055, 37.8057594, 37.3536644, 38.8210869, 37.9821129, 37.7945290, 38.0720634, 37.9567986, 37.8771858, 37.8329582, 37.5577278, 37.3008652, 37.1329918, 37.8075218, 37.2981453, 37.1996498, 37.1587524, 37.3563843, 37.2879677, 37.0789757, 37.2510071, 37.0391350, 37.3785286, 36.9525452, 37.1578560, 37.0045128, 37.6198082, 37.3011856, 37.0196800, 37.1104012, 37.6219826, 37.2522545, 36.9717102, 37.8615036, 37.6629753, 37.1309128 ],
"timesExecution": [ 535.4900513, 535.4954224, 535.4965210, 535.5364990, 535.5114136, 535.4956055, 535.5083618, 535.5170898, 535.4977417, 535.4949341, 535.5114136, 535.4911499, 535.4869995, 535.4967651, 535.4938965, 535.5166016, 535.4949951, 535.5045166, 535.5030518, 535.4827271, 535.4948730, 535.5346069, 535.4949341, 535.4982910, 535.5014038, 535.4865723, 535.5033569, 535.4807739, 535.5328979, 535.5015259, 535.5015259, 535.4973755, 535.4926758, 535.4908447, 535.4882812, 535.4874878, 535.4891357, 535.4860840, 535.5125732, 535.4999390, 535.5155640, 535.4924927, 535.4922485, 535.4992065, 535.4862061, 535.5029297, 535.5032349, 535.4989014, 535.4973145, 535.4989624, 535.5008545, 535.4816895, 535.4961548, 535.5318604, 535.4959717, 535.4944458, 535.4942017, 535.4846191, 535.4835815, 535.5040894, 535.4992065, 535.4970703, 535.4966431, 535.4788208, 535.5291138, 535.5172729, 535.5401001, 535.4967041, 535.5131836, 535.5083618, 535.4993896, 535.4974976, 535.4887695, 535.4863892, 535.5009155, 535.5004883, 535.5097656, 535.5040894, 535.4884644, 535.4808960, 535.5253906, 535.4958496, 535.4849243, 535.4954224, 535.4885254, 535.4863892, 535.4950562, 535.4873657, 535.5041504, 535.5028076, 535.4880981, 535.4902954, 535.4944458, 535.4840698, 535.4922485, 535.4945068, 535.4931641, 535.5222168, 535.4865723, 535.5015869 ],
"timesTransferFromDevice": [ 0.1249280, 0.1586240, 0.0904320, 0.1025280, 0.0869440, 0.0927360, 0.1032320, 0.1048000, 0.1400640, 0.0978880, 0.1388480, 0.1210240, 0.0893120, 0.0938880, 0.0915200, 0.0936960, 0.0908160, 0.0901760, 0.0902720, 0.0877760, 0.0915200, 0.1034560, 0.0912640, 0.0950080, 0.1427520, 0.0951360, 0.0996800, 0.0939840, 0.1089920, 0.0891520, 0.0888640, 0.0937920, 0.0914560, 0.0917120, 0.1301760, 0.0933440, 0.0912000, 0.0875840, 0.0929920, 0.0914880, 0.0891520, 0.0895040, 0.0922560, 0.0927680, 0.0901120, 0.0895040, 0.0925760, 0.0916800, 0.0918720, 0.0941760, 0.0987520, 0.0879360, 0.0898880, 0.0944000, 0.0874880, 0.0911040, 0.1067520, 0.1248320, 0.0869760, 0.0898880, 0.0915520, 0.0883520, 0.0919360, 0.0883840, 0.0923840, 0.1002880, 0.0935040, 0.0917440, 0.0945600, 0.1100480, 0.0903680, 0.1083520, 0.0887360, 0.1235840, 0.1181440, 0.0915840, 0.1024000, 0.0917760, 0.1262400, 0.0900160, 0.0916480, 0.0914880, 0.0989760, 0.0889280, 0.0906240, 0.1435200, 0.1005440, 0.0909440, 0.0902400, 0.0899200, 0.0898560, 0.1062400, 0.0899840, 0.0913280, 0.0885760, 0.0893760, 0.1049600, 0.1014720, 0.0943040, 0.0943040 ],
"bins": [ 0, 268435456, 0, 0, 0, 0, 0, 0, 0, 0, 0, 0, 0, 0, 0, 0, 0, 0, 0, 0, 0, 0, 0, 0, 0, 0, 0 ]
}
,
"histogram_atomic_private": {
"timesTransferToDevice": [ 37.1351662, 37.4416962, 37.0232658, 37.0838394, 37.3467522, 37.1136971, 37.5826874, 37.7735672, 37.2005768, 36.9956474, 37.2977905, 36.8885422, 37.1825600, 37.0744629, 36.8457298, 37.0219193, 37.6593590, 36.9137917, 37.2701111, 37.1963196, 37.2393265, 37.1342735, 37.1702080, 37.8637123, 37.0132790, 38.9643822, 37.3183365, 37.3740807, 37.3806076, 37.2475204, 37.3473587, 37.4523201, 37.2145615, 37.4001923, 37.1936302, 37.1494713, 37.1322556, 37.0066223, 37.0848312, 37.0293121, 37.5282249, 37.2726707, 37.1107216, 37.4311676, 37.8256645, 36.9945297, 36.8343697, 37.2790070, 37.5410233, 36.7723503, 37.3051834, 37.4050865, 37.0897598, 37.3927994, 37.6981125, 37.1916809, 36.9678726, 36.8097916, 37.7821121, 37.5340805, 36.9814415, 37.7159042, 38.4061127, 37.1100464, 37.2752647, 37.8122253, 37.1298256, 37.1504974, 37.7468796, 37.1106224, 37.3841934, 36.6056976, 37.2553902, 37.6031990, 37.0586548, 36.8941422, 36.6246719, 36.6677132, 36.5896645, 36.7477760, 36.8987503, 36.6789436, 36.4620476, 36.7827835, 36.6603203, 36.2374725, 36.9626884, 38.1767998, 38.1413765, 37.5034866, 38.5176315, 37.9356155, 38.2770233, 38.1248322, 37.5501137, 37.7477455, 37.7304001, 37.7113609, 37.2983360, 37.5526390 ],
"timesExecution": [ 124.9848328, 124.9250259, 124.9866257, 124.9895325, 124.9632339, 124.9693146, 125.0386276, 124.9956131, 124.9981461, 124.8698273, 124.8843842, 125.0529633, 124.8167648, 124.9626846, 124.9288940, 124.9181747, 124.8724518, 124.9177933, 124.9845428, 124.9822693, 124.9991379, 124.7592316, 125.0292511, 124.8376312, 125.0429153, 124.9107513, 124.9940796, 125.0808334, 125.0507812, 125.0385895, 125.0754852, 124.9779205, 125.1001587, 124.8560944, 124.8168945, 125.0004501, 124.7375717, 125.0172195, 124.9757767, 124.9631653, 125.0039673, 125.0522842, 125.0179825, 125.0201263, 125.0362854, 124.8619537, 124.7960358, 125.0090561, 124.8010254, 125.0714264, 124.9924469, 124.7937317, 124.9193573, 125.0671387, 124.8309097, 125.0230103, 124.8634262, 125.0357742, 125.0073929, 124.8435516, 124.9260178, 125.0173798, 125.0551987, 124.8727646, 124.9959717, 124.8868790, 125.0421448, 124.9458237, 124.9015656, 125.0226212, 125.0376358, 124.9496994, 124.8507538, 124.9848022, 124.8647995, 124.8761292, 124.9597778, 124.8463974, 124.9013138, 125.0538254, 125.0140762, 124.7659225, 124.8789444, 124.8422699, 124.7807693, 125.0438385, 124.9267807, 124.9038086, 125.0938873, 124.9277115, 125.0848923, 124.9550400, 124.9623337, 124.9465256, 125.0178909, 124.9400024, 124.8783646, 124.9328613, 125.0477448, 125.0237427 ],
"timesTransferFromDevice": [ 0.0991040, 0.0969280, 0.1168960, 0.0922880, 0.0947200, 0.0922240, 0.0936320, 0.0912000, 0.1171840, 0.0926080, 0.1040320, 0.0924480, 0.0952320, 0.0907520, 0.0910400, 0.0970880, 0.0933120, 0.0934720, 0.1025280, 0.0958080, 0.0928000, 0.0900800, 0.1011520, 0.0941760, 0.0945600, 0.1070080, 0.0952960, 0.0936000, 0.0965120, 0.0909120, 0.0963200, 0.0922560, 0.1022400, 0.0955840, 0.0928320, 0.0936960, 0.1254400, 0.1502080, 0.0951040, 0.0891520, 0.0948800, 0.0924480, 0.0899520, 0.0915520, 0.1006400, 0.0875200, 0.0946560, 0.0912000, 0.0983040, 0.0958720, 0.1011520, 0.1009600, 0.1023680, 0.0937600, 0.0938880, 0.0961920, 0.0914880, 0.0898240, 0.0954240, 0.0967680, 0.0946240, 0.0912000, 0.0933760, 0.0972480, 0.0962240, 0.0915840, 0.0924480, 0.0946240, 0.1017920, 0.0902400, 0.0938560, 0.0934400, 0.0928320, 0.0902080, 0.0969600, 0.0929280, 0.0990720, 0.1156800, 0.1632000, 0.0949120, 0.0970560, 0.1158720, 0.0922560, 0.0918080, 0.0977280, 0.0910720, 0.0975680, 0.0972800, 0.0943680, 0.0945920, 0.5856640, 0.0953920, 0.0970560, 0.0922560, 0.0932160, 0.0938880, 0.0914560, 0.0933760, 0.0944000, 0.0944640 ],
"bins": [ 0, 268435456, 0, 0, 0, 0, 0, 0, 0, 0, 0, 0, 0, 0, 0, 0, 0, 0, 0, 0, 0, 0, 0, 0, 0, 0, 0 ]
}
,