{
"inputLengthInCharacters": 2097152,
"uniformInput": true,
"useMappingLetter": false,
"measurements": {
"histogram_atomic_global": {
"timesTransferToDevice": [ 0.5321280, 0.4766400, 0.4557120, 0.5098560, 0.4116800, 0.4097280, 0.4170560, 0.5694400, 0.4160640, 0.4103680, 0.4047680, 0.5508480, 0.4291520, 0.4079680, 0.4707840, 0.5452160, 0.4286080, 0.4091200, 0.4108800, 0.5052800, 0.4123200, 0.4354240, 0.4060160, 0.4981760, 0.4060800, 0.4248960, 0.4058880, 0.4090240, 0.4075520, 0.4463040, 0.4407040, 0.4072320, 0.4046720, 0.4079360, 0.4273600, 0.4060160, 0.4898880, 0.4341440, 0.4455360, 0.4071360, 0.4984000, 0.4065920, 0.4360640, 0.4054080, 0.4893120, 0.4079040, 0.4063040, 0.4307520, 0.4053760, 0.4049600, 0.4029760, 0.4513280, 0.4912000, 0.4111040, 0.4062400, 0.4088640, 0.4085440, 0.4326400, 0.4075520, 0.4076160, 0.4076480, 0.5780800, 0.4434240, 0.4466240, 0.4333760, 0.5518400, 0.4292480, 0.4353600, 0.4051840, 0.5035840, 0.4289280, 0.4107840, 0.4043200, 0.4270720, 0.4291200, 0.4112960, 0.4068160, 0.4140160, 0.4392000, 0.4076480, 0.4043840, 0.4079680, 0.4100160, 0.4327360, 0.4275200, 0.4080000, 0.4968960, 0.4288960, 0.4271040, 0.4080640, 0.5030400, 0.4075520, 0.4431360, 0.4072320, 0.4063040, 0.4063360, 0.4255680, 0.4078400, 0.4489920, 0.4124160 ],
"timesExecution": [ 4.3463039, 4.3361602, 4.3427200, 4.3204160, 4.3109760, 4.3301439, 4.3001280, 4.3185921, 4.3502078, 4.3056960, 4.3007360, 4.3266559, 4.3458562, 4.3142080, 4.3409920, 4.3610239, 4.3478079, 4.3257279, 4.3590722, 4.3489280, 4.3423042, 4.3155198, 4.3292160, 4.3461118, 4.3139839, 4.3328638, 4.3119040, 4.3271999, 4.3173442, 4.3107519, 4.3412800, 4.3390079, 4.3130879, 4.3150721, 4.3369918, 4.3203840, 4.3134079, 4.3398719, 4.3314881, 4.3520322, 4.3772159, 4.3163519, 4.3339520, 4.3495040, 4.3177280, 4.3739839, 4.3136959, 4.3488002, 4.3286719, 4.3159361, 4.3155198, 4.3363199, 4.3103361, 4.3331518, 4.3282881, 4.2985921, 4.3004160, 4.3357439, 4.2980800, 4.3144960, 4.3394880, 4.3169599, 4.3231359, 4.3169599, 4.3337922, 4.3430080, 4.3118081, 4.3431678, 4.3246398, 4.3459840, 4.3148799, 4.3301120, 4.3164158, 4.3314562, 4.3420801, 4.3290238, 4.3104959, 4.3410559, 4.3223038, 4.3070078, 4.3380480, 4.2945919, 4.3407040, 4.3219519, 4.3099198, 4.3496318, 4.3209920, 4.3153920, 4.3434882, 4.3014722, 4.3150082, 4.3372159, 4.3238401, 4.3183999, 4.3531518, 4.3160319, 4.2946239, 4.3408322, 4.3334718, 4.3165441 ],
"timesTransferFromDevice": [ 0.1312320, 0.1345280, 0.1026240, 0.0666240, 0.0653760, 0.0877120, 0.0860800, 0.0637440, 0.0634240, 0.0622080, 0.0629760, 0.0954560, 0.0904000, 0.0618560, 0.0638720, 0.0952000, 0.0927040, 0.0905600, 0.1012160, 0.0975680, 0.0644800, 0.0830720, 0.0641600, 0.0644160, 0.0640640, 0.0636800, 0.0636480, 0.0625600, 0.0644800, 0.0622080, 0.0670080, 0.0628160, 0.0641600, 0.0618240, 0.0632640, 0.0628480, 0.0646400, 0.0631040, 0.0686720, 0.0632960, 0.0672000, 0.0631360, 0.0655680, 0.0626240, 0.0646400, 0.0638720, 0.0855680, 0.0633600, 0.0640960, 0.0796480, 0.0951360, 0.0663360, 0.0696960, 0.0643520, 0.0641920, 0.0630720, 0.1101760, 0.0628480, 0.0648000, 0.0872320, 0.0646720, 0.0636480, 0.0639680, 0.0637440, 0.0649600, 0.0652480, 0.0641280, 0.0625600, 0.0639040, 0.0634560, 0.0648960, 0.0630400, 0.0641280, 0.0745920, 0.0629760, 0.0628160, 0.0722560, 0.0628800, 0.0671360, 0.0640000, 0.0646400, 0.1780160, 0.0633920, 0.0628160, 0.0642240, 0.0618560, 0.0657920, 0.0641600, 0.0633280, 0.0632000, 0.0819840, 0.0625280, 0.0676480, 0.0638400, 0.0651520, 0.0633920, 0.0650880, 0.0827520, 0.0962240, 0.0626880 ],
"bins": [ 0, 0, 0, 0, 0, 0, 0, 0, 0, 0, 0, 0, 0, 0, 0, 0, 0, 0, 0, 0, 0, 0, 0, 0, 0, 0, 0, 0, 0, 0, 0, 0, 0, 0, 0, 0, 0, 0, 0, 0, 0, 0, 0, 0, 0, 0, 0, 0, 0, 0, 0, 0, 0, 0, 0, 0, 0, 0, 0, 0, 0, 0, 0, 0, 0, 0, 0, 0, 0, 0, 0, 0, 0, 0, 0, 0, 0, 0, 0, 0, 0, 0, 0, 0, 0, 0, 0, 0, 0, 0, 0, 0, 0, 0, 0, 0, 2097152, 0, 0, 0, 0, 0, 0, 0, 0, 0, 0, 0, 0, 0, 0, 0, 0, 0, 0, 0, 0, 0, 0, 0, 0, 0, 0, 0, 0, 0, 0, 0 ]
}
,
"histogram_atomic_private": {
"timesTransferToDevice": [ 0.4524480, 0.5502720, 0.4259520, 0.4524160, 0.4361280, 0.4402880, 0.4178880, 0.4138560, 0.5077440, 0.4441280, 0.4179200, 0.4134400, 0.4384640, 0.4105600, 0.4109120, 0.4430400, 0.4421760, 0.4987520, 0.4108800, 0.4065920, 0.4258880, 0.4061760, 0.4098880, 0.4373760, 0.5155520, 0.4074560, 0.4081920, 0.4071680, 0.4611200, 0.4522880, 0.4064320, 0.5005760, 0.4715840, 0.4094400, 0.4092480, 0.4095040, 0.4339840, 0.4104000, 0.4058880, 0.4031040, 0.5406080, 0.4281280, 0.4086080, 0.4639040, 0.4088320, 0.4429120, 0.4056960, 0.5021760, 0.4033280, 0.4283520, 0.4696640, 0.4072000, 0.4052160, 0.4283840, 0.4064640, 0.4053120, 0.4066240, 0.4572480, 0.4316800, 0.4042240, 0.4057600, 0.4266240, 0.4067200, 0.5132160, 0.4416000, 0.4456640, 0.4597760, 0.4050880, 0.4062080, 0.4774720, 0.5488640, 0.4434880, 0.4406720, 0.4066560, 0.4292800, 0.4055040, 0.4081280, 0.4074880, 0.4281280, 0.4960320, 0.4376960, 0.4363520, 0.4083840, 0.4260800, 0.4050560, 0.4045760, 0.5389760, 0.4255040, 0.4076800, 0.4381760, 0.4237120, 0.4046720, 0.4044480, 0.4808000, 0.4265600, 0.4043520, 0.4400320, 0.4045440, 0.4323200, 0.4084160 ],
"timesExecution": [ 1.1035520, 1.0763201, 1.1099200, 1.0846720, 1.0788800, 1.0999039, 1.0762560, 1.0727040, 1.1125760, 1.0961601, 1.1683840, 1.1012160, 1.0892800, 1.0777600, 1.1654720, 1.0941120, 1.0991679, 1.1282240, 1.0933440, 1.0992960, 1.1202880, 1.1013120, 1.1110400, 1.0915200, 1.1255680, 1.1086720, 1.0901760, 1.0884480, 1.1203200, 1.0919040, 1.0940160, 1.1138560, 1.1005440, 1.0988480, 1.1193600, 1.0952640, 1.0921600, 1.1314560, 1.0926400, 1.0908480, 1.1641920, 1.0978880, 1.1258240, 1.0935680, 1.0855041, 1.1189760, 1.1042880, 1.0926080, 1.1104960, 1.1023040, 1.1003200, 1.1446080, 1.0845760, 1.0857600, 1.1190079, 1.0964479, 1.1014080, 1.1266240, 1.1085761, 1.0865600, 1.1267520, 1.0844160, 1.1303999, 1.1126400, 1.0936000, 1.1403199, 1.0978880, 1.1126400, 1.1144000, 1.0994880, 1.1051840, 1.1251520, 1.0978880, 1.0865920, 1.1213760, 1.0925760, 1.1604160, 1.1248640, 1.1119360, 1.0973120, 1.1424320, 1.0922240, 1.0877440, 1.0917439, 1.1018240, 1.1028800, 1.0949440, 1.0838079, 1.1493440, 1.0983360, 1.0965760, 1.1093760, 1.0836160, 1.0823680, 1.1213120, 1.1898561, 1.1150720, 1.1331199, 1.0981441, 1.1038400 ],
"timesTransferFromDevice": [ 0.0644160, 0.0951040, 0.0809600, 0.0628480, 0.0615040, 0.0622720, 0.0607040, 0.0938560, 0.0615680, 0.0924480, 0.0798720, 0.0624320, 0.0637120, 0.0630720, 0.0615680, 0.0912960, 0.0633280, 0.0638400, 0.0711360, 0.0621440, 0.0629120, 0.0631040, 0.0694080, 0.0896640, 0.0629120, 0.0615040, 0.0613440, 0.0629440, 0.0621120, 0.0872640, 0.0615360, 0.0631680, 0.0934080, 0.0645760, 0.0619840, 0.0857600, 0.0626560, 0.0632000, 0.0618240, 0.0623680, 0.0655040, 0.0646400, 0.0620800, 0.0915200, 0.0640320, 0.0688640, 0.0628800, 0.0732800, 0.0959680, 0.0625280, 0.0910400, 0.0622080, 0.0612800, 0.1422400, 0.0615680, 0.0618240, 0.0607680, 0.0935680, 0.0678400, 0.0618240, 0.0616000, 0.0629440, 0.0808640, 0.0617280, 0.0919360, 0.0645440, 0.0624960, 0.0622720, 0.0613120, 0.0623680, 0.0614400, 0.0642880, 0.0616320, 0.1181760, 0.0619840, 0.0634880, 0.0812800, 0.0634560, 0.0619200, 0.0650240, 0.0898880, 0.0632320, 0.0627840, 0.0613120, 0.0606400, 0.0618240, 0.0619520, 0.0949440, 0.0875840, 0.0617920, 0.0610240, 0.0621120, 0.0617920, 0.0640000, 0.0907520, 0.0634240, 0.0620480, 0.0635200, 0.0621440, 0.0636160 ],
"bins": [ 0, 0, 0, 0, 0, 0, 0, 0, 0, 0, 0, 0, 0, 0, 0, 0, 0, 0, 0, 0, 0, 0, 0, 0, 0, 0, 0, 0, 0, 0, 0, 0, 0, 0, 0, 0, 0, 0, 0, 0, 0, 0, 0, 0, 0, 0, 0, 0, 0, 0, 0, 0, 0, 0, 0, 0, 0, 0, 0, 0, 0, 0, 0, 0, 0, 0, 0, 0, 0, 0, 0, 0, 0, 0, 0, 0, 0, 0, 0, 0, 0, 0, 0, 0, 0, 0, 0, 0, 0, 0, 0, 0, 0, 0, 0, 0, 2097152, 0, 0, 0, 0, 0, 0, 0, 0, 0, 0, 0, 0, 0, 0, 0, 0, 0, 0, 0, 0, 0, 0, 0, 0, 0, 0, 0, 0, 0, 0, 0 ]
}
,