{
"inputLengthInCharacters": 1024,
"uniformInput": true,
"useMappingLetter": false,
"measurements": {
"histogram_atomic_global": {
"timesTransferToDevice": [ 0.0418240, 0.0298560, 0.0269760, 0.0481920, 0.0273280, 0.0604160, 0.0471680, 0.0290880, 0.0582080, 0.0293440, 0.0273920, 0.0477760, 0.0290240, 0.0573120, 0.0392960, 0.0267200, 0.0275520, 0.0465600, 0.0262400, 0.0279360, 0.0268160, 0.0275520, 0.0439360, 0.0553600, 0.0259840, 0.0450880, 0.0231040, 0.0461760, 0.0188160, 0.0350080, 0.0306560, 0.0185920, 0.0184640, 0.0311360, 0.0189760, 0.0182720, 0.0398400, 0.0182080, 0.0192320, 0.0186560, 0.0346880, 0.0347840, 0.0178240, 0.0181760, 0.0308160, 0.0455360, 0.0183040, 0.0304320, 0.0176960, 0.0187200, 0.0179520, 0.0183680, 0.0303040, 0.0343040, 0.0182720, 0.0301760, 0.0176960, 0.0182720, 0.0337920, 0.0179840, 0.0303040, 0.0179520, 0.0176640, 0.0310400, 0.0176000, 0.0185920, 0.0301120, 0.0182080, 0.0185600, 0.0187520, 0.0335040, 0.0313280, 0.0182080, 0.0180800, 0.0305600, 0.0205760, 0.0181440, 0.0461440, 0.0179840, 0.0302400, 0.0180800, 0.0184640, 0.0303040, 0.0181760, 0.0339840, 0.0309760, 0.0179840, 0.0178560, 0.0178880, 0.0372800, 0.0307520, 0.0182080, 0.0179520, 0.0313600, 0.0182400, 0.0184640, 0.0459520, 0.0179840, 0.0177280, 0.0178560 ],
"timesExecution": [ 0.1093760, 0.1013760, 0.0768000, 0.0785280, 0.0716800, 0.0777280, 0.0767680, 0.0706560, 0.0774720, 0.0962560, 0.0760640, 0.0779840, 0.1002560, 0.0768000, 0.1126080, 0.0911040, 0.0723840, 0.0736960, 0.1128000, 0.0736640, 0.1064640, 0.0727040, 0.1002880, 0.0970560, 0.0717440, 0.0730560, 0.0632640, 0.0520320, 0.0512320, 0.0512960, 0.0508800, 0.0757760, 0.0505280, 0.0675520, 0.0624320, 0.0699840, 0.0521920, 0.0625920, 0.0501760, 0.0818560, 0.0502080, 0.0511040, 0.0635200, 0.0505280, 0.0503680, 0.0860160, 0.0499520, 0.0664320, 0.0616320, 0.0501760, 0.0665600, 0.0500480, 0.0655040, 0.0624640, 0.0493120, 0.0562880, 0.0614720, 0.0501440, 0.0626560, 0.0481280, 0.0491840, 0.0632000, 0.0500800, 0.0501120, 0.0621760, 0.0348480, 0.0491520, 0.0614400, 0.0494400, 0.0626880, 0.0492480, 0.0668480, 0.0622080, 0.0499520, 0.0499520, 0.0624000, 0.0655360, 0.0511040, 0.0491840, 0.0532800, 0.0628160, 0.0501440, 0.0494400, 0.0626560, 0.0502080, 0.0532800, 0.0614400, 0.0503040, 0.0631040, 0.0509120, 0.0665280, 0.0634240, 0.0491840, 0.0508800, 0.0617280, 0.0662400, 0.0499840, 0.0655680, 0.0492480, 0.0624960 ],
"timesTransferFromDevice": [ 0.1273600, 0.0804480, 0.0623360, 0.0671360, 0.0629440, 0.0959360, 0.0632640, 0.0613120, 0.0616000, 0.0603520, 0.0621120, 0.0905600, 0.0617920, 0.2080320, 0.1417920, 0.0567680, 0.0574080, 0.0812160, 0.0583360, 0.0566720, 0.0573120, 0.0559360, 0.0575360, 0.0815360, 0.0573120, 0.1605120, 0.0418880, 0.0561920, 0.0396160, 0.0386560, 0.0399360, 0.0392320, 0.0395520, 0.0394240, 0.0554880, 0.0393280, 0.0514560, 0.0393920, 0.0396480, 0.0392640, 0.0591040, 0.0386880, 0.0392640, 0.1295040, 0.0400640, 0.0381120, 0.0564480, 0.0387520, 0.0389120, 0.0379200, 0.0392000, 0.0482880, 0.0387200, 0.0549760, 0.0390720, 0.0479360, 0.0384320, 0.0378240, 0.0560000, 0.0380160, 0.0387840, 0.0380480, 0.0399040, 0.0544960, 0.0390080, 0.0544640, 0.0394880, 0.0382400, 0.0388800, 0.0386240, 0.0554560, 0.0376640, 0.0386240, 0.0384000, 0.0390080, 0.0379200, 0.0392640, 0.0536640, 0.0388800, 0.0379200, 0.0391360, 0.0384640, 0.0546880, 0.0481280, 0.0544320, 0.0381120, 0.0389120, 0.0384640, 0.0385280, 0.0373760, 0.0385280, 0.0382400, 0.0388480, 0.0375680, 0.0651200, 0.0465600, 0.0392960, 0.0384320, 0.0391680, 0.0375680 ],
"bins": [ 0, 0, 0, 0, 0, 0, 0, 0, 0, 0, 0, 0, 0, 0, 0, 0, 0, 0, 0, 0, 0, 0, 0, 0, 0, 0, 0, 0, 0, 0, 0, 0, 0, 0, 0, 0, 0, 0, 0, 0, 0, 0, 0, 0, 0, 0, 0, 0, 0, 0, 0, 0, 0, 0, 0, 0, 0, 0, 0, 0, 0, 0, 0, 0, 0, 0, 0, 0, 0, 0, 0, 0, 0, 0, 0, 0, 0, 0, 0, 0, 0, 0, 0, 0, 0, 0, 0, 0, 0, 0, 0, 0, 0, 0, 0, 0, 1024, 0, 0, 0, 0, 0, 0, 0, 0, 0, 0, 0, 0, 0, 0, 0, 0, 0, 0, 0, 0, 0, 0, 0, 0, 0, 0, 0, 0, 0, 0, 0 ]
}
,
"histogram_atomic_private": {
"timesTransferToDevice": [ 0.0850560, 0.0469120, 0.0280000, 0.0277760, 0.0483520, 0.0271360, 0.0273920, 0.0467200, 0.0281600, 0.0278400, 0.0280640, 0.0278080, 0.0502720, 0.0984320, 0.0306240, 0.0473920, 0.0280960, 0.0270720, 0.0281280, 0.0259200, 0.0475840, 0.0272000, 0.0280000, 0.0456000, 0.0529280, 0.0267840, 0.0479040, 0.0172480, 0.0208000, 0.0495360, 0.0200320, 0.0396800, 0.0212480, 0.0213120, 0.0213760, 0.0199360, 0.0431040, 0.0209280, 0.0210560, 0.0203200, 0.0210560, 0.0196800, 0.0387200, 0.0185280, 0.0473600, 0.0176640, 0.0183360, 0.0176000, 0.0185600, 0.0173440, 0.0179200, 0.0181440, 0.0185920, 0.0179840, 0.0351040, 0.0186240, 0.0181440, 0.0176960, 0.0178880, 0.0177600, 0.0184640, 0.0177920, 0.0345600, 0.0181440, 0.0188480, 0.0180480, 0.0189440, 0.0176640, 0.0342400, 0.0175360, 0.0184960, 0.0178240, 0.0205440, 0.0176640, 0.0354880, 0.0179520, 0.0189440, 0.0180160, 0.0178880, 0.0180800, 0.0343680, 0.0175360, 0.0180480, 0.0175680, 0.0188480, 0.0176000, 0.0344960, 0.0185920, 0.0189760, 0.0176320, 0.0182080, 0.0171840, 0.0344000, 0.0177920, 0.0176960, 0.0178560, 0.0182080, 0.0171840, 0.0178880, 0.0182720 ],
"timesExecution": [ 0.0767360, 0.0768960, 0.0706560, 0.0758080, 0.0501760, 0.1062400, 0.1063040, 0.0565440, 0.0511040, 0.0750720, 0.0963840, 0.0501760, 0.0768000, 0.0686400, 0.0510080, 0.0508160, 0.0696320, 0.0751040, 0.1009600, 0.0501760, 0.0494400, 0.0713280, 0.0501760, 0.0737920, 0.0871360, 0.0758080, 0.1986560, 0.0970560, 0.0572160, 0.0821120, 0.0571840, 0.0562560, 0.0573440, 0.0563200, 0.0566080, 0.0563200, 0.0579520, 0.0786240, 0.0574720, 0.0562560, 0.0563520, 0.0564480, 0.0582720, 0.1048000, 0.0829440, 0.0504640, 0.0501760, 0.0498880, 0.0501760, 0.0675200, 0.0509440, 0.0602240, 0.0507840, 0.0501760, 0.0501440, 0.0652800, 0.0501120, 0.0495040, 0.0512000, 0.0491200, 0.0501760, 0.0655040, 0.0501120, 0.0542720, 0.0492160, 0.0491520, 0.0501440, 0.0662080, 0.0504000, 0.0499520, 0.0504000, 0.0499840, 0.0493440, 0.0645120, 0.0509440, 0.0492160, 0.0493120, 0.0494080, 0.0502080, 0.0645760, 0.0504320, 0.0491840, 0.0498880, 0.0497920, 0.0542080, 0.0675520, 0.0501760, 0.0498240, 0.0501760, 0.0500160, 0.0501760, 0.0574720, 0.0501760, 0.0491840, 0.0493440, 0.0492160, 0.0497280, 0.0491200, 0.0666240, 0.0491200 ],
"timesTransferFromDevice": [ 0.0662720, 0.0669760, 0.0594880, 0.0602560, 0.0696640, 0.0604480, 0.0598400, 0.0750400, 0.0514880, 0.0608960, 0.0586560, 0.0855360, 0.0587840, 0.0609600, 0.0588480, 0.0653760, 0.0595840, 0.0851840, 0.0598720, 0.0606080, 0.0592960, 0.0587520, 0.0591040, 0.0592640, 0.0598720, 0.0608000, 0.0429440, 0.0659200, 0.0744640, 0.0444480, 0.0610240, 0.0443200, 0.0436480, 0.0569920, 0.0431680, 0.0448320, 0.0636480, 0.0441920, 0.0430080, 0.0445120, 0.0435520, 0.0436160, 0.0712960, 0.0403520, 0.0385920, 0.0387200, 0.0379200, 0.0450560, 0.0552320, 0.0388480, 0.0381440, 0.0385280, 0.0520640, 0.0388160, 0.0537600, 0.0389120, 0.0377920, 0.0382080, 0.0380160, 0.0385920, 0.0556160, 0.0780480, 0.0381120, 0.0382720, 0.0383360, 0.0382080, 0.0538560, 0.0390400, 0.0389760, 0.0671360, 0.0379200, 0.0392640, 0.0544320, 0.0420800, 0.0383360, 0.0390720, 0.0380480, 0.0380480, 0.0558720, 0.0392000, 0.0388480, 0.0827840, 0.0384000, 0.0378560, 0.0541760, 0.0389440, 0.0378880, 0.0384320, 0.0385600, 0.0383040, 0.0577280, 0.0491840, 0.0377600, 0.0385280, 0.0378880, 0.0378880, 0.0376000, 0.0555200, 0.0381440, 0.0383360 ],
"bins": [ 0, 0, 0, 0, 0, 0, 0, 0, 0, 0, 0, 0, 0, 0, 0, 0, 0, 0, 0, 0, 0, 0, 0, 0, 0, 0, 0, 0, 0, 0, 0, 0, 0, 0, 0, 0, 0, 0, 0, 0, 0, 0, 0, 0, 0, 0, 0, 0, 0, 0, 0, 0, 0, 0, 0, 0, 0, 0, 0, 0, 0, 0, 0, 0, 0, 0, 0, 0, 0, 0, 0, 0, 0, 0, 0, 0, 0, 0, 0, 0, 0, 0, 0, 0, 0, 0, 0, 0, 0, 0, 0, 0, 0, 0, 0, 0, 1024, 0, 0, 0, 0, 0, 0, 0, 0, 0, 0, 0, 0, 0, 0, 0, 0, 0, 0, 0, 0, 0, 0, 0, 0, 0, 0, 0, 0, 0, 0, 0 ]
}
,