{
"inputLengthInCharacters": 4096,
"uniformInput": false,
"useMappingLetter": true,
"measurements": {
"histogram_atomic_global": {
"timesTransferToDevice": [ 0.1268800, 0.0615040, 0.0470080, 0.0474560, 0.0467200, 0.0475520, 0.0624640, 0.0738560, 0.0562560, 0.0566080, 0.0634240, 0.1303040, 0.0543680, 0.0453440, 0.0439360, 0.0450240, 0.0444800, 0.0463040, 0.0438720, 0.0514880, 0.0438720, 0.0449280, 0.0467200, 0.1190400, 0.0493440, 0.0306560, 0.0294720, 0.0296960, 0.0305280, 0.0464640, 0.0296640, 0.0300160, 0.0298240, 0.0295680, 0.0299200, 0.0461440, 0.0499520, 0.0302720, 0.0289600, 0.0294400, 0.0296640, 0.0462400, 0.0297920, 0.0298880, 0.0295040, 0.0297920, 0.0408000, 0.0290560, 0.0294720, 0.0297920, 0.0294400, 0.0448960, 0.0296000, 0.0297920, 0.0295040, 0.0295680, 0.0291520, 0.0297920, 0.0290880, 0.0293760, 0.0292480, 0.0300800, 0.0294720, 0.0293120, 0.0290880, 0.0302720, 0.0289280, 0.0304960, 0.0467200, 0.0299200, 0.0296320, 0.0302720, 0.0300480, 0.0448640, 0.0294080, 0.0303680, 0.0294080, 0.0293440, 0.0293440, 0.0294720, 0.0296320, 0.0294080, 0.0295040, 0.0305600, 0.0292160, 0.0296320, 0.0288960, 0.0307840, 0.0293760, 0.0291520, 0.0291520, 0.0301120, 0.0295360, 0.0299200, 0.0376000, 0.0293760, 0.0295040, 0.0291840, 0.0293120, 0.0295040 ],
"timesExecution": [ 0.1136000, 0.1093760, 0.0950080, 0.0768000, 0.0753920, 0.0758080, 0.0738560, 0.0933440, 0.0920640, 0.1095360, 0.0890880, 0.1146880, 0.0850240, 0.0750080, 0.0706240, 0.0726720, 0.1228480, 0.0727360, 0.0868800, 0.0726720, 0.0931520, 0.0796160, 0.0768320, 0.0696320, 0.0491520, 0.0501760, 0.0646720, 0.0634560, 0.0673600, 0.0490880, 0.0604160, 0.0402560, 0.0488640, 0.0491200, 0.0623040, 0.0498880, 0.0593600, 0.0614400, 0.0481280, 0.0481280, 0.0480960, 0.1146880, 0.0484160, 0.0489600, 0.0778560, 0.0482240, 0.0481280, 0.0488960, 0.0595200, 0.0493760, 0.0478080, 0.0604160, 0.0479360, 0.0481600, 0.0481280, 0.0604160, 0.0685440, 0.0484480, 0.0593600, 0.0647040, 0.0481600, 0.0482880, 0.0595200, 0.0491200, 0.0488320, 0.0769920, 0.0808640, 0.0491840, 0.0489600, 0.0596800, 0.0481280, 0.0533120, 0.0635520, 0.0489920, 0.0634880, 0.0489280, 0.0625280, 0.0645120, 0.0481600, 0.0604160, 0.0481600, 0.0636800, 0.0481280, 0.0604160, 0.0641600, 0.0488960, 0.0397120, 0.0636160, 0.0481280, 0.0482240, 0.0595520, 0.0569920, 0.0646720, 0.0481280, 0.0643520, 0.0491840, 0.0747200, 0.0604160, 0.0488640, 0.0500160 ],
"timesTransferFromDevice": [ 0.0956800, 0.0824320, 0.0656640, 0.0607040, 0.0604800, 0.0610880, 0.0597760, 0.0715520, 0.0735680, 0.0698240, 0.0715200, 0.0672000, 0.0590400, 0.0568960, 0.0588160, 0.0851520, 0.0573440, 0.0560000, 0.0580800, 0.0561600, 0.0656960, 0.0530880, 0.0603520, 0.0389440, 0.0381440, 0.0379840, 0.0384000, 0.0380160, 0.0384960, 0.0537600, 0.0385280, 0.0376320, 0.0386240, 0.0373120, 0.0391040, 0.0532160, 0.0489600, 0.0379200, 0.0382080, 0.0370240, 0.0374080, 0.0537920, 0.0384000, 0.0370560, 0.0382080, 0.0371200, 0.0382400, 0.0373120, 0.0374080, 0.0369280, 0.0471040, 0.0421760, 0.0383040, 0.0371520, 0.0384320, 0.0475200, 0.0380160, 0.0373120, 0.0376000, 0.0372480, 0.0532480, 0.0370880, 0.0379840, 0.0373440, 0.0379520, 0.0376640, 0.0384000, 0.0375360, 0.0373760, 0.0370560, 0.0379520, 0.0371200, 0.0374720, 0.0368000, 0.0386240, 0.0368000, 0.0381120, 0.0374400, 0.0379520, 0.0376640, 0.0379200, 0.0367680, 0.0377920, 0.0373760, 0.0380480, 0.0374400, 0.0385600, 0.0381760, 0.0384000, 0.0368320, 0.0378880, 0.0371200, 0.0380800, 0.0372480, 0.0491200, 0.0370560, 0.0383680, 0.0372480, 0.0705920, 0.0376320 ],
"bins": [ 2463, 68, 73, 66, 66, 63, 60, 74, 61, 61, 68, 60, 70, 53, 66, 63, 53, 55, 53, 69, 63, 63, 59, 59, 57, 61, 69 ]
}
,
"histogram_atomic_private": {
"timesTransferToDevice": [ 0.0327040, 0.0302080, 0.0288320, 0.0273920, 0.0284480, 0.0278400, 0.0275840, 0.0265920, 0.0534080, 0.0274240, 0.0272640, 0.0265920, 0.0273920, 0.0271360, 0.0299520, 0.0260160, 0.0273280, 0.0262400, 0.0268480, 0.0259840, 0.0282560, 0.0267520, 0.0214080, 0.0577600, 0.0183360, 0.0169920, 0.0177600, 0.0174400, 0.0340480, 0.0176960, 0.0177280, 0.0176320, 0.0179200, 0.0168960, 0.0348800, 0.0169280, 0.0175040, 0.0174720, 0.0179200, 0.0171840, 0.0340480, 0.0171200, 0.0178560, 0.0168640, 0.0174720, 0.0171840, 0.0245760, 0.0330240, 0.0180800, 0.0178880, 0.0179840, 0.0172160, 0.0173120, 0.0336320, 0.0175360, 0.0172800, 0.0176960, 0.0165760, 0.0178240, 0.0170560, 0.0186880, 0.0351360, 0.0177920, 0.0173440, 0.0172480, 0.0173440, 0.0174080, 0.0172160, 0.0171840, 0.0175360, 0.0174720, 0.0176640, 0.0193280, 0.0169280, 0.0181440, 0.0168320, 0.0183040, 0.0330560, 0.0175680, 0.0166400, 0.0176000, 0.0168960, 0.0180160, 0.0172480, 0.0178560, 0.0332160, 0.0169920, 0.0166080, 0.0172160, 0.0245120, 0.0176000, 0.0165440, 0.0342080, 0.0181120, 0.0172800, 0.0173760, 0.0177600, 0.0169280, 0.0181120, 0.0328000 ],
"timesExecution": [ 0.1034880, 0.0756160, 0.1032960, 0.0748160, 0.0757440, 0.0750080, 0.0751040, 0.0727040, 0.1313280, 0.0738880, 0.0756800, 0.0747840, 0.0749440, 0.0748480, 0.0799040, 0.0993600, 0.0737280, 0.0737920, 0.0738240, 0.0743680, 0.0487680, 0.0984960, 0.0512000, 0.0501760, 0.0552000, 0.0512000, 0.0491200, 0.0474880, 0.0495040, 0.0501120, 0.0491840, 0.0489600, 0.0490880, 0.0716160, 0.0491520, 0.0499840, 0.0480960, 0.0490240, 0.0492480, 0.0655680, 0.0497920, 0.0489600, 0.0866560, 0.0482560, 0.0478080, 0.0481280, 0.0664640, 0.0481280, 0.0487360, 0.0491200, 0.0491200, 0.0483200, 0.0685440, 0.0491840, 0.0645120, 0.0481600, 0.0490560, 0.0487360, 0.0491520, 0.0481600, 0.0645440, 0.0500800, 0.0648000, 0.0488640, 0.0484480, 0.0488000, 0.0488960, 0.0481600, 0.0654080, 0.0614080, 0.0656640, 0.0481280, 0.0491200, 0.0483200, 0.0491840, 0.0491200, 0.0655680, 0.0482880, 0.0686400, 0.0490240, 0.0482240, 0.0858560, 0.0483520, 0.0491840, 0.0645440, 0.0489920, 0.0645120, 0.0481280, 0.0488960, 0.0484480, 0.0484480, 0.0662400, 0.0498880, 0.0488960, 0.0452480, 0.0489920, 0.0489600, 0.0491200, 0.0645120, 0.0480960 ],
"timesTransferFromDevice": [ 0.0763520, 0.0926400, 0.0760000, 0.0602240, 0.0589760, 0.0607040, 0.0864000, 0.0600320, 0.0596480, 0.0591360, 0.0644480, 0.0604160, 0.0588480, 0.0600000, 0.0588160, 0.0595840, 0.0585920, 0.0593920, 0.0586880, 0.0591360, 0.0581440, 0.0599040, 0.0561920, 0.0380480, 0.0386880, 0.0381760, 0.0536320, 0.0380480, 0.0378880, 0.0388160, 0.0377600, 0.0382720, 0.0539840, 0.0504960, 0.0380800, 0.0388480, 0.0384960, 0.0488000, 0.0542400, 0.0385600, 0.1243200, 0.0759040, 0.0377600, 0.0385280, 0.0375040, 0.0380480, 0.0380160, 0.0384320, 0.0376640, 0.0379840, 0.0378880, 0.0385600, 0.0523200, 0.0383040, 0.0378240, 0.0382720, 0.0428480, 0.0376640, 0.0376320, 0.0377600, 0.0643200, 0.0381120, 0.0381120, 0.0381760, 0.0379200, 0.0382720, 0.0379520, 0.0417280, 0.0379200, 0.0654720, 0.0376960, 0.0379840, 0.0415680, 0.0376000, 0.0377280, 0.0383360, 0.0383360, 0.0380800, 0.0380480, 0.0381760, 0.0373440, 0.0383680, 0.0372800, 0.0433280, 0.0379200, 0.0381120, 0.0380480, 0.0381440, 0.0379840, 0.0376320, 0.0375040, 0.0490560, 0.0531520, 0.0376960, 0.0372160, 0.0378560, 0.0372800, 0.0541440, 0.0382400, 0.0376320 ],
"bins": [ 2463, 68, 73, 66, 66, 63, 60, 74, 61, 61, 68, 60, 70, 53, 66, 63, 53, 55, 53, 69, 63, 63, 59, 59, 57, 61, 69 ]
}
,