{
"inputLengthInCharacters": 4194304,
"uniformInput": true,
"useMappingLetter": false,
"measurements": {
"histogram_atomic_global": {
"timesTransferToDevice": [ 0.9416320, 0.8593600, 1.0020480, 0.8351040, 0.8743360, 0.8348800, 0.8570560, 0.7896640, 0.8299520, 0.8547520, 0.8372160, 0.7942720, 0.8376000, 0.7539840, 0.7868160, 0.8242240, 0.8175360, 0.8522880, 0.7895680, 0.7549120, 0.8342400, 0.7744000, 0.8531520, 0.7755520, 0.8035840, 0.7455680, 0.7857280, 0.8994240, 0.8081280, 0.7717120, 0.7976960, 0.7831040, 0.7818880, 0.7832960, 0.8159360, 0.8685760, 0.8146560, 0.7479680, 0.7960000, 0.7608320, 0.9245760, 0.7741120, 0.7841920, 0.7467520, 0.8096000, 0.9177920, 0.7449600, 0.7947200, 0.8838080, 0.7671040, 0.7858240, 0.8307840, 0.8362880, 0.7430400, 0.7382080, 0.8094400, 0.8167680, 0.7993600, 0.8486400, 0.8006080, 0.7766720, 0.8275520, 0.7374400, 0.8895360, 0.8220800, 0.7425280, 0.7794240, 0.7840000, 0.9821440, 0.7428160, 0.8061760, 0.7639680, 0.8360320, 0.8081920, 0.8140480, 0.7695040, 0.8332160, 0.7410880, 0.8908480, 0.7766400, 0.7896320, 0.7667840, 0.8055680, 0.7734720, 0.7869440, 0.7493760, 0.9298880, 0.7841920, 0.8002880, 0.7776960, 0.7998400, 0.8519040, 0.7971520, 0.7459200, 0.7778240, 0.7599360, 0.8877760, 0.7685120, 0.7820480, 0.9244480 ],
"timesExecution": [ 8.5529604, 8.5203199, 8.5741758, 8.5803843, 8.6232004, 8.5425920, 8.5488319, 8.5302076, 8.5732803, 8.5755520, 8.4937601, 8.5637760, 8.5213757, 8.5192318, 8.5531197, 8.5143356, 8.5042877, 8.5525436, 8.5154238, 8.5146875, 8.5223999, 8.5173445, 8.5204477, 8.5083523, 8.5110083, 8.5433598, 8.4899521, 8.5633278, 8.5315199, 8.5115843, 8.5280638, 8.5535364, 8.5851517, 8.5123196, 8.5296316, 8.5185604, 8.5075521, 8.5439043, 8.5047045, 8.4865923, 8.5629444, 8.5154877, 8.5536642, 8.5456638, 8.5027523, 8.5527039, 8.5194244, 8.5110083, 8.5612164, 8.5592642, 8.5344000, 8.5743675, 8.5151358, 8.5159998, 8.5384321, 8.5158720, 8.5484476, 8.5178881, 8.5550079, 8.5163202, 8.5484800, 8.5425920, 8.5705605, 8.5493755, 8.5159998, 8.5745916, 8.5091524, 8.5652475, 8.5582724, 8.5078077, 8.5012484, 8.5661764, 8.5298557, 8.5599356, 8.5436478, 8.5424004, 8.5523844, 8.6095362, 8.5171843, 8.5475197, 8.5654716, 8.5485125, 8.5464001, 8.5576639, 8.5160637, 8.5806398, 8.5059204, 8.5573444, 8.5286083, 8.5394564, 8.5071678, 8.5701437, 8.5156164, 8.5485764, 8.5336962, 8.5418882, 8.5089922, 8.5411196, 8.4931517, 8.5284157 ],
"timesTransferFromDevice": [ 0.1352960, 0.1315520, 0.0734720, 0.0712960, 0.0717440, 0.0696000, 0.1502080, 0.0904000, 0.1055040, 0.0710400, 0.1075520, 0.0671040, 0.1083840, 0.0661120, 0.1028480, 0.0918400, 0.0681920, 0.0854400, 0.0702080, 0.0654080, 0.0921600, 0.0630720, 0.0954880, 0.0651840, 0.1128320, 0.0843200, 0.0940160, 0.0709120, 0.0946880, 0.0665280, 0.0962560, 0.0646080, 0.0999360, 0.0655680, 0.0948160, 0.0644480, 0.0962240, 0.0615360, 0.0623680, 0.0629440, 0.1082560, 0.1091200, 0.0957440, 0.0760000, 0.0714560, 0.0677760, 0.0671680, 0.0664960, 0.1162240, 0.0770560, 0.0662400, 0.0719040, 0.2004160, 0.0659200, 0.0716800, 0.0670400, 0.0674560, 0.0657600, 0.0699840, 0.0661120, 0.0665920, 0.0680960, 0.0643200, 0.0677760, 0.1068160, 0.0683840, 0.0984960, 0.0706240, 0.0894720, 0.0669440, 0.1730560, 0.0656320, 0.1226560, 0.0670720, 0.0973760, 0.0641920, 0.1000000, 0.0657280, 0.1269440, 0.0665920, 0.2138240, 0.0642560, 0.0928320, 0.0665280, 0.1025280, 0.0640320, 0.0686400, 0.0673600, 0.0979520, 0.0642240, 0.0944960, 0.0650560, 0.0946560, 0.0646080, 0.1175680, 0.0640320, 0.0967360, 0.0812800, 0.0710400, 0.0884160 ],
"bins": [ 0, 0, 0, 0, 0, 0, 0, 0, 0, 0, 0, 0, 0, 0, 0, 0, 0, 0, 0, 0, 0, 0, 0, 0, 0, 0, 0, 0, 0, 0, 0, 0, 0, 0, 0, 0, 0, 0, 0, 0, 0, 0, 0, 0, 0, 0, 0, 0, 0, 0, 0, 0, 0, 0, 0, 0, 0, 0, 0, 0, 0, 0, 0, 0, 0, 0, 0, 0, 0, 0, 0, 0, 0, 0, 0, 0, 0, 0, 0, 0, 0, 0, 0, 0, 0, 0, 0, 0, 0, 0, 0, 0, 0, 0, 0, 0, 4194304, 0, 0, 0, 0, 0, 0, 0, 0, 0, 0, 0, 0, 0, 0, 0, 0, 0, 0, 0, 0, 0, 0, 0, 0, 0, 0, 0, 0, 0, 0, 0 ]
}
,
"histogram_atomic_private": {
"timesTransferToDevice": [ 0.8393920, 0.8293760, 0.7740800, 0.7753600, 0.7653120, 0.7921600, 0.7659840, 0.7930240, 0.8357120, 0.7424000, 0.7571840, 0.7671360, 0.8730880, 0.7985600, 0.7638080, 0.7887360, 0.7896960, 0.8582720, 0.7815040, 0.7991360, 0.7675520, 0.9541120, 0.7498560, 0.7703040, 0.7786880, 0.8236800, 0.9120640, 0.7858560, 0.7518080, 0.7413760, 0.7677120, 0.7679040, 0.7970880, 0.7700800, 0.7607040, 0.8359040, 0.7415360, 0.7915520, 0.7645120, 0.8822400, 0.7603840, 0.8374720, 0.7476800, 0.7396160, 0.8722880, 0.7598400, 0.7710720, 0.8268480, 0.8793280, 0.7401280, 0.7498880, 0.7388800, 0.7656960, 0.9163520, 0.7735680, 0.7626880, 0.7713920, 0.8570240, 0.7800320, 0.7651520, 0.7679680, 0.7615040, 0.7656640, 0.7649920, 0.7737600, 0.7420480, 0.8499840, 0.7508480, 0.7739840, 0.8027840, 0.8938560, 0.7676800, 0.7517760, 0.7394880, 0.7726400, 0.8732800, 0.7722880, 0.7604480, 0.7745920, 0.8348480, 0.7389120, 0.7442560, 0.7738880, 0.7588160, 0.8720320, 0.8011200, 0.7688000, 0.7800960, 0.8512640, 0.7415680, 0.7984000, 0.7650560, 0.7771520, 0.9021760, 0.7512960, 0.7362560, 0.7454080, 0.8853120, 0.7728960, 0.7641600 ],
"timesExecution": [ 2.0859840, 2.0650561, 2.0809920, 2.0497921, 2.0492480, 2.0724161, 2.1921921, 2.0927360, 2.1085761, 2.0671041, 2.0856321, 2.0882559, 2.0856640, 2.1256959, 2.1239679, 2.1617279, 2.0844800, 2.1000960, 2.1057920, 2.1149759, 2.1223681, 2.1064639, 2.1992640, 2.0871041, 2.0976641, 2.1114240, 2.0946879, 2.0881920, 2.1172481, 2.0742400, 2.0802240, 2.1048639, 2.0841920, 2.0796161, 2.1126721, 2.0683520, 2.0829120, 2.1013761, 2.0754559, 2.0885761, 2.1396799, 2.1132801, 2.1177280, 2.0762241, 2.0761919, 2.0988159, 2.0797119, 2.0915520, 2.1201921, 2.0693440, 2.1274879, 2.1002560, 2.0794239, 2.0920000, 2.1240640, 2.0743680, 2.0837440, 2.1190400, 2.0956481, 2.0768321, 2.1773119, 2.0671360, 2.0869119, 2.0847039, 2.0834241, 2.1503999, 2.0795519, 2.0717120, 2.1229119, 2.0694399, 2.0986559, 2.2056000, 2.0903039, 2.1004159, 2.1055360, 2.0873280, 2.0904641, 2.0984960, 2.0818560, 2.0678720, 2.1192639, 2.0712321, 2.0829439, 2.0620799, 2.1192639, 2.0968001, 2.0843201, 2.0740480, 2.1199679, 2.0768321, 2.0875521, 2.1071041, 2.0844159, 2.1215360, 2.1226881, 2.0900159, 2.0807681, 2.1373439, 2.0737600, 2.0769279 ],
"timesTransferFromDevice": [ 0.0653440, 0.0936000, 0.1404160, 0.0629760, 0.0606400, 0.0621760, 0.0651840, 0.0917440, 0.0649600, 0.0746880, 0.0882560, 0.0700800, 0.0637760, 0.0683520, 0.0626240, 0.1018240, 0.0641920, 0.0969280, 0.0665600, 0.0992960, 0.0644480, 0.1008640, 0.0627840, 0.0961280, 0.0662720, 0.0718080, 0.0976320, 0.0990080, 0.0638720, 0.0945280, 0.0619840, 0.1026560, 0.0626880, 0.1030400, 0.0709120, 0.0643840, 0.0615360, 0.0962560, 0.0623360, 0.1038400, 0.0627840, 0.1099200, 0.0638400, 0.0651520, 0.0631040, 0.0627200, 0.0640640, 0.1003200, 0.0723200, 0.0994560, 0.0626880, 0.0968640, 0.0616000, 0.1031040, 0.0641920, 0.0684480, 0.0627200, 0.1024000, 0.0641920, 0.0945920, 0.0636800, 0.0635840, 0.0951360, 0.0883200, 0.0980160, 0.0454080, 0.0610240, 0.0985920, 0.0640640, 0.1202880, 0.0638720, 0.0963840, 0.0617600, 0.0963840, 0.0607040, 0.0994880, 0.0615360, 0.0939520, 0.0623040, 0.0846080, 0.0619840, 0.0969600, 0.0618880, 0.0926720, 0.0624000, 0.0670080, 0.0621440, 0.0972160, 0.0633280, 0.0975360, 0.0616320, 0.1019200, 0.0632640, 0.0754240, 0.0641280, 0.1208640, 0.0625280, 0.1037120, 0.0639680, 0.0946240 ],
"bins": [ 0, 0, 0, 0, 0, 0, 0, 0, 0, 0, 0, 0, 0, 0, 0, 0, 0, 0, 0, 0, 0, 0, 0, 0, 0, 0, 0, 0, 0, 0, 0, 0, 0, 0, 0, 0, 0, 0, 0, 0, 0, 0, 0, 0, 0, 0, 0, 0, 0, 0, 0, 0, 0, 0, 0, 0, 0, 0, 0, 0, 0, 0, 0, 0, 0, 0, 0, 0, 0, 0, 0, 0, 0, 0, 0, 0, 0, 0, 0, 0, 0, 0, 0, 0, 0, 0, 0, 0, 0, 0, 0, 0, 0, 0, 0, 0, 4194304, 0, 0, 0, 0, 0, 0, 0, 0, 0, 0, 0, 0, 0, 0, 0, 0, 0, 0, 0, 0, 0, 0, 0, 0, 0, 0, 0, 0, 0, 0, 0 ]
}
,