{
"inputLengthInCharacters": 33554432,
"uniformInput": false,
"useMappingLetter": false,
"measurements": {
"histogram_atomic_global": {
"timesTransferToDevice": [ 6.9855042, 6.6107841, 6.5531201, 7.0205121, 6.5468478, 6.4352322, 6.3667521, 6.7286401, 6.3754559, 6.6001921, 6.2775998, 6.0437121, 6.1199999, 6.1369281, 4.7626882, 6.3238401, 6.1447039, 6.2695680, 6.2369599, 6.2259841, 6.3911362, 6.3531842, 5.8571200, 5.0276799, 5.8974719, 5.9903359, 6.1493120, 6.3960638, 6.2335682, 6.0197120, 5.9495039, 6.2165761, 6.3426881, 6.0595841, 5.9331198, 5.9849281, 6.5768962, 6.1047678, 5.8926401, 6.0066242, 5.8990402, 5.0472960, 5.9979839, 5.4006400, 6.1735039, 4.7462401, 6.1104641, 6.5380158, 6.1064959, 5.8886719, 6.0579200, 6.2306881, 6.2145281, 5.9480000, 6.5439682, 6.0561600, 6.1214080, 6.1681280, 5.8970881, 5.8982401, 6.0291519, 6.2497282, 6.0424318, 5.9906559, 5.4543681, 6.2719040, 5.9397440, 5.8873920, 4.9944639, 6.1443520, 5.7652159, 6.0207038, 4.5054402, 6.1775041, 6.2291198, 6.0394559, 5.3435521, 6.0552640, 6.0300159, 5.9659519, 6.3623042, 6.0847678, 6.0977921, 6.0822082, 5.8840642, 5.9451518, 6.2982721, 6.0882878, 4.7050562, 6.0820479, 6.0593281, 5.9818239, 6.2177601, 6.4607358, 6.0478721, 6.0965438, 5.9447041, 4.9877439, 6.0423360, 5.0628161 ],
"timesExecution": [ 24.4858875, 24.5376644, 24.5916157, 24.5033913, 24.4879684, 24.5279999, 24.4934406, 24.4916477, 24.5111351, 24.4823685, 24.5061436, 24.6843529, 24.5622406, 24.4241600, 24.6168003, 24.4246082, 24.4548798, 24.5398712, 24.4323845, 24.4144325, 24.4931526, 24.4993591, 24.5522556, 24.4808311, 24.7343998, 24.7348480, 24.7305603, 24.6688004, 24.7372799, 24.7547836, 24.7317753, 24.6912632, 24.7068481, 24.7035198, 24.7820168, 24.8147202, 24.6929607, 24.7280312, 24.6832314, 24.8363209, 24.7240009, 24.7367992, 24.7947197, 24.7796803, 24.6982079, 24.7409592, 24.7751999, 24.7193604, 24.6789112, 24.7903996, 24.6988792, 24.7717113, 24.7226562, 24.6946564, 24.8450565, 24.7550392, 24.7003517, 24.7746563, 24.7904644, 24.7633591, 24.7801285, 24.7479992, 24.7952957, 24.6829433, 24.6670723, 24.7206078, 24.7543049, 24.6785278, 24.7255363, 24.6858883, 24.7295036, 24.7080002, 24.7272644, 24.6719360, 24.7518406, 24.7091198, 24.6638088, 24.7202568, 24.7295685, 24.7491837, 24.7545280, 24.6810875, 24.6704960, 24.6759357, 24.8001289, 24.7444801, 24.7599049, 24.6943684, 24.7510395, 24.6778889, 24.7292480, 24.7772160, 24.7553272, 24.6970558, 24.7793598, 24.7405758, 24.7441921, 24.7616005, 24.7025280, 24.7230072 ],
"timesTransferFromDevice": [ 0.1958080, 0.1859520, 0.0962240, 0.2014400, 0.1905600, 0.0820160, 0.1696320, 0.2135040, 0.1417600, 0.1289600, 0.1578880, 0.0751040, 0.1896320, 0.0690880, 0.1893760, 0.1150080, 0.1124160, 0.1650560, 0.1221440, 0.0764800, 0.0784640, 0.1216960, 0.1323520, 0.0876160, 0.1457920, 0.1289280, 0.1272640, 0.0822400, 0.1563520, 0.1513280, 0.1691520, 0.0796160, 0.1107200, 0.1848320, 0.1124480, 0.0956480, 0.1209280, 0.0768960, 0.2531200, 0.1452480, 0.0727360, 0.1553920, 0.1155840, 0.1085440, 0.0682880, 0.1418560, 0.0868160, 0.1365120, 0.0799360, 0.1398720, 0.0803520, 0.0923840, 0.1157120, 0.0847680, 0.1562240, 0.1260480, 0.0822720, 0.1444160, 0.2038720, 0.1435840, 0.0700160, 0.1433280, 0.0784000, 0.1171520, 0.1174720, 0.1311360, 0.1579520, 0.0670720, 0.0647360, 0.0863360, 0.1422400, 0.0729280, 0.1325440, 0.0772160, 0.0791040, 0.1457280, 0.1202560, 0.0814080, 0.1239680, 0.1226560, 0.1846400, 0.0817280, 0.0826240, 0.1324480, 0.1908800, 0.0842240, 0.1060800, 0.0720000, 0.0790080, 0.1128000, 0.0853440, 0.1989440, 0.1227520, 0.1207680, 0.1205760, 0.0947200, 0.0731200, 0.1389760, 0.0899200, 0.1334400 ],
"bins": [ 261629, 262862, 262209, 262645, 262419, 262251, 261424, 262470, 262847, 262401, 261812, 262128, 262104, 261961, 262023, 261457, 262992, 262526, 262337, 261514, 262078, 261330, 261719, 262311, 262159, 261394, 262109, 262918, 262625, 261667, 261374, 261679, 262954, 261987, 262212, 262250, 261993, 262324, 261212, 262648, 261702, 262804, 262696, 261960, 260777, 261653, 262655, 261906, 262061, 262103, 261795, 261783, 263824, 261822, 262017, 262020, 262337, 262123, 262131, 262155, 261262, 261484, 262306, 262349, 262426, 261502, 262176, 262394, 262356, 262166, 261586, 263725, 262212, 262170, 261158, 262041, 262539, 262537, 263354, 263205, 262964, 261856, 261901, 262750, 262548, 262114, 262528, 262719, 261802, 262544, 261840, 262063, 262962, 261628, 262045, 261329, 262350, 261335, 261803, 262507, 261661, 262184, 262334, 261841, 261720, 261749, 262571, 262625, 262529, 261702, 263166, 261913, 262066, 262474, 261917, 262578, 261584, 261063, 261159, 262488, 262282, 262467, 261844, 262383, 262309, 261502, 262432, 262075 ]
}
,
"histogram_atomic_private": {
"timesTransferToDevice": [ 6.5413122, 5.9782720, 6.1151042, 4.7783041, 5.1349440, 5.8243842, 5.9973121, 5.8554239, 5.9595842, 6.0603838, 4.8722558, 5.6960959, 6.3927999, 5.8428798, 5.9392638, 5.9232640, 6.0847678, 6.2878079, 6.1320958, 6.0757442, 5.9305601, 6.4631038, 4.6318402, 5.6185279, 5.5492802, 5.5978880, 5.6662402, 5.6895680, 5.7050562, 5.8575039, 5.3971839, 4.6746559, 4.6654720, 5.8920960, 5.1173120, 5.6096640, 5.6448002, 5.4247680, 5.7369280, 5.7916160, 5.8837118, 5.5570560, 5.3676801, 6.0522242, 5.2992640, 5.4588161, 5.8951039, 5.4447680, 5.4744320, 5.9881601, 5.4261122, 5.4919362, 5.9536319, 5.5319042, 5.5650239, 5.4524159, 4.6156158, 5.7088318, 5.8202562, 5.7450881, 5.6114879, 5.7151041, 5.5752001, 5.5143681, 5.8789439, 5.4192958, 5.3948159, 4.7062402, 5.4720960, 5.3960319, 5.5514240, 5.5721922, 5.1946878, 4.4373441, 4.5217280, 4.5217919, 4.4746881, 5.1981759, 6.3534398, 6.1956482, 5.9114561, 5.7219520, 5.6763520, 5.4561601, 6.0477762, 6.0554562, 5.9548802, 5.5240321, 5.9500480, 5.8811841, 5.8501120, 4.7956161, 4.8497920, 6.1375680, 5.7408319, 5.6303682, 5.7313919, 5.6801281, 5.6102719, 5.4390721 ],
"timesExecution": [ 6.1248322, 6.1202240, 6.0605121, 6.0762239, 6.0807681, 6.0885439, 6.1366720, 6.0877442, 6.1261759, 6.0672002, 6.0307522, 6.0779839, 6.1272960, 6.0652480, 6.1281281, 6.0555520, 6.0961599, 6.1485438, 6.1143360, 6.1186562, 6.1944642, 6.0748162, 6.0610561, 6.0195522, 6.0860481, 6.0887361, 6.0950079, 6.1013761, 6.1149440, 6.1699200, 6.0465598, 6.0973439, 6.0934401, 6.0252800, 6.1269441, 6.0824642, 6.0840640, 6.1271682, 6.0728002, 6.0873280, 6.1551042, 6.0913920, 6.0917759, 6.0893760, 6.0819840, 6.1124158, 6.1161280, 6.1009278, 6.0913601, 6.1153922, 6.0858560, 6.0950079, 6.0967040, 6.1245441, 6.1501760, 6.0609279, 6.1146560, 6.1145921, 6.0854721, 6.0544639, 6.1291199, 6.0816002, 6.1190081, 6.1003518, 6.0973439, 6.0732479, 6.0344000, 6.0251198, 6.0876160, 6.0894718, 6.0926719, 6.1064000, 6.0453439, 6.0759678, 6.0824962, 6.0695038, 6.1639361, 6.1709118, 6.1552958, 6.1573119, 6.1362562, 6.0690880, 6.1372800, 6.2371202, 6.1246400, 6.1217918, 6.1248002, 6.1061440, 6.0950079, 6.1127038, 6.0901761, 6.0807362, 6.0623040, 6.0830078, 6.0990400, 6.0260801, 6.0742402, 6.1655040, 6.1450882, 6.0556159 ],