{
"inputLengthInCharacters": 256,
"uniformInput": false,
"useMappingLetter": true,
"measurements": {
"histogram_atomic_global": {
"timesTransferToDevice": [ 0.0737280, 0.0311680, 0.0517440, 0.0299520, 0.0278080, 0.0292160, 0.0650240, 0.0300160, 0.0275520, 0.0273600, 0.0272000, 0.0273280, 0.0279040, 0.0275520, 0.0280320, 0.0268160, 0.0267200, 0.0235200, 0.0252800, 0.0247680, 0.0242240, 0.0249920, 0.0240320, 0.0241280, 0.0468480, 0.0429760, 0.0247360, 0.0247680, 0.0407040, 0.0247040, 0.0235200, 0.0180480, 0.0181760, 0.0180160, 0.0174400, 0.0184640, 0.0319360, 0.0186560, 0.0176320, 0.0176640, 0.0186880, 0.0172800, 0.0174080, 0.0177920, 0.0337920, 0.0176320, 0.0176000, 0.0183360, 0.0289600, 0.0174400, 0.0178560, 0.0320960, 0.0176640, 0.0178880, 0.0298560, 0.0176000, 0.0171840, 0.0180480, 0.0176640, 0.0173120, 0.0173760, 0.0176320, 0.0183360, 0.0178240, 0.0172160, 0.0181760, 0.0173440, 0.0177600, 0.0173120, 0.0186560, 0.0339520, 0.0184320, 0.0174400, 0.0179520, 0.0302720, 0.0201280, 0.0189760, 0.0455040, 0.0176960, 0.0178240, 0.0180480, 0.0178880, 0.0180800, 0.0337600, 0.0176640, 0.0179200, 0.0174400, 0.0180480, 0.0339520, 0.0176000, 0.0175360, 0.0185920, 0.0175680, 0.0184640, 0.0176000, 0.0337280, 0.0172800, 0.0177920, 0.0177600, 0.0180480 ],
"timesExecution": [ 0.1126720, 0.0850240, 0.0514560, 0.0525440, 0.0726720, 0.0522240, 0.0503040, 0.1024000, 0.0512320, 0.0504000, 0.0696320, 0.0510720, 0.0512000, 0.1002560, 0.0500800, 0.0512000, 0.0696000, 0.0625920, 0.0730240, 0.0850240, 0.0464640, 0.0461120, 0.0491520, 0.0460480, 0.0458240, 0.0687040, 0.0460480, 0.0460480, 0.0457280, 0.0461120, 0.1697280, 0.0758080, 0.0696320, 0.0625600, 0.0512000, 0.0512000, 0.0675840, 0.0513280, 0.0674560, 0.0617920, 0.0503680, 0.0511680, 0.0613440, 0.0676480, 0.0509760, 0.0626880, 0.0511680, 0.0508480, 0.0510720, 0.0932160, 0.0672640, 0.0508480, 0.0666880, 0.0502080, 0.0508800, 0.0504640, 0.0613760, 0.0699520, 0.0502080, 0.0604800, 0.0501760, 0.0512000, 0.0481280, 0.0512000, 0.0665600, 0.0614400, 0.0502080, 0.0512000, 0.0605120, 0.1033920, 0.0511680, 0.0624320, 0.0502400, 0.0519040, 0.0512640, 0.0510080, 0.0665600, 0.0512320, 0.0501760, 0.0632320, 0.0501760, 0.0522560, 0.0766720, 0.0520640, 0.0512320, 0.0614400, 0.0504000, 0.0614720, 0.0614080, 0.0693760, 0.0503360, 0.0635840, 0.0510720, 0.0493440, 0.0706240, 0.0510400, 0.0491840, 0.0520640, 0.0501760, 0.0654400 ],
"timesTransferFromDevice": [ 0.0925120, 0.0809280, 0.1226880, 0.0626880, 0.0615680, 0.0629760, 0.0980480, 0.0612160, 0.0641280, 0.0483200, 0.0599680, 0.0608000, 0.0900160, 0.0603200, 0.0644800, 0.0594560, 0.0514560, 0.1904960, 0.0913920, 0.0780800, 0.0535680, 0.0536640, 0.0536320, 0.0587200, 0.0742400, 0.0532160, 0.0536640, 0.0589120, 0.0536000, 0.0756160, 0.0479040, 0.0885440, 0.0391040, 0.0382080, 0.0386560, 0.0388800, 0.0506880, 0.0576960, 0.0394880, 0.0389760, 0.0388480, 0.0383360, 0.0389120, 0.0389760, 0.0550720, 0.0382400, 0.0302400, 0.0386560, 0.0393920, 0.0384640, 0.0391680, 0.0626240, 0.0391360, 0.0382080, 0.0387200, 0.0486720, 0.0389760, 0.0387200, 0.0559040, 0.0386240, 0.0394880, 0.0387200, 0.0386240, 0.0557760, 0.0392000, 0.0382400, 0.0392960, 0.0423680, 0.0388480, 0.0522240, 0.0553920, 0.0387520, 0.0392640, 0.0385280, 0.0385600, 0.0555840, 0.0394240, 0.0471360, 0.0394240, 0.0385920, 0.0392960, 0.0548160, 0.0456000, 0.0383360, 0.0391040, 0.0391040, 0.0382080, 0.0389760, 0.0549440, 0.0386240, 0.0384960, 0.0382720, 0.0387840, 0.0545280, 0.0483200, 0.0371840, 0.0383360, 0.0377280, 0.0446720, 0.0381440 ],
"bins": [ 144, 1, 4, 2, 1, 5, 2, 5, 7, 5, 6, 4, 3, 4, 6, 4, 4, 2, 8, 1, 5, 6, 6, 5, 7, 5, 4 ]
}
,
"histogram_atomic_private": {
"timesTransferToDevice": [ 0.0316160, 0.0268160, 0.0493440, 0.1115840, 0.0265920, 0.0451840, 0.0270720, 0.0265920, 0.0273600, 0.0594880, 0.0278080, 0.0528320, 0.0275840, 0.0272320, 0.0298880, 0.0268480, 0.0279040, 0.0269440, 0.0208960, 0.0198080, 0.0211200, 0.0197120, 0.0203200, 0.0201280, 0.0216960, 0.0198400, 0.0204480, 0.0208000, 0.0351360, 0.0195840, 0.0200960, 0.0337600, 0.0200960, 0.0203200, 0.0202880, 0.0180160, 0.0176640, 0.0173760, 0.0180480, 0.0171520, 0.0182720, 0.0175680, 0.0183360, 0.0176320, 0.0224640, 0.0339520, 0.0190400, 0.0177280, 0.0181440, 0.0175040, 0.0192640, 0.0345600, 0.0180480, 0.0178560, 0.0466880, 0.0173760, 0.0184960, 0.0353600, 0.0174400, 0.0174400, 0.0178880, 0.0175680, 0.0181120, 0.0173440, 0.0180480, 0.0336000, 0.0176960, 0.0178240, 0.0189120, 0.0174400, 0.0182400, 0.0358080, 0.0192320, 0.0330240, 0.0178560, 0.0268160, 0.0179520, 0.0292800, 0.0181440, 0.0331840, 0.0303360, 0.0175040, 0.0184000, 0.0177600, 0.0183360, 0.0176320, 0.0189120, 0.0340160, 0.0182080, 0.0174400, 0.0180480, 0.0177280, 0.0180480, 0.0175360, 0.0179200, 0.0176000, 0.0178880, 0.0184960, 0.0179520, 0.0178240 ],
"timesExecution": [ 0.0484160, 0.0747840, 0.0768000, 0.0500800, 0.0538880, 0.0593280, 0.0495040, 0.0655040, 0.0747200, 0.0490880, 0.0702720, 0.0497920, 0.0492800, 0.0692480, 0.0504640, 0.0497920, 0.0707520, 0.0573120, 0.1199360, 0.0544320, 0.0562560, 0.0553920, 0.0738880, 0.0553600, 0.0634880, 0.0583360, 0.0552960, 0.0552960, 0.0562240, 0.0552960, 0.0737280, 0.0559360, 0.0746880, 0.0501760, 0.0511360, 0.0735360, 0.0634880, 0.0492160, 0.0490240, 0.0615680, 0.0503360, 0.0502080, 0.0714880, 0.0508800, 0.0663360, 0.0621760, 0.0520320, 0.0503680, 0.0624960, 0.0492480, 0.0655360, 0.0501760, 0.0676480, 0.0501440, 0.0510720, 0.0498240, 0.0502080, 0.0502080, 0.0653120, 0.0480960, 0.0645440, 0.0491520, 0.0604160, 0.0502080, 0.0500480, 0.0604160, 0.0490880, 0.0493120, 0.0610880, 0.0499840, 0.0502080, 0.0607360, 0.0646720, 0.0492160, 0.0631360, 0.0490880, 0.0502080, 0.0495040, 0.0707520, 0.0501760, 0.0583680, 0.0491200, 0.0634880, 0.0501760, 0.0501760, 0.0603840, 0.0675840, 0.0504320, 0.0603840, 0.0501120, 0.0507520, 0.0608320, 0.0501760, 0.0490880, 0.0614720, 0.0655040, 0.0494400, 0.0604160, 0.0507840, 0.0492480 ],
"timesTransferFromDevice": [ 0.0611200, 0.0573120, 0.0596480, 0.0817920, 0.0594560, 0.0614400, 0.0599360, 0.0596160, 0.0593280, 0.0612160, 0.0584000, 0.0611520, 0.0585920, 0.0618880, 0.0586240, 0.0837760, 0.0578560, 0.0860800, 0.0436160, 0.0435840, 0.0424640, 0.0434880, 0.0434880, 0.0450560, 0.0428800, 0.0435520, 0.0432000, 0.0440000, 0.0437440, 0.0444160, 0.0440960, 0.0438400, 0.0428480, 0.0563200, 0.0382400, 0.0691840, 0.0371520, 0.0384960, 0.0568320, 0.0391360, 0.0387200, 0.0384000, 0.0384000, 0.0535360, 0.0390080, 0.0390080, 0.0388480, 0.0393280, 0.0382080, 0.0563200, 0.0380160, 0.0389440, 0.0507520, 0.0383040, 0.0381120, 0.0376640, 0.0387840, 0.0384000, 0.0381120, 0.0384320, 0.0388480, 0.0378880, 0.0380480, 0.0381440, 0.0376640, 0.0431040, 0.0378240, 0.0380160, 0.0379200, 0.0624320, 0.0379520, 0.0383360, 0.0380800, 0.0383360, 0.0378560, 0.0377280, 0.0382400, 0.0548480, 0.0386240, 0.0481280, 0.0381440, 0.0381760, 0.0377920, 0.0384320, 0.0536000, 0.0381120, 0.0378880, 0.0386560, 0.0377600, 0.0385600, 0.0385280, 0.0488000, 0.0832960, 0.0384960, 0.0382400, 0.0384000, 0.0368960, 0.0383360, 0.0385280, 0.0388800 ],
"bins": [ 144, 1, 4, 2, 1, 5, 2, 5, 7, 5, 6, 4, 3, 4, 6, 4, 4, 2, 8, 1, 5, 6, 6, 5, 7, 5, 4 ]
}
,