{
"inputLengthInCharacters": 4096,
"uniformInput": true,
"useMappingLetter": true,
"measurements": {
"histogram_atomic_global": {
"timesTransferToDevice": [ 0.0624640, 0.0503360, 0.0479680, 0.0487040, 0.0478720, 0.0488320, 0.0630720, 0.0481600, 0.0470400, 0.0477760, 0.0482240, 0.0475200, 0.0710080, 0.0470080, 0.0462720, 0.0469760, 0.0463680, 0.0486720, 0.0466880, 0.0483840, 0.0609280, 0.0327040, 0.0316480, 0.0484480, 0.0316160, 0.0326400, 0.0314880, 0.0319680, 0.0323200, 0.0316800, 0.0353280, 0.0320320, 0.0318080, 0.0315840, 0.0311040, 0.0490240, 0.1484160, 0.0542720, 0.0304320, 0.0302720, 0.0296000, 0.0302080, 0.0304320, 0.0454400, 0.0299520, 0.0304320, 0.0298880, 0.0304000, 0.0456640, 0.0302400, 0.0304640, 0.0300160, 0.0298240, 0.0305280, 0.0646400, 0.0301120, 0.0481280, 0.0306240, 0.0295040, 0.0298240, 0.0303040, 0.0302720, 0.0302080, 0.0298240, 0.0296640, 0.0306880, 0.0295360, 0.0304320, 0.0302080, 0.0456640, 0.0297920, 0.0304000, 0.0300160, 0.0301120, 0.0300160, 0.0307520, 0.0300160, 0.0302400, 0.0303360, 0.0300480, 0.0299520, 0.0455040, 0.0300160, 0.0312960, 0.0296640, 0.0304960, 0.0297280, 0.0312640, 0.0503040, 0.0298240, 0.0300480, 0.0301120, 0.0321600, 0.0458560, 0.0379840, 0.0300800, 0.0295040, 0.0306240, 0.0456960, 0.0305600 ],
"timesExecution": [ 0.1133440, 0.0857280, 0.1085760, 0.0760960, 0.0745280, 0.1196160, 0.0768000, 0.1434240, 0.0920640, 0.0962560, 0.0756800, 0.1116160, 0.0747200, 0.0798720, 0.0740480, 0.0747840, 0.1177920, 0.0748480, 0.0749760, 0.2424000, 0.0665600, 0.0522560, 0.0706560, 0.0652480, 0.0514880, 0.0529600, 0.0515200, 0.0665600, 0.0519360, 0.0501440, 0.0638080, 0.0512000, 0.0512000, 0.0513600, 0.0653440, 0.0521280, 0.0516160, 0.0614720, 0.0489920, 0.0500480, 0.0488000, 0.0645120, 0.0491200, 0.0491200, 0.0594240, 0.0497920, 0.0501120, 0.0696640, 0.0614400, 0.0498560, 0.0584320, 0.0614080, 0.0481920, 0.0502080, 0.0486720, 0.0613440, 0.0490880, 0.0488960, 0.0637120, 0.0491200, 0.0481600, 0.0491200, 0.0765760, 0.0531840, 0.0489920, 0.0613440, 0.0483520, 0.0492800, 0.0481600, 0.0616640, 0.0462080, 0.0491840, 0.0633920, 0.0532160, 0.0491200, 0.0470400, 0.0595840, 0.0491200, 0.0521920, 0.0612800, 0.0499840, 0.0491520, 0.0635520, 0.0607680, 0.0488960, 0.0491840, 0.0491520, 0.0653120, 0.0481600, 0.0493760, 0.0605760, 0.0483520, 0.0648000, 0.0489600, 0.0481600, 0.0498240, 0.0481280, 0.0605120, 0.0482880, 0.0461120 ],
"timesTransferFromDevice": [ 0.1254080, 0.0809600, 0.0633600, 0.0613760, 0.0949120, 0.0584640, 0.0894720, 0.0619520, 0.0605440, 0.0598080, 0.0891200, 0.0584000, 0.0595840, 0.0588480, 0.0670400, 0.0595840, 0.0594240, 0.0888320, 0.0753280, 0.0408640, 0.0408640, 0.0400640, 0.0408320, 0.0624000, 0.0407680, 0.0406720, 0.0410880, 0.0406400, 0.0600320, 0.0394880, 0.0603200, 0.0397440, 0.0410240, 0.0400000, 0.0457920, 0.0564800, 0.0515520, 0.0380160, 0.0386240, 0.0378880, 0.0391680, 0.0559680, 0.0384640, 0.0379520, 0.0383040, 0.0377600, 0.0386240, 0.0381120, 0.0542080, 0.0379520, 0.0383360, 0.0380160, 0.0386240, 0.0380480, 0.0550400, 0.0479360, 0.0371520, 0.0377920, 0.0384000, 0.0380480, 0.0389120, 0.0537920, 0.0387840, 0.0377280, 0.0546560, 0.0381440, 0.0386560, 0.0380160, 0.0381120, 0.0542720, 0.0389120, 0.0376000, 0.0389120, 0.0376000, 0.0551360, 0.0380160, 0.0538560, 0.0379200, 0.0376960, 0.0377920, 0.0389120, 0.0539520, 0.0475520, 0.0381440, 0.0386880, 0.0386240, 0.0635840, 0.0378560, 0.0384320, 0.0379200, 0.0388480, 0.0378880, 0.0386560, 0.0539200, 0.0493440, 0.0375360, 0.0387200, 0.0382720, 0.0538240, 0.0378880 ],
"bins": [ 0, 4096, 0, 0, 0, 0, 0, 0, 0, 0, 0, 0, 0, 0, 0, 0, 0, 0, 0, 0, 0, 0, 0, 0, 0, 0, 0 ]
}
,
"histogram_atomic_private": {
"timesTransferToDevice": [ 0.0337600, 0.0296320, 0.0557440, 0.0278400, 0.0279040, 0.0279040, 0.0265600, 0.0520640, 0.0281920, 0.0276800, 0.0282240, 0.0268800, 0.0293120, 0.0273600, 0.0600000, 0.0262720, 0.0330880, 0.0266240, 0.0258240, 0.0263360, 0.0277440, 0.0265920, 0.0270720, 0.0258880, 0.0265920, 0.0255040, 0.0497600, 0.1076480, 0.0182400, 0.0174720, 0.0180480, 0.0176000, 0.0380480, 0.0172160, 0.0186880, 0.0175680, 0.0183360, 0.0170240, 0.0175040, 0.0172800, 0.0184640, 0.0175360, 0.0173760, 0.0267840, 0.0180480, 0.0174400, 0.0334720, 0.0172800, 0.0177920, 0.0177920, 0.0181120, 0.0172160, 0.0177600, 0.0173440, 0.0175360, 0.0172800, 0.0178240, 0.0176320, 0.0174080, 0.0174400, 0.0179200, 0.0172480, 0.0177600, 0.0332160, 0.0178560, 0.0169600, 0.0173760, 0.0177920, 0.0181440, 0.0175040, 0.0344320, 0.0179520, 0.0199680, 0.0174080, 0.0179520, 0.0169280, 0.0175680, 0.0168320, 0.0185920, 0.0168320, 0.0175360, 0.0170240, 0.0187840, 0.0173120, 0.0178560, 0.0173440, 0.0174400, 0.0170240, 0.0174720, 0.0654080, 0.0177600, 0.0173440, 0.0178560, 0.0176640, 0.0174080, 0.0180800, 0.0179200, 0.0332160, 0.0177280, 0.0170240 ],
"timesExecution": [ 0.0745600, 0.1097920, 0.0888640, 0.0737280, 0.0757120, 0.0737280, 0.0747840, 0.0737600, 0.0993280, 0.0921280, 0.0737280, 0.0730880, 0.0747840, 0.1554240, 0.0696320, 0.0696640, 0.0696320, 0.0696320, 0.0684160, 0.0703680, 0.0746880, 0.0687360, 0.0695680, 0.0696320, 0.0749120, 0.0922240, 0.0694080, 0.0541760, 0.0490560, 0.0481280, 0.0481600, 0.0635200, 0.0485120, 0.0490560, 0.0484800, 0.0488000, 0.0491520, 0.0418240, 0.0481280, 0.0655360, 0.0469760, 0.0581120, 0.0472320, 0.0478400, 0.0473920, 0.0633280, 0.0481280, 0.1099200, 0.0479680, 0.0481280, 0.0489280, 0.0475200, 0.0481280, 0.0635520, 0.0462400, 0.0480960, 0.0480000, 0.0473920, 0.0480000, 0.0522560, 0.0478720, 0.0477760, 0.0634880, 0.0481280, 0.0474560, 0.0478720, 0.0479040, 0.0472960, 0.0849920, 0.0648960, 0.0474560, 0.0474240, 0.0586560, 0.0473280, 0.0481280, 0.0634880, 0.0472000, 0.0474560, 0.0477440, 0.0477760, 0.0481280, 0.0473920, 0.0481280, 0.0481280, 0.0635200, 0.0471360, 0.0478720, 0.0481600, 0.0479360, 0.0481280, 0.0644800, 0.0472640, 0.0481600, 0.0479680, 0.0482880, 0.0481280, 0.0645440, 0.0380160, 0.0635200, 0.0474560 ],
"timesTransferFromDevice": [ 0.0910080, 0.0624320, 0.0593600, 0.0604160, 0.0753280, 0.0588800, 0.0595200, 0.0871680, 0.0589440, 0.0625600, 0.0598720, 0.0596800, 0.0881920, 0.0560640, 0.0560320, 0.0641920, 0.0602880, 0.0611520, 0.0596160, 0.0851520, 0.0559680, 0.0558720, 0.0552000, 0.0556160, 0.0769280, 0.0554240, 0.0542080, 0.0378880, 0.0375680, 0.0379200, 0.0549440, 0.0383040, 0.0380480, 0.0502400, 0.0376960, 0.0380160, 0.0600320, 0.0370880, 0.0371200, 0.0376000, 0.0370560, 0.0370560, 0.0375040, 0.0373120, 0.0367040, 0.0378880, 0.0371520, 0.0380800, 0.0368640, 0.0376320, 0.0372800, 0.0374400, 0.0511360, 0.0413120, 0.0372800, 0.0374080, 0.0373440, 0.0369280, 0.0371840, 0.0374720, 0.0374720, 0.0527040, 0.0377280, 0.0374720, 0.0406400, 0.0369280, 0.0371520, 0.0371840, 0.0535680, 0.0650240, 0.0371840, 0.0369920, 0.0372480, 0.0376640, 0.0532800, 0.0374720, 0.0371840, 0.0376320, 0.0373760, 0.0374080, 0.0368320, 0.0371840, 0.0370880, 0.0373120, 0.0366400, 0.0385280, 0.0364800, 0.0369920, 0.0375040, 0.0531520, 0.0373440, 0.0458880, 0.0370240, 0.0376960, 0.0368960, 0.0371520, 0.0374400, 0.0375360, 0.0364800, 0.0369600 ],
"bins": [ 0, 4096, 0, 0, 0, 0, 0, 0, 0, 0, 0, 0, 0, 0, 0, 0, 0, 0, 0, 0, 0, 0, 0, 0, 0, 0, 0 ]
}
,