{
"inputLengthInCharacters": 64,
"uniformInput": false,
"useMappingLetter": false,
"measurements": {
"histogram_atomic_global": {
"timesTransferToDevice": [ 0.0450240, 0.0298240, 0.0278080, 0.0290240, 0.0285760, 0.0473600, 0.0292480, 0.0279360, 0.0277440, 0.0274560, 0.0474560, 0.0269760, 0.0288960, 0.0279360, 0.0274560, 0.0477120, 0.0274560, 0.0317760, 0.0277440, 0.0544960, 0.1234240, 0.0239360, 0.0221760, 0.0230720, 0.0215680, 0.0566720, 0.0224000, 0.0225280, 0.0219520, 0.0224640, 0.0222720, 0.0227840, 0.0226240, 0.0217280, 0.0228160, 0.0222080, 0.0931840, 0.0190400, 0.0173760, 0.0178240, 0.0172800, 0.0183040, 0.0180160, 0.0346560, 0.0182400, 0.0184640, 0.0177600, 0.0336640, 0.0179520, 0.0178560, 0.0183360, 0.0179840, 0.0177280, 0.0184960, 0.0178560, 0.0181440, 0.0179840, 0.0182400, 0.0179520, 0.0177600, 0.0182720, 0.0179520, 0.0183680, 0.0184000, 0.0176000, 0.0328640, 0.0177280, 0.0189440, 0.0179840, 0.0178240, 0.0178240, 0.0184320, 0.0179200, 0.0744000, 0.0185600, 0.0205120, 0.0179200, 0.0181120, 0.0183040, 0.0179840, 0.0172160, 0.0184640, 0.0175040, 0.0187520, 0.0174720, 0.0189440, 0.0346880, 0.0181760, 0.0177280, 0.0180800, 0.0178880, 0.0180800, 0.0182720, 0.0182080, 0.0178240, 0.0183040, 0.0179840, 0.0181440, 0.0183680, 0.0186240 ],
"timesExecution": [ 0.0858240, 0.0880320, 0.0747200, 0.0532800, 0.0529600, 0.0890880, 0.0532160, 0.0778560, 0.0522240, 0.0542080, 0.0521920, 0.0851520, 0.0746560, 0.0542720, 0.0524480, 0.0534720, 0.0530560, 0.0746560, 0.0848000, 0.0460480, 0.0458560, 0.0500800, 0.0595520, 0.0448640, 0.0648640, 0.0442240, 0.0440320, 0.0614080, 0.0429760, 0.0440960, 0.0460800, 0.0665600, 0.0592320, 0.0441280, 0.0429440, 0.0870080, 0.0708800, 0.0638400, 0.0630720, 0.0522880, 0.0632960, 0.0521920, 0.0795520, 0.0522560, 0.0521280, 0.0624320, 0.0522240, 0.0652480, 0.0675520, 0.0524800, 0.0625920, 0.0522560, 0.0787200, 0.0729920, 0.0521920, 0.0645440, 0.0520320, 0.0494400, 0.0676160, 0.0521920, 0.0624960, 0.0514240, 0.0636160, 0.0522560, 0.0685760, 0.0634880, 0.0515200, 0.0482560, 0.0512000, 0.0593920, 0.0829440, 0.0521920, 0.0633600, 0.0522560, 0.0683200, 0.0627520, 0.0511680, 0.0481280, 0.0520000, 0.0381120, 0.0635840, 0.0685440, 0.0634880, 0.0516160, 0.0521920, 0.0799680, 0.0513920, 0.0481280, 0.0522880, 0.0522240, 0.0634880, 0.0675840, 0.0940160, 0.0686080, 0.0514880, 0.0628160, 0.0521600, 0.0686720, 0.0696320, 0.0529920 ],
"timesTransferFromDevice": [ 0.1192000, 0.0790080, 0.0623040, 0.0614080, 0.0672000, 0.0608960, 0.0616960, 0.0641920, 0.0588800, 0.0621760, 0.0888000, 0.0589760, 0.0850240, 0.0590720, 0.0685120, 0.0580160, 0.0599040, 0.0853760, 0.0638720, 0.0497600, 0.0495040, 0.0487040, 0.0489600, 0.0487360, 0.0494400, 0.0529280, 0.0486400, 0.0484480, 0.0481600, 0.0489280, 0.0676480, 0.0481600, 0.0484160, 0.0482560, 0.0539840, 0.0488640, 0.0503040, 0.0543680, 0.0394560, 0.0388480, 0.0385280, 0.0541760, 0.0391040, 0.0389120, 0.0388800, 0.0383680, 0.0387520, 0.0535680, 0.0473600, 0.0385920, 0.0385600, 0.0382080, 0.0391040, 0.0578560, 0.0390400, 0.0485440, 0.0384320, 0.0557440, 0.0387200, 0.0541440, 0.0392640, 0.0396160, 0.0385280, 0.0541440, 0.0387520, 0.0390400, 0.0390080, 0.0386240, 0.0390080, 0.0536000, 0.0388800, 0.0394560, 0.0385280, 0.0495360, 0.0398720, 0.0543040, 0.0396800, 0.0392000, 0.0385600, 0.0544640, 0.0543040, 0.0384960, 0.0388800, 0.0387520, 0.0390400, 0.0390400, 0.0541760, 0.0389440, 0.0391680, 0.0425600, 0.0544640, 0.0384960, 0.0397760, 0.0389760, 0.0541120, 0.0386880, 0.0385920, 0.0390400, 0.0396480, 0.0619200 ],
"bins": [ 2, 0, 0, 0, 0, 2, 1, 0, 0, 1, 0, 0, 0, 1, 0, 0, 0, 2, 0, 1, 1, 0, 0, 0, 1, 0, 0, 0, 0, 1, 1, 1, 0, 1, 0, 0, 0, 0, 0, 0, 0, 1, 0, 1, 1, 1, 0, 0, 0, 1, 0, 0, 2, 1, 0, 0, 0, 0, 0, 0, 1, 0, 0, 1, 0, 1, 0, 0, 0, 0, 0, 0, 0, 0, 1, 0, 2, 1, 0, 0, 0, 0, 0, 1, 1, 1, 0, 2, 0, 0, 1, 1, 2, 0, 0, 1, 0, 1, 0, 0, 0, 1, 0, 1, 1, 0, 1, 2, 0, 0, 0, 0, 0, 1, 1, 2, 1, 4, 2, 1, 0, 1, 1, 0, 1, 0, 1, 0 ]
}
,
"histogram_atomic_private": {
"timesTransferToDevice": [ 0.0358720, 0.0276480, 0.0254080, 0.0266240, 0.0249600, 0.0508480, 0.0270400, 0.0273280, 0.0273600, 0.0257600, 0.0259840, 0.0262080, 0.0261760, 0.0241920, 0.0299520, 0.0267200, 0.0260160, 0.0249280, 0.0283840, 0.0418880, 0.0228160, 0.0213440, 0.0219520, 0.0216640, 0.0220160, 0.0224000, 0.0221120, 0.0215680, 0.0220800, 0.0215040, 0.0223680, 0.0214400, 0.0221120, 0.0409600, 0.0224320, 0.0180160, 0.0183680, 0.0179200, 0.0176000, 0.0168320, 0.0180800, 0.0173120, 0.0177600, 0.0170560, 0.0181120, 0.0176320, 0.0174400, 0.0172800, 0.0306880, 0.0165440, 0.0337600, 0.0178880, 0.0177280, 0.0291200, 0.0178880, 0.0339520, 0.0170560, 0.0172480, 0.0297920, 0.0174400, 0.0339840, 0.0166400, 0.0176960, 0.0288000, 0.0175680, 0.0176320, 0.0171840, 0.0310400, 0.0283200, 0.0176960, 0.0173120, 0.0169920, 0.0278400, 0.1078400, 0.0176960, 0.0171520, 0.0180480, 0.0172160, 0.0176000, 0.0325440, 0.0183360, 0.0176320, 0.0170880, 0.0175040, 0.0182400, 0.0168320, 0.0171840, 0.0176320, 0.0178880, 0.0323200, 0.0175040, 0.0167680, 0.0178240, 0.0162880, 0.0176640, 0.0178880, 0.0327360, 0.0169920, 0.0174720, 0.0164480 ],
"timesExecution": [ 0.0729280, 0.0544320, 0.0736640, 0.0543040, 0.0535680, 0.1382720, 0.0778560, 0.0747520, 0.0542400, 0.0522560, 0.0717120, 0.0530240, 0.0737280, 0.0533120, 0.0532480, 0.0706560, 0.0594240, 0.0726400, 0.0794880, 0.0443520, 0.0603520, 0.0440320, 0.0587840, 0.0637440, 0.0738560, 0.0614400, 0.0446720, 0.0583680, 0.0440320, 0.0655680, 0.0594880, 0.0439680, 0.0696320, 0.0656000, 0.0450880, 0.0658240, 0.0665600, 0.0634880, 0.0717120, 0.0521920, 0.0628480, 0.0563840, 0.0520640, 0.0512000, 0.0737600, 0.0644800, 0.0451840, 0.0524160, 0.0522240, 0.0676480, 0.0644160, 0.0520960, 0.0522240, 0.0522240, 0.0686400, 0.0638400, 0.0378880, 0.0514240, 0.0529280, 0.0516480, 0.0642880, 0.0502080, 0.0522240, 0.0521600, 0.0512640, 0.0634880, 0.0675840, 0.0521280, 0.0520000, 0.0520000, 0.0641600, 0.0673920, 0.0511680, 0.0699840, 0.0522560, 0.0633920, 0.0522240, 0.0521920, 0.0726720, 0.0521920, 0.0634880, 0.0522880, 0.0521280, 0.0614720, 0.0503040, 0.0641600, 0.0532160, 0.0512640, 0.0624640, 0.0512000, 0.0651840, 0.0519040, 0.0868800, 0.0634880, 0.0512000, 0.0634240, 0.0512960, 0.0567040, 0.0621120, 0.0513600 ],
"timesTransferFromDevice": [ 0.1187840, 0.0678720, 0.0595840, 0.0593600, 0.0595520, 0.0598720, 0.0590400, 0.0596160, 0.0595520, 0.0591360, 0.0590720, 0.0839360, 0.0732160, 0.0594240, 0.0594560, 0.0587520, 0.0593920, 0.0850880, 0.0598080, 0.0560960, 0.0487040, 0.0486400, 0.0710080, 0.0491520, 0.0477120, 0.0487680, 0.0487040, 0.0491840, 0.0493120, 0.0488000, 0.0485440, 0.0493440, 0.0487680, 0.0626560, 0.1143360, 0.0385600, 0.0392960, 0.0389760, 0.0389760, 0.0386560, 0.0382720, 0.0384960, 0.0396160, 0.0568960, 0.0391360, 0.0386240, 0.0389440, 0.0389440, 0.0391040, 0.0388160, 0.0387200, 0.0385600, 0.0512000, 0.0389120, 0.0519680, 0.0568960, 0.0385600, 0.0391680, 0.0384000, 0.0388160, 0.0559680, 0.0422720, 0.0384000, 0.0392320, 0.0383680, 0.0573440, 0.0391360, 0.0385600, 0.0387520, 0.0656000, 0.0387200, 0.0387520, 0.0538240, 0.0389440, 0.0388160, 0.0384960, 0.0296960, 0.0540800, 0.0392000, 0.0386880, 0.0381760, 0.0387520, 0.0386880, 0.0385600, 0.0531200, 0.0391040, 0.0389440, 0.0386560, 0.0386240, 0.0549440, 0.0384000, 0.0496000, 0.0386880, 0.0511040, 0.0539520, 0.0383360, 0.0552320, 0.0384000, 0.0384000, 0.0380480 ],
"bins": [ 2, 0, 0, 0, 0, 2, 1, 0, 0, 1, 0, 0, 0, 1, 0, 0, 0, 2, 0, 1, 1, 0, 0, 0, 1, 0, 0, 0, 0, 1, 1, 1, 0, 1, 0, 0, 0, 0, 0, 0, 0, 1, 0, 1, 1, 1, 0, 0, 0, 1, 0, 0, 2, 1, 0, 0, 0, 0, 0, 0, 1, 0, 0, 1, 0, 1, 0, 0, 0, 0, 0, 0, 0, 0, 1, 0, 2, 1, 0, 0, 0, 0, 0, 1, 1, 1, 0, 2, 0, 0, 1, 1, 2, 0, 0, 1, 0, 1, 0, 0, 0, 1, 0, 1, 1, 0, 1, 2, 0, 0, 0, 0, 0, 1, 1, 2, 1, 4, 2, 1, 0, 1, 1, 0, 1, 0, 1, 0 ]
}
,