{
"inputLengthInCharacters": 33554432,
"uniformInput": false,
"useMappingLetter": true,
"measurements": {
"histogram_atomic_global": {
"timesTransferToDevice": [ 6.8935680, 6.6265278, 6.6800961, 6.4372482, 6.7817922, 6.8488960, 6.7648001, 6.7574720, 6.3014722, 6.3019838, 6.3205118, 6.5464320, 6.5878401, 6.7489600, 6.3619518, 6.2242560, 6.2818241, 6.2770238, 6.2736320, 6.2728958, 6.3215361, 6.3861442, 6.2156162, 6.2697921, 6.2642560, 6.1383681, 6.1638718, 6.3087678, 5.9665599, 6.0583358, 6.0079999, 5.8893442, 5.7876801, 5.7877440, 5.7441602, 5.8416638, 6.1117120, 6.0040321, 5.8662081, 5.8249922, 5.8304639, 5.8446078, 5.9345279, 5.9240322, 5.8819199, 5.8168960, 5.8374400, 5.8632641, 5.8688960, 6.3336000, 6.0546560, 5.9818559, 5.9435201, 6.1105599, 6.3011842, 5.9079680, 4.8064642, 6.5799680, 5.7687039, 5.8073282, 5.8067198, 5.9558401, 5.7796478, 5.8641601, 6.3006082, 5.8391042, 5.8069439, 5.8302398, 5.8166399, 5.7682562, 6.0777278, 5.8765440, 5.8277760, 5.7896638, 5.7504001, 5.7510080, 5.7282238, 5.9215679, 5.7788801, 5.7575998, 5.7051840, 5.9084802, 5.7910080, 5.6925759, 6.0639038, 5.7477760, 5.7955842, 5.8322239, 5.7419200, 5.7514238, 5.7856641, 6.0246081, 5.8005118, 5.9051199, 5.7917118, 5.8491840, 5.8906240, 5.9577918, 6.1388478, 5.8085442 ],
"timesExecution": [ 53.7567024, 53.6086388, 53.6668816, 53.6311684, 53.6492157, 53.6266861, 53.6387215, 53.5919685, 53.6195831, 53.6377907, 53.8107834, 53.5826225, 53.6413765, 53.9322243, 53.8705902, 53.8730545, 53.8531837, 53.8650894, 53.8691216, 53.8487358, 53.8693771, 53.8506889, 53.8518715, 53.8544655, 53.8538895, 53.8748474, 53.8552322, 53.8638077, 53.8950386, 53.8594246, 53.8735046, 53.8680000, 53.8605766, 53.8758087, 53.8848648, 53.8855057, 53.8533440, 53.8837776, 53.8748817, 53.8541451, 53.8680954, 53.9521904, 53.8491211, 53.8592949, 53.8534088, 53.8897591, 53.8492470, 53.9566727, 53.9211197, 53.8850250, 53.8634567, 53.9048958, 53.8433266, 53.9211197, 53.9848976, 53.8734703, 53.8780174, 53.8465271, 53.8973122, 53.8681602, 53.8897285, 53.8889618, 53.9012489, 53.8704948, 53.9556465, 53.8609276, 53.9061432, 53.8536339, 53.8815346, 53.8425598, 53.8424644, 53.8729591, 53.8477745, 53.8572159, 53.8513298, 53.8653755, 53.8729591, 53.8624954, 53.8617592, 53.8614082, 53.8480949, 53.8558083, 53.8504944, 53.8759995, 53.8538895, 53.8629112, 53.8588791, 53.8594894, 53.8640976, 53.8582726, 53.8685760, 53.8664970, 53.8610878, 53.8639374, 53.8603859, 53.8739510, 53.8688011, 53.8639030, 53.8744621, 53.8539200 ],
"timesTransferFromDevice": [ 0.1899200, 0.1086720, 0.1310080, 0.1518720, 0.1977600, 0.1237440, 0.0814080, 0.0777280, 0.1240960, 0.1224960, 0.0939200, 0.0759680, 0.0756160, 0.1662080, 0.0827840, 0.0762560, 0.0919040, 0.1051200, 0.1257920, 0.0778560, 0.0772160, 0.0764480, 0.0768320, 0.0776640, 0.0839360, 0.0782400, 0.0767680, 0.1130880, 0.1008000, 0.0859840, 0.0810880, 0.1368960, 0.1031040, 0.1123840, 0.0735040, 0.0824960, 0.0771840, 0.0824640, 0.0781440, 0.0764160, 0.0821760, 0.0849920, 0.0834880, 0.0768000, 0.0824960, 0.1594240, 0.0786560, 0.0992320, 0.0768960, 0.1126080, 0.0812160, 0.1257280, 0.0794880, 0.1302720, 0.1056000, 0.1242560, 0.0833920, 0.1138560, 0.2444480, 0.1204800, 0.0877760, 0.0806400, 0.1292480, 0.0764160, 0.0853760, 0.1182400, 0.1183360, 0.0806080, 0.0824640, 0.0758080, 0.0921280, 0.0785920, 0.0752960, 0.0755840, 0.0765760, 0.0824320, 0.0807680, 0.0834240, 0.0755520, 0.1523840, 0.1839360, 0.1466880, 0.0770560, 0.0777280, 0.0860480, 0.0777920, 0.0827200, 0.0766400, 0.0770560, 0.0792000, 0.0779200, 0.0770560, 0.0745920, 0.0781760, 0.0751680, 0.0737280, 0.0768960, 0.0808320, 0.0761280, 0.0817600 ],
"bins": [ 19919091, 524776, 522837, 523979, 524901, 524017, 524350, 523920, 525566, 523932, 523919, 523729, 524666, 525068, 524239, 526520, 525118, 525030, 524330, 523818, 525328, 524132, 523177, 523687, 525207, 524084, 525011 ]
}
,
"histogram_atomic_private": {
"timesTransferToDevice": [ 5.7935681, 5.9099522, 5.7890239, 6.2727361, 6.2929921, 6.0576959, 5.8122239, 5.9164801, 6.0137920, 5.8696318, 6.0999041, 6.5850239, 6.0738559, 6.2568641, 5.9280000, 6.2899842, 5.9771838, 5.7541118, 5.7782078, 6.1135998, 5.7605119, 6.0253758, 6.0055041, 4.4885759, 5.9578881, 6.1921601, 5.9682879, 6.1641598, 6.0863361, 5.9103041, 6.3822079, 5.9277120, 6.0423999, 6.1440001, 5.8489599, 6.1602879, 5.8481598, 6.1341438, 6.7194238, 5.9658880, 5.8039041, 5.8276162, 6.1657920, 5.7442880, 6.0634241, 6.2807040, 5.7883520, 6.2727361, 5.8227520, 5.7415361, 5.9264002, 4.6673279, 5.8638721, 6.3575039, 5.9739838, 4.7594242, 6.0323200, 5.8397760, 4.4471040, 5.2499518, 5.9270401, 5.7396798, 4.4991040, 6.0820160, 6.2431359, 5.9662080, 5.8634238, 5.9830399, 5.7495360, 6.0782719, 5.8364801, 5.9086719, 6.0430398, 6.0548158, 6.1677442, 6.4789438, 5.8468161, 6.0539842, 5.7970238, 5.9907522, 5.8361921, 5.8132801, 5.9066238, 5.8244481, 5.8935361, 6.0462718, 5.7419200, 6.0525761, 5.7291198, 5.7324162, 5.9900479, 5.7939520, 5.8452802, 6.0325122, 5.6172481, 5.7652798, 5.9851518, 5.7891202, 5.7542400, 6.0962882 ],
"timesExecution": [ 11.3554564, 11.2843199, 11.2819843, 11.2853117, 11.2770882, 11.4018879, 11.2651844, 11.3239365, 11.2705603, 11.3438396, 11.2629118, 11.3035202, 11.2604160, 11.1963520, 11.3487043, 11.2886400, 11.3362560, 11.2869444, 11.2600641, 11.2236795, 11.2841282, 11.3018560, 11.2442560, 11.2359676, 11.2639036, 11.3480959, 11.2688322, 11.2581120, 11.2377596, 11.2856636, 11.2665281, 11.2783041, 11.2855997, 11.2628479, 11.2669439, 11.3087997, 11.2533760, 11.5137281, 11.3756475, 11.2841921, 11.2523842, 11.3198719, 11.2330561, 11.2946882, 11.2794561, 11.2847996, 11.3297920, 11.3806725, 11.2029762, 11.2782078, 11.2542076, 11.2943363, 11.3063364, 11.3237123, 11.2648640, 11.2680960, 11.3723516, 11.3162880, 11.2256641, 11.2285442, 11.3620157, 11.2995520, 11.2806721, 11.2675524, 11.3614721, 11.2911997, 11.2724800, 11.3239679, 11.2284164, 11.3416004, 11.2669764, 11.3211203, 11.2973442, 11.3237123, 11.4008636, 11.2798719, 11.2450876, 11.2313919, 11.2335997, 11.3207998, 11.2633924, 11.2478399, 11.2720003, 11.2970562, 11.2253437, 11.2892485, 11.2606077, 11.2380800, 11.3364801, 11.2380476, 11.2990398, 11.2884483, 11.3318720, 11.3428164, 11.2037439, 11.2664642, 11.3472319, 11.3016644, 11.2400637, 11.2645760 ],
"timesTransferFromDevice": [ 0.0949440, 0.1227840, 0.0772160, 0.1314880, 0.0787520, 0.1009920, 0.1362560, 0.1078720, 0.1372480, 0.0973760, 0.0775360, 0.1194880, 0.0779200, 0.1108160, 0.1232640, 0.1117760, 0.0959360, 0.1214080, 0.1134080, 0.0853760, 0.1318080, 0.1432000, 0.0642880, 0.1063680, 0.1590080, 0.1309120, 0.0695680, 0.1243840, 0.1317120, 0.0779520, 0.0966080, 0.1265600, 0.2163200, 0.1581440, 0.1328320, 0.0971200, 0.1167040, 0.1242240, 0.0982400, 0.1217600, 0.1401280, 0.0869120, 0.0783360, 0.1360320, 0.1190080, 0.1320960, 0.1379200, 0.1532480, 0.0756160, 0.1028480, 0.0923520, 0.1285440, 0.1243840, 0.1216320, 0.0960960, 0.1191040, 0.1333760, 0.0676160, 0.0592960, 0.1148160, 0.1544320, 0.0628480, 0.1327040, 0.0844800, 0.1042880, 0.1048640, 0.1432320, 0.1567680, 0.1434560, 0.0795840, 0.1282880, 0.1527040, 0.1332480, 0.1302720, 0.1590720, 0.0875520, 0.1030080, 0.1189120, 0.0882240, 0.1041920, 0.1225280, 0.0944000, 0.3124160, 0.1167040, 0.0928320, 0.0843200, 0.0739840, 0.1061440, 0.0843520, 0.0867840, 0.0854080, 0.0840000, 0.1055360, 0.1146880, 0.0854400, 0.1188160, 0.0983040, 0.1012800, 0.1122880, 0.1268160 ],
"bins": [ 19919091, 524776, 522837, 523979, 524901, 524017, 524350, 523920, 525566, 523932, 523919, 523729, 524666, 525068, 524239, 526520, 525118, 525030, 524330, 523818, 525328, 524132, 523177, 523687, 525207, 524084, 525011 ]
}
,