{
"inputLengthInCharacters": 64,
"uniformInput": true,
"useMappingLetter": true,
"measurements": {
"histogram_atomic_global": {
"timesTransferToDevice": [ 0.0429760, 0.0317120, 0.0275840, 0.0292800, 0.0276160, 0.0277440, 0.0392000, 0.0309120, 0.0271040, 0.0477760, 0.0279680, 0.0264640, 0.0273280, 0.0528960, 0.0286720, 0.0819840, 0.0248960, 0.0286720, 0.0258880, 0.0496320, 0.0252800, 0.0258240, 0.0246080, 0.0251520, 0.0470720, 0.0247360, 0.0248000, 0.0246080, 0.0250240, 0.0472960, 0.0571840, 0.0210880, 0.0181440, 0.0177280, 0.0180480, 0.0344640, 0.0256320, 0.0183040, 0.0176960, 0.0351040, 0.0366080, 0.0181120, 0.0178240, 0.0182400, 0.0177920, 0.0182080, 0.0334720, 0.0187200, 0.0184320, 0.0299520, 0.0187200, 0.0181120, 0.0344640, 0.0181120, 0.0182080, 0.0181120, 0.0337600, 0.0185600, 0.0179520, 0.0287680, 0.0175040, 0.0178240, 0.0223680, 0.0185600, 0.0187840, 0.0187200, 0.0176000, 0.0221120, 0.0176000, 0.0327680, 0.0182080, 0.0174720, 0.0255040, 0.0181760, 0.0339200, 0.0211200, 0.0175680, 0.0180160, 0.0177600, 0.0312320, 0.0180800, 0.0181760, 0.0180160, 0.0180800, 0.0178560, 0.0180480, 0.0172160, 0.0186240, 0.0180480, 0.0336960, 0.0335680, 0.0185600, 0.0174720, 0.0182400, 0.0175680, 0.0177600, 0.0346240, 0.0177600, 0.0183680, 0.0183360 ],
"timesExecution": [ 0.0860160, 0.0525760, 0.0757440, 0.0538880, 0.0530240, 0.0728640, 0.0851840, 0.0532800, 0.0532160, 0.0523200, 0.0520320, 0.0541440, 0.0973120, 0.0542400, 0.0523200, 0.1589440, 0.0481920, 0.0708480, 0.0479360, 0.0738240, 0.0471360, 0.0481280, 0.0645120, 0.0472640, 0.0472000, 0.0870080, 0.0473280, 0.0470400, 0.0478400, 0.1103040, 0.0758400, 0.0532480, 0.0737280, 0.0532160, 0.0497600, 0.0481600, 0.0533760, 0.0521920, 0.0514880, 0.0522240, 0.0520320, 0.0682560, 0.0626240, 0.0522240, 0.0512000, 0.0636160, 0.0519680, 0.0522240, 0.0511360, 0.0520000, 0.0520960, 0.0675520, 0.0635200, 0.0529600, 0.0513280, 0.0645760, 0.0519680, 0.0692480, 0.0521600, 0.0521920, 0.0520960, 0.0696640, 0.0634880, 0.0675840, 0.0512960, 0.0641920, 0.0754880, 0.0684480, 0.0512320, 0.0684160, 0.0522560, 0.0521920, 0.0633600, 0.0689920, 0.0521280, 0.0641600, 0.0512320, 0.0522560, 0.0520000, 0.0676480, 0.0512000, 0.0523520, 0.0624960, 0.0515200, 0.0520960, 0.0798400, 0.0520960, 0.0531200, 0.0521600, 0.0522560, 0.0522880, 0.0675520, 0.0684160, 0.0523520, 0.0512000, 0.0480320, 0.0512000, 0.0521920, 0.0522560, 0.0540800 ],
"timesTransferFromDevice": [ 0.1021440, 0.1096960, 0.0618880, 0.0670400, 0.0609920, 0.0886720, 0.0604480, 0.0855040, 0.0639040, 0.0734080, 0.0629440, 0.0608000, 0.0650880, 0.0867840, 0.1938560, 0.0544960, 0.0542720, 0.0545600, 0.0758080, 0.0654400, 0.0541760, 0.0542720, 0.0541760, 0.0547200, 0.0757120, 0.0541120, 0.0537280, 0.0646400, 0.0548480, 0.0387840, 0.0410880, 0.0384640, 0.0396800, 0.0391360, 0.0398400, 0.0547520, 0.0502720, 0.0395840, 0.0401920, 0.0392320, 0.0545280, 0.0396160, 0.0393600, 0.0392640, 0.0400960, 0.0394560, 0.0611200, 0.0391360, 0.0390080, 0.0396480, 0.0554240, 0.0434240, 0.0391360, 0.0390400, 0.0392640, 0.0490880, 0.0419200, 0.0394880, 0.0390400, 0.0392000, 0.0399680, 0.0390080, 0.0549120, 0.0396160, 0.0395200, 0.0387200, 0.0394240, 0.0392640, 0.0542080, 0.0392960, 0.0497600, 0.0393920, 0.0389440, 0.0389760, 0.0550080, 0.0392960, 0.0393920, 0.0394560, 0.0552640, 0.0393600, 0.0546560, 0.0391360, 0.0399680, 0.0392640, 0.0550080, 0.0392960, 0.0398080, 0.0394880, 0.0390720, 0.0395520, 0.0547840, 0.0394240, 0.0391040, 0.0394240, 0.0504960, 0.0392640, 0.0557760, 0.0393600, 0.0390080, 0.0395840 ],
"bins": [ 0, 64, 0, 0, 0, 0, 0, 0, 0, 0, 0, 0, 0, 0, 0, 0, 0, 0, 0, 0, 0, 0, 0, 0, 0, 0, 0 ]
}
,
"histogram_atomic_private": {
"timesTransferToDevice": [ 0.0358720, 0.0272320, 0.0287360, 0.0269760, 0.0274880, 0.0270080, 0.0276160, 0.0528000, 0.0284480, 0.0283840, 0.0275520, 0.0271360, 0.0279360, 0.0278400, 0.0596800, 0.0278400, 0.0283840, 0.0277760, 0.0265600, 0.0273600, 0.0569920, 0.0279040, 0.0280640, 0.0258880, 0.0214400, 0.0401920, 0.0213440, 0.0204480, 0.0203840, 0.0206400, 0.0213120, 0.0442560, 0.0205120, 0.0207040, 0.0212160, 0.0210560, 0.0216960, 0.0208000, 0.0211200, 0.0203840, 0.0934400, 0.0366720, 0.0192000, 0.0337600, 0.0184320, 0.0179520, 0.0190080, 0.0177920, 0.0346880, 0.0184640, 0.0188480, 0.0181120, 0.0184640, 0.0181120, 0.0340480, 0.0177280, 0.0181120, 0.0183040, 0.0181120, 0.0180480, 0.0190080, 0.0332480, 0.0176000, 0.0173120, 0.0182080, 0.0177600, 0.0341440, 0.0176000, 0.0187200, 0.0173760, 0.0182400, 0.0180800, 0.0194240, 0.0174080, 0.0178880, 0.0182400, 0.0179840, 0.0177280, 0.0626880, 0.0176000, 0.0177280, 0.0176960, 0.0184960, 0.0354560, 0.0176320, 0.0174080, 0.0180480, 0.0172160, 0.0184640, 0.0173120, 0.0404160, 0.0173120, 0.0179200, 0.0183360, 0.0184640, 0.0174400, 0.0336640, 0.0179520, 0.0178240, 0.0173440 ],
"timesExecution": [ 0.0512000, 0.0741440, 0.0535360, 0.0531840, 0.0729280, 0.0644800, 0.0531520, 0.0522560, 0.0860160, 0.0522880, 0.0545600, 0.0749440, 0.0616960, 0.0769600, 0.0729600, 0.0522240, 0.0534400, 0.0521920, 0.0564480, 0.0820160, 0.0539520, 0.0728960, 0.0533120, 0.0523200, 0.1064000, 0.0870720, 0.0597440, 0.0593280, 0.0628800, 0.0593280, 0.0785600, 0.0546880, 0.0606720, 0.0593600, 0.0532480, 0.0594560, 0.0614720, 0.0778560, 0.0727680, 0.0600320, 0.0583680, 0.0644160, 0.0531520, 0.0531840, 0.0644800, 0.0533120, 0.0530880, 0.0531200, 0.0643200, 0.0781760, 0.0532480, 0.0645120, 0.0525760, 0.0717120, 0.0644480, 0.0519040, 0.0525440, 0.0522880, 0.0631680, 0.0522560, 0.0685760, 0.0655360, 0.0521600, 0.0522560, 0.0645120, 0.0694400, 0.0529280, 0.0519040, 0.0635520, 0.0521920, 0.0522560, 0.0632640, 0.0501760, 0.0522560, 0.0634560, 0.0520320, 0.0522880, 0.0684480, 0.0665920, 0.0522560, 0.0526400, 0.0642240, 0.0528320, 0.0524480, 0.0788480, 0.0519040, 0.0522560, 0.0654720, 0.0625600, 0.0520640, 0.0521280, 0.0634880, 0.0526080, 0.0521920, 0.0727040, 0.0728960, 0.0524160, 0.0868160, 0.0645120, 0.0522880 ],
"timesTransferFromDevice": [ 0.0946880, 0.0630720, 0.0600640, 0.0667200, 0.0647360, 0.0607360, 0.0647360, 0.0872320, 0.0578880, 0.0616640, 0.0616320, 0.0613760, 0.0873600, 0.0618240, 0.0609920, 0.0745920, 0.0605440, 0.0609280, 0.0871040, 0.0611200, 0.0609600, 0.0606080, 0.0612160, 0.1314560, 0.0824000, 0.0455680, 0.0452800, 0.0460800, 0.0459840, 0.0458240, 0.0453120, 0.0622080, 0.0455040, 0.0581440, 0.0454720, 0.0500160, 0.0630720, 0.0453120, 0.0452480, 0.0454400, 0.0404480, 0.0547520, 0.0394880, 0.0400000, 0.0398080, 0.0392000, 0.0393600, 0.0398400, 0.0558720, 0.0398400, 0.0394240, 0.0404160, 0.0534400, 0.0400320, 0.0546560, 0.0400640, 0.0388480, 0.0394880, 0.0722240, 0.0616640, 0.0396480, 0.0403520, 0.0396800, 0.0394560, 0.0561920, 0.0395520, 0.0557760, 0.0397120, 0.0394240, 0.0793280, 0.0392640, 0.0536640, 0.0395520, 0.0395520, 0.0427200, 0.0394240, 0.0545280, 0.0398720, 0.0550080, 0.0433920, 0.0392640, 0.0388800, 0.0389440, 0.0547840, 0.0305280, 0.0394560, 0.0392320, 0.0391360, 0.0569600, 0.0397120, 0.0392640, 0.0499200, 0.0396800, 0.0391040, 0.0393600, 0.0392000, 0.0394880, 0.0395840, 0.0391680, 0.0397120 ],
"bins": [ 0, 64, 0, 0, 0, 0, 0, 0, 0, 0, 0, 0, 0, 0, 0, 0, 0, 0, 0, 0, 0, 0, 0, 0, 0, 0, 0 ]
}
,