{
"inputLengthInCharacters": 128,
"uniformInput": true,
"useMappingLetter": false,
"measurements": {
"histogram_atomic_global": {
"timesTransferToDevice": [ 0.0696320, 0.0299200, 0.0281600, 0.0284160, 0.0280640, 0.0638400, 0.0285760, 0.0419520, 0.0282880, 0.0267520, 0.0276800, 0.0273280, 0.0478400, 0.0274880, 0.0260800, 0.0288640, 0.0270720, 0.0323520, 0.0268800, 0.0276160, 0.0268480, 0.0271040, 0.0521920, 0.0289280, 0.0273280, 0.0263040, 0.1808000, 0.0177920, 0.0200000, 0.0215360, 0.0198400, 0.0193920, 0.0192320, 0.0386240, 0.0197440, 0.0196800, 0.0261120, 0.0196800, 0.0195200, 0.0377920, 0.0187840, 0.0330240, 0.1169920, 0.0175360, 0.0169280, 0.0343360, 0.0179200, 0.0173760, 0.0176960, 0.0175040, 0.0336320, 0.0180160, 0.0184000, 0.0281920, 0.0171200, 0.0333760, 0.0178560, 0.0169280, 0.0169280, 0.0174720, 0.0169920, 0.0176320, 0.0332800, 0.0179520, 0.0172480, 0.0173120, 0.0178560, 0.0178560, 0.0169280, 0.0175680, 0.0297920, 0.0175680, 0.0171840, 0.0176320, 0.0177280, 0.0195840, 0.0175040, 0.0170560, 0.0177920, 0.0174080, 0.0175040, 0.0352640, 0.0361920, 0.0172480, 0.0173120, 0.0176320, 0.0172160, 0.0172480, 0.0328000, 0.0176960, 0.0176640, 0.0253120, 0.0179840, 0.0333440, 0.0173760, 0.0178560, 0.0178240, 0.0173120, 0.0333760, 0.0300480 ],
"timesExecution": [ 0.1177600, 0.0521920, 0.0745280, 0.0534400, 0.1024960, 0.0560000, 0.0540160, 0.0717120, 0.0542720, 0.0747520, 0.0839360, 0.0533440, 0.0524800, 0.0552640, 0.0745600, 0.0542720, 0.1044160, 0.0632960, 0.0525120, 0.0720000, 0.0542720, 0.0730560, 0.0532480, 0.0781760, 0.0614400, 0.0534400, 0.0645440, 0.1136320, 0.1299840, 0.0582720, 0.0573440, 0.0934080, 0.0562880, 0.0528960, 0.0580800, 0.0573440, 0.0792000, 0.0575040, 0.0696320, 0.0571840, 0.0566400, 0.0573440, 0.0531840, 0.0749440, 0.0481280, 0.0631360, 0.0520960, 0.0523200, 0.0634880, 0.0678400, 0.0687360, 0.0521920, 0.0512320, 0.0522560, 0.0512960, 0.0642240, 0.0672000, 0.0668480, 0.0513600, 0.0522880, 0.0624320, 0.0696320, 0.0652480, 0.0514880, 0.0520640, 0.0542400, 0.0674560, 0.0632960, 0.0678400, 0.0521600, 0.0515840, 0.0522240, 0.0624320, 0.0675840, 0.0624320, 0.0686080, 0.0514240, 0.0624960, 0.0519360, 0.0633920, 0.1011200, 0.0522240, 0.0512640, 0.0522560, 0.0632000, 0.0512000, 0.0624960, 0.0682880, 0.0522560, 0.0634880, 0.0512000, 0.0624320, 0.0675840, 0.0521600, 0.0631040, 0.0513280, 0.0624960, 0.0521920, 0.0520320, 0.0491520 ],
"timesTransferFromDevice": [ 0.1246720, 0.0793600, 0.0635200, 0.0708160, 0.0632320, 0.0929920, 0.0616320, 0.0600640, 0.0608320, 0.0882880, 0.0613120, 0.0609920, 0.1158400, 0.0603200, 0.0609280, 0.0888320, 0.0615680, 0.0913280, 0.0595840, 0.0601280, 0.0639680, 0.0599680, 0.0846400, 0.0613120, 0.0602880, 0.0606720, 0.0418240, 0.1770240, 0.0701760, 0.0429760, 0.0430720, 0.0423040, 0.0437760, 0.0591680, 0.0429120, 0.0421440, 0.0552320, 0.0618240, 0.0430400, 0.0612160, 0.0430400, 0.0423360, 0.0394880, 0.0592640, 0.0397440, 0.0390400, 0.0388480, 0.0384960, 0.0393600, 0.0388480, 0.0546560, 0.0390080, 0.0392000, 0.0381760, 0.0390720, 0.0639040, 0.0391040, 0.0388480, 0.0386240, 0.0385280, 0.0388480, 0.0390400, 0.0386560, 0.0383040, 0.0392320, 0.0390400, 0.0386240, 0.0544320, 0.0391680, 0.0488640, 0.0383360, 0.0388160, 0.0390080, 0.0387840, 0.0548160, 0.0384320, 0.0395840, 0.0388160, 0.0388800, 0.0383680, 0.0421760, 0.0536960, 0.0384640, 0.0383680, 0.0389440, 0.0378880, 0.0549120, 0.0389760, 0.0383360, 0.0385600, 0.0391680, 0.0384320, 0.0393280, 0.0538560, 0.0492800, 0.0381440, 0.0387840, 0.0389120, 0.0572480, 0.0719360 ],
"bins": [ 0, 0, 0, 0, 0, 0, 0, 0, 0, 0, 0, 0, 0, 0, 0, 0, 0, 0, 0, 0, 0, 0, 0, 0, 0, 0, 0, 0, 0, 0, 0, 0, 0, 0, 0, 0, 0, 0, 0, 0, 0, 0, 0, 0, 0, 0, 0, 0, 0, 0, 0, 0, 0, 0, 0, 0, 0, 0, 0, 0, 0, 0, 0, 0, 0, 0, 0, 0, 0, 0, 0, 0, 0, 0, 0, 0, 0, 0, 0, 0, 0, 0, 0, 0, 0, 0, 0, 0, 0, 0, 0, 0, 0, 0, 0, 0, 128, 0, 0, 0, 0, 0, 0, 0, 0, 0, 0, 0, 0, 0, 0, 0, 0, 0, 0, 0, 0, 0, 0, 0, 0, 0, 0, 0, 0, 0, 0, 0 ]
}
,
"histogram_atomic_private": {
"timesTransferToDevice": [ 0.0338240, 0.0270720, 0.0268480, 0.0276160, 0.0272640, 0.0241280, 0.0264960, 0.0276800, 0.0540160, 0.0263040, 0.0272320, 0.0519680, 0.0265920, 0.0266880, 0.0313920, 0.0505920, 0.0271680, 0.0241280, 0.0276160, 0.0238080, 0.0264320, 0.0261760, 0.0273600, 0.0453440, 0.0600320, 0.0204160, 0.0802240, 0.0206080, 0.0210880, 0.0281600, 0.0208960, 0.0198720, 0.0204800, 0.0205120, 0.0395840, 0.0204160, 0.0210880, 0.0197760, 0.0212160, 0.0166400, 0.0571200, 0.0175040, 0.0178560, 0.0193280, 0.0174080, 0.0172800, 0.0180160, 0.0210880, 0.0191360, 0.0166720, 0.0175040, 0.0177280, 0.0294080, 0.0347840, 0.0173760, 0.0170560, 0.0170560, 0.0172800, 0.0178880, 0.0352640, 0.0179840, 0.0166400, 0.0180160, 0.0169280, 0.0174720, 0.0369280, 0.0173760, 0.0174720, 0.0179520, 0.0170560, 0.0174720, 0.0168000, 0.0192960, 0.0173440, 0.0184960, 0.0169600, 0.0178560, 0.0168320, 0.0175360, 0.0175680, 0.0194880, 0.0297600, 0.0176640, 0.0176000, 0.0179520, 0.0187200, 0.0174080, 0.0169280, 0.0238720, 0.0168640, 0.0176640, 0.0173120, 0.0171840, 0.0304640, 0.0189440, 0.0176640, 0.0175680, 0.0177280, 0.0341120, 0.0167040 ],
"timesExecution": [ 0.0534080, 0.0737280, 0.0532800, 0.0706560, 0.0532480, 0.0512000, 0.0708160, 0.0910080, 0.0727040, 0.0512320, 0.0523200, 0.0541760, 0.0522560, 0.0696320, 0.0782080, 0.0728320, 0.0515840, 0.0512000, 0.0689920, 0.0523520, 0.0706880, 0.0532480, 0.0552640, 0.1998400, 0.0594560, 0.0597440, 0.0624960, 0.0756480, 0.0624960, 0.0622080, 0.0754880, 0.0604160, 0.0550720, 0.0901120, 0.0621760, 0.0737280, 0.0615680, 0.0737920, 0.0614080, 0.1054720, 0.0530240, 0.0536000, 0.0644800, 0.0513280, 0.0627520, 0.0521920, 0.0495360, 0.0623040, 0.0529920, 0.0634880, 0.0521920, 0.0513280, 0.0734720, 0.0520960, 0.0631360, 0.0532480, 0.0627200, 0.0849280, 0.0688640, 0.0645440, 0.0535040, 0.0633600, 0.0522560, 0.0513920, 0.0534080, 0.0521920, 0.0817600, 0.0450880, 0.0521920, 0.0512000, 0.0524800, 0.0634880, 0.0501760, 0.0624320, 0.0521280, 0.0523200, 0.0642240, 0.0523520, 0.0668800, 0.0685760, 0.0522560, 0.0515840, 0.0532160, 0.0757760, 0.0521920, 0.0624320, 0.0538560, 0.0513280, 0.0624960, 0.0515840, 0.0634880, 0.0501760, 0.0520320, 0.0532800, 0.0521920, 0.0632960, 0.0866880, 0.0860480, 0.0522240, 0.0522880 ],
"timesTransferFromDevice": [ 0.0655040, 0.0890240, 0.0604160, 0.0659200, 0.0599040, 0.0610880, 0.0595200, 0.0605440, 0.0610560, 0.0645760, 0.0602240, 0.0588480, 0.0625600, 0.0585280, 0.0604480, 0.0627200, 0.0622400, 0.0590080, 0.0598720, 0.0626560, 0.0881280, 0.0590080, 0.0600000, 0.0395840, 0.1024640, 0.0456640, 0.0665600, 0.0467520, 0.0463680, 0.0462400, 0.0455680, 0.0468480, 0.0459200, 0.0596800, 0.0461440, 0.0475200, 0.0464320, 0.0597760, 0.0451840, 0.0387840, 0.0557440, 0.0440960, 0.0386880, 0.0389760, 0.0490560, 0.0385280, 0.0401600, 0.0536960, 0.0388800, 0.0387520, 0.0401920, 0.0380480, 0.0525120, 0.0538560, 0.0390080, 0.0383680, 0.0384000, 0.0385280, 0.0390400, 0.0538560, 0.0388800, 0.0386240, 0.0400960, 0.0382080, 0.0384000, 0.0451840, 0.0385920, 0.0396160, 0.0395200, 0.0665920, 0.0387520, 0.0549760, 0.0397120, 0.0389440, 0.0389120, 0.0387200, 0.0383360, 0.0599680, 0.0391680, 0.0387840, 0.0384960, 0.0387520, 0.0441280, 0.0395840, 0.0544640, 0.0387840, 0.0383680, 0.0389120, 0.0400640, 0.0383680, 0.0536320, 0.0495040, 0.0400000, 0.0390720, 0.0384320, 0.0386240, 0.0555200, 0.0392960, 0.0388160, 0.0386240 ],
"bins": [ 0, 0, 0, 0, 0, 0, 0, 0, 0, 0, 0, 0, 0, 0, 0, 0, 0, 0, 0, 0, 0, 0, 0, 0, 0, 0, 0, 0, 0, 0, 0, 0, 0, 0, 0, 0, 0, 0, 0, 0, 0, 0, 0, 0, 0, 0, 0, 0, 0, 0, 0, 0, 0, 0, 0, 0, 0, 0, 0, 0, 0, 0, 0, 0, 0, 0, 0, 0, 0, 0, 0, 0, 0, 0, 0, 0, 0, 0, 0, 0, 0, 0, 0, 0, 0, 0, 0, 0, 0, 0, 0, 0, 0, 0, 0, 0, 128, 0, 0, 0, 0, 0, 0, 0, 0, 0, 0, 0, 0, 0, 0, 0, 0, 0, 0, 0, 0, 0, 0, 0, 0, 0, 0, 0, 0, 0, 0, 0 ]
}
,