{
"inputLengthInCharacters": 131072,
"uniformInput": true,
"useMappingLetter": false,
"measurements": {
"histogram_atomic_global": {
"timesTransferToDevice": [ 0.1089600, 0.0823680, 0.0518400, 0.0511040, 0.0512000, 0.0514240, 0.0508480, 0.0794560, 0.0512960, 0.0518080, 0.0501760, 0.0520320, 0.0491200, 0.0770880, 0.0516160, 0.0513600, 0.0502720, 0.0507520, 0.0676160, 0.0769920, 0.0517760, 0.0515520, 0.0509120, 0.0506560, 0.0501120, 0.0769600, 0.0517440, 0.0948480, 0.1291200, 0.0509120, 0.0502400, 0.0516160, 0.0501440, 0.0877440, 0.1081600, 0.0509760, 0.0504960, 0.0525120, 0.0507520, 0.0772800, 0.0511680, 0.0507520, 0.1204480, 0.0914880, 0.0513280, 0.0495360, 0.0504960, 0.0700160, 0.0522880, 0.0515840, 0.0773760, 0.0506560, 0.0502080, 0.0529280, 0.0797120, 0.0850560, 0.0836480, 0.0507840, 0.0505600, 0.0517440, 0.0500160, 0.0509120, 0.0798400, 0.0514240, 0.0502720, 0.0506560, 0.0505280, 0.0506880, 0.0500800, 0.0509120, 0.0518720, 0.0507520, 0.0518080, 0.0510720, 0.0500800, 0.0689280, 0.1480640, 0.0522560, 0.0505920, 0.0513920, 0.0746560, 0.0516800, 0.0501120, 0.0508480, 0.0510720, 0.0506880, 0.0494720, 0.0759680, 0.0506560, 0.0505280, 0.0505600, 0.0507200, 0.0509440, 0.0757120, 0.0508800, 0.0548160, 0.0538880, 0.0513280, 0.0498560, 0.0518720 ],
"timesExecution": [ 0.3700480, 0.3627520, 0.3854080, 0.3539840, 0.3533440, 0.3708480, 0.3868480, 0.3611200, 0.3787840, 0.3555520, 0.3511680, 0.3684160, 0.3952000, 0.3587840, 0.3993920, 0.3601600, 0.3504320, 0.3870080, 0.3579520, 0.3595200, 0.3807680, 0.3790400, 0.3676800, 0.3496640, 0.3584320, 0.3926080, 0.3651200, 0.4006400, 0.3721600, 0.3510080, 0.3575040, 0.3780480, 0.3582080, 0.3592960, 0.3817920, 0.3540800, 0.3501120, 0.3732800, 0.3495360, 0.3594240, 0.3849280, 0.3842240, 0.4176000, 0.3906240, 0.3519040, 0.4252160, 0.3955200, 0.3502720, 0.3716480, 0.3505280, 0.3553280, 0.3682240, 0.3530560, 0.3610880, 0.4111680, 0.4237760, 0.3649280, 0.3840320, 0.3607360, 0.3506240, 0.3696320, 0.3620480, 0.3753280, 0.3961280, 0.3513920, 0.3700480, 0.3519360, 0.3502720, 0.3765440, 0.3579520, 0.3579520, 0.3773120, 0.3581760, 0.3529600, 0.3830720, 0.4119040, 0.3652800, 0.3820800, 0.3592000, 0.3563840, 0.3904320, 0.3526080, 0.3763520, 0.3502400, 0.4149440, 0.3671680, 0.3553920, 0.3568640, 0.3703680, 0.3572800, 0.3614720, 0.3698560, 0.3555520, 0.3562560, 0.3846400, 0.4142720, 0.3624960, 0.3792640, 0.3517120, 0.3491840 ],
"timesTransferFromDevice": [ 0.0957760, 0.0940480, 0.0597120, 0.0593920, 0.0603200, 0.0587520, 0.0602240, 0.0674560, 0.0619520, 0.0605760, 0.0616320, 0.0734720, 0.0615680, 0.0868800, 0.0646400, 0.0596800, 0.0764160, 0.0612480, 0.0612480, 0.0841280, 0.0617280, 0.0586240, 0.0681280, 0.0609600, 0.0615360, 0.0852480, 0.0581440, 0.1371840, 0.0618240, 0.0599680, 0.0880960, 0.0603520, 0.0610880, 0.0596800, 0.0613120, 0.0610240, 0.0612800, 0.0603840, 0.0600640, 0.0720000, 0.0608320, 0.0901120, 0.1029440, 0.0610560, 0.0903680, 0.0996160, 0.0606080, 0.0598400, 0.0607040, 0.0595200, 0.0786880, 0.0599040, 0.0728640, 0.0605120, 0.1300160, 0.0793600, 0.0770240, 0.0603520, 0.0596160, 0.0595520, 0.0610880, 0.0607360, 0.0597120, 0.0592960, 0.0608000, 0.0605760, 0.0601600, 0.0599040, 0.0622720, 0.0609280, 0.0612800, 0.0857280, 0.0603520, 0.0599680, 0.0634880, 0.0896960, 0.0617280, 0.0602880, 0.0772480, 0.0605120, 0.0730560, 0.0593280, 0.0609920, 0.0742720, 0.1036480, 0.0745920, 0.0613760, 0.0594560, 0.0599360, 0.0598400, 0.0619840, 0.0604800, 0.0608320, 0.0679360, 0.0632000, 0.0862080, 0.0640640, 0.0604160, 0.0744000, 0.0604480 ],
"bins": [ 0, 0, 0, 0, 0, 0, 0, 0, 0, 0, 0, 0, 0, 0, 0, 0, 0, 0, 0, 0, 0, 0, 0, 0, 0, 0, 0, 0, 0, 0, 0, 0, 0, 0, 0, 0, 0, 0, 0, 0, 0, 0, 0, 0, 0, 0, 0, 0, 0, 0, 0, 0, 0, 0, 0, 0, 0, 0, 0, 0, 0, 0, 0, 0, 0, 0, 0, 0, 0, 0, 0, 0, 0, 0, 0, 0, 0, 0, 0, 0, 0, 0, 0, 0, 0, 0, 0, 0, 0, 0, 0, 0, 0, 0, 0, 0, 131072, 0, 0, 0, 0, 0, 0, 0, 0, 0, 0, 0, 0, 0, 0, 0, 0, 0, 0, 0, 0, 0, 0, 0, 0, 0, 0, 0, 0, 0, 0, 0 ]
}
,
"histogram_atomic_private": {
"timesTransferToDevice": [ 0.0639680, 0.0521920, 0.0508800, 0.0514240, 0.0774080, 0.0683520, 0.0518720, 0.0738880, 0.0574400, 0.0506880, 0.0527040, 0.0503680, 0.2013440, 0.0752960, 0.0498560, 0.0731520, 0.0454720, 0.1882240, 0.1244160, 0.0757760, 0.0483520, 0.0496640, 0.0486080, 0.0658240, 0.0433600, 0.0430400, 0.0427520, 0.0424320, 0.0787200, 0.0400000, 0.0405760, 0.0390720, 0.0400640, 0.0545280, 0.0489920, 0.0364800, 0.0381440, 0.0966720, 0.0509120, 0.0371520, 0.0367680, 0.0360640, 0.0366080, 0.0367360, 0.0498240, 0.0369920, 0.1929280, 0.0360640, 0.0360000, 0.0359040, 0.0368640, 0.0488640, 0.0928640, 0.0607040, 0.0374080, 0.0359040, 0.0362240, 0.0359360, 0.0366080, 0.0361920, 0.0361280, 0.0362880, 0.0366720, 0.0478720, 0.0484480, 0.1472960, 0.0611520, 0.0514560, 0.0363200, 0.0362560, 0.0364480, 0.0362240, 0.0368960, 0.0360960, 0.0361600, 0.0356160, 0.0372160, 0.0360640, 0.0361920, 0.0364480, 0.0360320, 0.0356160, 0.0364800, 0.0360640, 0.0365440, 0.0358080, 0.0363840, 0.0885440, 0.0363200, 0.0365760, 0.0361600, 0.0359680, 0.0475200, 0.0357760, 0.0365760, 0.0357760, 0.0358720, 0.0362240, 0.0372800, 0.0358080 ],
"timesExecution": [ 0.1739520, 0.1593280, 0.1785920, 0.1630720, 0.1641280, 0.1738880, 0.1634240, 0.1573440, 0.1827520, 0.1649600, 0.1608960, 0.1735360, 0.1545600, 0.1530240, 0.1903040, 0.1527360, 0.1906560, 0.1608640, 0.1397120, 0.1473280, 0.1638400, 0.1778880, 0.1669120, 0.1476160, 0.1429760, 0.1547200, 0.1358080, 0.1295360, 0.1690240, 0.1306560, 0.1391680, 0.1445760, 0.1416320, 0.1311680, 0.1615360, 0.1244800, 0.1721600, 0.3220800, 0.1581760, 0.1416000, 0.1229120, 0.1252480, 0.1351680, 0.1549120, 0.1336320, 0.1967680, 0.1272000, 0.1503040, 0.1510400, 0.1255680, 0.1301120, 0.1966080, 0.1290880, 0.1333760, 0.1268160, 0.1235200, 0.1346560, 0.1321600, 0.1396160, 0.1432640, 0.1297600, 0.1319360, 0.1452800, 0.1320000, 0.1991040, 0.1509760, 0.1767040, 0.2246080, 0.1873600, 0.1375680, 0.1437760, 0.1264960, 0.1267520, 0.1375040, 0.1256960, 0.1229120, 0.1424320, 0.1498880, 0.1355520, 0.1403520, 0.1250240, 0.1265600, 0.1382400, 0.1232960, 0.1416960, 0.1296960, 0.1879040, 0.1424640, 0.1521280, 0.1358400, 0.1380160, 0.1306880, 0.1251840, 0.1452800, 0.1451200, 0.1289280, 0.1398400, 0.1360320, 0.1229760, 0.1361920 ],
"timesTransferFromDevice": [ 0.0634240, 0.0625600, 0.0600320, 0.0604160, 0.0610240, 0.0606720, 0.0609600, 0.0612480, 0.0605120, 0.0605760, 0.0608640, 0.0606400, 0.0823680, 0.0809600, 0.0946240, 0.0528000, 0.1107200, 0.0940480, 0.0562240, 0.0572480, 0.0851200, 0.0531840, 0.0483840, 0.0494080, 0.0622400, 0.0489920, 0.0485440, 0.0455680, 0.0448640, 0.0468800, 0.0548480, 0.0862400, 0.0534720, 0.0408320, 0.0404160, 0.0441600, 0.0603200, 0.0402560, 0.0570560, 0.0389120, 0.0389120, 0.0401280, 0.0429760, 0.0526400, 0.0554880, 0.1031360, 0.0468480, 0.0390400, 0.0391360, 0.0454080, 0.0388800, 0.1272960, 0.0393280, 0.0522880, 0.0433920, 0.0413120, 0.0411520, 0.0381760, 0.0385920, 0.0393920, 0.0400960, 0.0409920, 0.0392960, 0.0389440, 0.1294720, 0.0394560, 0.0679680, 0.0658880, 0.0655680, 0.0570880, 0.0387200, 0.0389440, 0.0537280, 0.0400320, 0.0397440, 0.0415040, 0.0392960, 0.0393920, 0.0397120, 0.0399680, 0.0419840, 0.0387200, 0.0395840, 0.0599360, 0.0391680, 0.0393280, 0.1067520, 0.0509120, 0.0447040, 0.0396160, 0.0411200, 0.0410880, 0.0402880, 0.0394880, 0.0392960, 0.0396480, 0.0393280, 0.0387520, 0.0402240, 0.0397760 ],
"bins": [ 0, 0, 0, 0, 0, 0, 0, 0, 0, 0, 0, 0, 0, 0, 0, 0, 0, 0, 0, 0, 0, 0, 0, 0, 0, 0, 0, 0, 0, 0, 0, 0, 0, 0, 0, 0, 0, 0, 0, 0, 0, 0, 0, 0, 0, 0, 0, 0, 0, 0, 0, 0, 0, 0, 0, 0, 0, 0, 0, 0, 0, 0, 0, 0, 0, 0, 0, 0, 0, 0, 0, 0, 0, 0, 0, 0, 0, 0, 0, 0, 0, 0, 0, 0, 0, 0, 0, 0, 0, 0, 0, 0, 0, 0, 0, 0, 131072, 0, 0, 0, 0, 0, 0, 0, 0, 0, 0, 0, 0, 0, 0, 0, 0, 0, 0, 0, 0, 0, 0, 0, 0, 0, 0, 0, 0, 0, 0, 0 ]
}
,