{
"inputLengthInCharacters": 2048,
"uniformInput": false,
"useMappingLetter": true,
"measurements": {
"histogram_atomic_global": {
"timesTransferToDevice": [ 0.0419840, 0.0597440, 0.0477120, 0.0481280, 0.0276160, 0.0274240, 0.0461120, 0.0780160, 0.0482240, 0.0278400, 0.0273280, 0.0463360, 0.0713920, 0.0278720, 0.0268480, 0.0274560, 0.0464640, 0.1036480, 0.0224320, 0.0236160, 0.0394240, 0.0400000, 0.0390080, 0.0243520, 0.0232960, 0.0400000, 0.0402240, 0.0239040, 0.0224000, 0.0230080, 0.1422400, 0.0299200, 0.0173440, 0.0173760, 0.0318080, 0.0303360, 0.0345280, 0.0183040, 0.0177280, 0.0299200, 0.0300800, 0.0186240, 0.0171520, 0.0304640, 0.0302720, 0.0302400, 0.0186560, 0.0180800, 0.0304640, 0.0301440, 0.0338240, 0.0187200, 0.0180480, 0.0306240, 0.0296640, 0.0178560, 0.0276160, 0.0458880, 0.0295040, 0.0302400, 0.0178560, 0.0181440, 0.0302080, 0.0305920, 0.0173440, 0.0174720, 0.0171840, 0.0300160, 0.0296640, 0.0177920, 0.0180480, 0.0306240, 0.0295040, 0.0301440, 0.0184320, 0.0200640, 0.0297280, 0.0304640, 0.0175680, 0.0175360, 0.0178240, 0.0310400, 0.0301120, 0.0176960, 0.0170560, 0.0309440, 0.0297920, 0.0300480, 0.0185280, 0.0340160, 0.0295040, 0.0298880, 0.0175360, 0.0178880, 0.0298560, 0.0301120, 0.0301440, 0.0446400, 0.0175680, 0.0304640 ],
"timesExecution": [ 0.1199680, 0.0788480, 0.0778560, 0.0768000, 0.0950720, 0.0759360, 0.0805440, 0.0778880, 0.0767360, 0.0959360, 0.0758400, 0.1095680, 0.0755840, 0.0785920, 0.0931520, 0.0758720, 0.2119360, 0.0665600, 0.0871040, 0.0921600, 0.0632960, 0.0634880, 0.0631360, 0.0829760, 0.0626560, 0.0840000, 0.0634880, 0.1057920, 0.0819520, 0.0637120, 0.0494080, 0.0635200, 0.0768000, 0.0645120, 0.0488640, 0.0484160, 0.0513280, 0.0604160, 0.0668480, 0.0488000, 0.0481600, 0.0622400, 0.0481280, 0.0484160, 0.0634880, 0.0484800, 0.0748800, 0.0481920, 0.0481600, 0.0491200, 0.0481920, 0.0593920, 0.0626880, 0.0583360, 0.0479680, 0.0603840, 0.0483520, 0.0491840, 0.0694400, 0.0488000, 0.0604160, 0.0653120, 0.0481280, 0.0482560, 0.0616320, 0.0602880, 0.0471040, 0.0654080, 0.0488960, 0.0606400, 0.0480960, 0.0491200, 0.0483200, 0.0481920, 0.0662400, 0.0685760, 0.0556480, 0.0491520, 0.0616640, 0.0593600, 0.0481280, 0.0634880, 0.0481280, 0.0699200, 0.0657600, 0.0484160, 0.0480960, 0.0491200, 0.0604160, 0.0491840, 0.0636480, 0.0489600, 0.0604160, 0.0491840, 0.0489280, 0.0491200, 0.0635200, 0.0614080, 0.0482240, 0.0488000 ],
"timesTransferFromDevice": [ 0.0964160, 0.1116160, 0.0613440, 0.0593600, 0.0614080, 0.0945280, 0.0655360, 0.0582720, 0.0589760, 0.0594560, 0.0597120, 0.0586880, 0.0836480, 0.0593280, 0.0598400, 0.0586560, 0.1019200, 0.0485440, 0.0498240, 0.0490560, 0.0622080, 0.0484480, 0.0487040, 0.0487040, 0.0499840, 0.0488000, 0.0493760, 0.0482560, 0.0496000, 0.0487360, 0.0791040, 0.0541120, 0.0381120, 0.0366720, 0.0374720, 0.0435840, 0.0483840, 0.0556480, 0.0381120, 0.0534080, 0.0453120, 0.0369920, 0.0377920, 0.0371840, 0.0373760, 0.0521600, 0.0384640, 0.0372800, 0.0378560, 0.0367040, 0.0377280, 0.0522880, 0.0375680, 0.0368960, 0.0380160, 0.0472000, 0.0373440, 0.0368960, 0.0380800, 0.0373120, 0.0375680, 0.0371200, 0.0376000, 0.0371200, 0.0371840, 0.0372160, 0.0384000, 0.0370560, 0.0545600, 0.0370560, 0.0377600, 0.0370560, 0.0380160, 0.0373440, 0.0376000, 0.0374080, 0.0377920, 0.0367360, 0.0380480, 0.0368000, 0.0378560, 0.0369920, 0.0532160, 0.0374400, 0.0382080, 0.0371840, 0.0247040, 0.0378560, 0.0376000, 0.0524160, 0.0383040, 0.0482240, 0.0372480, 0.0370240, 0.0485120, 0.0528640, 0.0378240, 0.0371200, 0.0373760, 0.0366720 ],
"bins": [ 1211, 34, 36, 37, 34, 32, 31, 40, 29, 28, 33, 27, 27, 29, 38, 32, 31, 35, 27, 34, 35, 27, 30, 27, 35, 33, 36 ]
}
,
"histogram_atomic_private": {
"timesTransferToDevice": [ 0.0550080, 0.1099840, 0.0465280, 0.0275520, 0.0278400, 0.0462080, 0.0467520, 0.0441920, 0.0270080, 0.0269120, 0.0475200, 0.0461760, 0.0275200, 0.0272000, 0.1624000, 0.0804480, 0.0420800, 0.0241280, 0.0508800, 0.0413440, 0.0534720, 0.0243840, 0.0480960, 0.0237120, 0.0414080, 0.0411200, 0.0244480, 0.0238080, 0.1483520, 0.0328960, 0.0322560, 0.0187840, 0.0196480, 0.0326080, 0.0326720, 0.0191680, 0.0196160, 0.0191360, 0.0324480, 0.0327040, 0.0198080, 0.0194240, 0.0330560, 0.0322240, 0.0321920, 0.0187200, 0.0292480, 0.0314240, 0.0300160, 0.0168000, 0.0177920, 0.0294720, 0.0297280, 0.0288960, 0.0176960, 0.0168320, 0.0425280, 0.0176320, 0.0186880, 0.0173760, 0.0181120, 0.0178880, 0.0184640, 0.0175040, 0.0184000, 0.0179840, 0.0182400, 0.0172480, 0.0179840, 0.0180800, 0.0178560, 0.0173120, 0.0201600, 0.0171520, 0.0177280, 0.0174720, 0.0184640, 0.0181120, 0.0183360, 0.0176640, 0.0180800, 0.0176320, 0.0180480, 0.0171200, 0.0175360, 0.0175360, 0.0179840, 0.0179520, 0.0181760, 0.0264640, 0.0181760, 0.0182080, 0.0184000, 0.0340800, 0.0181120, 0.0181760, 0.0177280, 0.0178880, 0.0184960, 0.0172160 ],
"timesExecution": [ 0.1010880, 0.0736960, 0.0492480, 0.0684160, 0.0768000, 0.0744640, 0.0562560, 0.0717120, 0.0685120, 0.0975040, 0.0501760, 0.0728000, 0.0693440, 0.1044800, 0.1042560, 0.0665600, 0.0768000, 0.0663040, 0.0665280, 0.0911680, 0.0665920, 0.0829440, 0.0613440, 0.0643520, 0.0735680, 0.0667840, 0.0613760, 0.0645120, 0.0534400, 0.1311040, 0.0532800, 0.0644800, 0.0522240, 0.0522560, 0.0532800, 0.0665280, 0.0675200, 0.0522240, 0.0532800, 0.0512000, 0.0653120, 0.0520000, 0.0714880, 0.0518400, 0.0532800, 0.0637440, 0.0940160, 0.0882560, 0.0481920, 0.0587520, 0.0479360, 0.0481280, 0.0665600, 0.0473920, 0.0604160, 0.0471680, 0.0481280, 0.0481280, 0.0481280, 0.0643840, 0.0490880, 0.0479040, 0.0481280, 0.0481280, 0.0480960, 0.0654720, 0.0491200, 0.0704320, 0.0491520, 0.0479360, 0.0481280, 0.0478400, 0.0488000, 0.0481280, 0.0675520, 0.0491840, 0.0483200, 0.0479360, 0.0593280, 0.0481920, 0.0472960, 0.0480960, 0.0491200, 0.0474880, 0.0483520, 0.0481600, 0.0790080, 0.0480960, 0.0484480, 0.0480960, 0.0481600, 0.0474560, 0.0484160, 0.0480960, 0.0490560, 0.0472640, 0.0481280, 0.0471680, 0.0491200, 0.0481600 ],
"timesTransferFromDevice": [ 0.0644800, 0.0597440, 0.0783680, 0.0583040, 0.0578240, 0.0577920, 0.0568960, 0.0736960, 0.0578240, 0.0586880, 0.0582080, 0.0823040, 0.0584640, 0.0579840, 0.0854080, 0.0515520, 0.0513280, 0.0516160, 0.0509440, 0.0527360, 0.0506880, 0.0520960, 0.0505920, 0.0517440, 0.0510400, 0.0522560, 0.0511680, 0.0525120, 0.0755520, 0.0409920, 0.0408000, 0.0450560, 0.0402880, 0.0518400, 0.0404480, 0.0584960, 0.0404800, 0.0407680, 0.0404160, 0.0413440, 0.0403840, 0.0409280, 0.0405440, 0.0411840, 0.0405440, 0.0402880, 0.0369280, 0.0369920, 0.0370240, 0.0375680, 0.0370560, 0.0370880, 0.0490880, 0.0373440, 0.0368000, 0.0372480, 0.0370560, 0.0370240, 0.0368640, 0.0370240, 0.0367040, 0.0414720, 0.0372480, 0.0373120, 0.0362560, 0.0372160, 0.0373120, 0.0382080, 0.0368000, 0.0652160, 0.0374400, 0.0377600, 0.0417600, 0.0368000, 0.0368320, 0.0375360, 0.0365440, 0.0368960, 0.0477120, 0.0535360, 0.0370560, 0.0373120, 0.0369280, 0.0436800, 0.0369280, 0.0379200, 0.0375040, 0.0367360, 0.0372800, 0.0374720, 0.0362240, 0.0480960, 0.0366400, 0.0377280, 0.0372480, 0.0369920, 0.0374400, 0.0377280, 0.0370240, 0.0370560 ],
"bins": [ 1211, 34, 36, 37, 34, 32, 31, 40, 29, 28, 33, 27, 27, 29, 38, 32, 31, 35, 27, 34, 35, 27, 30, 27, 35, 33, 36 ]
}
,