{
"inputLengthInCharacters": 524288,
"uniformInput": false,
"useMappingLetter": true,
"measurements": {
"histogram_atomic_global": {
"timesTransferToDevice": [ 0.1723520, 0.1816640, 0.1432000, 0.1403840, 0.1885760, 0.1401920, 0.1376640, 0.1606720, 0.1382400, 0.1594240, 0.1353600, 0.1340800, 0.1311680, 0.1314240, 0.1332800, 0.1304960, 0.1334400, 0.1341120, 0.1562240, 0.1748160, 0.1665600, 0.1371840, 0.1400960, 0.1332480, 0.1312960, 0.1328320, 0.1314240, 0.1327360, 0.1325120, 0.1319040, 0.1309760, 0.1315840, 0.1338880, 0.1329600, 0.1317440, 0.1332160, 0.1303040, 0.1320640, 0.1402880, 0.1373120, 0.1346560, 0.2202880, 0.1656000, 0.1366400, 0.2352320, 0.1324480, 0.1317440, 0.1527360, 0.1383040, 0.1328000, 0.1333760, 0.1319360, 0.1496960, 0.1322240, 0.1326080, 0.1309120, 0.1327680, 0.1317760, 0.1316160, 0.1366400, 0.1321280, 0.1537600, 0.1317120, 0.1333120, 0.1321920, 0.1340160, 0.1305920, 0.1311360, 0.1328320, 0.1311360, 0.1315840, 0.1335680, 0.1332800, 0.1333440, 0.1332800, 0.1326720, 0.1602880, 0.1328640, 0.1321920, 0.1338880, 0.1307520, 0.1330880, 0.1342080, 0.1344000, 0.1325120, 0.1323200, 0.1318080, 0.1336000, 0.1315520, 0.1415040, 0.1381440, 0.2281600, 0.1449920, 0.1376960, 0.1347520, 0.1326400, 0.1314880, 0.1317120, 0.1326080, 0.1309120 ],
"timesExecution": [ 0.9411200, 0.9438400, 0.9972160, 1.0159360, 0.9694080, 0.9434880, 0.9694720, 0.9442880, 0.9517440, 0.9522880, 0.9611200, 0.9522560, 0.9476160, 0.9547520, 0.9558080, 0.9432320, 0.9477760, 0.9424000, 0.9561280, 0.9455040, 0.9461760, 0.9471360, 1.0302720, 0.9358400, 0.9345600, 0.9386880, 0.9769920, 0.9437440, 0.9496320, 0.9445120, 0.9611520, 0.9524800, 0.9378880, 0.9452800, 0.9696000, 0.9525440, 0.9398080, 0.9781440, 0.9756480, 0.9493440, 0.9411200, 0.9616960, 0.9682560, 0.9489600, 0.9382080, 0.9363840, 0.9566080, 0.9356160, 0.9478080, 0.9394880, 0.9580800, 0.9345920, 0.9440000, 0.9479360, 0.9733760, 0.9433920, 0.9515520, 0.9363200, 0.9514560, 0.9543040, 0.9360640, 0.9420160, 1.0177280, 0.9823360, 0.9384320, 0.9426560, 0.9580800, 0.9337280, 0.9420480, 0.9605120, 0.9595840, 0.9345920, 0.9432960, 0.9384640, 0.9564480, 0.9423040, 0.9400320, 0.9461760, 0.9659200, 0.9411840, 0.9418240, 0.9368000, 0.9843520, 0.9424960, 0.9457280, 0.9384960, 0.9531840, 0.9414720, 0.9695360, 0.9577280, 0.9678080, 0.9448640, 0.9440000, 0.9381120, 0.9746240, 0.9344320, 0.9308480, 0.9400640, 0.9520000, 0.9311360 ],
"timesTransferFromDevice": [ 0.0977600, 0.0650240, 0.0650240, 0.1181120, 0.0676160, 0.0627520, 0.0627520, 0.0940480, 0.0619840, 0.0597760, 0.0608960, 0.0591040, 0.0608960, 0.0608960, 0.0605760, 0.0906880, 0.0615360, 0.0670720, 0.0598720, 0.0602880, 0.0858240, 0.0590400, 0.0605760, 0.0599360, 0.0604160, 0.0594880, 0.0608640, 0.0785280, 0.0614080, 0.0608320, 0.0609920, 0.0599040, 0.0605760, 0.0606720, 0.0614080, 0.0601920, 0.0603520, 0.1421440, 0.0608640, 0.0597120, 0.0597120, 0.0596160, 0.0860480, 0.0601920, 0.0597760, 0.0687040, 0.0602880, 0.0729280, 0.0602880, 0.0598080, 0.0604480, 0.0595840, 0.0607680, 0.0592960, 0.0609920, 0.0600320, 0.0807040, 0.0597760, 0.0421440, 0.0594560, 0.0604160, 0.0605760, 0.0602560, 0.0601280, 0.0600960, 0.1271040, 0.0603520, 0.0600000, 0.0607040, 0.0602240, 0.0608000, 0.0601280, 0.0617600, 0.0605120, 0.0611200, 0.0607040, 0.0760640, 0.0606400, 0.0608960, 0.0593920, 0.0589440, 0.0617920, 0.0613440, 0.0610560, 0.1204160, 0.0759680, 0.0605440, 0.1473280, 0.0721600, 0.0616000, 0.0617280, 0.0613120, 0.0622080, 0.0592640, 0.0609920, 0.0603840, 0.0614080, 0.0590400, 0.0608000, 0.0608960 ],
"bins": [ 311444, 8295, 8104, 7952, 8170, 8165, 8168, 8123, 8059, 8241, 8251, 8311, 8187, 8247, 8160, 8189, 8111, 8261, 8013, 8359, 8279, 8206, 8275, 8223, 8167, 8039, 8289 ]
}
,
"histogram_atomic_private": {
"timesTransferToDevice": [ 0.1548160, 0.1414720, 0.1591680, 0.1327680, 0.1340480, 0.1547200, 0.1325760, 0.1331520, 0.1316800, 0.2005440, 0.1331520, 0.1325760, 0.1339520, 0.1623040, 0.2917760, 0.1314560, 0.1218240, 0.1192640, 0.1157760, 0.1149760, 0.1528960, 0.1144640, 0.1096000, 0.1103040, 0.1062080, 0.1049600, 0.1050240, 0.1059200, 0.1059200, 0.1023360, 0.1184640, 0.1116160, 0.1656000, 0.1031360, 0.1150080, 0.0998720, 0.1001600, 0.1016000, 0.1253440, 0.1007040, 0.2830720, 0.1081600, 0.2156800, 0.1146560, 0.1664320, 0.1568000, 0.2330880, 0.1393600, 0.1721600, 0.1264960, 0.1176000, 0.3217600, 0.1247680, 0.2008960, 0.2720000, 0.1538240, 0.1204800, 0.1159360, 0.1237760, 0.1156160, 0.1312320, 0.3117760, 0.1189440, 0.1661120, 0.1100480, 0.1036480, 0.1273600, 0.1041600, 0.1037440, 0.1028160, 0.1065920, 0.1031040, 0.1020480, 0.1404480, 0.1006720, 0.0998400, 0.1002880, 0.2668800, 0.1241600, 0.1193600, 0.1004800, 0.0993920, 0.1168320, 0.0993920, 0.1013440, 0.2162880, 0.1007360, 0.1157120, 0.0994560, 0.1161600, 0.1007680, 0.0992320, 0.1189760, 0.0994240, 0.1000000, 0.1096000, 0.1232320, 0.1003200, 0.1003840, 0.1000000 ],
"timesExecution": [ 0.2642240, 0.2758720, 0.2557440, 0.2517120, 0.2522240, 0.2693120, 0.2559040, 0.2514560, 0.2549440, 0.2944320, 0.2619840, 0.2566080, 0.3227200, 0.3411840, 0.2727040, 0.2471040, 0.2457600, 0.2533760, 0.2462080, 0.2353280, 0.2404160, 0.2669760, 0.2499520, 0.2306880, 0.2376000, 0.2508800, 0.2658240, 0.2342720, 0.2465920, 0.3165120, 0.2697920, 0.2259200, 0.2347520, 0.2621440, 0.2447680, 0.2488960, 0.2367040, 0.3157120, 0.2870720, 0.3084160, 0.2851520, 0.3453760, 0.2949760, 0.4246080, 0.2961600, 0.3888640, 0.2737280, 0.2653440, 0.2540800, 0.3984640, 0.3156480, 0.2815360, 0.2821120, 0.3432640, 0.2652160, 0.2755520, 0.2546560, 0.2670400, 0.2543360, 0.2513280, 0.3024640, 0.3987200, 0.2438080, 0.2447680, 0.2334400, 0.2603840, 0.2625600, 0.2423360, 0.2393920, 0.2755840, 0.2341440, 0.2439040, 0.2332800, 0.2843200, 0.2427840, 0.2365760, 0.3140160, 0.2762560, 0.2509120, 0.2443840, 0.2406720, 0.2387200, 0.2481280, 0.2456640, 0.3000320, 0.2512000, 0.2679040, 0.2427520, 0.3212800, 0.2429120, 0.2426880, 0.2396800, 0.2604480, 0.2385280, 0.3046080, 0.2662400, 0.2723520, 0.2545600, 0.2425920, 0.2391040 ],
"timesTransferFromDevice": [ 0.0642560, 0.0608640, 0.0605440, 0.0608960, 0.0600320, 0.0605440, 0.0596800, 0.0605760, 0.0602240, 0.0607040, 0.0596480, 0.0605760, 0.1023040, 0.1301120, 0.1406080, 0.0507200, 0.0505920, 0.0486400, 0.0544000, 0.0471360, 0.0510400, 0.0450560, 0.0441600, 0.0447040, 0.0572480, 0.0429440, 0.0423360, 0.0516800, 0.0406720, 0.1584000, 0.0412800, 0.0735680, 0.0626880, 0.0453120, 0.0390400, 0.0395200, 0.0394240, 0.0487360, 0.0408320, 0.0942720, 0.0501120, 0.1110080, 0.0528000, 0.1485760, 0.0785280, 0.0638720, 0.0612480, 0.0546560, 0.0532160, 0.0499200, 0.0604480, 0.0568960, 0.0851520, 0.1250240, 0.1454080, 0.0517440, 0.0489600, 0.0739840, 0.0486720, 0.0496000, 0.0616640, 0.0544640, 0.0456000, 0.0518720, 0.0427520, 0.0414400, 0.0424320, 0.0410560, 0.0938240, 0.0752320, 0.1009920, 0.0419520, 0.0622720, 0.0400960, 0.0390400, 0.0387840, 0.1243200, 0.0421120, 0.0409920, 0.0396480, 0.0407360, 0.0389760, 0.0392320, 0.0402240, 0.0641280, 0.0407040, 0.0395840, 0.0394560, 0.0616640, 0.0408000, 0.0388800, 0.0622400, 0.0380800, 0.0402560, 0.1302400, 0.0411200, 0.0404800, 0.0395840, 0.0396480, 0.0383360 ],
"bins": [ 311444, 8295, 8104, 7952, 8170, 8165, 8168, 8123, 8059, 8241, 8251, 8311, 8187, 8247, 8160, 8189, 8111, 8261, 8013, 8359, 8279, 8206, 8275, 8223, 8167, 8039, 8289 ]
}
,