{
"inputLengthInCharacters": 16,
"uniformInput": true,
"useMappingLetter": false,
"measurements": {
"histogram_atomic_global": {
"timesTransferToDevice": [ 0.0459840, 0.0305920, 0.0286720, 0.0289600, 0.0283840, 0.0298240, 0.0603520, 0.0283520, 0.0353600, 0.0267520, 0.0281920, 0.0275520, 0.0288320, 0.0264960, 0.0261120, 0.0354240, 0.0283520, 0.0331840, 0.0673600, 0.0216320, 0.0205120, 0.0398400, 0.0203520, 0.0211200, 0.0208000, 0.0209280, 0.0336000, 0.0205440, 0.0205440, 0.0205440, 0.0209920, 0.0361600, 0.0204800, 0.0187520, 0.0188160, 0.0178880, 0.0236160, 0.0192640, 0.0173440, 0.0181440, 0.0172160, 0.0178240, 0.0174080, 0.0170560, 0.0341120, 0.0179200, 0.0180160, 0.0175360, 0.0179200, 0.0173760, 0.0173760, 0.0174720, 0.0176640, 0.0171840, 0.0351040, 0.0174400, 0.0175040, 0.0175680, 0.0169600, 0.0178880, 0.0174400, 0.0175680, 0.0283520, 0.0176000, 0.0177920, 0.0194240, 0.0175040, 0.0176320, 0.0333440, 0.0178880, 0.0176960, 0.0171840, 0.0180480, 0.0335040, 0.0181760, 0.0196480, 0.0176320, 0.0171840, 0.0173120, 0.0175680, 0.0176640, 0.0179840, 0.0175040, 0.0345600, 0.0178880, 0.0184960, 0.0171200, 0.0177920, 0.0180800, 0.0170240, 0.0173760, 0.0172800, 0.0180160, 0.0174720, 0.0170240, 0.0175680, 0.0185600, 0.0178880, 0.0168960, 0.0182080 ],
"timesExecution": [ 0.0532480, 0.0543360, 0.0786880, 0.0583680, 0.0883840, 0.1005760, 0.0544000, 0.0777600, 0.0552960, 0.0555520, 0.0757760, 0.0552960, 0.0767360, 0.0555520, 0.0543040, 0.0771840, 0.0550080, 0.0634560, 0.0634880, 0.0611840, 0.0573760, 0.0616960, 0.0788480, 0.0756160, 0.0603520, 0.0573760, 0.0604160, 0.0835840, 0.0959680, 0.0606080, 0.0604160, 0.0607360, 0.1689280, 0.1236480, 0.0534720, 0.0532160, 0.0685760, 0.0705280, 0.0735040, 0.0531840, 0.0522560, 0.0642560, 0.0522880, 0.0724160, 0.0525120, 0.0755200, 0.0638400, 0.0515520, 0.0570240, 0.0654720, 0.0716160, 0.0665600, 0.0520960, 0.0528960, 0.0638400, 0.0532160, 0.0639040, 0.0683520, 0.0522560, 0.0653440, 0.0522240, 0.0508800, 0.0682880, 0.0556800, 0.0644160, 0.0524800, 0.0513600, 0.0798720, 0.0555520, 0.0665600, 0.0512640, 0.0519360, 0.0798080, 0.0521600, 0.0514880, 0.0522560, 0.0519680, 0.0798720, 0.0593600, 0.0686400, 0.0637760, 0.0523840, 0.0654720, 0.0439680, 0.0675520, 0.0647360, 0.0522880, 0.0645120, 0.0573120, 0.0704640, 0.0655680, 0.0521600, 0.0518720, 0.0429760, 0.0513280, 0.0634880, 0.0675840, 0.0563520, 0.0648000, 0.0520320 ],
"timesTransferFromDevice": [ 0.0979520, 0.0844800, 0.0625920, 0.0618560, 0.1259840, 0.0604800, 0.0650240, 0.0616320, 0.0628160, 0.0884160, 0.0618560, 0.0597120, 0.0635200, 0.0605120, 0.0619840, 0.0596160, 0.0598080, 0.0455680, 0.0449280, 0.0443520, 0.0449280, 0.0486400, 0.0619840, 0.0446720, 0.0449280, 0.0444800, 0.0658880, 0.0573440, 0.0446080, 0.0445440, 0.0445440, 0.0448960, 0.1079040, 0.0384000, 0.0386880, 0.0390080, 0.0500800, 0.0389760, 0.0391040, 0.0389760, 0.0387840, 0.0386880, 0.0389440, 0.0384960, 0.0389760, 0.0380160, 0.0387520, 0.0388160, 0.0385920, 0.0926720, 0.0389440, 0.0384000, 0.0390720, 0.0388480, 0.0393280, 0.0483200, 0.0390400, 0.0387520, 0.0386240, 0.0389760, 0.0389760, 0.0389120, 0.0385600, 0.0388480, 0.0485760, 0.0392000, 0.0534400, 0.0384640, 0.0387520, 0.0384000, 0.0390400, 0.0530880, 0.0393280, 0.0387520, 0.0395520, 0.0388160, 0.0388800, 0.0384320, 0.0392960, 0.0390400, 0.0387840, 0.0384000, 0.0384320, 0.0552640, 0.0390400, 0.0389120, 0.0387840, 0.0388800, 0.0545920, 0.0384320, 0.0393920, 0.0384960, 0.0389440, 0.0385920, 0.0498560, 0.0538560, 0.0391680, 0.0389120, 0.0391040, 0.0384960 ],
"bins": [ 0, 0, 0, 0, 0, 0, 0, 0, 0, 0, 0, 0, 0, 0, 0, 0, 0, 0, 0, 0, 0, 0, 0, 0, 0, 0, 0, 0, 0, 0, 0, 0, 0, 0, 0, 0, 0, 0, 0, 0, 0, 0, 0, 0, 0, 0, 0, 0, 0, 0, 0, 0, 0, 0, 0, 0, 0, 0, 0, 0, 0, 0, 0, 0, 0, 0, 0, 0, 0, 0, 0, 0, 0, 0, 0, 0, 0, 0, 0, 0, 0, 0, 0, 0, 0, 0, 0, 0, 0, 0, 0, 0, 0, 0, 0, 0, 16, 0, 0, 0, 0, 0, 0, 0, 0, 0, 0, 0, 0, 0, 0, 0, 0, 0, 0, 0, 0, 0, 0, 0, 0, 0, 0, 0, 0, 0, 0, 0 ]
}
,
"histogram_atomic_private": {
"timesTransferToDevice": [ 0.0379520, 0.0276160, 0.0284480, 0.0281920, 0.0263680, 0.0274240, 0.0526720, 0.0285760, 0.0277440, 0.0274880, 0.0288000, 0.0271360, 0.0515200, 0.0258240, 0.0304320, 0.0336640, 0.0275520, 0.0258560, 0.0284160, 0.0269760, 0.0275200, 0.0280000, 0.0336960, 0.0195840, 0.0354560, 0.0212800, 0.0196480, 0.0205440, 0.0191680, 0.0201600, 0.0375360, 0.0197440, 0.0198400, 0.0197760, 0.0370880, 0.0194880, 0.0204160, 0.0198080, 0.0197440, 0.0378240, 0.0366400, 0.0177280, 0.0183680, 0.0184640, 0.0173440, 0.0181760, 0.0180160, 0.0185600, 0.0181120, 0.0183040, 0.0178880, 0.0183360, 0.0181440, 0.0179520, 0.0183040, 0.0178560, 0.0179840, 0.0178240, 0.0186880, 0.0179520, 0.0178240, 0.0180480, 0.0184640, 0.0178880, 0.0175040, 0.0181760, 0.0179200, 0.0182080, 0.0304320, 0.0179520, 0.0184320, 0.0180800, 0.0202880, 0.0179840, 0.0179200, 0.0181440, 0.0178880, 0.0180800, 0.0175680, 0.0175680, 0.0189120, 0.0174400, 0.0182080, 0.0183040, 0.0176000, 0.0177920, 0.0181760, 0.0186880, 0.0184960, 0.0175040, 0.0181440, 0.0184640, 0.0181440, 0.0177920, 0.0176640, 0.0176640, 0.0182400, 0.0176960, 0.0184640, 0.0299200 ],
"timesExecution": [ 0.0807680, 0.0932800, 0.0604800, 0.0768000, 0.0558720, 0.0746560, 0.0594240, 0.0798400, 0.0767680, 0.0545600, 0.0542400, 0.0993600, 0.0552960, 0.0754240, 0.0592640, 0.0552960, 0.0736960, 0.0796160, 0.0756160, 0.0552640, 0.0552960, 0.0747840, 0.0553280, 0.1086400, 0.0913920, 0.0604160, 0.0551360, 0.0586240, 0.0584640, 0.0879680, 0.0593600, 0.0570240, 0.0583360, 0.0583040, 0.0768000, 0.0768320, 0.0688320, 0.0584320, 0.0583680, 0.1169920, 0.0552640, 0.0574720, 0.0660160, 0.0540160, 0.0658560, 0.0704640, 0.0540800, 0.0654400, 0.0542720, 0.0807680, 0.0535680, 0.0534080, 0.0665280, 0.0702720, 0.0542720, 0.0552960, 0.0542400, 0.0829440, 0.0535040, 0.0699200, 0.0682240, 0.0542720, 0.0655040, 0.0696640, 0.0536320, 0.0648960, 0.0542720, 0.0696320, 0.0543360, 0.0696320, 0.0665600, 0.0532160, 0.0543360, 0.0798400, 0.0539520, 0.0817920, 0.0543680, 0.0635200, 0.0655680, 0.0540160, 0.0656640, 0.0710080, 0.0400320, 0.0809920, 0.0542720, 0.0695040, 0.0655040, 0.0581440, 0.0665600, 0.0706240, 0.0543040, 0.0664640, 0.0612800, 0.0818880, 0.0542720, 0.0539520, 0.0679360, 0.0529600, 0.0696640, 0.0551040 ],
"timesTransferFromDevice": [ 0.1091840, 0.0639680, 0.0654720, 0.0617280, 0.0626880, 0.0632000, 0.0876160, 0.0618880, 0.0629440, 0.1308800, 0.0624960, 0.0613760, 0.0871680, 0.0617600, 0.0622720, 0.0623040, 0.0864960, 0.0621440, 0.0865280, 0.0624000, 0.0628800, 0.0618880, 0.1935040, 0.0864640, 0.0617280, 0.0442240, 0.0439040, 0.0434880, 0.0615360, 0.0479360, 0.0447680, 0.0430720, 0.0443840, 0.0563200, 0.0621440, 0.0438400, 0.0446720, 0.0439040, 0.0533760, 0.0403840, 0.0559360, 0.0399360, 0.0502080, 0.0396160, 0.0566080, 0.0399360, 0.0400960, 0.0436480, 0.0404160, 0.0405120, 0.0405760, 0.0400640, 0.0603840, 0.0402240, 0.0400960, 0.0398720, 0.0405760, 0.0403520, 0.0402880, 0.0403200, 0.0407360, 0.0398400, 0.0461760, 0.0402560, 0.0398400, 0.0402240, 0.0404800, 0.0481600, 0.0405440, 0.0676800, 0.0401280, 0.0405760, 0.0407360, 0.0399680, 0.0406080, 0.0813760, 0.0406400, 0.0397760, 0.0408640, 0.0398400, 0.0402240, 0.0405440, 0.0403520, 0.0404480, 0.0400320, 0.0400640, 0.0402240, 0.0404160, 0.0397440, 0.0560960, 0.0402880, 0.0516800, 0.0400640, 0.0403200, 0.0409920, 0.0399680, 0.0408000, 0.0558720, 0.0399680, 0.0397760 ],
"bins": [ 0, 0, 0, 0, 0, 0, 0, 0, 0, 0, 0, 0, 0, 0, 0, 0, 0, 0, 0, 0, 0, 0, 0, 0, 0, 0, 0, 0, 0, 0, 0, 0, 0, 0, 0, 0, 0, 0, 0, 0, 0, 0, 0, 0, 0, 0, 0, 0, 0, 0, 0, 0, 0, 0, 0, 0, 0, 0, 0, 0, 0, 0, 0, 0, 0, 0, 0, 0, 0, 0, 0, 0, 0, 0, 0, 0, 0, 0, 0, 0, 0, 0, 0, 0, 0, 0, 0, 0, 0, 0, 0, 0, 0, 0, 0, 0, 16, 0, 0, 0, 0, 0, 0, 0, 0, 0, 0, 0, 0, 0, 0, 0, 0, 0, 0, 0, 0, 0, 0, 0, 0, 0, 0, 0, 0, 0, 0, 0 ]
}
,