{
"inputLengthInCharacters": 536870912,
"uniformInput": true,
"useMappingLetter": false,
"measurements": {
"histogram_atomic_global": {
"timesTransferToDevice": [ 81.7949753, 79.4139557, 79.3086090, 78.0005112, 76.0953293, 75.6832352, 75.7556152, 75.9954910, 75.5957413, 75.8343048, 76.0448303, 74.6184311, 73.6291199, 72.7521896, 72.5455322, 72.9450226, 72.2709122, 71.6346893, 71.7951660, 71.9749451, 72.1304932, 72.1128006, 71.8293457, 72.7102432, 72.2176971, 72.0260162, 72.1658859, 72.0808029, 71.5738220, 72.0656662, 71.8344955, 71.7901764, 71.9120941, 72.3318100, 71.7760010, 71.8431396, 72.4096298, 72.0967026, 71.7891541, 71.8965759, 71.9803848, 72.1118088, 71.7079697, 72.3646393, 72.2462692, 71.8813095, 72.6521912, 72.4740143, 72.1238403, 71.9795227, 71.7399673, 72.4612808, 72.1751022, 72.2387238, 71.9609604, 72.7903366, 71.6994858, 71.8139191, 72.0121307, 72.2573776, 71.5082550, 72.9703674, 73.8388138, 73.4149475, 73.2108154, 73.1024017, 72.7427216, 72.1786575, 72.2310410, 72.0370865, 71.6211166, 72.2763824, 72.0734100, 71.9159698, 72.2738876, 72.6000671, 72.3154526, 71.7283173, 71.8212128, 72.0685425, 71.6632004, 71.9395523, 71.9481277, 72.6493759, 71.6734390, 72.3638382, 71.9761581, 72.3661423, 72.0359650, 72.0603485, 72.5541458, 71.3845749, 72.0902100, 72.1798401, 71.9888611, 71.7346878, 72.0789108, 72.4302750, 71.7159653, 71.9126434 ],
"timesExecution": [ 1070.6121826, 1070.5306396, 1070.5245361, 1070.5260010, 1070.5311279, 1070.5360107, 1070.5388184, 1070.5904541, 1070.5511475, 1070.5734863, 1070.5407715, 1070.5589600, 1070.5303955, 1070.5494385, 1070.5693359, 1070.5307617, 1070.5416260, 1070.5595703, 1070.5567627, 1070.5468750, 1070.5672607, 1070.5372314, 1070.5415039, 1070.5229492, 1070.5294189, 1070.5247803, 1070.5640869, 1070.5373535, 1070.5252686, 1070.5291748, 1070.5012207, 1070.5305176, 1070.5428467, 1070.5307617, 1070.5904541, 1070.5780029, 1070.5290527, 1070.5701904, 1070.5260010, 1070.5501709, 1070.5841064, 1070.5206299, 1070.5283203, 1070.5218506, 1070.5238037, 1070.5522461, 1070.5391846, 1070.5445557, 1070.5444336, 1070.5432129, 1070.5087891, 1070.5133057, 1070.5239258, 1070.5457764, 1070.5959473, 1070.5554199, 1070.5329590, 1070.5736084, 1070.5120850, 1070.5357666, 1070.5886230, 1070.5303955, 1070.5212402, 1070.5166016, 1070.4934082, 1070.5184326, 1070.5509033, 1070.5269775, 1070.5155029, 1070.5189209, 1070.5400391, 1070.5242920, 1070.5324707, 1070.5332031, 1070.6121826, 1070.5285645, 1070.5528564, 1070.5804443, 1070.5378418, 1070.5257568, 1070.5689697, 1070.5241699, 1070.5198975, 1070.5314941, 1070.5292969, 1070.5350342, 1070.5916748, 1070.5305176, 1070.5517578, 1070.5225830, 1070.5285645, 1070.5559082, 1070.5589600, 1070.5190430, 1070.5740967, 1070.5346680, 1070.5761719, 1070.5706787, 1070.5093994, 1070.5800781 ],
"timesTransferFromDevice": [ 0.1609600, 0.1840320, 0.0888320, 0.0960960, 0.0951360, 0.0943360, 0.0950720, 0.0957120, 0.1088320, 0.0965440, 0.1102400, 0.1229440, 0.0979520, 0.1066560, 0.1336960, 0.1020800, 0.0991360, 0.1288960, 0.1108160, 0.1012160, 0.1115840, 0.1102080, 0.1038400, 0.0977600, 0.0973120, 0.0995520, 0.0946240, 0.0841600, 0.0928640, 0.1056640, 0.0975040, 0.0994560, 0.1006080, 0.0974400, 0.1018880, 0.0952960, 0.0976320, 0.0960640, 0.1000320, 0.1302080, 0.0981760, 0.0998080, 0.0961280, 0.1001920, 0.1291520, 0.1024320, 0.0949760, 0.0999040, 0.1014080, 0.1084800, 0.1001280, 0.0976960, 0.0979520, 0.1001920, 0.0979200, 0.1038720, 0.0765760, 0.0997760, 0.1291200, 0.0993920, 0.1322880, 0.0941440, 0.0973760, 0.0982080, 0.1003200, 0.1039680, 0.1211200, 0.0981440, 0.0969280, 0.1014080, 0.0975040, 0.1035840, 0.0956160, 0.0949440, 0.1573440, 0.0980480, 0.1043840, 0.1019200, 0.0977920, 0.0973760, 0.1014720, 0.1461760, 0.1000320, 0.0974400, 0.0974720, 0.0961920, 0.1301760, 0.0999040, 0.0983680, 0.0952640, 0.0976000, 0.1090880, 0.1545600, 0.0961280, 0.0978880, 0.0953920, 0.0987200, 0.1034560, 0.0997760, 0.0985600 ],
"bins": [ 0, 0, 0, 0, 0, 0, 0, 0, 0, 0, 0, 0, 0, 0, 0, 0, 0, 0, 0, 0, 0, 0, 0, 0, 0, 0, 0, 0, 0, 0, 0, 0, 0, 0, 0, 0, 0, 0, 0, 0, 0, 0, 0, 0, 0, 0, 0, 0, 0, 0, 0, 0, 0, 0, 0, 0, 0, 0, 0, 0, 0, 0, 0, 0, 0, 0, 0, 0, 0, 0, 0, 0, 0, 0, 0, 0, 0, 0, 0, 0, 0, 0, 0, 0, 0, 0, 0, 0, 0, 0, 0, 0, 0, 0, 0, 0, 536870912, 0, 0, 0, 0, 0, 0, 0, 0, 0, 0, 0, 0, 0, 0, 0, 0, 0, 0, 0, 0, 0, 0, 0, 0, 0, 0, 0, 0, 0, 0, 0 ]
}
,
"histogram_atomic_private": {
"timesTransferToDevice": [ 72.4408646, 71.5512619, 72.6231384, 72.2867508, 71.7093124, 71.6773148, 71.7153931, 72.0402527, 72.1251831, 71.5259857, 71.8802261, 71.6716156, 72.2820129, 72.0440292, 71.8630066, 71.6341095, 71.8839035, 71.9341125, 71.8068466, 71.4499512, 72.5382690, 72.0163498, 71.9363556, 71.7574692, 73.3175659, 73.0542374, 72.6174088, 72.3661118, 73.5566406, 73.3731842, 72.2941437, 72.0160980, 71.9734726, 71.7050552, 72.6889954, 71.5086365, 72.2242584, 71.7286072, 71.9713593, 71.6341476, 71.8567657, 71.4411545, 72.4030685, 72.2049637, 71.8060150, 71.6610870, 71.4229431, 72.1667557, 71.0540466, 71.6817245, 71.5526047, 71.1784973, 71.3293762, 71.3034210, 71.3139496, 71.1660156, 71.0588837, 71.2772141, 71.5917740, 71.3063660, 72.2672348, 71.9864349, 72.3872299, 72.2345276, 71.4206696, 71.9832001, 72.0312347, 72.4642258, 72.2636490, 71.9227219, 71.7661438, 72.3372803, 71.6611862, 71.6769943, 71.7456284, 71.5093765, 72.4738846, 71.7518082, 71.8585587, 71.7775040, 71.4859238, 72.4679718, 71.9301758, 71.5877151, 72.3130875, 71.7634888, 72.3745270, 73.0625916, 73.1366730, 73.1390381, 73.1629105, 72.6872025, 72.7531509, 72.2656937, 71.9151993, 71.8511658, 71.7699203, 71.5972137, 71.6929245, 72.6401596 ],
"timesExecution": [ 248.1684875, 248.2703400, 248.7673035, 249.0806427, 248.3383942, 248.3030701, 249.0758362, 249.0711365, 248.7619476, 248.9591980, 248.5262146, 249.0800018, 248.8188171, 248.5144043, 249.0004120, 248.2262421, 249.0856323, 249.0656281, 249.0777893, 248.7235870, 248.4182129, 248.3012848, 248.0708466, 248.5899811, 248.7752686, 248.3018494, 248.2337341, 249.1358337, 249.1242523, 249.0601654, 248.0676422, 248.3000641, 249.0677185, 249.0007019, 248.8293457, 248.5246429, 248.0939789, 249.0957184, 248.2892761, 248.0854340, 248.2727356, 248.5322266, 248.0818176, 248.5783691, 249.0668793, 248.8849030, 248.7856903, 249.0529022, 248.1416321, 248.2901154, 249.0731812, 249.0700226, 248.8508759, 248.3721008, 249.1193237, 249.0805817, 249.0787201, 249.1162872, 248.0821381, 248.3033905, 249.0760345, 249.0080261, 248.1032257, 249.1399078, 248.2892151, 248.7572174, 248.0904388, 248.1220856, 248.6933136, 249.0974426, 249.0601959, 248.2978210, 249.0741730, 248.3791351, 248.2660217, 248.5564423, 248.2895966, 248.8684845, 248.7321320, 249.0903015, 248.8590088, 249.0922241, 248.0536041, 248.0658875, 248.5365448, 248.5174103, 248.3691864, 248.2186279, 249.0400391, 249.0597076, 249.0543060, 248.7397156, 248.7087097, 248.1632996, 248.1401215, 248.1634521, 248.3917694, 249.1217651, 248.5102692, 248.9703979 ],