{
"inputLengthInCharacters": 8,
"uniformInput": true,
"useMappingLetter": false,
"measurements": {
"histogram_atomic_global": {
"timesTransferToDevice": [ 0.0727360, 0.0339200, 0.0323200, 0.0336320, 0.0312640, 0.0319040, 0.0578560, 0.0263040, 0.0307200, 0.0545280, 0.0266240, 0.0264000, 0.0560640, 0.0263040, 0.0286400, 0.0292800, 0.0289920, 0.0236160, 0.0204480, 0.0209600, 0.0400320, 0.0246720, 0.0203840, 0.0435200, 0.0204160, 0.0205440, 0.0387520, 0.0212480, 0.0206400, 0.0205440, 0.0215360, 0.0393600, 0.0208640, 0.0187840, 0.0198400, 0.0215040, 0.0271040, 0.0196160, 0.0408640, 0.0191040, 0.0191040, 0.0194240, 0.0204800, 0.0193920, 0.0220160, 0.0190080, 0.0185280, 0.0190400, 0.0189440, 0.0186560, 0.0372800, 0.0194240, 0.0194880, 0.0190400, 0.0200960, 0.0198080, 0.0185600, 0.0369600, 0.0183360, 0.0192640, 0.0186560, 0.0188800, 0.0187520, 0.0190720, 0.0191040, 0.0184640, 0.0226560, 0.0197440, 0.0199040, 0.0201920, 0.0191040, 0.0189120, 0.0187520, 0.0186560, 0.0195200, 0.0392640, 0.0352640, 0.0186880, 0.0192640, 0.0188160, 0.0283200, 0.0349120, 0.0184320, 0.0185280, 0.0189440, 0.0387200, 0.0184960, 0.0187520, 0.0394240, 0.0366080, 0.0191680, 0.0184640, 0.0187520, 0.0189760, 0.0188800, 0.0185280, 0.0369280, 0.0387840, 0.0186560, 0.0197760 ],
"timesExecution": [ 0.0910720, 0.0645440, 0.0867200, 0.0909440, 0.0511680, 0.1198080, 0.0552640, 0.1226880, 0.0570240, 0.0900800, 0.0799360, 0.0555200, 0.0819200, 0.0553280, 0.0553280, 0.0788480, 0.0849600, 0.1199680, 0.0555840, 0.0596160, 0.0551680, 0.0399680, 0.0616000, 0.0750080, 0.0622080, 0.0399680, 0.0593920, 0.0409600, 0.0550400, 0.0399680, 0.0602880, 0.0567040, 0.0624320, 0.0963200, 0.0584640, 0.0585600, 0.0737280, 0.0747840, 0.0665280, 0.0369280, 0.0562880, 0.0688320, 0.0624960, 0.0575040, 0.0914560, 0.0573760, 0.0501760, 0.0604160, 0.0532800, 0.0734400, 0.0562880, 0.0664960, 0.0562240, 0.0819200, 0.0512320, 0.0563520, 0.0768000, 0.0502400, 0.0553920, 0.0512960, 0.0520640, 0.0604160, 0.0689280, 0.0563520, 0.0812480, 0.0571200, 0.0553280, 0.0675520, 0.0614400, 0.0573760, 0.0706560, 0.0757760, 0.0491200, 0.0573440, 0.0556480, 0.0980800, 0.0564800, 0.0657920, 0.0562880, 0.0545600, 0.0501440, 0.0570880, 0.0563200, 0.0696320, 0.0736960, 0.0532480, 0.0563200, 0.0563840, 0.0858880, 0.0614400, 0.0655040, 0.0565440, 0.0733760, 0.0512000, 0.0535360, 0.0563520, 0.0870720, 0.0573440, 0.0512000, 0.0563520 ],
"timesTransferFromDevice": [ 0.1002880, 0.0900800, 0.0735360, 0.0703680, 0.0703360, 0.1023360, 0.0669760, 0.0743360, 0.0986880, 0.0681600, 0.0862720, 0.0668480, 0.0700480, 0.0677440, 0.0658560, 0.0676480, 0.2599360, 0.0477440, 0.0471040, 0.0685440, 0.0472320, 0.0481280, 0.0645120, 0.0475200, 0.0472640, 0.0496000, 0.0473920, 0.0645760, 0.0468800, 0.0584960, 0.0665920, 0.0480320, 0.0831360, 0.0480640, 0.0780480, 0.0439360, 0.0558080, 0.0598720, 0.0425280, 0.0438400, 0.0586240, 0.0602880, 0.0479680, 0.0442240, 0.0424320, 0.0610560, 0.0422080, 0.0429440, 0.0441600, 0.0437440, 0.0427200, 0.0435520, 0.0599680, 0.0430080, 0.0423680, 0.0534400, 0.0600960, 0.0431040, 0.0425280, 0.0424320, 0.0576320, 0.0434880, 0.0429760, 0.0590080, 0.0422080, 0.0432320, 0.0422400, 0.0429760, 0.0447040, 0.0429440, 0.0469760, 0.0705600, 0.0431360, 0.0436160, 0.0429760, 0.0432000, 0.0432320, 0.0429440, 0.0423040, 0.0604800, 0.0428160, 0.0430720, 0.0424960, 0.0433920, 0.1072640, 0.0436480, 0.0430400, 0.0431360, 0.0423040, 0.0430720, 0.0436480, 0.0432640, 0.0604160, 0.0433280, 0.0551360, 0.0430720, 0.0433600, 0.0430720, 0.0426560, 0.0431680 ],
"bins": [ 0, 0, 0, 0, 0, 0, 0, 0, 0, 0, 0, 0, 0, 0, 0, 0, 0, 0, 0, 0, 0, 0, 0, 0, 0, 0, 0, 0, 0, 0, 0, 0, 0, 0, 0, 0, 0, 0, 0, 0, 0, 0, 0, 0, 0, 0, 0, 0, 0, 0, 0, 0, 0, 0, 0, 0, 0, 0, 0, 0, 0, 0, 0, 0, 0, 0, 0, 0, 0, 0, 0, 0, 0, 0, 0, 0, 0, 0, 0, 0, 0, 0, 0, 0, 0, 0, 0, 0, 0, 0, 0, 0, 0, 0, 0, 0, 8, 0, 0, 0, 0, 0, 0, 0, 0, 0, 0, 0, 0, 0, 0, 0, 0, 0, 0, 0, 0, 0, 0, 0, 0, 0, 0, 0, 0, 0, 0, 0 ]
}
,
"histogram_atomic_private": {
"timesTransferToDevice": [ 0.0502080, 0.0364480, 0.0360320, 0.0388480, 0.0340160, 0.0328320, 0.0600320, 0.0316800, 0.0283840, 0.0286720, 0.0318720, 0.0283520, 0.0739840, 0.0282880, 0.0324160, 0.0280960, 0.0278400, 0.0264320, 0.0211840, 0.0201280, 0.0449280, 0.0203200, 0.0199040, 0.0204480, 0.0201600, 0.0208000, 0.0257280, 0.0201280, 0.0381440, 0.0211200, 0.0206080, 0.0208640, 0.0435840, 0.0204480, 0.0369920, 0.0186880, 0.0382080, 0.0184640, 0.0186240, 0.0220800, 0.0196160, 0.0184640, 0.0196160, 0.0349120, 0.0357760, 0.0184960, 0.0188160, 0.0351040, 0.0464320, 0.0188160, 0.0187200, 0.0368960, 0.0349440, 0.0185280, 0.0194880, 0.0187200, 0.0371840, 0.0188800, 0.0193920, 0.0187840, 0.0352320, 0.0296640, 0.0187840, 0.0189120, 0.0183680, 0.0189760, 0.0188800, 0.0185280, 0.0370240, 0.0361280, 0.0189120, 0.0181120, 0.0367360, 0.0366400, 0.0302400, 0.0180160, 0.0363200, 0.0358720, 0.0186560, 0.0183040, 0.0366720, 0.0418880, 0.0193600, 0.0183040, 0.0379200, 0.0180480, 0.0184000, 0.0297920, 0.0187200, 0.0183360, 0.0188160, 0.0189760, 0.0357760, 0.0178560, 0.0186880, 0.0181760, 0.0183360, 0.0187200, 0.0196800, 0.0190400 ],
"timesExecution": [ 0.0696320, 0.1317440, 0.0768320, 0.1218240, 0.0669440, 0.0879040, 0.1218560, 0.0624320, 0.0584000, 0.0614400, 0.0573440, 0.0983680, 0.0901440, 0.0544320, 0.0832640, 0.0848640, 0.0788800, 0.0542400, 0.0407040, 0.0573760, 0.0648000, 0.0612800, 0.0419840, 0.0796160, 0.0614080, 0.0633600, 0.0624320, 0.0931840, 0.0625280, 0.0544640, 0.0484800, 0.0840640, 0.0545280, 0.0623680, 0.0491200, 0.0765440, 0.0573440, 0.0705600, 0.0573440, 0.0763840, 0.0692480, 0.0554880, 0.0501760, 0.0729280, 0.0574720, 0.0510080, 0.0562560, 0.0716480, 0.0572160, 0.0552640, 0.0522880, 0.0890880, 0.0792000, 0.0693120, 0.0554880, 0.0674880, 0.0560640, 0.0560640, 0.0502400, 0.0559040, 0.0572800, 0.0751040, 0.0610880, 0.0692800, 0.0747200, 0.0541440, 0.0693440, 0.0553280, 0.0665600, 0.0675840, 0.0564160, 0.0695680, 0.0564800, 0.0563520, 0.0562240, 0.0553600, 0.0553280, 0.0554240, 0.0563520, 0.0686400, 0.0749760, 0.0508800, 0.0552960, 0.0562240, 0.0703680, 0.0757760, 0.0564160, 0.0666240, 0.0901120, 0.0522560, 0.0601600, 0.0554560, 0.0676160, 0.0717120, 0.0512000, 0.0562240, 0.0542720, 0.0655680, 0.0553600, 0.0555840 ],
"timesTransferFromDevice": [ 0.0863040, 0.1158720, 0.0764480, 0.1104000, 0.0734400, 0.1067200, 0.0741760, 0.0697280, 0.1015680, 0.0696640, 0.0712000, 0.1077120, 0.0679040, 0.0670400, 0.0684480, 0.1033280, 0.1008640, 0.1491520, 0.0474240, 0.0656960, 0.0475200, 0.0472640, 0.0472000, 0.0661760, 0.0476160, 0.0465600, 0.0657280, 0.0474560, 0.0482880, 0.0464640, 0.0480960, 0.0673920, 0.0469760, 0.0604480, 0.0439040, 0.0634560, 0.0437440, 0.0430400, 0.0440000, 0.0622720, 0.0433600, 0.0448960, 0.0438080, 0.0439040, 0.0433920, 0.0421440, 0.0434880, 0.0428800, 0.0540160, 0.0429440, 0.0431040, 0.0429760, 0.0610240, 0.0426240, 0.0432320, 0.0426880, 0.0614720, 0.0422400, 0.0432640, 0.0427520, 0.0608640, 0.0427840, 0.0431360, 0.0421760, 0.0606720, 0.0428800, 0.0434560, 0.0427200, 0.0432000, 0.0713280, 0.0431040, 0.0468160, 0.0427520, 0.0426240, 0.0440320, 0.0427840, 0.0428480, 0.0422400, 0.0436160, 0.0425280, 0.0437760, 0.0414080, 0.0437120, 0.0423360, 0.0613120, 0.0460800, 0.0435520, 0.0420480, 0.0631680, 0.0428160, 0.0429440, 0.0535680, 0.0432960, 0.0431680, 0.0432320, 0.0425280, 0.0582080, 0.0421760, 0.0431680, 0.0422720 ],
"bins": [ 0, 0, 0, 0, 0, 0, 0, 0, 0, 0, 0, 0, 0, 0, 0, 0, 0, 0, 0, 0, 0, 0, 0, 0, 0, 0, 0, 0, 0, 0, 0, 0, 0, 0, 0, 0, 0, 0, 0, 0, 0, 0, 0, 0, 0, 0, 0, 0, 0, 0, 0, 0, 0, 0, 0, 0, 0, 0, 0, 0, 0, 0, 0, 0, 0, 0, 0, 0, 0, 0, 0, 0, 0, 0, 0, 0, 0, 0, 0, 0, 0, 0, 0, 0, 0, 0, 0, 0, 0, 0, 0, 0, 0, 0, 0, 0, 8, 0, 0, 0, 0, 0, 0, 0, 0, 0, 0, 0, 0, 0, 0, 0, 0, 0, 0, 0, 0, 0, 0, 0, 0, 0, 0, 0, 0, 0, 0, 0 ]
}
,