{
"inputLengthInCharacters": 65536,
"uniformInput": true,
"useMappingLetter": false,
"measurements": {
"histogram_atomic_global": {
"timesTransferToDevice": [ 0.3542400, 0.2735040, 0.2724800, 0.2723840, 0.2730560, 0.2729920, 0.2733120, 0.2790400, 0.2735040, 0.3348800, 0.0432320, 0.0560640, 0.0481600, 0.0487360, 0.0502400, 0.0467200, 0.0481920, 0.0496000, 0.0444800, 0.0477760, 0.0457920, 0.0455680, 0.0866560, 0.0457920, 0.0729280, 0.0456320, 0.0447680, 0.0416960, 0.0417600, 0.0432640, 0.0434240, 0.0424000, 0.0429120, 0.0442240, 0.0408320, 0.0412480, 0.0403520, 0.0422720, 0.0483840, 0.0417920, 0.1375360, 0.0418880, 0.0493760, 0.0794240, 0.0422720, 0.0416960, 0.0410560, 0.0789120, 0.0411840, 0.0416320, 0.0401600, 0.0402240, 0.0400640, 0.0473280, 0.0390400, 0.0401280, 0.0382080, 0.1830720, 0.0420480, 0.1832000, 0.0445760, 0.1440000, 0.0729280, 0.0424640, 0.0428480, 0.0895680, 0.0468800, 0.0472000, 0.0708480, 0.0953280, 0.0483520, 0.0465920, 0.0470400, 0.0467200, 0.0468480, 0.0483200, 0.0906240, 0.0425920, 0.0416640, 0.0423040, 0.1861440, 0.0758720, 0.0466880, 0.0456640, 0.0450560, 0.0435840, 0.0436160, 0.0442880, 0.0440640, 0.0425600, 0.0416960, 0.0433920, 0.0433920, 0.0421440, 0.0423040, 0.0432000, 0.0740160, 0.0406720, 0.0424000, 0.0417920 ],
"timesExecution": [ 0.2887680, 0.2301120, 0.2449280, 0.2498560, 0.2246080, 0.2444160, 0.2203840, 0.2396480, 0.2235200, 0.2164160, 0.2139840, 0.2754880, 0.2562560, 0.2894720, 0.2887680, 0.2612160, 0.2428800, 0.2640000, 0.2239040, 0.2241920, 0.2162240, 0.2734080, 0.2692800, 0.2300800, 0.2201600, 0.2160640, 0.2075840, 0.2086720, 0.2570560, 0.2519680, 0.2129280, 0.2272960, 0.2275520, 0.2706560, 0.2112000, 0.2660480, 0.2099520, 0.2608320, 0.2324160, 0.2601280, 0.2489600, 0.2608320, 0.3541440, 0.2194880, 0.2087360, 0.2143360, 0.2040320, 0.2068480, 0.2107520, 0.2167040, 0.2099200, 0.2119680, 0.2116800, 0.2058880, 0.2069120, 0.2075200, 0.2507840, 0.2291520, 0.2619200, 0.2641920, 0.2692800, 0.2957760, 0.2140480, 0.2158720, 0.2621120, 0.2385280, 0.2652160, 0.2600640, 0.3267200, 0.2478080, 0.2312960, 0.2253760, 0.2209920, 0.2396480, 0.2252800, 0.2283200, 0.2142400, 0.2119680, 0.2088960, 0.2797120, 0.2762880, 0.3082240, 0.2191040, 0.3655680, 0.2263040, 0.2139840, 0.2103040, 0.2251840, 0.2119680, 0.2142080, 0.2553600, 0.2375680, 0.2121920, 0.2100480, 0.2078720, 0.2054080, 0.2088960, 0.2557120, 0.2406400, 0.2089280 ],
"timesTransferFromDevice": [ 0.0911360, 0.1176320, 0.0602560, 0.0578240, 0.0588480, 0.0593280, 0.0593280, 0.0584000, 0.0525120, 0.0500160, 0.0501440, 0.0585280, 0.0938240, 0.0654400, 0.0950720, 0.0783680, 0.0843520, 0.1317120, 0.0568000, 0.0544960, 0.0560000, 0.0589120, 0.0854720, 0.0523520, 0.0536960, 0.0512640, 0.0476480, 0.0469760, 0.2223040, 0.0497920, 0.0504000, 0.0499200, 0.0626560, 0.0772160, 0.0646720, 0.0452800, 0.0612160, 0.0847360, 0.0814080, 0.0616960, 0.0478720, 0.0586880, 0.0862080, 0.0468160, 0.0696960, 0.0470720, 0.0608320, 0.0653120, 0.0460160, 0.0442880, 0.0450880, 0.0422400, 0.0429760, 0.0419840, 0.0412800, 0.0530560, 0.1066560, 0.0488640, 0.1048320, 0.0512960, 0.1046400, 0.0517760, 0.0713600, 0.0487040, 0.1043200, 0.0564800, 0.0597440, 0.0595840, 0.1054400, 0.0580800, 0.0589120, 0.0569600, 0.0580480, 0.0577280, 0.0587200, 0.1367360, 0.0497280, 0.0483520, 0.0497920, 0.1312640, 0.0570560, 0.0588480, 0.0848960, 0.0516160, 0.0527360, 0.0510400, 0.0522240, 0.0512640, 0.0711040, 0.0488320, 0.1256640, 0.0495360, 0.0498240, 0.0496320, 0.0655680, 0.1025280, 0.0473280, 0.1244160, 0.0470400, 0.0466880 ],
"bins": [ 0, 0, 0, 0, 0, 0, 0, 0, 0, 0, 0, 0, 0, 0, 0, 0, 0, 0, 0, 0, 0, 0, 0, 0, 0, 0, 0, 0, 0, 0, 0, 0, 0, 0, 0, 0, 0, 0, 0, 0, 0, 0, 0, 0, 0, 0, 0, 0, 0, 0, 0, 0, 0, 0, 0, 0, 0, 0, 0, 0, 0, 0, 0, 0, 0, 0, 0, 0, 0, 0, 0, 0, 0, 0, 0, 0, 0, 0, 0, 0, 0, 0, 0, 0, 0, 0, 0, 0, 0, 0, 0, 0, 0, 0, 0, 0, 65536, 0, 0, 0, 0, 0, 0, 0, 0, 0, 0, 0, 0, 0, 0, 0, 0, 0, 0, 0, 0, 0, 0, 0, 0, 0, 0, 0, 0, 0, 0, 0 ]
}
,
"histogram_atomic_private": {
"timesTransferToDevice": [ 0.0520000, 0.0473920, 0.0459840, 0.0463680, 0.0462400, 0.0454400, 0.0467840, 0.0452480, 0.0464640, 0.0458880, 0.0474880, 0.0470720, 0.0464000, 0.1498880, 0.0482240, 0.0448960, 0.0453120, 0.0453120, 0.0438720, 0.0436160, 0.0433280, 0.0416320, 0.0421120, 0.0512320, 0.0912000, 0.0414400, 0.0409600, 0.0706560, 0.0400320, 0.0385280, 0.0414400, 0.0391360, 0.0398400, 0.0389760, 0.0399680, 0.0586880, 0.0398400, 0.0895040, 0.0390400, 0.0398400, 0.0388800, 0.0380800, 0.0502080, 0.0395520, 0.0369600, 0.0384000, 0.0606400, 0.0377280, 0.0377920, 0.0373120, 0.0720320, 0.0370880, 0.0373120, 0.0378880, 0.0384320, 0.0365120, 0.0373440, 0.0375360, 0.0384640, 0.0363520, 0.0378560, 0.0379520, 0.0370560, 0.0365760, 0.0368000, 0.0381760, 0.0367040, 0.0498880, 0.0981440, 0.0375360, 0.0376640, 0.0367680, 0.0388800, 0.0375680, 0.0376640, 0.0481600, 0.0382720, 0.0366400, 0.0371200, 0.0363840, 0.0373760, 0.0371520, 0.0382080, 0.0371200, 0.0379520, 0.0370240, 0.0371840, 0.0372160, 0.0379200, 0.0374080, 0.0384000, 0.0370560, 0.0370880, 0.0372160, 0.0380160, 0.0763200, 0.0377920, 0.0373120, 0.0385280, 0.0420800 ],
"timesExecution": [ 0.1261760, 0.1282240, 0.1002880, 0.1615680, 0.1215680, 0.1217280, 0.1218560, 0.1208640, 0.1229120, 0.1191680, 0.1250240, 0.1003200, 0.1851520, 0.1803200, 0.1279360, 0.1196800, 0.1229120, 0.1455360, 0.1187520, 0.1113280, 0.1528320, 0.0795840, 0.1136640, 0.1638080, 0.1168000, 0.1165760, 0.1287680, 0.1435200, 0.1063040, 0.1167360, 0.1104640, 0.1027520, 0.1014080, 0.1189760, 0.1065280, 0.1156800, 0.1013440, 0.0717120, 0.1045120, 0.1023680, 0.0985920, 0.1123520, 0.0791680, 0.1194880, 0.0973120, 0.1146880, 0.0894400, 0.1007040, 0.0972480, 0.1341440, 0.1259200, 0.1003840, 0.0973120, 0.0938880, 0.0931200, 0.0992960, 0.0935680, 0.0922240, 0.0924480, 0.0921280, 0.0904320, 0.0828160, 0.0983040, 0.0931840, 0.0911680, 0.0911360, 0.0910720, 0.0963200, 0.0972480, 0.0942400, 0.0942400, 0.0930880, 0.0788480, 0.0984640, 0.1496960, 0.2365440, 0.1329600, 0.0952320, 0.0943680, 0.0920320, 0.0934080, 0.0935040, 0.0952320, 0.1045120, 0.0942080, 0.0930560, 0.0937920, 0.0703360, 0.0993280, 0.0952320, 0.0952320, 0.0942400, 0.0930560, 0.0993280, 0.1526400, 0.1088000, 0.1033920, 0.0966080, 0.0949440, 0.0942720 ],
"timesTransferFromDevice": [ 0.0926080, 0.1391680, 0.0569280, 0.0580160, 0.0580800, 0.0580480, 0.0574400, 0.0853120, 0.0580160, 0.0646080, 0.0579200, 0.0582720, 0.0883520, 0.0808000, 0.0546560, 0.0553280, 0.0540160, 0.0516480, 0.0516800, 0.0523200, 0.0457280, 0.0471360, 0.0463360, 0.1376640, 0.0716160, 0.0648640, 0.0702400, 0.0445440, 0.0532480, 0.0440320, 0.0478400, 0.0430400, 0.0619200, 0.0606400, 0.0414720, 0.0413440, 0.0404800, 0.0410880, 0.0400000, 0.0413440, 0.0406080, 0.0404800, 0.0384000, 0.0386560, 0.0376320, 0.0380480, 0.0379840, 0.0380160, 0.0375360, 0.0379200, 0.0369600, 0.0782080, 0.0522240, 0.0372800, 0.0368960, 0.0377920, 0.0373440, 0.0463040, 0.0483520, 0.0376000, 0.0371200, 0.0377600, 0.0372480, 0.0374720, 0.0372160, 0.0372800, 0.0368640, 0.0375040, 0.0369600, 0.0662400, 0.0369280, 0.0376960, 0.0368640, 0.0380480, 0.0849920, 0.0604800, 0.0370560, 0.0369920, 0.0373440, 0.0376320, 0.0365120, 0.0370240, 0.0412160, 0.0374400, 0.0370240, 0.0376960, 0.0373440, 0.0370880, 0.0370880, 0.0378560, 0.0374080, 0.0489280, 0.0556480, 0.0371520, 0.0581760, 0.0373440, 0.0370560, 0.0378560, 0.0374720, 0.0561600 ],
"bins": [ 0, 0, 0, 0, 0, 0, 0, 0, 0, 0, 0, 0, 0, 0, 0, 0, 0, 0, 0, 0, 0, 0, 0, 0, 0, 0, 0, 0, 0, 0, 0, 0, 0, 0, 0, 0, 0, 0, 0, 0, 0, 0, 0, 0, 0, 0, 0, 0, 0, 0, 0, 0, 0, 0, 0, 0, 0, 0, 0, 0, 0, 0, 0, 0, 0, 0, 0, 0, 0, 0, 0, 0, 0, 0, 0, 0, 0, 0, 0, 0, 0, 0, 0, 0, 0, 0, 0, 0, 0, 0, 0, 0, 0, 0, 0, 0, 65536, 0, 0, 0, 0, 0, 0, 0, 0, 0, 0, 0, 0, 0, 0, 0, 0, 0, 0, 0, 0, 0, 0, 0, 0, 0, 0, 0, 0, 0, 0, 0 ]
}
,