{
"inputLengthInCharacters": 1024,
"uniformInput": false,
"useMappingLetter": true,
"measurements": {
"histogram_atomic_global": {
"timesTransferToDevice": [ 0.0430080, 0.0507840, 0.0296960, 0.0488320, 0.0289280, 0.0473920, 0.0287680, 0.0282880, 0.0283840, 0.0274240, 0.0261760, 0.0283520, 0.0278080, 0.0257920, 0.0479040, 0.0275200, 0.0798080, 0.0653440, 0.0415360, 0.0246080, 0.0416960, 0.0261760, 0.0530560, 0.0246400, 0.0235200, 0.0253120, 0.0236160, 0.0243520, 0.0241920, 0.0305920, 0.0198720, 0.0305280, 0.0178560, 0.0303680, 0.0174080, 0.0301120, 0.0242240, 0.0184320, 0.0178880, 0.0173120, 0.0365120, 0.0182720, 0.0175040, 0.0175360, 0.0294400, 0.0336640, 0.0294080, 0.0177920, 0.0303680, 0.0176960, 0.0293120, 0.0191680, 0.0176640, 0.0179520, 0.0330240, 0.0189440, 0.0172160, 0.0330240, 0.0176640, 0.0300480, 0.0174400, 0.0295680, 0.0343040, 0.0298240, 0.0172800, 0.0176000, 0.0183040, 0.0184320, 0.0176000, 0.0176960, 0.0328640, 0.0178880, 0.0334720, 0.0296640, 0.0290240, 0.0194240, 0.0303040, 0.0183680, 0.0294080, 0.0175360, 0.0175360, 0.0180800, 0.0177280, 0.0177600, 0.0176000, 0.0182400, 0.0178240, 0.0299520, 0.0174720, 0.0305280, 0.0336000, 0.0297600, 0.0189440, 0.0298880, 0.0178560, 0.0183680, 0.0178880, 0.0180160, 0.0171520, 0.0173760 ],
"timesExecution": [ 0.0930560, 0.1064640, 0.1402880, 0.0727680, 0.0718720, 0.0819200, 0.0849280, 0.0994560, 0.0685120, 0.0727040, 0.0675520, 0.0723840, 0.0931520, 0.0973120, 0.0719680, 0.2620160, 0.0601600, 0.0665600, 0.0662400, 0.0656320, 0.0663040, 0.1044800, 0.0642880, 0.0921920, 0.0653440, 0.0809280, 0.0643520, 0.0757760, 0.1608000, 0.0798720, 0.0675840, 0.0535680, 0.0696640, 0.0480640, 0.0484480, 0.0491520, 0.0621120, 0.0481280, 0.0604160, 0.0645440, 0.0620800, 0.0481280, 0.0624960, 0.0488640, 0.0480320, 0.0488320, 0.0472320, 0.0870720, 0.0480640, 0.0481920, 0.0483200, 0.0595840, 0.0490240, 0.0758400, 0.0471040, 0.0604160, 0.0481920, 0.0521920, 0.0480640, 0.0481920, 0.0474240, 0.0482560, 0.0492160, 0.0482240, 0.0481280, 0.0488000, 0.0595200, 0.0815040, 0.0595520, 0.0481280, 0.0612480, 0.0685120, 0.0473600, 0.0663040, 0.0519360, 0.0483200, 0.0472320, 0.0501760, 0.0510080, 0.0600960, 0.0645440, 0.0604160, 0.0481280, 0.0622400, 0.0472000, 0.0648000, 0.0491200, 0.0892160, 0.0648960, 0.0481280, 0.0472000, 0.0542720, 0.0473920, 0.0482560, 0.0594240, 0.0487680, 0.0755200, 0.0643520, 0.0595520, 0.0482240 ],
"timesTransferFromDevice": [ 0.1317120, 0.0806400, 0.0624320, 0.0610880, 0.0604480, 0.0572480, 0.0643200, 0.0572160, 0.0600000, 0.0572480, 0.0602880, 0.0566400, 0.0575040, 0.0674560, 0.0581440, 0.0475520, 0.0771200, 0.0889920, 0.0531200, 0.0708480, 0.0540480, 0.0526720, 0.0673920, 0.0748800, 0.0526080, 0.0524160, 0.0532480, 0.0519360, 0.0486080, 0.0695040, 0.0381760, 0.0376640, 0.0384320, 0.0377280, 0.0379840, 0.0373440, 0.0479680, 0.0541120, 0.0383040, 0.0379840, 0.0386880, 0.0461120, 0.0387840, 0.0372480, 0.0387840, 0.0374720, 0.0383680, 0.0373440, 0.0376640, 0.0371840, 0.0379520, 0.0373760, 0.0386880, 0.0378560, 0.0383040, 0.0568640, 0.0386240, 0.0378880, 0.0381440, 0.0379200, 0.0380800, 0.0373440, 0.0406720, 0.0525760, 0.0393600, 0.0376320, 0.0379200, 0.0450560, 0.0381120, 0.0376640, 0.0383680, 0.0373760, 0.0385920, 0.0374400, 0.0380160, 0.0375040, 0.0380800, 0.0378880, 0.0399040, 0.0370560, 0.0379520, 0.0390720, 0.0379840, 0.0369920, 0.0391680, 0.0376960, 0.0383680, 0.0378880, 0.0423680, 0.0378880, 0.0384320, 0.0380480, 0.0383040, 0.0384320, 0.0488960, 0.0373760, 0.0380480, 0.0390720, 0.0379520, 0.0376640 ],
"bins": [ 608, 21, 16, 17, 19, 19, 18, 22, 18, 12, 22, 12, 10, 12, 19, 10, 14, 19, 13, 17, 13, 18, 15, 14, 13, 15, 18 ]
}
,
"histogram_atomic_private": {
"timesTransferToDevice": [ 0.0542080, 0.0538560, 0.0538880, 0.0244800, 0.0272000, 0.0269120, 0.0283520, 0.0427200, 0.0269120, 0.0458240, 0.0267840, 0.0457920, 0.0265920, 0.0464000, 0.1589440, 0.0245120, 0.0246400, 0.0251520, 0.0251520, 0.0243520, 0.0257600, 0.0255360, 0.0435200, 0.0250240, 0.0441920, 0.0247680, 0.0438080, 0.0244160, 0.0623360, 0.0338880, 0.0176960, 0.0175680, 0.0174400, 0.0168640, 0.0176320, 0.0176320, 0.0175680, 0.0289920, 0.0173760, 0.0300800, 0.0173120, 0.0290240, 0.0176320, 0.0291200, 0.0172480, 0.0169920, 0.0184640, 0.0178240, 0.0176960, 0.0173760, 0.0180160, 0.0171520, 0.0294400, 0.0173120, 0.0455040, 0.0176000, 0.0296320, 0.0174400, 0.0301440, 0.0170560, 0.0171840, 0.0180480, 0.0169920, 0.0174720, 0.0179840, 0.0170560, 0.0179520, 0.0290880, 0.0175680, 0.0294400, 0.0177600, 0.0289280, 0.0196800, 0.0287040, 0.0174720, 0.0175040, 0.0266880, 0.0167040, 0.0178240, 0.0181760, 0.0304640, 0.0176000, 0.0296640, 0.0178560, 0.0293440, 0.0173440, 0.0304000, 0.0176640, 0.0179520, 0.0172480, 0.0188480, 0.0173760, 0.0174400, 0.0175680, 0.0184000, 0.0297600, 0.0343360, 0.0296640, 0.0178240, 0.0294400 ],
"timesExecution": [ 0.1024000, 0.0737280, 0.0727040, 0.0672320, 0.0483840, 0.0674880, 0.0716480, 0.0709760, 0.0729920, 0.0717120, 0.0724800, 0.0717120, 0.0481280, 0.0717440, 0.1269440, 0.0675520, 0.0643840, 0.0685760, 0.0685760, 0.0675520, 0.0675840, 0.0747840, 0.0467840, 0.0674240, 0.0765760, 0.0705600, 0.0685760, 0.1832640, 0.0945600, 0.0638080, 0.0491200, 0.0593920, 0.0484160, 0.0593920, 0.0480320, 0.0615360, 0.0492160, 0.0487680, 0.0488320, 0.0480960, 0.0498560, 0.0481600, 0.0483200, 0.0480640, 0.0695360, 0.0481920, 0.0922880, 0.0648000, 0.0603520, 0.0481280, 0.0624960, 0.0474560, 0.0481280, 0.0480960, 0.0490560, 0.0481280, 0.0488000, 0.0635520, 0.0490560, 0.0592640, 0.0488640, 0.0604160, 0.0491520, 0.0596160, 0.0651840, 0.0492480, 0.0484160, 0.0481920, 0.0644800, 0.0488960, 0.0471040, 0.0481280, 0.0481280, 0.0481280, 0.0600960, 0.0641920, 0.0605120, 0.0481600, 0.0604160, 0.0481280, 0.0541120, 0.0522880, 0.0488000, 0.0583040, 0.0481600, 0.0481600, 0.0490240, 0.0644160, 0.0483520, 0.0597120, 0.0491840, 0.0600320, 0.0491840, 0.0604160, 0.0665600, 0.0487360, 0.0490240, 0.0484800, 0.0491200, 0.0488960 ],
"timesTransferFromDevice": [ 0.0656320, 0.0590720, 0.0553280, 0.0553600, 0.0585600, 0.0554880, 0.0552320, 0.0620480, 0.0562240, 0.0811200, 0.0826240, 0.0566080, 0.0577600, 0.0564160, 0.1361920, 0.0556800, 0.0546240, 0.0555200, 0.0784640, 0.0554880, 0.0787200, 0.0556160, 0.0544960, 0.0551680, 0.0536640, 0.0556160, 0.0550080, 0.0443520, 0.0377280, 0.0378240, 0.0367680, 0.0371200, 0.0369280, 0.0487680, 0.0371520, 0.0376960, 0.0372800, 0.0376960, 0.0374080, 0.0372480, 0.0374720, 0.0376960, 0.0372800, 0.0373760, 0.0372800, 0.0376000, 0.0372800, 0.0377920, 0.0376000, 0.0371200, 0.0465600, 0.0373760, 0.0491840, 0.0376000, 0.0454080, 0.0375040, 0.0371520, 0.0380160, 0.0370560, 0.0376960, 0.0373120, 0.0374720, 0.0364800, 0.0374080, 0.0368320, 0.0376640, 0.0667840, 0.0368640, 0.0371520, 0.0644800, 0.0370560, 0.0374720, 0.0368000, 0.0376640, 0.0367360, 0.0376000, 0.0375360, 0.0374720, 0.0531840, 0.0369600, 0.0373760, 0.0373120, 0.0369600, 0.0366720, 0.0365440, 0.0541440, 0.0695040, 0.0393280, 0.0370560, 0.0377280, 0.0366080, 0.0475520, 0.0380480, 0.0371840, 0.0376960, 0.0376320, 0.0370560, 0.0379200, 0.0368320, 0.0378880 ],
"bins": [ 608, 21, 16, 17, 19, 19, 18, 22, 18, 12, 22, 12, 10, 12, 19, 10, 14, 19, 13, 17, 13, 18, 15, 14, 13, 15, 18 ]
}
,