{
"inputLengthInCharacters": 64,
"uniformInput": true,
"useMappingLetter": false,
"measurements": {
"histogram_atomic_global": {
"timesTransferToDevice": [ 0.0481600, 0.0308160, 0.0279360, 0.0277440, 0.0424640, 0.0497920, 0.0280320, 0.0278080, 0.0276800, 0.0277440, 0.0470400, 0.0540160, 0.0289920, 0.0230400, 0.0258240, 0.0865920, 0.0570880, 0.0316480, 0.0272960, 0.0282560, 0.0649280, 0.0532800, 0.0272000, 0.0282880, 0.0271360, 0.0378240, 0.0468800, 0.0195200, 0.0356800, 0.0185920, 0.0189120, 0.0192640, 0.0188800, 0.0191680, 0.0199680, 0.0189120, 0.0256320, 0.0188800, 0.0185280, 0.0354560, 0.0182080, 0.0186240, 0.0188480, 0.0175040, 0.0176640, 0.0182080, 0.0191040, 0.0176000, 0.0186560, 0.0180800, 0.0174720, 0.0390080, 0.0188160, 0.0183680, 0.0174400, 0.0181760, 0.0179200, 0.0177600, 0.0174720, 0.0370240, 0.0186560, 0.0173760, 0.0178880, 0.0278080, 0.0179520, 0.0178880, 0.0371840, 0.0184000, 0.0180480, 0.0184320, 0.0178240, 0.0178880, 0.0354880, 0.0174400, 0.0183040, 0.0205440, 0.0173760, 0.0337600, 0.0175040, 0.0178240, 0.0183040, 0.0183680, 0.0182720, 0.0184640, 0.0333760, 0.0188480, 0.0178560, 0.0184320, 0.0178560, 0.0342400, 0.0174720, 0.0185280, 0.0184320, 0.0180800, 0.0181760, 0.0338880, 0.0183680, 0.0174400, 0.0178880, 0.0178560 ],
"timesExecution": [ 0.1137280, 0.0545280, 0.0764800, 0.0532480, 0.0859200, 0.0543680, 0.0532800, 0.0839360, 0.0532480, 0.0538880, 0.0798720, 0.0544320, 0.0738240, 0.0478080, 0.0532160, 0.0839680, 0.0634880, 0.0754560, 0.0522240, 0.0538560, 0.0869120, 0.0551040, 0.0734400, 0.0734080, 0.0524480, 0.0571520, 0.0550080, 0.0522560, 0.0543360, 0.0551680, 0.0555840, 0.0560000, 0.0666560, 0.0563520, 0.0706880, 0.0672640, 0.0573440, 0.0502080, 0.0727040, 0.0389440, 0.0656640, 0.0583360, 0.1542080, 0.0839680, 0.0682880, 0.0633600, 0.0675840, 0.0639040, 0.0511680, 0.0522560, 0.0624640, 0.0678400, 0.0635520, 0.0767040, 0.0524480, 0.0641920, 0.0512000, 0.0644160, 0.0706560, 0.0522560, 0.0634880, 0.0523520, 0.0665600, 0.0542080, 0.0532160, 0.0851520, 0.0521920, 0.0645440, 0.0522240, 0.0525760, 0.0626880, 0.0686080, 0.0481280, 0.0667200, 0.0532800, 0.0636480, 0.0686400, 0.0484160, 0.0521600, 0.0523200, 0.0665280, 0.0522560, 0.0635840, 0.0676160, 0.0522560, 0.0633600, 0.0522560, 0.0644800, 0.0514560, 0.0539520, 0.0634880, 0.0525440, 0.0634240, 0.0523520, 0.0675840, 0.0634240, 0.0515520, 0.0487680, 0.0516800, 0.0549760 ],
"timesTransferFromDevice": [ 0.1245760, 0.0820480, 0.0676480, 0.0608000, 0.0601280, 0.0910720, 0.0594880, 0.0587200, 0.0594560, 0.0862720, 0.0658560, 0.0584000, 0.2026560, 0.0504320, 0.1261120, 0.0644480, 0.0599680, 0.0589440, 0.0594560, 0.0594240, 0.0589760, 0.0854080, 0.0601280, 0.0589120, 0.0589120, 0.0408000, 0.0410240, 0.0403840, 0.0580160, 0.0399360, 0.0401280, 0.0522880, 0.0506880, 0.0566400, 0.0411520, 0.0404160, 0.0520640, 0.0400000, 0.0415360, 0.0569920, 0.0400320, 0.0404800, 0.0392960, 0.0935040, 0.0390080, 0.0582720, 0.0391040, 0.0389760, 0.0385600, 0.0382080, 0.0389120, 0.0386560, 0.0571200, 0.0383040, 0.0392320, 0.0484480, 0.0387520, 0.0384960, 0.0406080, 0.0555840, 0.0946240, 0.0387840, 0.0382720, 0.0388800, 0.0580160, 0.0440000, 0.0392960, 0.0384960, 0.0391360, 0.0488640, 0.0596800, 0.0387840, 0.0391360, 0.0388160, 0.0388800, 0.0384960, 0.0397440, 0.0537600, 0.0387840, 0.0384960, 0.0453760, 0.0382720, 0.0544640, 0.0388800, 0.0387200, 0.0383680, 0.0381760, 0.0386880, 0.0386240, 0.0538240, 0.0388480, 0.0382400, 0.0383680, 0.0389120, 0.0498240, 0.0551040, 0.0383040, 0.0384640, 0.0385280, 0.0372160 ],
"bins": [ 0, 0, 0, 0, 0, 0, 0, 0, 0, 0, 0, 0, 0, 0, 0, 0, 0, 0, 0, 0, 0, 0, 0, 0, 0, 0, 0, 0, 0, 0, 0, 0, 0, 0, 0, 0, 0, 0, 0, 0, 0, 0, 0, 0, 0, 0, 0, 0, 0, 0, 0, 0, 0, 0, 0, 0, 0, 0, 0, 0, 0, 0, 0, 0, 0, 0, 0, 0, 0, 0, 0, 0, 0, 0, 0, 0, 0, 0, 0, 0, 0, 0, 0, 0, 0, 0, 0, 0, 0, 0, 0, 0, 0, 0, 0, 0, 64, 0, 0, 0, 0, 0, 0, 0, 0, 0, 0, 0, 0, 0, 0, 0, 0, 0, 0, 0, 0, 0, 0, 0, 0, 0, 0, 0, 0, 0, 0, 0 ]
}
,
"histogram_atomic_private": {
"timesTransferToDevice": [ 0.0299840, 0.0521920, 0.0271680, 0.0272640, 0.0270400, 0.0265280, 0.0273280, 0.0275840, 0.0515520, 0.0264960, 0.0274880, 0.0267520, 0.0265920, 0.0530880, 0.0299200, 0.0261760, 0.0273280, 0.0260800, 0.0535040, 0.0263360, 0.0277440, 0.0270080, 0.0331840, 0.0261440, 0.0178880, 0.0215360, 0.0220480, 0.0200960, 0.0206400, 0.0259200, 0.0404480, 0.0208000, 0.0216640, 0.0211840, 0.0207360, 0.0434560, 0.0217280, 0.0204800, 0.0217920, 0.0171840, 0.0178240, 0.0332800, 0.0191360, 0.0174400, 0.0179200, 0.0172160, 0.0179520, 0.0175040, 0.0306880, 0.0183040, 0.0176640, 0.0175360, 0.0177280, 0.0446720, 0.0188160, 0.0174400, 0.0179200, 0.0173440, 0.0314880, 0.0173440, 0.0174400, 0.0170240, 0.0180800, 0.0296320, 0.0173760, 0.0337600, 0.0180800, 0.0174400, 0.0282240, 0.0178240, 0.0180800, 0.0171200, 0.0191360, 0.0178880, 0.0180480, 0.0173760, 0.0185920, 0.0175040, 0.0346240, 0.0175040, 0.0177920, 0.0171200, 0.0183680, 0.0331200, 0.0184640, 0.0174720, 0.0173440, 0.0178560, 0.0183680, 0.0170560, 0.0180480, 0.0172800, 0.0173760, 0.0169280, 0.0336960, 0.0178880, 0.0181120, 0.0173120, 0.0180480, 0.0176000 ],
"timesExecution": [ 0.0745920, 0.0529920, 0.0981760, 0.0542720, 0.0682560, 0.0708160, 0.0532480, 0.0962560, 0.0542400, 0.0522560, 0.0746240, 0.0614400, 0.0965120, 0.0519680, 0.0532800, 0.0707200, 0.0524480, 0.0723520, 0.0594560, 0.0779200, 0.0718400, 0.0522560, 0.0736000, 0.1907520, 0.0778560, 0.0962560, 0.0634880, 0.0561920, 0.0624640, 0.0798720, 0.0769280, 0.0615040, 0.0624960, 0.0611520, 0.0860480, 0.0755520, 0.0624640, 0.0849600, 0.0583680, 0.1105600, 0.0667840, 0.0529920, 0.0521920, 0.0528960, 0.0532480, 0.0633600, 0.0566720, 0.0676800, 0.0655680, 0.0512000, 0.0645440, 0.0380160, 0.0706880, 0.0522880, 0.0520000, 0.0634560, 0.0972480, 0.0524480, 0.0523840, 0.0693120, 0.0481280, 0.0614080, 0.0522240, 0.0514560, 0.0683200, 0.0631680, 0.0521920, 0.0518720, 0.0522240, 0.0520000, 0.0644800, 0.0676800, 0.0522240, 0.0524160, 0.0515520, 0.0634880, 0.0524480, 0.0688960, 0.0542400, 0.0521920, 0.0634880, 0.0515200, 0.0675520, 0.0633600, 0.0529920, 0.0644800, 0.0522240, 0.0511680, 0.0647680, 0.0674880, 0.0636480, 0.0515840, 0.0533120, 0.0638080, 0.0520000, 0.0665600, 0.0524480, 0.0520640, 0.0636160, 0.0524160 ],
"timesTransferFromDevice": [ 0.0618240, 0.0848320, 0.0782080, 0.0591360, 0.0584640, 0.0594240, 0.0838720, 0.0595840, 0.0583360, 0.0598400, 0.0582400, 0.0596800, 0.0594880, 0.0827520, 0.0727680, 0.0588800, 0.0620160, 0.0589760, 0.0832000, 0.0587840, 0.0591360, 0.0615680, 0.0588480, 0.0565440, 0.1450240, 0.0703680, 0.0453440, 0.0463040, 0.0645760, 0.0466240, 0.0463040, 0.0461760, 0.0465920, 0.0621760, 0.0467840, 0.0652800, 0.0460480, 0.0459520, 0.0763520, 0.0545600, 0.0387200, 0.0536320, 0.0394560, 0.0384000, 0.0387200, 0.0383360, 0.0546240, 0.0388480, 0.0387200, 0.0386240, 0.0382720, 0.0384000, 0.0518400, 0.0388480, 0.0385280, 0.0384640, 0.0384000, 0.0379840, 0.0536320, 0.0391680, 0.0386560, 0.0387200, 0.0379840, 0.0387840, 0.0386560, 0.0536960, 0.0385600, 0.0386240, 0.0380800, 0.0649920, 0.0537600, 0.0388800, 0.0540480, 0.0384320, 0.0383040, 0.0680000, 0.0468800, 0.0387840, 0.0383680, 0.0384960, 0.0384320, 0.0444160, 0.0387840, 0.0531200, 0.0383360, 0.0482560, 0.0384320, 0.0379200, 0.0533440, 0.0384640, 0.0383680, 0.0490880, 0.0381440, 0.0382400, 0.0539520, 0.0381440, 0.0385920, 0.0383360, 0.0385920, 0.0539200 ],
"bins": [ 0, 0, 0, 0, 0, 0, 0, 0, 0, 0, 0, 0, 0, 0, 0, 0, 0, 0, 0, 0, 0, 0, 0, 0, 0, 0, 0, 0, 0, 0, 0, 0, 0, 0, 0, 0, 0, 0, 0, 0, 0, 0, 0, 0, 0, 0, 0, 0, 0, 0, 0, 0, 0, 0, 0, 0, 0, 0, 0, 0, 0, 0, 0, 0, 0, 0, 0, 0, 0, 0, 0, 0, 0, 0, 0, 0, 0, 0, 0, 0, 0, 0, 0, 0, 0, 0, 0, 0, 0, 0, 0, 0, 0, 0, 0, 0, 64, 0, 0, 0, 0, 0, 0, 0, 0, 0, 0, 0, 0, 0, 0, 0, 0, 0, 0, 0, 0, 0, 0, 0, 0, 0, 0, 0, 0, 0, 0, 0 ]
}
,