{
"inputLengthInCharacters": 1024,
"uniformInput": true,
"useMappingLetter": true,
"measurements": {
"histogram_atomic_global": {
"timesTransferToDevice": [ 0.0427200, 0.0487360, 0.0275200, 0.0488320, 0.0276800, 0.0472320, 0.0287040, 0.0288640, 0.0262400, 0.0275200, 0.0266880, 0.0272000, 0.0265280, 0.0520640, 0.0607040, 0.0265920, 0.0468160, 0.0312000, 0.0761280, 0.0215680, 0.0376960, 0.0208320, 0.0210560, 0.0215680, 0.0391360, 0.0212480, 0.0204800, 0.0209600, 0.0206080, 0.0364800, 0.0392000, 0.0363200, 0.0207680, 0.0469440, 0.0172480, 0.0628800, 0.0429120, 0.0178880, 0.0170240, 0.0183360, 0.0176000, 0.0174400, 0.0170880, 0.0177280, 0.0301760, 0.0178560, 0.0292160, 0.0179200, 0.0289920, 0.0171200, 0.0297920, 0.0176640, 0.0172480, 0.0173440, 0.0174720, 0.0178240, 0.0170560, 0.0476800, 0.0180160, 0.0291520, 0.0176000, 0.0293120, 0.0174400, 0.0299200, 0.0175680, 0.0181120, 0.0180160, 0.0173440, 0.0174720, 0.0364800, 0.0173760, 0.0176000, 0.0344000, 0.0186240, 0.0294400, 0.0196480, 0.0293440, 0.0177280, 0.0290560, 0.0369600, 0.0177600, 0.0172480, 0.0174080, 0.0173440, 0.0342720, 0.0174400, 0.0167680, 0.0297600, 0.0169280, 0.0302080, 0.0169920, 0.0309440, 0.0331200, 0.0301760, 0.0169920, 0.0181760, 0.0172480, 0.0332480, 0.0178240, 0.0182400 ],
"timesExecution": [ 0.0786880, 0.0770880, 0.0747840, 0.0747520, 0.0811520, 0.0847680, 0.0902400, 0.0672000, 0.0747200, 0.0501440, 0.0685120, 0.0747840, 0.1266880, 0.0754560, 0.0737600, 0.0747840, 0.0747520, 0.0622080, 0.0694720, 0.1126080, 0.0482560, 0.0726400, 0.0583680, 0.0942080, 0.0713600, 0.0727040, 0.0590080, 0.0756160, 0.0591040, 0.0769920, 0.0582080, 0.0586880, 0.0583040, 0.1535680, 0.0635520, 0.0501440, 0.0624320, 0.0493120, 0.0614720, 0.0501440, 0.0605760, 0.0715840, 0.0562880, 0.0493120, 0.0491840, 0.0491840, 0.0481280, 0.0495040, 0.0482560, 0.0653760, 0.0483520, 0.0776640, 0.0839680, 0.0624960, 0.0489920, 0.0612480, 0.0655040, 0.0591680, 0.0481280, 0.0493760, 0.0489600, 0.0491200, 0.0491200, 0.0699520, 0.0472000, 0.0492160, 0.0604160, 0.0495040, 0.0601920, 0.0491840, 0.0604480, 0.0655040, 0.0778560, 0.0491520, 0.0482880, 0.0492800, 0.0484480, 0.0492160, 0.0684160, 0.0613440, 0.0489280, 0.0616640, 0.0482560, 0.0604160, 0.0531840, 0.0638400, 0.0487680, 0.0490560, 0.0593600, 0.0532800, 0.0492800, 0.0645440, 0.0493440, 0.0491200, 0.0601920, 0.0491840, 0.0604160, 0.0498880, 0.0604160, 0.0509760 ],
"timesTransferFromDevice": [ 0.1310080, 0.0811520, 0.0612480, 0.0609280, 0.0913920, 0.0608960, 0.0883520, 0.0599040, 0.0597760, 0.0588800, 0.0604800, 0.0852480, 0.0601280, 0.0591040, 0.0595840, 0.0581120, 0.0593920, 0.0592960, 0.1056320, 0.0461760, 0.0465600, 0.0461120, 0.0697280, 0.0454400, 0.0463680, 0.0448960, 0.0456320, 0.0458560, 0.0456000, 0.0452800, 0.0635200, 0.0450240, 0.0461440, 0.0398080, 0.0385280, 0.0540800, 0.0649600, 0.0377600, 0.0381120, 0.0375680, 0.0380480, 0.0371520, 0.0380480, 0.0519680, 0.0380800, 0.0375040, 0.0375360, 0.0369600, 0.0535360, 0.0376000, 0.0376640, 0.0378240, 0.0383680, 0.0372160, 0.0384320, 0.0476800, 0.0382080, 0.0421760, 0.0382400, 0.0369920, 0.0381440, 0.0369280, 0.0537920, 0.0379200, 0.0391360, 0.0370880, 0.0381120, 0.0369600, 0.0319360, 0.0374400, 0.0383680, 0.0375040, 0.0534400, 0.0457920, 0.0377600, 0.0374080, 0.0383680, 0.0531520, 0.0388160, 0.0379520, 0.0376640, 0.0375040, 0.0384640, 0.0375040, 0.0375680, 0.0533760, 0.0385280, 0.0375040, 0.0378240, 0.0382720, 0.0539520, 0.0371520, 0.0378560, 0.0369920, 0.0487040, 0.0369920, 0.0375680, 0.0380480, 0.0378560, 0.0411200 ],
"bins": [ 0, 1024, 0, 0, 0, 0, 0, 0, 0, 0, 0, 0, 0, 0, 0, 0, 0, 0, 0, 0, 0, 0, 0, 0, 0, 0, 0 ]
}
,
"histogram_atomic_private": {
"timesTransferToDevice": [ 0.0899520, 0.0264320, 0.0270400, 0.0264640, 0.0264000, 0.0258560, 0.0277440, 0.0442880, 0.0270720, 0.0453760, 0.0540160, 0.0455680, 0.0255360, 0.0466240, 0.0293760, 0.0518400, 0.0267520, 0.0275200, 0.0265280, 0.0202240, 0.0432960, 0.0203520, 0.0359040, 0.0206080, 0.0356160, 0.0205440, 0.0351680, 0.0200320, 0.0358400, 0.0207360, 0.0212800, 0.0208640, 0.0206400, 0.0201280, 0.0204480, 0.1388800, 0.0175360, 0.0292800, 0.0177280, 0.0295680, 0.0171200, 0.0289600, 0.0181440, 0.0290240, 0.0176000, 0.0175040, 0.0182720, 0.0167680, 0.0177600, 0.0168640, 0.0182400, 0.0170560, 0.0296640, 0.0176000, 0.0290560, 0.0334400, 0.0303680, 0.0173440, 0.0296000, 0.0172800, 0.0176640, 0.0175040, 0.0172160, 0.0169280, 0.0180160, 0.0170560, 0.0174400, 0.0292480, 0.0181120, 0.0287680, 0.0340480, 0.0293760, 0.0196160, 0.0290880, 0.0177600, 0.0177600, 0.0176640, 0.0170560, 0.0175040, 0.0174400, 0.0311040, 0.0170880, 0.0299520, 0.0171840, 0.0297600, 0.0173120, 0.0299520, 0.0173440, 0.0172800, 0.0173760, 0.0181760, 0.0173120, 0.0174400, 0.0171520, 0.0180800, 0.0288640, 0.0177280, 0.0382400, 0.0174720, 0.0290880 ],
"timesExecution": [ 0.0753920, 0.0686080, 0.0493120, 0.0727360, 0.0491200, 0.0683840, 0.0489920, 0.0519360, 0.0491840, 0.0491840, 0.0500480, 0.0481280, 0.0491840, 0.0471040, 0.0501760, 0.0512000, 0.0677440, 0.0481600, 0.0816640, 0.0832640, 0.0581440, 0.0583040, 0.0584320, 0.0573440, 0.0860160, 0.0591360, 0.0590080, 0.0571840, 0.0591360, 0.0579520, 0.0593280, 0.0532160, 0.0573440, 0.0720000, 0.0584320, 0.0661120, 0.0576320, 0.0492800, 0.0498240, 0.0664640, 0.0501760, 0.0652160, 0.0494400, 0.0491520, 0.0614400, 0.0498560, 0.0768320, 0.0491520, 0.0614400, 0.0647680, 0.0716480, 0.0491520, 0.0502720, 0.0494080, 0.0655680, 0.0593920, 0.0502080, 0.0498240, 0.0491840, 0.0614720, 0.0502080, 0.0614080, 0.0502080, 0.0614080, 0.0677760, 0.0514240, 0.0491520, 0.0500800, 0.0502080, 0.0501760, 0.0511680, 0.0494400, 0.0655040, 0.0491200, 0.0778240, 0.0491520, 0.0615040, 0.0494080, 0.0606720, 0.0499520, 0.0665600, 0.0518720, 0.0502080, 0.0635520, 0.0502080, 0.0491840, 0.0500160, 0.0491520, 0.0656960, 0.0596480, 0.0498880, 0.0611200, 0.0499840, 0.0611840, 0.0501760, 0.0491200, 0.0493440, 0.0491520, 0.0502400, 0.0494400 ],
"timesTransferFromDevice": [ 0.0644800, 0.0595520, 0.0589120, 0.0591360, 0.0846400, 0.0570560, 0.0583040, 0.0574720, 0.0586560, 0.0588160, 0.0703680, 0.0589440, 0.0587840, 0.0585600, 0.0594560, 0.0604480, 0.0579520, 0.0581120, 0.1852480, 0.0690240, 0.0649920, 0.0452160, 0.0452800, 0.0448960, 0.0453760, 0.0447360, 0.0455680, 0.0445760, 0.0452160, 0.0449920, 0.0730880, 0.0448960, 0.0445440, 0.0581120, 0.0641600, 0.0378560, 0.0380480, 0.0383360, 0.0376640, 0.0408000, 0.0376640, 0.0382080, 0.0378560, 0.0380160, 0.0381120, 0.0372800, 0.0378560, 0.0380800, 0.0383040, 0.0378560, 0.0378560, 0.0378880, 0.0504000, 0.0376640, 0.0374720, 0.0379840, 0.0466880, 0.0380160, 0.0531520, 0.0384640, 0.0375360, 0.0383040, 0.0371840, 0.0544640, 0.0376960, 0.0417920, 0.0378240, 0.0379520, 0.0375360, 0.0656960, 0.0378240, 0.0382080, 0.0377280, 0.0381440, 0.0373440, 0.0374720, 0.0376640, 0.0381760, 0.0376640, 0.0543680, 0.0376640, 0.0385920, 0.0380160, 0.0377600, 0.0379520, 0.0372800, 0.0466240, 0.0391680, 0.0378560, 0.0474240, 0.0550400, 0.0505280, 0.0382400, 0.0376960, 0.0375680, 0.0556800, 0.0373760, 0.0380800, 0.0378240, 0.0382080 ],
"bins": [ 0, 1024, 0, 0, 0, 0, 0, 0, 0, 0, 0, 0, 0, 0, 0, 0, 0, 0, 0, 0, 0, 0, 0, 0, 0, 0, 0 ]
}
,