{
"inputLengthInCharacters": 4294967296,
"uniformInput": false,
"useMappingLetter": false,
"measurements": {
"histogram_atomic_private_stride": {
"timesTransferToDevice": [ 619.3695068, 576.5978394, 561.1423340, 560.1618652, 561.1878662, 560.6639404, 559.9906616, 560.8557739, 561.1709595, 565.3060303, 560.7614136, 560.4559937, 560.7567749, 561.0115356, 560.9730835, 560.4852905, 561.1210938, 568.9159546, 560.5308838, 560.8651733, 560.7423096, 561.0663452, 562.1600342, 561.4991455, 559.9616089, 567.7735596, 560.9536133, 561.5338745, 559.9747314, 560.8182373, 561.0801392, 560.9123535, 561.1249390, 565.5398560, 562.8811646, 560.9791260, 560.6079102, 561.1005859, 561.6247559, 561.6047974, 560.4492188, 564.3331909, 564.4007568, 562.2902832, 560.2782593, 560.3546753, 560.5263672, 560.7153931, 561.4129639, 561.7285156, 566.0560303, 560.8162842, 559.6879883, 561.2248535, 560.6752319, 561.7482300, 562.3426514, 562.5632935, 567.7522583, 560.7885742, 560.2504272, 559.9323730, 559.8265991, 561.1228638, 560.2682495, 562.0072021, 567.5272217, 561.5470581, 560.6684570, 560.3945312, 560.7334595, 561.0542603, 560.4282837, 560.7537842, 565.5792236, 563.3302002, 561.0244751, 560.7641602, 561.1613159, 560.7050171, 560.3948364, 561.3979492, 563.6456909, 565.8015137, 560.6666260, 561.2993774, 560.6940918, 561.3708496, 560.8381348, 561.7978516, 562.1052856, 566.8539429, 560.6489868, 560.9273682, 560.9166260, 561.8684692, 560.2550659, 560.8342896, 560.4571533, 567.8190918 ],
"timesExecution": [ 580.9812622, 581.0156250, 580.9938354, 581.0654297, 581.0421753, 580.2633667, 580.8472290, 580.9479980, 580.8878784, 580.8212891, 580.7860718, 580.7897949, 580.8906250, 580.6393433, 580.9501953, 580.5594482, 580.8815918, 581.0096436, 580.7725830, 580.9324951, 580.9486694, 580.8038940, 580.8710938, 580.9534302, 580.9107056, 580.8571777, 580.8536377, 580.8347778, 580.9316406, 580.8747559, 580.8923340, 580.8405151, 580.8159790, 580.9568481, 580.9155273, 580.7360229, 580.9566040, 580.8245239, 580.9604492, 580.9753418, 580.9497681, 580.7893066, 580.8074341, 580.7246704, 580.8742065, 580.5222168, 580.9310303, 580.9370117, 580.9291992, 580.8659668, 580.8728027, 580.8488770, 580.8724365, 580.8624268, 581.0049438, 580.8988037, 580.9667358, 580.7885742, 580.8730469, 580.7438965, 580.9382935, 580.8800049, 580.7846069, 580.9587402, 580.7546387, 580.8812256, 580.9191284, 580.7750244, 580.8325806, 580.9329834, 580.8217773, 580.8393555, 580.3925171, 580.8305054, 580.8435669, 580.8910522, 580.9547729, 580.8975220, 580.8916016, 580.8874512, 580.7114258, 580.7646484, 580.8021851, 580.6558228, 580.8177490, 580.9542236, 580.8624268, 580.8947754, 581.0242310, 580.9507446, 580.8505249, 581.1028442, 580.7798462, 580.8983765, 581.0293579, 580.7994385, 580.7376099, 581.0505981, 581.0874634, 580.8809814 ],
"timesTransferFromDevice": [ 0.1381120, 0.6194880, 0.1041600, 0.1565120, 0.1520000, 0.1508160, 0.1111680, 0.1102720, 0.1055040, 0.1088000, 0.1052160, 0.1173120, 0.1440960, 0.1047680, 0.1108480, 0.1035520, 0.1076480, 0.1037120, 0.1482880, 0.1044800, 0.1056320, 0.1552320, 0.1199040, 0.1416320, 0.1016320, 0.1238400, 0.1031040, 0.1143680, 0.1411520, 0.1049920, 0.1515520, 0.1056000, 0.1136960, 0.1005760, 0.1329920, 0.1010560, 0.1014400, 0.1081280, 0.1014080, 0.0987200, 0.0988160, 0.0994240, 0.1329920, 0.1199680, 0.0984640, 0.0991680, 0.0971520, 0.1028160, 0.1590080, 0.1366720, 0.0997120, 0.1395200, 0.0990080, 0.1409920, 0.0992000, 0.1007680, 0.1381760, 0.1005760, 0.1009280, 0.1018560, 0.0981440, 0.1041600, 0.0982720, 0.1395840, 0.1011520, 0.1019520, 0.1002240, 0.1032960, 0.0978560, 0.1043840, 0.1015680, 0.1014080, 0.1331840, 0.1007360, 0.1019520, 0.1003520, 0.0995520, 0.1353280, 0.1003200, 0.1495040, 0.1008960, 0.1148800, 0.0995840, 0.1000640, 0.1304000, 0.0994240, 0.1375040, 0.1599040, 0.1021440, 0.1028480, 0.1051520, 0.1027840, 0.0987200, 0.1018560, 0.1013760, 0.1461760, 0.0981760, 0.1010560, 0.1037440, 0.1029760 ],
"bins": [ 33554430, 33554432, 33554432, 33554432, 33554432, 33554433, 33554432, 33554432, 33554432, 33554432, 33554432, 33554432, 33554432, 33554432, 33554432, 33554432, 33554432, 33554432, 33554432, 33554432, 33554432, 33554432, 33554432, 33554432, 33554432, 33554432, 33554432, 33554432, 33554432, 33554432, 33554432, 33554432, 33554432, 33554432, 33554432, 33554432, 33554432, 33554432, 33554432, 33554432, 33554432, 33554433, 33554432, 33554432, 33554432, 33554432, 33554432, 33554432, 33554432, 33554432, 33554432, 33554432, 33554432, 33554432, 33554432, 33554432, 33554432, 33554432, 33554432, 33554432, 33554432, 33554432, 33554432, 33554432, 33554432, 33554432, 33554432, 33554432, 33554432, 33554432, 33554432, 33554432, 33554432, 33554432, 33554432, 33554432, 33554432, 33554432, 33554432, 33554432, 33554432, 33554432, 33554432, 33554432, 33554432, 33554432, 33554432, 33554432, 33554432, 33554432, 33554432, 33554432, 33554432, 33554432, 33554432, 33554432, 33554432, 33554432, 33554432, 33554432, 33554432, 33554432, 33554432, 33554432, 33554432, 33554432, 33554432, 33554432, 33554432, 33554432, 33554432, 33554432, 33554432, 33554432, 33554432, 33554432, 33554432, 33554433, 33554433, 33554432, 33554432, 33554432, 33554432, 33554432, 33554432, 33554432, 33554432, 33554430 ]
}
,
"histogram_atomic_global_stride": {
"timesTransferToDevice": [ 562.6334229, 560.7147217, 561.7413940, 561.3397217, 561.2266846, 560.8670044, 561.0606079, 567.3283691, 562.4343872, 560.0751953, 561.6375122, 560.1473389, 561.7845459, 561.2878418, 561.3841553, 565.7166748, 564.4208374, 560.1643066, 560.6437378, 560.5607300, 562.7327271, 561.3495483, 561.6624756, 565.4343872, 564.9875488, 561.1777344, 561.5107422, 560.4208984, 561.7034302, 562.7080078, 562.9431763, 563.7705078, 566.3548584, 560.6177368, 562.0907593, 559.8994751, 562.8465576, 562.1393433, 561.3703613, 560.8649902, 568.2863770, 560.9007568, 561.4216919, 560.7952271, 561.5667725, 560.5801392, 561.9351807, 560.4476929, 569.0947876, 559.9727173, 561.6964722, 561.4391479, 561.8977661, 560.5025635, 561.2390747, 559.8640747, 567.8236084, 560.2020874, 561.5129395, 560.4428711, 559.8594971, 560.7521973, 560.5681763, 559.9693604, 567.4227295, 562.6493530, 562.1816406, 561.2768555, 562.9266357, 561.4959717, 562.6180420, 561.3612671, 566.1226807, 563.9146118, 562.2788086, 559.9376221, 560.9376831, 560.8799438, 561.4843750, 559.8526611, 563.6834717, 564.0742188, 561.8492432, 560.5221558, 560.3784180, 559.8159790, 562.4534302, 559.8699341, 561.5618286, 565.4050293, 560.7879639, 559.9030151, 561.9078979, 559.8309937, 560.5338745, 559.7995605, 560.6510620, 566.6441040, 561.0591431, 559.6826172 ],