{
"inputLengthInCharacters": 67108864,
"uniformInput": false,
"useMappingLetter": false,
"measurements": {
"histogram_atomic_global": {
"timesTransferToDevice": [ 12.9870081, 12.4243841, 11.8178244, 12.4176636, 13.0982723, 12.2823677, 12.4554243, 12.3531199, 12.2198076, 12.2942076, 12.1350718, 11.3142719, 10.8157444, 10.9127684, 11.4863043, 10.7366400, 11.2624636, 11.0159998, 11.0675201, 10.8099842, 11.0166721, 11.1086721, 10.9228802, 10.9603844, 11.0620155, 11.0672960, 10.9206076, 10.9649601, 10.9394560, 11.1196480, 10.9473600, 10.9188156, 10.8358402, 11.0251837, 11.0076799, 10.8323841, 11.1023998, 10.7649603, 11.0806723, 10.8422403, 11.0880642, 11.5033283, 10.7996159, 10.8758078, 10.7736320, 10.8434877, 10.8374081, 10.7696638, 10.7608004, 10.7583036, 10.8760319, 10.6132164, 11.1435843, 10.3926716, 11.2798080, 11.4064960, 10.7782402, 11.0200005, 10.9622078, 11.0352001, 10.9244156, 11.0916796, 10.7915201, 10.7191038, 10.9886723, 10.8929596, 10.7762241, 10.8280001, 10.9461441, 10.9160004, 11.1317444, 10.9227839, 10.9526081, 10.8073597, 10.7650881, 11.2604799, 11.2389116, 11.1207676, 11.1234560, 11.0450239, 11.2392960, 11.0778236, 11.1643524, 11.0945282, 11.1452484, 12.0315199, 10.9538879, 10.9918404, 11.3791361, 11.8967676, 10.6202564, 10.9766722, 10.9088316, 11.4847040, 11.0274563, 11.1257915, 11.3578882, 11.2848320, 11.3407040, 11.7230396 ],
"timesExecution": [ 48.8137283, 48.7513924, 48.7391663, 48.7164154, 48.9200974, 48.9443207, 48.9480324, 48.9477425, 48.9399986, 48.9314575, 48.9413757, 48.9786224, 48.9953270, 48.9710388, 49.1107826, 48.9359360, 48.9321594, 48.9839363, 48.9241905, 48.9926414, 49.0087051, 48.9254417, 48.9620476, 48.9894714, 48.9959373, 48.9368324, 48.9704323, 48.9418869, 49.0032654, 48.9421768, 49.0550385, 48.9239693, 48.9697914, 48.9422722, 49.0361595, 48.9885445, 49.0010567, 48.9821777, 49.0127983, 48.9534721, 49.0242882, 48.9457283, 48.9378891, 48.9851837, 48.9260788, 48.9768639, 48.9162254, 48.9841919, 48.9456978, 48.9883842, 48.9408302, 48.9603539, 49.5801926, 48.9598083, 49.0166092, 48.9353905, 49.0112000, 49.0189743, 48.9485779, 48.9387207, 49.0061455, 48.9362564, 48.9681282, 48.9490891, 48.9681931, 48.9424019, 48.9842567, 48.9353294, 48.9841270, 48.9656639, 48.9786873, 48.9555206, 48.9998093, 48.9784966, 48.9743690, 48.9898567, 48.9396782, 49.0030098, 48.9407349, 48.9911690, 48.9516144, 48.9842873, 48.9939537, 48.9356804, 48.9420166, 48.9616318, 48.9300156, 48.9771538, 48.9806709, 49.5768967, 48.9403839, 48.9842873, 49.0250549, 48.9297295, 48.9812469, 48.9314880, 48.9214706, 48.9539185, 48.9510384, 48.9411850 ],
"timesTransferFromDevice": [ 0.2015360, 0.1410880, 0.0687360, 0.1332160, 0.1103360, 0.0878080, 0.0804160, 0.0917120, 0.0811200, 0.0826240, 0.1107840, 0.2087360, 0.1206720, 0.1716800, 0.0840000, 0.0884480, 0.0879680, 0.1606720, 0.0999680, 0.1526080, 0.1560000, 0.0789120, 0.1161600, 0.1591360, 0.0985600, 0.0810240, 0.1312640, 0.0784960, 0.0787520, 0.0659840, 0.1092480, 0.1178240, 0.0811520, 0.0784640, 0.1397760, 0.0837440, 0.1313280, 0.0836800, 0.1682560, 0.1013760, 0.1240640, 0.1236800, 0.0836480, 0.1219840, 0.1007680, 0.1362240, 0.0787840, 0.0849920, 0.1151360, 0.1402240, 0.0806400, 0.1166400, 0.0897920, 0.0813760, 0.1245120, 0.0807040, 0.6097280, 0.0810880, 0.0804480, 0.0801600, 0.1331840, 0.0949440, 0.1585600, 0.0807360, 0.1219520, 0.0809600, 0.1319360, 0.1135360, 0.1264640, 0.1368320, 0.2309440, 0.1244160, 0.0954880, 0.1322560, 0.0780160, 0.1564160, 0.0795200, 0.1206400, 0.0805440, 0.1579840, 0.1053440, 0.1150080, 0.0763840, 0.1136000, 0.0792320, 0.1257280, 0.0967680, 0.0805440, 0.1295360, 0.0915520, 0.0839040, 0.1283840, 0.1016320, 0.0811840, 0.1251200, 0.0753280, 0.1140480, 0.0782080, 0.6287040, 0.0801600 ],
"bins": [ 524103, 525617, 524469, 524510, 523404, 524135, 523108, 524224, 525769, 525024, 523763, 524045, 524891, 524815, 524306, 523644, 524388, 524110, 523320, 523420, 523396, 523157, 524617, 523875, 524695, 523858, 524511, 525525, 524346, 523698, 522788, 524011, 524206, 525256, 525352, 523992, 523981, 524138, 524078, 524973, 523945, 524789, 524634, 523903, 522736, 523410, 524208, 524845, 523673, 523740, 524082, 523703, 526600, 523884, 523784, 525249, 523822, 524543, 524497, 524593, 523341, 524196, 524261, 524193, 525329, 523689, 524444, 525130, 524296, 525035, 524447, 525964, 523077, 524957, 522321, 524479, 523864, 523449, 525678, 525321, 524852, 523420, 523773, 525463, 525444, 523819, 523640, 524559, 524132, 524353, 524568, 524659, 525717, 524290, 523891, 523351, 524260, 524132, 523969, 524964, 523933, 524372, 525006, 523680, 523651, 524293, 525145, 523685, 524635, 523210, 525348, 524544, 524267, 524046, 523287, 525163, 523461, 523780, 523618, 524417, 524822, 524299, 524409, 525171, 523994, 523746, 524947, 525050 ]
}
,
"histogram_atomic_private": {
"timesTransferToDevice": [ 11.3496637, 11.0358400, 10.8480320, 11.7597122, 11.2529917, 11.4535999, 11.1707516, 10.7988157, 10.7404480, 10.8344955, 10.5896959, 11.0920000, 12.0955839, 10.8262081, 8.9757757, 11.1603842, 11.3243523, 11.1365442, 11.3607998, 10.6473923, 11.0328636, 10.6711683, 8.8048964, 11.3619843, 11.3924160, 10.3208637, 10.6848001, 11.1395836, 10.3636160, 10.3867521, 10.0244484, 8.7821760, 11.3509121, 10.4256639, 11.2292156, 11.0994558, 10.8441916, 11.6675196, 11.0086718, 10.4830723, 10.0970564, 10.6461439, 10.0364475, 10.2572165, 10.1214399, 11.1470079, 10.6293116, 11.1584320, 10.5640316, 11.1086397, 10.6674557, 9.9798403, 10.0683842, 8.7427835, 8.9215040, 10.4756165, 10.4770880, 8.7812481, 10.6734724, 10.5888319, 10.6211205, 10.6513920, 10.9250565, 10.7342081, 8.7373123, 9.7693758, 11.0208321, 10.5074883, 10.4908800, 9.4075518, 10.8266239, 10.5103998, 10.7894716, 10.4455357, 9.4391356, 10.7890558, 10.4907522, 10.9899521, 10.6470718, 10.9632320, 10.8897600, 8.7620163, 8.7390404, 10.6471357, 8.7473917, 9.2239037, 10.7139196, 10.2575359, 10.5225601, 11.2843523, 10.9845123, 10.6535683, 10.1738243, 10.7309122, 10.3168964, 9.1462402, 10.6430721, 8.7649603, 10.7054720, 10.6220484 ],
"timesExecution": [ 11.7319679, 11.8051519, 11.7005444, 11.7647038, 11.6891518, 11.6667204, 11.7492161, 11.6636162, 11.6998396, 11.6850243, 11.6988478, 11.7197437, 11.7352324, 11.6459837, 11.8039999, 11.7007999, 11.6701441, 11.7255363, 11.7196159, 11.6838083, 11.7728958, 11.6746883, 11.6883202, 11.6866236, 11.7373762, 11.6869440, 11.6870718, 11.6865921, 11.6968317, 11.8122244, 11.6727362, 11.7203522, 11.7372160, 11.6180162, 11.7474241, 11.6973124, 11.7336636, 11.7242880, 11.6853123, 11.6312962, 11.7666245, 11.7190723, 11.6758404, 11.7410564, 11.6486082, 11.6814079, 11.7090883, 11.6931839, 11.7165442, 11.6695995, 11.7144003, 11.7766724, 11.6897278, 11.6681280, 11.7243519, 11.7606077, 11.6727676, 11.8210239, 11.7656641, 11.6608963, 11.7542400, 11.6903362, 11.8163843, 11.6884480, 11.6224642, 11.6976004, 11.7003517, 11.7526083, 11.6390724, 11.6934080, 11.6759357, 11.6855364, 11.7304640, 11.6804161, 11.7759037, 11.7359676, 11.7091522, 11.7299519, 11.6713600, 11.7615995, 11.7035198, 11.6603842, 11.7762880, 11.6668158, 11.6755838, 11.7020798, 11.7251844, 11.7504644, 11.6717443, 11.7211838, 11.7851200, 11.6450243, 11.6547842, 11.7514877, 11.6471682, 11.7334719, 11.6858244, 11.7321596, 11.7760000, 11.6846724 ],