{
"inputLengthInCharacters": 8192,
"uniformInput": true,
"useMappingLetter": false,
"measurements": {
"histogram_atomic_global": {
"timesTransferToDevice": [ 0.0863360, 0.1010560, 0.1158080, 0.0669760, 0.0664320, 0.1009280, 0.0777600, 0.0667520, 0.0667840, 0.0662720, 0.0664320, 0.0667840, 0.0657920, 0.0646720, 0.0509120, 0.0595840, 0.0580160, 0.0589760, 0.0582720, 0.0581440, 0.0578560, 0.0634240, 0.0573440, 0.0577280, 0.0570880, 0.1164800, 0.0509120, 0.0416000, 0.0601600, 0.0413440, 0.0421120, 0.0413760, 0.0413760, 0.0420160, 0.0571840, 0.0416000, 0.0472320, 0.0427520, 0.0412800, 0.0584640, 0.0410560, 0.0423360, 0.0406400, 0.0583040, 0.0417600, 0.0416000, 0.0421120, 0.0410880, 0.0427200, 0.0571200, 0.0415360, 0.0425280, 0.0417600, 0.0418560, 0.0418560, 0.0424000, 0.0420160, 0.0423040, 0.0410560, 0.0425920, 0.0411520, 0.0418880, 0.0636160, 0.0191360, 0.0187840, 0.0183360, 0.0189760, 0.0358400, 0.0183040, 0.0185920, 0.0189760, 0.0181440, 0.0355200, 0.0194560, 0.0179840, 0.0206400, 0.0228160, 0.0192960, 0.0191680, 0.0341440, 0.0180800, 0.0190080, 0.0181760, 0.0180480, 0.0348160, 0.0185600, 0.0175680, 0.0187520, 0.0185280, 0.0182720, 0.0178560, 0.0187200, 0.0184960, 0.0182400, 0.0183680, 0.0193280, 0.0338240, 0.0185280, 0.0178560, 0.0183360 ],
"timesExecution": [ 0.0798080, 0.0795840, 0.0980480, 0.0779840, 0.0767680, 0.1013440, 0.1085760, 0.0955200, 0.0778240, 0.0767680, 0.0980800, 0.0779200, 0.0759040, 0.1067520, 0.1054720, 0.1136960, 0.0675520, 0.0932160, 0.0863360, 0.0675200, 0.0821120, 0.0910720, 0.0665600, 0.1116160, 0.0752640, 0.1137280, 0.0912000, 0.1196480, 0.0993280, 0.0993280, 0.0911680, 0.1024320, 0.0942400, 0.1209600, 0.1013760, 0.1053120, 0.1013440, 0.0872640, 0.1099200, 0.0972480, 0.0890240, 0.1045440, 0.0924480, 0.0910720, 0.1341440, 0.0893120, 0.0704000, 0.0899520, 0.0706880, 0.1033920, 0.0901120, 0.0992000, 0.1002880, 0.0917760, 0.1095360, 0.0890880, 0.1135360, 0.1064640, 0.0880960, 0.0991680, 0.0867520, 0.1109440, 0.0911040, 0.0894080, 0.0870400, 0.0880320, 0.0655040, 0.1064640, 0.0904320, 0.0878400, 0.0932160, 0.1021120, 0.0890880, 0.0654720, 0.0943040, 0.0911040, 0.0880640, 0.0869120, 0.0665600, 0.0928960, 0.0972800, 0.0870720, 0.0859840, 0.0677760, 0.0920320, 0.0930880, 0.0870720, 0.0952320, 0.0860800, 0.1002560, 0.0655040, 0.0921280, 0.0880960, 0.0880320, 0.0910720, 0.0509440, 0.0921600, 0.0887680, 0.0928960, 0.0890240 ],
"timesTransferFromDevice": [ 0.1013120, 0.0811520, 0.0629440, 0.0622080, 0.0622400, 0.0613120, 0.0617920, 0.0605120, 0.0620800, 0.0918080, 0.0900480, 0.0647680, 0.1208960, 0.0461440, 0.0621760, 0.0720640, 0.0538560, 0.0632000, 0.0543040, 0.0529280, 0.0541760, 0.0540160, 0.0757760, 0.0528000, 0.0544320, 0.0381760, 0.0381760, 0.0542080, 0.0573760, 0.0377600, 0.0389120, 0.0389760, 0.0576960, 0.0386560, 0.0387200, 0.0384640, 0.0502720, 0.0542400, 0.0389760, 0.0380480, 0.0388800, 0.0380160, 0.0385600, 0.0548160, 0.0388160, 0.0389120, 0.0388800, 0.0383040, 0.0386240, 0.0538880, 0.0393920, 0.0381120, 0.0386880, 0.0589760, 0.0391040, 0.0646400, 0.0389440, 0.0379200, 0.0431040, 0.0376640, 0.0390400, 0.0389760, 0.0385600, 0.0378240, 0.0387840, 0.0382080, 0.0390720, 0.0539840, 0.0392000, 0.0381760, 0.0387520, 0.0384000, 0.0544320, 0.0374720, 0.0386240, 0.0385600, 0.0489920, 0.0564160, 0.0385280, 0.0382400, 0.0389760, 0.0379840, 0.0391040, 0.0381120, 0.0404480, 0.0375360, 0.0386560, 0.0379200, 0.0387200, 0.0544640, 0.0388480, 0.0375360, 0.0385920, 0.0373120, 0.0709440, 0.0379520, 0.0387200, 0.0377920, 0.0499520, 0.0381760 ],
"bins": [ 0, 0, 0, 0, 0, 0, 0, 0, 0, 0, 0, 0, 0, 0, 0, 0, 0, 0, 0, 0, 0, 0, 0, 0, 0, 0, 0, 0, 0, 0, 0, 0, 0, 0, 0, 0, 0, 0, 0, 0, 0, 0, 0, 0, 0, 0, 0, 0, 0, 0, 0, 0, 0, 0, 0, 0, 0, 0, 0, 0, 0, 0, 0, 0, 0, 0, 0, 0, 0, 0, 0, 0, 0, 0, 0, 0, 0, 0, 0, 0, 0, 0, 0, 0, 0, 0, 0, 0, 0, 0, 0, 0, 0, 0, 0, 0, 8192, 0, 0, 0, 0, 0, 0, 0, 0, 0, 0, 0, 0, 0, 0, 0, 0, 0, 0, 0, 0, 0, 0, 0, 0, 0, 0, 0, 0, 0, 0, 0 ]
}
,
"histogram_atomic_private": {
"timesTransferToDevice": [ 0.0738880, 0.0395520, 0.0301120, 0.0302080, 0.0357440, 0.0279360, 0.0306560, 0.0290880, 0.0615040, 0.0284160, 0.0297920, 0.0280320, 0.0287680, 0.0287360, 0.0319040, 0.0602880, 0.0234560, 0.0236160, 0.0210560, 0.0216960, 0.0434880, 0.0211840, 0.0233280, 0.0210880, 0.0211200, 0.0218240, 0.0218240, 0.0404480, 0.0216960, 0.0209920, 0.0208000, 0.0205120, 0.0446080, 0.0204160, 0.0176960, 0.0176640, 0.0197760, 0.0174400, 0.0348160, 0.0183360, 0.0180480, 0.0177920, 0.0176960, 0.0190080, 0.0427840, 0.0179200, 0.0175680, 0.0179200, 0.0177280, 0.0179200, 0.0356160, 0.0175360, 0.0182720, 0.0178880, 0.0187520, 0.0176640, 0.0344000, 0.0180480, 0.0183680, 0.0177600, 0.0177280, 0.0179200, 0.0343680, 0.0175680, 0.0175360, 0.0184000, 0.0179200, 0.0176960, 0.0343360, 0.0171520, 0.0180160, 0.0174400, 0.0199680, 0.0176320, 0.0350080, 0.0170240, 0.0188160, 0.0175360, 0.0176320, 0.0176640, 0.0353280, 0.0173760, 0.0183680, 0.0200960, 0.0182080, 0.0171200, 0.0180480, 0.0349120, 0.0184000, 0.0180800, 0.0179520, 0.0174720, 0.0286080, 0.0339840, 0.0179840, 0.0179200, 0.0174080, 0.0175680, 0.0182080, 0.0343040 ],
"timesExecution": [ 0.0880640, 0.0768000, 0.0760000, 0.0747840, 0.1034880, 0.0749760, 0.0749760, 0.0798080, 0.0747200, 0.0741120, 0.0747200, 0.0744960, 0.0737600, 0.0755840, 0.1034880, 0.0734080, 0.0860160, 0.0583360, 0.0575360, 0.0573760, 0.0577600, 0.0791680, 0.0580160, 0.0581760, 0.0581440, 0.0603840, 0.0562880, 0.0581440, 0.0580800, 0.0580480, 0.0584320, 0.0829760, 0.0655680, 0.0829440, 0.0491200, 0.0481280, 0.0491200, 0.0645120, 0.0491840, 0.0489280, 0.0490880, 0.0488000, 0.0481920, 0.0647680, 0.0499520, 0.0481600, 0.0483520, 0.0491200, 0.0491200, 0.0747520, 0.0696000, 0.0488320, 0.0488640, 0.0480960, 0.0490240, 0.0645120, 0.0491520, 0.0488000, 0.0490240, 0.0488960, 0.0481280, 0.0654720, 0.0491520, 0.0488320, 0.0483520, 0.0563520, 0.0491840, 0.0647680, 0.0484800, 0.0484800, 0.0481920, 0.0490240, 0.0481280, 0.0675520, 0.0488320, 0.0483520, 0.0491200, 0.0483200, 0.0483200, 0.0646400, 0.0489920, 0.0532160, 0.0491200, 0.0483200, 0.0492160, 0.0487680, 0.0645120, 0.0483840, 0.0480640, 0.0489600, 0.0481600, 0.0809280, 0.0655680, 0.0491200, 0.0492160, 0.0491200, 0.0482880, 0.0580800, 0.0645120, 0.0484800 ],
"timesTransferFromDevice": [ 0.0841280, 0.0624000, 0.0608000, 0.1828160, 0.0621440, 0.0608960, 0.0602560, 0.0610560, 0.0602240, 0.0592320, 0.0572480, 0.0586880, 0.0583680, 0.0577920, 0.0584320, 0.1033280, 0.0450880, 0.0448000, 0.0433600, 0.0445120, 0.0439680, 0.0440000, 0.0430400, 0.0446400, 0.0435840, 0.0631680, 0.0435520, 0.0435520, 0.0438400, 0.0444480, 0.0441280, 0.0444160, 0.2225280, 0.1100800, 0.0367040, 0.0369280, 0.0368640, 0.0373760, 0.0556800, 0.0370240, 0.0367040, 0.0372480, 0.0363840, 0.0379200, 0.0528640, 0.0367040, 0.0367040, 0.0371520, 0.0364800, 0.0367680, 0.0529920, 0.0368960, 0.0516800, 0.0361280, 0.0441280, 0.0372160, 0.0526400, 0.0363840, 0.0368640, 0.0368320, 0.0368000, 0.0371200, 0.0522880, 0.0490880, 0.0369600, 0.0363840, 0.0367360, 0.0372480, 0.0524480, 0.0652480, 0.0715520, 0.0371520, 0.0361920, 0.0375040, 0.0524480, 0.0370240, 0.0367680, 0.0367680, 0.0368000, 0.0371840, 0.0524800, 0.0367680, 0.0367680, 0.0369600, 0.0363520, 0.0529280, 0.0408320, 0.0369600, 0.0363200, 0.0371520, 0.0368320, 0.0485440, 0.0367680, 0.0617600, 0.0365440, 0.0370560, 0.0369280, 0.0366400, 0.0365120, 0.0534080 ],
"bins": [ 0, 0, 0, 0, 0, 0, 0, 0, 0, 0, 0, 0, 0, 0, 0, 0, 0, 0, 0, 0, 0, 0, 0, 0, 0, 0, 0, 0, 0, 0, 0, 0, 0, 0, 0, 0, 0, 0, 0, 0, 0, 0, 0, 0, 0, 0, 0, 0, 0, 0, 0, 0, 0, 0, 0, 0, 0, 0, 0, 0, 0, 0, 0, 0, 0, 0, 0, 0, 0, 0, 0, 0, 0, 0, 0, 0, 0, 0, 0, 0, 0, 0, 0, 0, 0, 0, 0, 0, 0, 0, 0, 0, 0, 0, 0, 0, 8192, 0, 0, 0, 0, 0, 0, 0, 0, 0, 0, 0, 0, 0, 0, 0, 0, 0, 0, 0, 0, 0, 0, 0, 0, 0, 0, 0, 0, 0, 0, 0 ]
}
,