{
"inputLengthInCharacters": 2147483648,
"uniformInput": false,
"useMappingLetter": true,
"measurements": {
"histogram_atomic_global": {
"timesTransferToDevice": [ 315.8136292, 301.6276855, 290.2192688, 285.3169250, 280.5881653, 280.7336731, 280.7266541, 281.3193054, 281.2305603, 279.4548035, 279.3846741, 280.2089539, 279.5900879, 279.7581177, 279.6035767, 280.7441406, 283.6169739, 281.7634583, 280.2380066, 279.8535461, 279.6429138, 279.8296814, 279.7629395, 279.7591248, 280.3283386, 281.6681213, 279.4128418, 280.3373413, 280.0132751, 280.0568542, 279.8385925, 279.6291504, 282.9963989, 282.8056030, 280.6669617, 280.7153931, 280.5245361, 280.4437561, 281.0192871, 280.5329895, 280.1069336, 280.2712097, 280.6584778, 281.3930969, 280.5586548, 281.1600952, 280.2431030, 280.4148865, 282.6181641, 285.0708923, 281.1392212, 281.6838989, 280.2637024, 280.5127869, 280.4245911, 280.5893860, 280.2622375, 280.8965759, 280.0877075, 280.5118408, 279.8168335, 280.4651184, 280.7431641, 280.4288940, 279.7364807, 285.9224854, 282.5862732, 280.1560974, 281.3256531, 281.1586304, 279.9698486, 280.4070740, 280.5047302, 281.2542114, 280.2781067, 280.6858521, 280.3523254, 280.6979980, 280.3868408, 281.6741943, 280.4080811, 288.6721191, 282.9690857, 279.4220581, 279.3937378, 280.3484802, 279.8665466, 279.9747314, 280.0939941, 280.1847534, 279.5954590, 279.9835510, 279.2507935, 280.5715637, 279.3709717, 279.7569275, 279.5309448, 280.5903931, 285.8562927, 281.2355347 ],
"timesExecution": [ 3420.2585449, 3420.2895508, 3420.2924805, 3420.2634277, 3420.2661133, 3420.2438965, 3420.2509766, 3420.2502441, 3420.3364258, 3420.2617188, 3420.2436523, 3420.2797852, 3420.2646484, 3420.2604980, 3420.2709961, 3420.2602539, 3420.2722168, 3420.2695312, 3420.2746582, 3420.2895508, 3420.2314453, 3420.2556152, 3420.2692871, 3420.2573242, 3420.2609863, 3420.3354492, 3420.2456055, 3420.2592773, 3420.2348633, 3420.2629395, 3420.2751465, 3420.3049316, 3420.2824707, 3420.2597656, 3420.2900391, 3420.2614746, 3420.2778320, 3420.2556152, 3420.2587891, 3420.2580566, 3420.2639160, 3420.2404785, 3420.2639160, 3420.2705078, 3420.2678223, 3420.3166504, 3420.2675781, 3420.2272949, 3420.2705078, 3420.2453613, 3420.2524414, 3420.2680664, 3420.2570801, 3420.2526855, 3420.2526855, 3420.2609863, 3420.2551270, 3420.2375488, 3420.2568359, 3420.3149414, 3420.2651367, 3420.2526855, 3420.2607422, 3420.2587891, 3420.2749023, 3420.2714844, 3420.2919922, 3420.2546387, 3420.3034668, 3420.2541504, 3420.2558594, 3420.2856445, 3420.2646484, 3420.2482910, 3420.2690430, 3420.2509766, 3420.2709961, 3420.2814941, 3420.2578125, 3420.2563477, 3420.2668457, 3420.2651367, 3420.2575684, 3420.2663574, 3420.2480469, 3420.2666016, 3420.2639160, 3420.2309570, 3420.2563477, 3420.2453613, 3420.2407227, 3420.2673340, 3420.2585449, 3420.3076172, 3420.2624512, 3420.3015137, 3420.2490234, 3420.2619629, 3420.2814941, 3420.2426758 ],
"timesTransferFromDevice": [ 0.1726720, 0.2007680, 0.1112640, 0.1056640, 0.1043520, 0.1041920, 0.1104960, 0.1046080, 0.1085760, 0.1144960, 0.1416320, 0.1109760, 0.0994880, 0.1051200, 0.1161920, 0.1008000, 0.1087040, 0.1065920, 0.1214080, 0.1089920, 0.1033280, 0.1016640, 0.1488640, 0.1053760, 0.1059520, 0.1045440, 0.1020800, 0.1090560, 0.1012160, 0.1050240, 0.1049280, 0.1080320, 0.1025920, 0.1020800, 0.1023680, 0.1508800, 0.1066880, 0.1385920, 0.1027840, 0.1023680, 0.1040320, 0.0997440, 0.1042560, 0.1409280, 0.0991360, 0.0996160, 0.1102720, 0.1005120, 0.1029760, 0.1027520, 0.0992320, 0.1075520, 0.0972800, 0.1061760, 0.0973120, 0.1042560, 0.1039680, 0.0935680, 0.1024960, 0.1380160, 0.0993600, 0.1039360, 0.0978240, 0.1034560, 0.1356800, 0.1023680, 0.1068480, 0.1409280, 0.1082560, 0.1040640, 0.1385600, 0.1099840, 0.1013440, 0.0989440, 0.1212800, 0.1056960, 0.1384960, 0.1060800, 0.1110720, 0.1059520, 0.1022400, 0.1090240, 0.1394560, 0.1401280, 0.0995840, 0.1198080, 0.1064640, 0.1335360, 0.0969600, 0.0999040, 0.1036160, 0.1005440, 0.0998720, 0.1126080, 0.1072640, 0.1453120, 0.0989760, 0.1081280, 0.0964800, 0.1107520 ],
"bins": [ 1275068415, 33554432, 33554432, 33554432, 33554432, 33554432, 33554432, 33554432, 33554432, 33554432, 33554432, 33554432, 33554432, 33554432, 33554432, 33554432, 33554432, 33554432, 33554432, 33554432, 33554432, 33554432, 33554433, 33554432, 33554432, 33554432, 33554432 ]
}
,
"histogram_atomic_private": {
"timesTransferToDevice": [ 280.2366333, 279.7388306, 279.9465637, 279.6431885, 280.1815186, 279.3454285, 279.9494324, 279.1456299, 280.2411499, 278.9986267, 279.3316345, 279.2449341, 279.8990479, 279.3781738, 284.4129639, 282.1250916, 279.7818298, 279.4421997, 279.8418884, 279.2346191, 280.5983276, 279.9277954, 280.7090759, 280.0677185, 280.8182068, 280.9254761, 281.1543884, 280.3099976, 281.4052734, 280.7092896, 284.3701477, 284.2422791, 280.8059082, 280.3149414, 280.8294373, 280.1032715, 281.3813477, 280.6549072, 280.0049133, 280.1911011, 280.6557617, 280.1110229, 279.6380310, 279.4240723, 279.9349976, 279.5805664, 280.9569092, 283.7641907, 280.8782349, 279.5903625, 279.9935913, 279.0778809, 279.9074097, 279.5595093, 280.1119995, 279.4121704, 279.7348328, 283.8742065, 280.2253418, 279.5366821, 280.0350342, 281.5085754, 280.3677673, 283.7204285, 283.6165161, 279.3750610, 279.9523315, 279.3967590, 279.7486572, 279.4965515, 279.8379211, 278.6791687, 280.0893250, 279.5126038, 279.9629822, 279.0361023, 279.8168945, 278.9656067, 279.6499023, 282.0287476, 284.0723267, 279.3611145, 279.7170105, 279.2891846, 279.6029358, 278.6853027, 279.8813782, 278.8155212, 280.0023804, 278.8667908, 279.5897217, 279.7870789, 280.5633240, 279.3340454, 280.3145142, 281.0911560, 284.2783508, 280.5761414, 280.1072998, 279.9294739 ],
"timesExecution": [ 690.0482178, 689.9110107, 690.1618652, 689.8377075, 689.7020264, 690.0842285, 690.0386963, 690.0077515, 689.9915161, 690.0444946, 689.7749023, 690.2004395, 689.8298950, 689.9951782, 690.1245728, 690.0911255, 690.0221558, 689.9221191, 689.6289673, 689.9906616, 690.0821533, 689.9125366, 689.8419800, 689.9288940, 689.8120117, 689.9445190, 690.1461182, 689.8345947, 690.0287476, 689.9626465, 690.0336304, 690.0483398, 690.1463623, 689.7813110, 689.7529297, 690.1358032, 689.8804932, 690.1146851, 690.0388794, 690.0235596, 690.0367432, 690.2187500, 690.1616211, 690.1736450, 690.2588501, 689.6722412, 690.0605469, 689.8975220, 690.3017578, 689.9257202, 689.8662109, 690.3125000, 689.8973999, 690.0370483, 689.8562622, 689.8555298, 689.9927368, 690.2257080, 689.9860229, 689.9025269, 690.0513306, 690.0383301, 690.1281128, 690.3256836, 690.1984863, 690.0651245, 690.0687256, 689.7864990, 689.9712524, 689.8995972, 690.0581665, 690.1728516, 689.8795776, 690.0505371, 690.3176270, 690.0781250, 690.0462036, 689.9508667, 690.0986328, 689.8631592, 690.3619995, 689.9717407, 690.0022583, 689.7576904, 689.9412231, 690.2252197, 690.4791870, 689.9763184, 689.7444458, 689.9622192, 690.0919189, 690.1290283, 690.1116943, 690.0620117, 690.1220703, 690.1303101, 690.0026245, 689.9193726, 690.0363770, 690.1489258 ],