{
"inputLengthInCharacters": 8192,
"uniformInput": false,
"useMappingLetter": false,
"measurements": {
"histogram_atomic_global": {
"timesTransferToDevice": [ 0.0850240, 0.0647040, 0.0654080, 0.0648320, 0.0652160, 0.0645760, 0.0637760, 0.0650560, 0.0692800, 0.0646400, 0.0628160, 0.0641600, 0.0627200, 0.1033280, 0.0686400, 0.0649600, 0.0639360, 0.0664320, 0.0857920, 0.0493760, 0.0569920, 0.0673920, 0.0482880, 0.0491200, 0.0605120, 0.0494720, 0.0597120, 0.0501760, 0.0520320, 0.0486720, 0.0487360, 0.0499200, 0.0413440, 0.0410240, 0.0408320, 0.0407040, 0.0464000, 0.0429760, 0.0403200, 0.0564800, 0.0403200, 0.0408640, 0.0400320, 0.0405440, 0.0403200, 0.0405120, 0.0409920, 0.0406720, 0.0414400, 0.0407040, 0.0404480, 0.0562240, 0.0416000, 0.0407680, 0.0404800, 0.0414720, 0.0394880, 0.0415360, 0.0400320, 0.0416000, 0.0401280, 0.0402880, 0.0455040, 0.0172480, 0.0172480, 0.0176320, 0.0183040, 0.0339200, 0.0171840, 0.0173760, 0.0184320, 0.0174080, 0.0175680, 0.0174080, 0.0175040, 0.0207680, 0.0178560, 0.0184320, 0.0170240, 0.0338560, 0.0166400, 0.0184000, 0.0169280, 0.0175360, 0.0173760, 0.0335360, 0.0179200, 0.0174400, 0.0179200, 0.0177600, 0.0168000, 0.0335360, 0.0176640, 0.0178880, 0.0176960, 0.0181440, 0.0170560, 0.0170880, 0.0171840, 0.0176000 ],
"timesExecution": [ 0.0808640, 0.1136320, 0.1075200, 0.0778560, 0.0754560, 0.1115840, 0.1804160, 0.0944640, 0.1056320, 0.0767680, 0.1003520, 0.0763840, 0.1084800, 0.0758720, 0.0747520, 0.0951360, 0.0758080, 0.2282880, 0.0768000, 0.0593280, 0.0716480, 0.0584640, 0.0581440, 0.0740480, 0.0579840, 0.0776640, 0.0573440, 0.0594880, 0.0730240, 0.0575040, 0.0583040, 0.0748160, 0.0867840, 0.0611200, 0.0675840, 0.0498560, 0.0632320, 0.0501760, 0.0673920, 0.0512320, 0.0594240, 0.0612800, 0.0481280, 0.0488960, 0.0788800, 0.0487680, 0.0798720, 0.0498560, 0.0952320, 0.0604160, 0.0489280, 0.0493120, 0.0828800, 0.0490560, 0.0715840, 0.0491840, 0.0485120, 0.0645120, 0.0489280, 0.0596800, 0.0655680, 0.0481280, 0.0491840, 0.0532800, 0.0480320, 0.0491200, 0.0633600, 0.0492480, 0.0471360, 0.0532800, 0.0481280, 0.0495680, 0.0460160, 0.0491200, 0.0482240, 0.0491840, 0.0480640, 0.0491200, 0.0654720, 0.0491200, 0.0655040, 0.0492800, 0.0488000, 0.0483520, 0.0645760, 0.0490880, 0.0492160, 0.0832000, 0.0484160, 0.0498560, 0.0645120, 0.0491840, 0.0482560, 0.0494720, 0.0484160, 0.0491840, 0.0513920, 0.0492800, 0.0480960, 0.0492160 ],
"timesTransferFromDevice": [ 0.0936960, 0.0807360, 0.0629440, 0.0603520, 0.0620480, 0.0607680, 0.0628800, 0.0933760, 0.0593280, 0.0583360, 0.0590720, 0.0585920, 0.0599360, 0.0876480, 0.0588480, 0.0581760, 0.0599680, 0.1056000, 0.0461120, 0.0647040, 0.0462080, 0.0445120, 0.0452160, 0.0442240, 0.0472320, 0.0453440, 0.0645120, 0.0445440, 0.0464640, 0.0449280, 0.0455360, 0.0675200, 0.0667520, 0.0536320, 0.0384960, 0.0371200, 0.0494720, 0.0376320, 0.0390080, 0.0537280, 0.0379520, 0.0368320, 0.0384320, 0.0368960, 0.0379200, 0.0531840, 0.0386560, 0.0373440, 0.0384640, 0.0442880, 0.0383040, 0.0535680, 0.0381760, 0.0371840, 0.0383040, 0.0465280, 0.0377280, 0.0374720, 0.0378880, 0.0546880, 0.0378560, 0.0372480, 0.0378880, 0.0376640, 0.0387520, 0.0539200, 0.0596480, 0.0379520, 0.0385920, 0.0376320, 0.0385600, 0.0375360, 0.0383040, 0.0539520, 0.0376960, 0.0374080, 0.0380160, 0.0372800, 0.0382400, 0.0449280, 0.0384000, 0.0373760, 0.0382400, 0.0373760, 0.0375040, 0.0526720, 0.0376960, 0.0370560, 0.0378880, 0.0372480, 0.0378240, 0.0525120, 0.0378880, 0.0376320, 0.0499200, 0.0373760, 0.0383360, 0.0432000, 0.0383360, 0.0370560 ],
"bins": [ 63, 64, 64, 63, 57, 77, 70, 53, 59, 71, 64, 56, 69, 60, 67, 67, 61, 72, 59, 49, 58, 65, 61, 56, 59, 69, 58, 58, 64, 65, 56, 68, 71, 70, 71, 82, 79, 70, 69, 67, 54, 61, 78, 66, 71, 62, 57, 67, 63, 80, 70, 63, 69, 67, 53, 66, 69, 73, 56, 61, 55, 58, 59, 68, 66, 56, 62, 68, 68, 69, 64, 57, 58, 65, 63, 81, 56, 71, 54, 62, 43, 70, 71, 65, 53, 60, 57, 55, 64, 68, 77, 59, 66, 68, 71, 59, 72, 72, 66, 66, 59, 64, 63, 67, 60, 58, 66, 67, 61, 67, 66, 55, 66, 55, 65, 61, 58, 61, 56, 67, 72, 73, 53, 63, 66, 73, 65, 56 ]
}
,
"histogram_atomic_private": {
"timesTransferToDevice": [ 0.0433600, 0.0274240, 0.0277440, 0.0284800, 0.0271040, 0.0267520, 0.0278080, 0.0275520, 0.0272320, 0.0270400, 0.0282240, 0.0264000, 0.0272000, 0.0263040, 0.0395520, 0.0535040, 0.0271680, 0.0269440, 0.0274240, 0.0202240, 0.0203200, 0.0459200, 0.0204800, 0.0193920, 0.0207040, 0.0207360, 0.0202240, 0.0390080, 0.0216320, 0.0195840, 0.0203200, 0.0198080, 0.0239360, 0.0411200, 0.0197440, 0.0207040, 0.0185920, 0.0174400, 0.0173760, 0.0176320, 0.0180160, 0.0176960, 0.0173120, 0.0173120, 0.0177920, 0.0174720, 0.0173760, 0.0179840, 0.0181760, 0.0177600, 0.0178560, 0.0180160, 0.0177280, 0.0172480, 0.0183360, 0.0172800, 0.0177920, 0.0177280, 0.0185600, 0.0173440, 0.0340160, 0.0217280, 0.0182080, 0.0183040, 0.0171200, 0.0183360, 0.0180160, 0.0165440, 0.0184320, 0.0181440, 0.0187200, 0.0181120, 0.0202560, 0.0172480, 0.0178560, 0.0168960, 0.0185920, 0.0170880, 0.0176960, 0.0173440, 0.0183040, 0.0173760, 0.0178240, 0.0258880, 0.0177600, 0.0171200, 0.0179840, 0.0176960, 0.0178560, 0.0172160, 0.0176960, 0.0170560, 0.0177280, 0.0173120, 0.0178880, 0.0165760, 0.0173760, 0.0167680, 0.0184320, 0.0167680 ],
"timesExecution": [ 0.0777920, 0.0775040, 0.0729600, 0.0492800, 0.0494720, 0.0747840, 0.1034240, 0.0748800, 0.0993280, 0.0737600, 0.0553280, 0.0746560, 0.0480960, 0.0730560, 0.1003200, 0.0745280, 0.0745280, 0.0481920, 0.0644800, 0.0819200, 0.0775680, 0.0561600, 0.0745920, 0.0562880, 0.0563200, 0.0563520, 0.0562560, 0.0560640, 0.0768320, 0.0552960, 0.0687680, 0.0552640, 0.0573440, 0.0563520, 0.0759360, 0.0512320, 0.0830400, 0.0492160, 0.0501120, 0.0604160, 0.0610560, 0.0484800, 0.0484160, 0.0491200, 0.0655680, 0.0481600, 0.0481280, 0.0483840, 0.0488320, 0.0488000, 0.0532800, 0.0491840, 0.0491840, 0.0488320, 0.0490240, 0.0583040, 0.0491200, 0.0482240, 0.0492480, 0.0481600, 0.0483840, 0.0484160, 0.0488000, 0.0483200, 0.0491840, 0.0645120, 0.0491840, 0.0481600, 0.0491520, 0.0490560, 0.0492160, 0.0481600, 0.0481600, 0.0488960, 0.0482560, 0.0860160, 0.0489600, 0.0524480, 0.0645120, 0.0490240, 0.0492160, 0.0481280, 0.0482880, 0.0635200, 0.0481920, 0.0488320, 0.0482880, 0.0482560, 0.0369920, 0.0481280, 0.0491840, 0.0482240, 0.0651200, 0.0490880, 0.0482560, 0.0482880, 0.0686400, 0.0642560, 0.0482240, 0.0532480 ],
"timesTransferFromDevice": [ 0.0679680, 0.0781120, 0.0588800, 0.0655040, 0.0579200, 0.0591680, 0.0585600, 0.0833600, 0.0585920, 0.0586880, 0.0576640, 0.0584960, 0.0580480, 0.0587840, 0.0578560, 0.0598720, 0.0586560, 0.0595520, 0.0427200, 0.0438720, 0.0425600, 0.0439040, 0.0428160, 0.0435520, 0.0429440, 0.0520640, 0.0425600, 0.0629760, 0.0426560, 0.0432960, 0.0433280, 0.0431360, 0.0436480, 0.0572160, 0.0436480, 0.0752000, 0.0379520, 0.0387200, 0.0373440, 0.0392000, 0.0375040, 0.0379200, 0.0373760, 0.0376960, 0.0450240, 0.0385280, 0.0374400, 0.0370560, 0.0376320, 0.0534080, 0.0374080, 0.0377280, 0.0535360, 0.0550400, 0.0378880, 0.0372160, 0.0379520, 0.0376000, 0.0369600, 0.0385280, 0.0379840, 0.0376640, 0.0372160, 0.0384000, 0.0376000, 0.0376960, 0.0377920, 0.0378880, 0.0536640, 0.0751680, 0.0375360, 0.0380160, 0.0372800, 0.0375680, 0.0378880, 0.0379200, 0.0376000, 0.0375680, 0.0384320, 0.0377920, 0.0372480, 0.0378240, 0.0374080, 0.0380480, 0.0367680, 0.0381120, 0.0524800, 0.0374080, 0.0372800, 0.0378880, 0.0369280, 0.0483840, 0.0382400, 0.0377920, 0.0375360, 0.0379200, 0.0383680, 0.0381440, 0.0375680, 0.0378880 ],
"bins": [ 63, 64, 64, 63, 57, 77, 70, 53, 59, 71, 64, 56, 69, 60, 67, 67, 61, 72, 59, 49, 58, 65, 61, 56, 59, 69, 58, 58, 64, 65, 56, 68, 71, 70, 71, 82, 79, 70, 69, 67, 54, 61, 78, 66, 71, 62, 57, 67, 63, 80, 70, 63, 69, 67, 53, 66, 69, 73, 56, 61, 55, 58, 59, 68, 66, 56, 62, 68, 68, 69, 64, 57, 58, 65, 63, 81, 56, 71, 54, 62, 43, 70, 71, 65, 53, 60, 57, 55, 64, 68, 77, 59, 66, 68, 71, 59, 72, 72, 66, 66, 59, 64, 63, 67, 60, 58, 66, 67, 61, 67, 66, 55, 66, 55, 65, 61, 58, 61, 56, 67, 72, 73, 53, 63, 66, 73, 65, 56 ]
}
,