{
"inputLengthInCharacters": 32768,
"uniformInput": true,
"useMappingLetter": true,
"measurements": {
"histogram_atomic_global": {
"timesTransferToDevice": [ 0.2109440, 0.1612800, 0.1568320, 0.1594560, 0.2236160, 0.1584960, 0.1642880, 0.1566080, 0.1725120, 0.1565440, 0.1632320, 0.1495680, 0.1481600, 0.1506880, 0.1447680, 0.1400320, 0.1424960, 0.1501120, 0.1461440, 0.1767680, 0.1400640, 0.0351680, 0.0304960, 0.0637760, 0.0296000, 0.0298880, 0.0639680, 0.0286720, 0.0278720, 0.0288320, 0.0286720, 0.0287040, 0.0282240, 0.0382400, 0.0282880, 0.0294720, 0.0605440, 0.0266880, 0.0254400, 0.0277120, 0.0271360, 0.0454080, 0.0262400, 0.0585600, 0.0256960, 0.0268160, 0.0457600, 0.0264960, 0.0260800, 0.0260160, 0.0262080, 0.0265920, 0.0267840, 0.0421120, 0.0264320, 0.0257600, 0.0255040, 0.0263680, 0.0416960, 0.0263040, 0.0264320, 0.0267200, 0.0263680, 0.0426560, 0.0265600, 0.0264640, 0.0251520, 0.0301440, 0.0263360, 0.0261440, 0.0410240, 0.0259200, 0.0259840, 0.0260160, 0.0247680, 0.0857280, 0.0537600, 0.0256000, 0.0255680, 0.0258880, 0.0256320, 0.0444480, 0.0255680, 0.0270720, 0.0256640, 0.0257600, 0.0256320, 0.0260160, 0.0413120, 0.0253120, 0.0263040, 0.0261760, 0.0258880, 0.0472960, 0.0264640, 0.0262720, 0.0253120, 0.0255680, 0.0445760, 0.0260160 ],
"timesExecution": [ 0.2170240, 0.1801920, 0.1976320, 0.1629120, 0.1597440, 0.1597440, 0.2099200, 0.1659200, 0.1606720, 0.1762560, 0.2191360, 0.1740800, 0.2170880, 0.1575360, 0.1607680, 0.1648000, 0.1624960, 0.1545920, 0.1843200, 0.1689280, 0.2221760, 0.2478400, 0.2978240, 0.1242560, 0.1527360, 0.1454400, 0.1599040, 0.1472320, 0.1722240, 0.1607360, 0.1464000, 0.1394880, 0.1392320, 0.1392640, 0.1425920, 0.1442880, 0.1525760, 0.1401600, 0.1433600, 0.1668800, 0.1372160, 0.1497600, 0.1310400, 0.1467200, 0.1389440, 0.1307200, 0.1992640, 0.1415040, 0.1392320, 0.1292800, 0.1271360, 0.1320640, 0.1338240, 0.1442240, 0.1352640, 0.1341440, 0.1334080, 0.1392960, 0.1384000, 0.1433280, 0.1351360, 0.1344640, 0.1341440, 0.1380160, 0.1392320, 0.1376000, 0.1351360, 0.1290560, 0.1324480, 0.1402880, 0.1331520, 0.1372160, 0.1314240, 0.1384960, 0.2024320, 0.1464320, 0.1380480, 0.1361280, 0.1321920, 0.1313600, 0.1331200, 0.1361920, 0.1373440, 0.1382080, 0.1331520, 0.1328000, 0.1321280, 0.1338240, 0.1381440, 0.1351680, 0.1335040, 0.1330560, 0.1392640, 0.1433600, 0.1380480, 0.1580480, 0.1344320, 0.1328960, 0.1368960, 0.1495680 ],
"timesTransferFromDevice": [ 0.0934720, 0.0826560, 0.0639680, 0.0621120, 0.0634880, 0.0976320, 0.0626240, 0.0605760, 0.0627840, 0.0605760, 0.0963840, 0.0851840, 0.0590400, 0.0563520, 0.0581760, 0.0675200, 0.0579840, 0.0816960, 0.0521280, 0.0510720, 0.0614720, 0.0493760, 0.0618880, 0.0730560, 0.0484800, 0.0433920, 0.0469760, 0.0445120, 0.0464640, 0.0650880, 0.0461440, 0.0433920, 0.0438080, 0.0432640, 0.0441920, 0.0380480, 0.0537600, 0.0381760, 0.0405440, 0.0469760, 0.0408000, 0.0423040, 0.0383680, 0.0400320, 0.0395840, 0.0485440, 0.0572160, 0.0381120, 0.0392320, 0.0468480, 0.0383360, 0.0589120, 0.0392320, 0.0487680, 0.0382080, 0.0491200, 0.0386240, 0.0380480, 0.0542400, 0.0377600, 0.0380480, 0.0378880, 0.0376640, 0.0573120, 0.0381440, 0.0373120, 0.0380160, 0.0373120, 0.0572160, 0.0375040, 0.0404800, 0.0381440, 0.0388160, 0.0368320, 0.0600640, 0.0800320, 0.0570880, 0.0378880, 0.0392000, 0.0388480, 0.0378560, 0.0542080, 0.0384640, 0.0378240, 0.0385280, 0.0378240, 0.0549120, 0.0375680, 0.0388160, 0.0375360, 0.0387520, 0.0377280, 0.0381440, 0.0561280, 0.0499840, 0.0370560, 0.0385600, 0.0378240, 0.0545280, 0.0388160 ],
"bins": [ 0, 32768, 0, 0, 0, 0, 0, 0, 0, 0, 0, 0, 0, 0, 0, 0, 0, 0, 0, 0, 0, 0, 0, 0, 0, 0, 0 ]
}
,
"histogram_atomic_private": {
"timesTransferToDevice": [ 0.0697280, 0.0351040, 0.0345280, 0.0331520, 0.0344320, 0.0478400, 0.0341760, 0.0589120, 0.0344960, 0.0362240, 0.0340800, 0.0333760, 0.0405120, 0.0591680, 0.0407680, 0.0338560, 0.0365760, 0.0745600, 0.0284160, 0.0445760, 0.0296000, 0.0284800, 0.0281600, 0.0290560, 0.0287040, 0.0470080, 0.0289600, 0.0293120, 0.0280960, 0.0283840, 0.0285440, 0.0282560, 0.0269440, 0.0260800, 0.0259840, 0.0256000, 0.0263040, 0.0416960, 0.0258560, 0.0258560, 0.0256960, 0.0253760, 0.0259840, 0.0255360, 0.0262080, 0.0257600, 0.0251520, 0.0261760, 0.0258560, 0.0427840, 0.0262400, 0.0260160, 0.0252800, 0.0250560, 0.0259840, 0.0261120, 0.0427840, 0.0255360, 0.0262720, 0.0256960, 0.0262720, 0.0266880, 0.0416960, 0.0250880, 0.0259200, 0.0259200, 0.0263360, 0.0319680, 0.0419200, 0.0255040, 0.0266880, 0.0259840, 0.0272960, 0.0249920, 0.0435840, 0.0253440, 0.0304320, 0.0257280, 0.0264640, 0.0256000, 0.0409920, 0.0254080, 0.0271040, 0.0261120, 0.0254400, 0.0258560, 0.0412160, 0.0257280, 0.0260160, 0.0264000, 0.0402560, 0.0252480, 0.0416320, 0.0254720, 0.0251840, 0.0249920, 0.0267520, 0.0262080, 0.0424000, 0.0257280 ],
"timesExecution": [ 0.0747840, 0.0734720, 0.0747840, 0.0732800, 0.0757440, 0.0737280, 0.1011200, 0.0737600, 0.0667520, 0.0735040, 0.0747200, 0.0735360, 0.1004160, 0.0747520, 0.0747200, 0.0901120, 0.0746560, 0.0737920, 0.0662080, 0.0799680, 0.0738560, 0.0717440, 0.0717760, 0.0705600, 0.0928960, 0.0726400, 0.0707200, 0.0707200, 0.0714240, 0.0708160, 0.0688960, 0.0767680, 0.1632320, 0.0921600, 0.0944640, 0.0819520, 0.1085440, 0.0829120, 0.0861760, 0.0839360, 0.0809600, 0.0811200, 0.0872000, 0.0642240, 0.0870080, 0.0817920, 0.0808640, 0.0807040, 0.0920000, 0.0903680, 0.0860480, 0.0818880, 0.0809280, 0.0811840, 0.0800000, 0.0642880, 0.0860160, 0.0829120, 0.0829440, 0.0808640, 0.0808320, 0.1105920, 0.0710400, 0.0842240, 0.0827840, 0.0808960, 0.0818240, 0.1103680, 0.0850240, 0.0847680, 0.0836160, 0.0849600, 0.0808640, 0.1085440, 0.0873600, 0.0842880, 0.0821440, 0.0801280, 0.0800960, 0.1073280, 0.0822720, 0.0849600, 0.0768000, 0.0848640, 0.0894720, 0.0750400, 0.0942080, 0.0942080, 0.0899840, 0.0829760, 0.0829440, 0.1105600, 0.0860160, 0.0856640, 0.0904640, 0.0809280, 0.0798720, 0.1077760, 0.0818560, 0.0982400 ],
"timesTransferFromDevice": [ 0.0868480, 0.0663360, 0.0578560, 0.1141760, 0.0577280, 0.0587520, 0.0576640, 0.0579520, 0.0582080, 0.0583680, 0.0586880, 0.0584000, 0.0581760, 0.0822080, 0.0583040, 0.0578240, 0.1935040, 0.0696960, 0.0456320, 0.0454400, 0.0445120, 0.0453760, 0.0444160, 0.0453120, 0.0452160, 0.0654080, 0.0449920, 0.0456960, 0.0448320, 0.0450560, 0.0640960, 0.1400960, 0.0375360, 0.0495680, 0.0376960, 0.0377280, 0.0380160, 0.0365760, 0.0377920, 0.0375040, 0.0377600, 0.0379840, 0.0536000, 0.0416640, 0.0376960, 0.0378880, 0.0373760, 0.0382720, 0.0370240, 0.0534080, 0.0374080, 0.0375360, 0.0516480, 0.0381440, 0.0539840, 0.0380160, 0.0371200, 0.0456960, 0.0378880, 0.0383360, 0.0473280, 0.0377280, 0.0436480, 0.0373440, 0.0368000, 0.0379520, 0.0370880, 0.0378880, 0.0525120, 0.0660160, 0.0364800, 0.0372480, 0.0368000, 0.0372160, 0.0536960, 0.0371200, 0.0370560, 0.0379840, 0.0371840, 0.0374720, 0.0526400, 0.0369280, 0.0367360, 0.0374720, 0.0371520, 0.0372480, 0.0524480, 0.0378560, 0.0366080, 0.0375040, 0.0373120, 0.0497920, 0.0624640, 0.0376960, 0.0368640, 0.0384320, 0.0365760, 0.0378880, 0.0534400, 0.0376000 ],
"bins": [ 0, 32768, 0, 0, 0, 0, 0, 0, 0, 0, 0, 0, 0, 0, 0, 0, 0, 0, 0, 0, 0, 0, 0, 0, 0, 0, 0 ]
}
,