{
"inputLengthInCharacters": 8,
"uniformInput": false,
"measurements": {
"histogram_one_thread_per_character": {
"timesTransferToDevice": [ 0.0828480, 0.0299840, 0.0327360, 0.0294720, 0.0292800, 0.0293760, 0.0332800, 0.0649920, 0.0295680, 0.0293120, 0.0658240, 0.0301440, 0.0289600, 0.0328960, 0.0289920, 0.0295040, 0.0323520, 0.0307200, 0.0264320, 0.0283520, 0.0257920, 0.0264960, 0.0259840, 0.0490240, 0.0346880, 0.0259520, 0.0471360, 0.0258880, 0.0260800, 0.0509120, 0.0256320, 0.0209280, 0.0216640, 0.0208640, 0.0208640, 0.0379840, 0.0210240, 0.0214720, 0.0373760, 0.0218560, 0.0290560, 0.0377600, 0.0213440, 0.0363200, 0.0398720, 0.0209600, 0.0214720, 0.0388800, 0.0214720, 0.0209920, 0.0379520, 0.0208960, 0.0214400, 0.0267200, 0.0403520, 0.0217920, 0.0205760, 0.0381120, 0.0208960, 0.0221760, 0.0430400, 0.0217280, 0.0229120, 0.0840640, 0.0213440, 0.0218560, 0.0224640, 0.0212800, 0.0219520, 0.0210880, 0.0209280, 0.0217600, 0.0218560, 0.0216000, 0.0343360, 0.0437440, 0.0229760, 0.0212160, 0.0212800, 0.0752640, 0.0223040, 0.0449280, 0.0194560, 0.0220800, 0.0213760, 0.0441600, 0.0213440, 0.0213440, 0.0430400, 0.0218560, 0.0220480, 0.0480320, 0.0224320, 0.0223680, 0.0418560, 0.0807360, 0.0244160, 0.0397760, 0.0279680, 0.0223680 ],
"timesExecution": [ 0.0920640, 0.0876800, 0.0579840, 0.0912640, 0.1002880, 0.0583680, 0.0829440, 0.0663040, 0.0573440, 0.1116160, 0.0580480, 0.0594240, 0.0564480, 0.1188160, 0.0841600, 0.0573760, 0.0798720, 0.0954560, 0.0481280, 0.0903680, 0.0485440, 0.0481280, 0.0683200, 0.0488960, 0.0662720, 0.0720000, 0.0479680, 0.0686400, 0.0716480, 0.0491520, 0.1370240, 0.0910720, 0.0735360, 0.0430080, 0.0593280, 0.0811520, 0.0706560, 0.0532160, 0.0798720, 0.0390400, 0.0748800, 0.0573120, 0.0594560, 0.0611200, 0.0872320, 0.0551680, 0.0595520, 0.0624000, 0.0758080, 0.0610880, 0.0704320, 0.0610880, 0.0593920, 0.0553600, 0.0602560, 0.0514560, 0.0778560, 0.0399040, 0.0584640, 0.0593600, 0.0613760, 0.0552960, 0.0635520, 0.0616640, 0.0633600, 0.0638400, 0.0945600, 0.0614400, 0.0593920, 0.0677440, 0.0624320, 0.0552000, 0.0777920, 0.0614720, 0.0665600, 0.0575040, 0.0747840, 0.0611200, 0.0890880, 0.0573440, 0.0605440, 0.0713280, 0.0635520, 0.0624320, 0.0725440, 0.0421760, 0.0614080, 0.0602560, 0.0654720, 0.0549440, 0.0604480, 0.0645440, 0.0571840, 0.0584320, 0.0593920, 0.0501440, 0.0610880, 0.0727040, 0.0614080, 0.0559360 ],
"timesTransferFromDevice": [ 0.1386240, 0.0873600, 0.0712960, 0.1046400, 0.1396160, 0.0718720, 0.1007680, 0.0715840, 0.0717120, 0.0994560, 0.0701760, 0.0749760, 0.1003200, 0.0779200, 0.0710080, 0.0706880, 0.0717760, 0.0583680, 0.0831360, 0.0805120, 0.0578880, 0.0575040, 0.0801280, 0.0583680, 0.0567680, 0.0815360, 0.0575040, 0.0681280, 0.0791360, 0.0721600, 0.0464320, 0.0639360, 0.0481600, 0.0457600, 0.0620480, 0.0459520, 0.0587520, 0.0627840, 0.0459520, 0.0481600, 0.0618880, 0.0457920, 0.0460160, 0.0645440, 0.0465280, 0.0457280, 0.1071680, 0.0467840, 0.0465280, 0.0654720, 0.0456000, 0.0465280, 0.0621120, 0.0651200, 0.0455040, 0.0572800, 0.0655040, 0.0464960, 0.0467520, 0.0692480, 0.0489600, 0.0480640, 0.0509120, 0.0535040, 0.0495040, 0.0597440, 0.0520640, 0.0464640, 0.0498560, 0.0467840, 0.0476160, 0.0465280, 0.0672640, 0.0501440, 0.0503360, 0.0441280, 0.0596160, 0.0466560, 0.0647680, 0.0466880, 0.0461760, 0.0462080, 0.0465920, 0.0504000, 0.0660160, 0.0469120, 0.0513920, 0.0643200, 0.0473280, 0.0464000, 0.0658560, 0.0515200, 0.0511680, 0.0667520, 0.0640640, 0.0519360, 0.0494080, 0.0645440, 0.0476480, 0.0468160 ],
"bins": [ 0, 0, 0, 0, 0, 1, 0, 0, 0, 0, 0, 0, 0, 0, 0, 0, 0, 0, 0, 0, 0, 0, 0, 0, 1, 0, 0, 0, 0, 0, 0, 0, 0, 0, 0, 0, 0, 0, 0, 0, 0, 1, 0, 0, 0, 0, 0, 0, 0, 0, 0, 0, 0, 0, 0, 0, 0, 0, 0, 0, 0, 0, 0, 0, 0, 0, 0, 0, 0, 0, 0, 0, 0, 0, 0, 0, 1, 0, 0, 0, 0, 0, 0, 0, 0, 0, 0, 1, 0, 0, 0, 0, 0, 0, 0, 0, 0, 0, 0, 0, 0, 0, 0, 0, 1, 0, 0, 0, 0, 0, 0, 0, 0, 0, 0, 0, 0, 1, 1, 0, 0, 0, 0, 0, 0, 0, 0, 0 ]
}
,
"histogram_atomic_private": {
"timesTransferToDevice": [ 0.0460480, 0.0632320, 0.0304320, 0.0290560, 0.0845440, 0.0341120, 0.0312640, 0.0288960, 0.0592320, 0.0295360, 0.0293760, 0.0608000, 0.0342080, 0.0314240, 0.0358720, 0.0292160, 0.0338880, 0.0290880, 0.0303360, 0.0440640, 0.0246080, 0.0239680, 0.0455040, 0.0246720, 0.0244480, 0.0241920, 0.0252160, 0.0244160, 0.0248320, 0.0222720, 0.0249280, 0.0236160, 0.0421120, 0.0208320, 0.0223360, 0.0331520, 0.0383360, 0.0209280, 0.0219840, 0.0204800, 0.0384960, 0.0213440, 0.0214080, 0.0372480, 0.0211200, 0.0213120, 0.0224320, 0.0208640, 0.0214720, 0.0221760, 0.0377920, 0.0209920, 0.0220160, 0.0395840, 0.0220480, 0.0211200, 0.0378880, 0.0205760, 0.0213440, 0.0208640, 0.0385920, 0.0206400, 0.0208640, 0.0397760, 0.0215360, 0.0204480, 0.0215680, 0.0215360, 0.0216320, 0.0209920, 0.0204800, 0.0425280, 0.0232960, 0.0204160, 0.0384640, 0.0209600, 0.0209280, 0.0206720, 0.0491520, 0.0348800, 0.0212800, 0.0211200, 0.0219520, 0.0207360, 0.0214720, 0.0207040, 0.0385280, 0.0203520, 0.0208640, 0.0378240, 0.0215680, 0.0200640, 0.0376320, 0.0210240, 0.0208960, 0.0207040, 0.0494720, 0.0207040, 0.0209600, 0.0416640 ],
"timesExecution": [ 0.0553280, 0.1114880, 0.0604160, 0.0584320, 0.0879040, 0.0583040, 0.1614720, 0.0891840, 0.0602560, 0.0838400, 0.0594560, 0.1198400, 0.0611200, 0.0583680, 0.1126400, 0.0972800, 0.0852160, 0.0597760, 0.0750080, 0.0870720, 0.0454720, 0.0737280, 0.0858880, 0.0689600, 0.0624640, 0.0713600, 0.0458560, 0.0627520, 0.0460800, 0.0800320, 0.0450240, 0.0686720, 0.0860160, 0.0615040, 0.0606080, 0.0605440, 0.0614080, 0.0757120, 0.0612480, 0.0788480, 0.0750720, 0.0603200, 0.0546560, 0.0532160, 0.0624960, 0.0576000, 0.0593600, 0.0717120, 0.0615040, 0.0607680, 0.0575040, 0.0604480, 0.0614080, 0.0706240, 0.0614080, 0.0741120, 0.0583040, 0.0604160, 0.0915200, 0.0932160, 0.0543040, 0.0604160, 0.0675840, 0.0736000, 0.0809280, 0.0596480, 0.0675840, 0.0633600, 0.0573120, 0.0594240, 0.0667200, 0.1013440, 0.0679040, 0.0644160, 0.0563520, 0.0597120, 0.0543040, 0.0798720, 0.0604160, 0.0610560, 0.0604160, 0.0757760, 0.0808960, 0.0683840, 0.0778560, 0.0759040, 0.0542720, 0.0592960, 0.0601920, 0.0942080, 0.0607360, 0.0542080, 0.0584000, 0.0604160, 0.0535680, 0.0819520, 0.0498880, 0.0789120, 0.0596480, 0.0745920 ],
"timesTransferFromDevice": [ 0.1186880, 0.0738240, 0.0878400, 0.0721280, 0.1011200, 0.0716800, 0.0712320, 0.1003200, 0.0719040, 0.0712640, 0.1000640, 0.0731520, 0.0905920, 0.0708160, 0.0748160, 0.0718400, 0.0727680, 0.0716480, 0.0793600, 0.0728960, 0.0533760, 0.0723520, 0.0526720, 0.0520000, 0.0536320, 0.0804160, 0.0528640, 0.0527040, 0.0545920, 0.0520960, 0.0531200, 0.0732160, 0.0644480, 0.0692480, 0.0468480, 0.0748800, 0.0563200, 0.0463680, 0.0467200, 0.0626560, 0.0466560, 0.0465600, 0.0576960, 0.0454720, 0.0465920, 0.0462080, 0.0673920, 0.0831360, 0.0468480, 0.0637120, 0.0525440, 0.0457600, 0.0592320, 0.0292800, 0.0471360, 0.0460480, 0.0636800, 0.0456960, 0.0546240, 0.0735680, 0.0459520, 0.0450240, 0.0467200, 0.0502400, 0.0466240, 0.0461440, 0.0696640, 0.0454400, 0.0463680, 0.0718720, 0.0640960, 0.0448960, 0.0470080, 0.0448320, 0.0766720, 0.0459840, 0.0467840, 0.0626560, 0.0478720, 0.0779520, 0.0470720, 0.0457920, 0.0462400, 0.0454080, 0.0467200, 0.0624000, 0.0460480, 0.0451200, 0.0627840, 0.0454080, 0.0461760, 0.0640640, 0.0636800, 0.0454720, 0.0468800, 0.0621760, 0.0464640, 0.0464000, 0.0655680, 0.0455360 ],
"bins": [ 0, 0, 0, 0, 0, 1, 0, 0, 0, 0, 0, 0, 0, 0, 0, 0, 0, 0, 0, 0, 0, 0, 0, 0, 1, 0, 0, 0, 0, 0, 0, 0, 0, 0, 0, 0, 0, 0, 0, 0, 0, 1, 0, 0, 0, 0, 0, 0, 0, 0, 0, 0, 0, 0, 0, 0, 0, 0, 0, 0, 0, 0, 0, 0, 0, 0, 0, 0, 0, 0, 0, 0, 0, 0, 0, 0, 1, 0, 0, 0, 0, 0, 0, 0, 0, 0, 0, 1, 0, 0, 0, 0, 0, 0, 0, 0, 0, 0, 0, 0, 0, 0, 0, 0, 1, 0, 0, 0, 0, 0, 0, 0, 0, 0, 0, 0, 0, 1, 1, 0, 0, 0, 0, 0, 0, 0, 0, 0 ]
}
,