{
"inputLengthInCharacters": 8,
"uniformInput": true,
"measurements": {
"histogram_one_thread_per_character": {
"timesTransferToDevice": [ 0.0897280, 0.0301120, 0.0334080, 0.0620800, 0.0320320, 0.0296000, 0.0332160, 0.0606400, 0.0292480, 0.0289600, 0.0696960, 0.0290240, 0.0290240, 0.0585920, 0.0257920, 0.0499200, 0.0260800, 0.0289600, 0.0256640, 0.0251520, 0.0466560, 0.0263680, 0.0252160, 0.0257280, 0.0360000, 0.0253120, 0.0250560, 0.0255040, 0.0415360, 0.0203840, 0.0200960, 0.0207040, 0.0208640, 0.0207040, 0.0201600, 0.0208000, 0.0203520, 0.0273280, 0.0213120, 0.0218880, 0.0201600, 0.0212160, 0.0375040, 0.0351680, 0.0203200, 0.0189120, 0.0205760, 0.0201600, 0.0192960, 0.0404160, 0.0214400, 0.0212160, 0.0208320, 0.0206720, 0.0213120, 0.0202560, 0.0401280, 0.0220800, 0.0206400, 0.0381440, 0.0211520, 0.0216000, 0.0399360, 0.0210560, 0.0204800, 0.0211520, 0.0389120, 0.0207680, 0.0209280, 0.0397440, 0.0211520, 0.0205760, 0.0431680, 0.0208320, 0.0321280, 0.0232320, 0.0453440, 0.0207040, 0.0330880, 0.0248640, 0.0234880, 0.0202560, 0.0208320, 0.0216640, 0.0206400, 0.0204800, 0.0202880, 0.0207360, 0.0213760, 0.0209280, 0.0266560, 0.0379520, 0.0207360, 0.0207680, 0.0225920, 0.0408320, 0.0213440, 0.0209280, 0.0212160, 0.0397440 ],
"timesExecution": [ 0.0921600, 0.0870400, 0.0583360, 0.0931520, 0.0849600, 0.0604160, 0.1106240, 0.0613760, 0.0581760, 0.0974720, 0.0900800, 0.0596800, 0.0747200, 0.0869760, 0.0963200, 0.0716480, 0.0750400, 0.0899200, 0.0491520, 0.0676160, 0.0696320, 0.0501760, 0.0706560, 0.0718720, 0.0665600, 0.0501760, 0.0481600, 0.1464320, 0.0914880, 0.0613440, 0.0757760, 0.0592320, 0.0542720, 0.0453760, 0.0583360, 0.0542720, 0.0657600, 0.0614400, 0.0909760, 0.0615680, 0.0746880, 0.0614400, 0.0581760, 0.0634880, 0.0624320, 0.0747840, 0.0604160, 0.0614080, 0.0744320, 0.0583680, 0.0528640, 0.0614080, 0.0592000, 0.0543040, 0.0604160, 0.0747840, 0.0604160, 0.0614720, 0.0532480, 0.0574400, 0.0604160, 0.0555840, 0.0583360, 0.0542720, 0.0597120, 0.0604800, 0.0747520, 0.0399040, 0.0532480, 0.0604160, 0.0632960, 0.0548160, 0.0819520, 0.0616960, 0.0603520, 0.0665600, 0.0563840, 0.0614720, 0.0604800, 0.0552960, 0.0595200, 0.0542720, 0.0593920, 0.0431680, 0.0740800, 0.0614400, 0.0778560, 0.0400640, 0.0601920, 0.0531840, 0.0613120, 0.0409600, 0.0738240, 0.0407680, 0.0755520, 0.0420800, 0.0606400, 0.0563200, 0.0614400, 0.0556160 ],
"timesTransferFromDevice": [ 0.1375680, 0.1428160, 0.0823360, 0.0680000, 0.0716480, 0.0721920, 0.0983680, 0.0711040, 0.0725120, 0.0719680, 0.0703680, 0.0748480, 0.0707840, 0.1807360, 0.0575360, 0.0579840, 0.0577280, 0.0578240, 0.0567360, 0.0587840, 0.0970560, 0.0598400, 0.0635200, 0.0553920, 0.0863040, 0.0573440, 0.0575040, 0.0781440, 0.0459840, 0.0451520, 0.0459840, 0.0648960, 0.0568960, 0.0458880, 0.0749440, 0.0458560, 0.0583680, 0.0467200, 0.0624640, 0.0464000, 0.0451840, 0.0466880, 0.0454080, 0.0848320, 0.0458560, 0.0643200, 0.0458240, 0.0461440, 0.0632000, 0.0456000, 0.0454080, 0.0458240, 0.0652480, 0.0453760, 0.0453760, 0.0766400, 0.0646400, 0.0462720, 0.0640960, 0.0459200, 0.0816640, 0.0463040, 0.0469760, 0.0460480, 0.0453760, 0.0729920, 0.0463360, 0.0455680, 0.0645760, 0.0458240, 0.0463040, 0.0457920, 0.0660160, 0.0463040, 0.0561920, 0.0633920, 0.0448640, 0.0829120, 0.0504640, 0.0836800, 0.0449600, 0.0464320, 0.0450560, 0.0641600, 0.0456640, 0.0459840, 0.0638080, 0.0500800, 0.0472000, 0.0460160, 0.0668480, 0.0464320, 0.0457600, 0.0514560, 0.0577600, 0.0467200, 0.0511360, 0.0621760, 0.0657600, 0.0458240 ],
"bins": [ 0, 0, 0, 0, 0, 0, 0, 0, 0, 0, 0, 0, 0, 0, 0, 0, 0, 0, 0, 0, 0, 0, 0, 0, 0, 0, 0, 0, 0, 0, 0, 0, 0, 0, 0, 0, 0, 0, 0, 0, 0, 0, 0, 0, 0, 0, 0, 0, 0, 0, 0, 0, 0, 0, 0, 0, 0, 0, 0, 0, 0, 0, 0, 0, 0, 0, 0, 0, 0, 0, 0, 0, 0, 0, 0, 0, 0, 0, 0, 0, 0, 0, 0, 0, 0, 0, 0, 0, 0, 0, 0, 0, 0, 0, 0, 0, 0, 8, 0, 0, 0, 0, 0, 0, 0, 0, 0, 0, 0, 0, 0, 0, 0, 0, 0, 0, 0, 0, 0, 0, 0, 0, 0, 0, 0, 0, 0, 0 ]
}
,
"histogram_atomic_private": {
"timesTransferToDevice": [ 0.0450560, 0.0509120, 0.0312000, 0.0296640, 0.0538240, 0.0330560, 0.0299840, 0.0296000, 0.0303360, 0.0290880, 0.0305280, 0.0290880, 0.0332160, 0.0296320, 0.0363200, 0.0289920, 0.0338880, 0.0590080, 0.0308480, 0.0948160, 0.0237760, 0.0221120, 0.0224000, 0.0226240, 0.0232320, 0.0216960, 0.0471680, 0.0226560, 0.0219840, 0.0220800, 0.0234560, 0.0214720, 0.0226560, 0.0218560, 0.0226880, 0.0346880, 0.0208960, 0.0205120, 0.0226240, 0.0209280, 0.0212160, 0.0207360, 0.0484800, 0.0210240, 0.0215360, 0.0216000, 0.0210560, 0.0205760, 0.0210560, 0.0213120, 0.0215680, 0.0572160, 0.0220800, 0.0379840, 0.0214080, 0.0211520, 0.0225920, 0.0386880, 0.0198080, 0.0207360, 0.0218240, 0.0402880, 0.0211200, 0.0218560, 0.0210880, 0.0206720, 0.0214400, 0.0215360, 0.0213120, 0.0373440, 0.0206720, 0.0215040, 0.0232960, 0.0204800, 0.0221760, 0.0205440, 0.0439360, 0.0205120, 0.0224000, 0.0345920, 0.0216960, 0.0207040, 0.0220160, 0.0210880, 0.0216960, 0.0209280, 0.0214720, 0.0203840, 0.0215680, 0.0269760, 0.0209920, 0.0207680, 0.0209280, 0.0211520, 0.0213120, 0.0210240, 0.0216640, 0.0206080, 0.0211840, 0.0202880 ],
"timesExecution": [ 0.0542720, 0.0828480, 0.0944320, 0.0596160, 0.0573760, 0.0576320, 0.0860160, 0.0593280, 0.0602880, 0.1083840, 0.0972480, 0.0839360, 0.0560960, 0.0861120, 0.0955840, 0.0593600, 0.0806080, 0.0900800, 0.0910400, 0.0727040, 0.0491520, 0.0676160, 0.0573440, 0.0642560, 0.0580480, 0.0826240, 0.0420480, 0.0789440, 0.0430400, 0.0788160, 0.0645440, 0.0644800, 0.0764800, 0.0818240, 0.0419840, 0.0738880, 0.0606720, 0.0736960, 0.0574080, 0.0621760, 0.0545600, 0.0777920, 0.0543360, 0.0604160, 0.0610880, 0.0907520, 0.0666240, 0.0707840, 0.0611520, 0.0694720, 0.0563520, 0.0604160, 0.0768640, 0.0922880, 0.0604800, 0.0740160, 0.0778560, 0.0822080, 0.0553280, 0.0604480, 0.0554240, 0.0716480, 0.0634880, 0.0778880, 0.0614400, 0.0603840, 0.0627200, 0.0983040, 0.0573760, 0.0613440, 0.0614400, 0.0756160, 0.0877760, 0.0740480, 0.0614080, 0.0788160, 0.0839680, 0.0603840, 0.0615040, 0.0839360, 0.0429760, 0.0743680, 0.0613760, 0.0775360, 0.0586880, 0.0596160, 0.0542400, 0.0737600, 0.0618240, 0.0747840, 0.0591040, 0.0901760, 0.0614400, 0.0429440, 0.0549440, 0.0921600, 0.0462720, 0.0747200, 0.0614720, 0.0542720 ],
"timesTransferFromDevice": [ 0.0806400, 0.0696960, 0.0989760, 0.0716480, 0.0737600, 0.1000320, 0.1397760, 0.0777600, 0.0727680, 0.0696640, 0.0730240, 0.0690880, 0.0735680, 0.0965440, 0.0739200, 0.0710400, 0.0700800, 0.0902400, 0.0736960, 0.0486080, 0.0638080, 0.0685440, 0.0493120, 0.0485120, 0.0491520, 0.0492800, 0.0485120, 0.0486080, 0.0675200, 0.0671680, 0.0491840, 0.0480640, 0.0495360, 0.0793920, 0.1075840, 0.0461120, 0.0639360, 0.0461440, 0.0464000, 0.0461440, 0.0478400, 0.0624320, 0.0465600, 0.0459520, 0.0464320, 0.0640000, 0.0469120, 0.0461760, 0.0622720, 0.0709120, 0.0554880, 0.0459200, 0.0610560, 0.0459200, 0.0538560, 0.0456000, 0.0478400, 0.0465280, 0.0466880, 0.0456000, 0.0670400, 0.0461440, 0.0582400, 0.0626880, 0.0656960, 0.0464960, 0.0466560, 0.0462720, 0.0627840, 0.0696320, 0.0465280, 0.0605120, 0.0679040, 0.0462080, 0.0465920, 0.0457600, 0.0472960, 0.0465920, 0.0463360, 0.0620160, 0.0472000, 0.0459840, 0.0465280, 0.0656960, 0.0460480, 0.0468480, 0.0468800, 0.0458880, 0.0506240, 0.0456320, 0.0609280, 0.0591680, 0.0463680, 0.0455360, 0.0463040, 0.0457600, 0.0476800, 0.0458880, 0.0471360, 0.0630720 ],
"bins": [ 0, 0, 0, 0, 0, 0, 0, 0, 0, 0, 0, 0, 0, 0, 0, 0, 0, 0, 0, 0, 0, 0, 0, 0, 0, 0, 0, 0, 0, 0, 0, 0, 0, 0, 0, 0, 0, 0, 0, 0, 0, 0, 0, 0, 0, 0, 0, 0, 0, 0, 0, 0, 0, 0, 0, 0, 0, 0, 0, 0, 0, 0, 0, 0, 0, 0, 0, 0, 0, 0, 0, 0, 0, 0, 0, 0, 0, 0, 0, 0, 0, 0, 0, 0, 0, 0, 0, 0, 0, 0, 0, 0, 0, 0, 0, 0, 0, 8, 0, 0, 0, 0, 0, 0, 0, 0, 0, 0, 0, 0, 0, 0, 0, 0, 0, 0, 0, 0, 0, 0, 0, 0, 0, 0, 0, 0, 0, 0 ]
}
,