{
"inputLengthInCharacters": 1048576,
"uniformInput": true,
"measurements": {
"histogram_one_thread_per_character": {
"timesTransferToDevice": [ 0.3285760, 0.2630400, 0.2729600, 0.2952640, 0.3424320, 0.3047680, 0.2568000, 0.2900480, 0.3214400, 0.2633920, 0.2579840, 0.3037440, 0.2750720, 0.2563840, 0.2532160, 0.2458560, 0.2469440, 0.3257600, 0.3144000, 0.2626560, 0.2469120, 0.2496960, 0.2609920, 0.2432000, 0.2885760, 0.2629760, 0.2431040, 0.2779200, 0.2453120, 0.2439040, 0.2772800, 0.2473920, 0.2429760, 0.2789440, 0.2742400, 0.2482560, 0.3191360, 0.2802880, 0.2752640, 0.2430400, 0.2732480, 0.2599040, 0.2442880, 0.2745280, 0.2424320, 0.2431040, 0.2822720, 0.2696960, 0.2436480, 0.2459200, 0.2774720, 0.2438720, 0.2434560, 0.2806400, 0.2637120, 0.3098240, 0.2827520, 0.2473280, 0.2435840, 0.2476480, 0.2471680, 0.2442880, 0.2432320, 0.2446720, 0.2997760, 0.2515840, 0.2480960, 0.2668800, 0.2893760, 0.2850880, 0.2482240, 0.2464960, 0.2480000, 0.2503040, 0.3423680, 0.2456000, 0.3057280, 0.2618560, 0.2424960, 0.2488960, 0.2610880, 0.2438720, 0.2477120, 0.2448000, 0.2451200, 0.2430720, 0.2451200, 0.2448000, 0.2437440, 0.2434240, 0.2528640, 0.2436480, 0.2423680, 0.2452800, 0.2841920, 0.2445760, 0.3263680, 0.2453760, 0.2425920, 0.3258880 ],
"timesExecution": [ 2.2879679, 2.2496641, 2.2980800, 2.2479041, 2.2372799, 2.2860799, 2.2436481, 2.2381439, 2.2758081, 2.2449920, 2.2764480, 2.2769279, 2.2471039, 2.2708800, 2.3304319, 2.2339520, 2.2407999, 2.2609601, 2.2680960, 2.2751040, 2.3011520, 2.2819200, 2.2578239, 2.2487040, 2.2737279, 2.2471361, 2.2259841, 2.2666559, 2.2564800, 2.2297280, 2.2640960, 2.2603841, 2.2368319, 2.2632000, 2.2630401, 2.2281599, 2.2884800, 2.2642560, 2.2381120, 2.2735360, 2.2662399, 2.2346880, 2.2862720, 2.2277441, 2.2354879, 2.2999041, 2.2252159, 2.2337279, 2.2895041, 2.2359359, 2.2666240, 2.2554560, 2.3200960, 2.2630401, 2.2563839, 2.2293119, 2.2680321, 2.2613440, 2.2287040, 2.2394559, 2.2638400, 2.2309439, 2.2581439, 2.2301760, 2.2345600, 2.2713921, 2.2286079, 2.2279041, 2.2602880, 2.2632959, 2.2305920, 2.2695680, 2.2640319, 2.2322240, 2.2610240, 2.2766080, 2.2679999, 2.2587841, 2.2356479, 2.2332480, 2.2607679, 2.2335999, 2.2364800, 2.2339840, 2.2358079, 2.2581439, 2.2257919, 2.2268159, 2.2591679, 2.2265279, 2.2652481, 2.2586241, 2.2285120, 2.2298560, 2.3120320, 2.2345281, 2.2279360, 2.2747519, 2.2296960, 2.2709761 ],
"timesTransferFromDevice": [ 0.1028160, 0.1043200, 0.0975040, 0.0743040, 0.0733760, 0.0742720, 0.0717760, 0.1191360, 0.0723200, 0.0717440, 0.0733760, 0.0735360, 0.0721600, 0.0719360, 0.0799360, 0.0952960, 0.0710400, 0.0723840, 0.0731840, 0.0728640, 0.0715840, 0.0729920, 0.0731200, 0.0722240, 0.1008000, 0.0723200, 0.0717440, 0.1239040, 0.0719360, 0.0728320, 0.1016320, 0.0723520, 0.0714880, 0.0748480, 0.0721280, 0.0726080, 0.1061120, 0.0736320, 0.0728960, 0.1035200, 0.0724800, 0.0730880, 0.0745280, 0.0816640, 0.0733760, 0.0976960, 0.0740480, 0.0730560, 0.0724160, 0.1006080, 0.0723520, 0.0732160, 0.1029760, 0.0729920, 0.0723200, 0.1065280, 0.0949120, 0.0722880, 0.0722560, 0.1058560, 0.1001600, 0.0734720, 0.0805760, 0.0744960, 0.1034560, 0.0744640, 0.0740480, 0.0730560, 0.0786560, 0.1040320, 0.0717120, 0.0749120, 0.1017280, 0.0743680, 0.0729600, 0.0738240, 0.0733440, 0.0741120, 0.1036800, 0.1013760, 0.1031680, 0.1029440, 0.0827520, 0.1005760, 0.1181120, 0.1029440, 0.1016960, 0.0732800, 0.0729920, 0.0730560, 0.1020800, 0.0726720, 0.0717120, 0.0725120, 0.1017920, 0.0730240, 0.0717440, 0.0728320, 0.1627520, 0.0761600 ],
"bins": [ 0, 0, 0, 0, 0, 0, 0, 0, 0, 0, 0, 0, 0, 0, 0, 0, 0, 0, 0, 0, 0, 0, 0, 0, 0, 0, 0, 0, 0, 0, 0, 0, 0, 0, 0, 0, 0, 0, 0, 0, 0, 0, 0, 0, 0, 0, 0, 0, 0, 0, 0, 0, 0, 0, 0, 0, 0, 0, 0, 0, 0, 0, 0, 0, 0, 0, 0, 0, 0, 0, 0, 0, 0, 0, 0, 0, 0, 0, 0, 0, 0, 0, 0, 0, 0, 0, 0, 0, 0, 0, 0, 0, 0, 0, 0, 0, 1048576, 0, 0, 0, 0, 0, 0, 0, 0, 0, 0, 0, 0, 0, 0, 0, 0, 0, 0, 0, 0, 0, 0, 0, 0, 0, 0, 0, 0, 0, 0, 0 ]
}
,
"histogram_atomic_private": {
"timesTransferToDevice": [ 0.2897600, 0.4132480, 0.2572160, 0.2541440, 0.3030400, 0.2762240, 0.2685440, 0.2957760, 0.3258560, 0.2727040, 0.2916160, 0.3358720, 0.2446400, 0.2866880, 0.2449600, 0.2481920, 0.2934080, 0.2461440, 0.2652160, 0.2960960, 0.2375360, 0.2524800, 0.3835840, 0.2526080, 0.2648960, 0.2450560, 0.2547840, 0.2429120, 0.2426560, 0.4160000, 0.2453440, 0.2406080, 0.2946240, 0.2421760, 0.2651200, 0.2776960, 0.2339200, 0.2362880, 0.2682560, 0.2265600, 0.4558400, 0.2924160, 0.3405760, 0.2428160, 0.2952320, 0.2457600, 0.2424640, 0.2528960, 0.2509120, 0.2432960, 0.2428800, 0.2468800, 0.2392000, 0.2329600, 0.3994880, 0.2487680, 0.3752640, 0.2477760, 0.2431360, 0.2463360, 0.2518400, 0.3241600, 0.2427840, 0.2682240, 0.3054720, 0.2608320, 0.2571200, 0.2530560, 0.3310080, 0.2642560, 0.2375680, 0.2336320, 0.2406720, 0.2356800, 0.2549120, 0.2319680, 0.3562240, 0.2818240, 0.2755840, 0.2662080, 0.2606400, 0.2523520, 0.2492800, 0.2456000, 0.2530240, 0.2563840, 0.2611840, 0.2429760, 0.2851520, 0.2228480, 0.2333760, 0.2625600, 0.2417920, 0.2442240, 0.2527040, 0.2115840, 0.2124480, 0.3612160, 0.2520960, 0.2139840 ],
"timesExecution": [ 0.6369280, 0.6167360, 0.6277760, 0.6471040, 0.6225280, 0.6277120, 0.6478080, 0.6446080, 0.6321920, 0.6220480, 0.7423040, 0.6414400, 0.6595840, 0.6227840, 0.6375040, 0.6509120, 0.6353920, 0.6374400, 0.6614080, 0.6356800, 0.6317440, 0.6502080, 0.7051520, 0.6204800, 0.6090240, 0.6520320, 0.6221440, 0.6142720, 0.6760640, 0.6268480, 0.6137280, 0.6608960, 0.6647360, 0.6121920, 0.6310080, 0.6469120, 0.6049280, 0.6321600, 0.6537280, 0.6027200, 0.6451840, 0.7358080, 0.6155520, 0.6146560, 0.6503680, 0.6506880, 0.7296960, 0.6284480, 0.6496320, 0.6177280, 0.6249280, 0.6720640, 0.6085120, 0.6163200, 0.7189760, 0.7081280, 0.6112000, 0.6579520, 0.6152320, 0.6133440, 0.6464640, 0.6234560, 0.6231040, 0.6389120, 0.6344320, 0.6521600, 0.6341120, 0.6396800, 0.6992000, 0.6419840, 0.6121600, 0.6352640, 0.6174400, 0.6071360, 0.6190720, 0.7287040, 0.6743360, 0.6500480, 0.6584640, 0.6673920, 0.6693120, 0.6098560, 0.7388480, 0.6374720, 0.6129280, 0.6277440, 0.6571520, 0.6555520, 0.6458560, 0.6194240, 0.6375680, 0.6289280, 0.5976960, 0.6822720, 0.6525760, 0.5935040, 0.5980800, 0.6364160, 0.6023360, 0.5936640 ],
"timesTransferFromDevice": [ 0.1160640, 0.0725440, 0.0728320, 0.0729280, 0.0728640, 0.0722560, 0.0730240, 0.0725760, 0.0720640, 0.1040000, 0.0743680, 0.0808000, 0.1024000, 0.0735360, 0.1581440, 0.0731840, 0.0736320, 0.0731520, 0.0733120, 0.0676480, 0.0685440, 0.0651200, 0.0736000, 0.0721600, 0.0938560, 0.1031680, 0.0732160, 0.0736960, 0.1082560, 0.0736000, 0.0727680, 0.0723200, 0.0748800, 0.0724800, 0.1034240, 0.0693760, 0.0688960, 0.0690880, 0.0659200, 0.0648960, 0.0757120, 0.1037760, 0.0779200, 0.0951360, 0.1027200, 0.0735360, 0.0748160, 0.1086080, 0.0824960, 0.0729920, 0.1050560, 0.0758720, 0.0694400, 0.1162880, 0.0802560, 0.0719040, 0.0734080, 0.0737280, 0.0722880, 0.1001920, 0.1029120, 0.0721920, 0.0723520, 0.1108800, 0.1032320, 0.0814720, 0.0743040, 0.0737600, 0.1093760, 0.0866560, 0.0700480, 0.0989760, 0.0882880, 0.0682560, 0.0653120, 0.1527680, 0.0737280, 0.0738880, 0.1090240, 0.1687360, 0.0762880, 0.0633600, 0.0760640, 0.1024960, 0.0745280, 0.1395840, 0.0717760, 0.0711360, 0.0693440, 0.0950080, 0.0644800, 0.0633280, 0.0630720, 0.0642560, 0.0626880, 0.0597120, 0.0598400, 0.1004480, 0.0611840, 0.0594240 ],
"bins": [ 0, 0, 0, 0, 0, 0, 0, 0, 0, 0, 0, 0, 0, 0, 0, 0, 0, 0, 0, 0, 0, 0, 0, 0, 0, 0, 0, 0, 0, 0, 0, 0, 0, 0, 0, 0, 0, 0, 0, 0, 0, 0, 0, 0, 0, 0, 0, 0, 0, 0, 0, 0, 0, 0, 0, 0, 0, 0, 0, 0, 0, 0, 0, 0, 0, 0, 0, 0, 0, 0, 0, 0, 0, 0, 0, 0, 0, 0, 0, 0, 0, 0, 0, 0, 0, 0, 0, 0, 0, 0, 0, 0, 0, 0, 0, 0, 1048576, 0, 0, 0, 0, 0, 0, 0, 0, 0, 0, 0, 0, 0, 0, 0, 0, 0, 0, 0, 0, 0, 0, 0, 0, 0, 0, 0, 0, 0, 0, 0 ]
}
,