{
"inputLengthInCharacters": 8388608,
"uniformInput": false,
"measurements": {
"histogram_one_thread_per_character": {
"timesTransferToDevice": [ 1.7613120, 1.6706240, 1.6088960, 1.6193920, 1.6022720, 1.6059200, 1.8553280, 1.7106560, 1.6976960, 1.7645119, 1.6575680, 1.5852480, 1.5682560, 1.6512640, 1.5899841, 1.5995520, 1.6635200, 1.5719680, 1.5578240, 1.6384640, 1.5689280, 1.5670720, 1.5643200, 1.5639040, 1.5654401, 1.6896640, 1.7928640, 1.7355520, 1.6968640, 1.7702080, 1.6595520, 1.5852480, 1.6405120, 1.5837120, 1.5954241, 1.5841600, 1.6380800, 1.5878720, 1.5818560, 1.7366720, 1.5813760, 1.5712640, 1.6325120, 1.5676160, 1.5721281, 1.5740480, 1.5926400, 1.7169920, 1.7158400, 1.7727360, 1.6932800, 1.7062401, 1.7550080, 1.5825920, 1.5807040, 1.5918720, 1.5790720, 1.5807360, 1.5788800, 1.6666560, 1.5830400, 1.5799360, 1.6544321, 1.5641921, 1.5776000, 1.5720640, 1.5699840, 1.5679680, 1.6975360, 1.7814720, 1.7164479, 1.7389120, 1.7985920, 1.6529599, 1.5648000, 1.5672960, 1.5616320, 1.5698880, 1.6125760, 1.6438400, 1.5627840, 1.5625920, 1.6652160, 1.5997120, 1.5800641, 1.5934401, 1.5861440, 1.5731840, 1.5903680, 1.6687680, 1.5770880, 1.6850560, 1.7488641, 1.7310719, 1.7124480, 1.7804160, 1.6828480, 1.5816320, 1.5785600, 1.6450560 ],
"timesExecution": [ 6.3215680, 6.3280640, 6.3293762, 6.3359680, 6.3370562, 6.4267521, 6.3240318, 6.3097920, 6.3120961, 6.3368001, 6.3953600, 6.2733440, 6.2509761, 6.3633919, 6.2872000, 6.2953601, 6.3332481, 6.2752638, 6.3041921, 6.2725439, 6.2783680, 6.2984958, 6.2759361, 6.2656002, 6.4114561, 6.2675200, 6.2652159, 6.3264322, 6.2737279, 6.2687998, 6.2908478, 6.2688961, 6.2659521, 6.3013120, 6.2600002, 6.3067198, 6.2708158, 6.2510719, 6.3103681, 6.3000960, 6.2749758, 6.2981758, 6.2495999, 6.2675838, 6.3104320, 6.2506242, 6.2594562, 6.3041921, 6.2948799, 6.2782078, 6.3068800, 6.2719040, 6.3456640, 6.3067842, 6.2697282, 6.3086400, 6.2735682, 6.2718720, 6.2999358, 6.2667198, 6.2509441, 6.3130879, 6.2534080, 6.2644162, 6.3959041, 6.2721601, 6.2762880, 6.4060159, 6.3019838, 6.2780480, 6.2922559, 6.2742400, 6.3179202, 6.3526082, 6.2759042, 6.3125758, 6.2702718, 6.2712321, 6.3068480, 6.2627201, 6.2519360, 6.3123202, 6.2526078, 6.2772799, 6.2997441, 6.2757759, 6.2721281, 6.2974081, 6.2786560, 6.2865601, 6.2839999, 6.2511039, 6.3121281, 6.2725120, 6.2718081, 6.2992959, 6.2738562, 6.2730560, 6.3080001, 6.2737918 ],
"timesTransferFromDevice": [ 0.1650240, 0.1078080, 0.1347200, 0.1247680, 0.1278400, 0.1275200, 0.0854080, 0.0970560, 0.0862720, 0.0888960, 0.0832960, 0.1213440, 0.1166400, 0.0857600, 0.1136000, 0.1011840, 0.0807040, 0.0853760, 0.1247680, 0.1283200, 0.0808320, 0.0849920, 0.0792960, 0.0829120, 0.0789440, 0.0814720, 0.0820480, 0.0836480, 0.0907840, 0.0828480, 0.0812160, 0.0850240, 0.0807680, 0.0856640, 0.0805120, 0.0842560, 0.0792320, 0.0859200, 0.0791040, 0.0834240, 0.0789760, 0.1329600, 0.0799360, 0.0841280, 0.0808320, 0.1238400, 0.0811520, 0.0832960, 0.0821120, 0.1144640, 0.0792960, 0.0841920, 0.0807360, 0.1076480, 0.0806080, 0.1042560, 0.0792640, 0.0830080, 0.0785600, 0.0875520, 0.0810560, 0.0836800, 0.0893760, 0.1401280, 0.0808000, 0.1159680, 0.0823680, 0.0838720, 0.0809920, 0.0855680, 0.0821120, 0.0836800, 0.0819840, 0.0844480, 0.0804160, 0.0832320, 0.0795200, 0.0832960, 0.0820800, 0.0861120, 0.0812800, 0.0864960, 0.0823360, 0.0829120, 0.0835520, 0.0853760, 0.0807680, 0.0826560, 0.1239360, 0.1180480, 0.0819200, 0.0848000, 0.0823040, 0.0844480, 0.0796800, 0.0812160, 0.1607040, 0.0871360, 0.0811520, 0.0848960 ],
"bins": [ 65216, 65587, 65581, 65658, 66052, 65183, 65016, 65538, 65693, 65419, 65038, 65798, 65672, 65631, 65278, 65453, 66011, 65490, 65539, 65377, 65513, 65607, 65293, 65254, 65497, 65563, 65428, 65119, 65689, 65848, 65094, 65357, 65725, 65831, 65312, 65649, 65544, 65269, 65257, 65344, 65310, 65573, 65678, 65578, 65150, 65416, 65850, 65256, 65264, 65481, 66001, 65374, 66076, 65303, 65238, 65364, 65419, 65400, 65778, 65807, 65265, 65686, 65608, 65997, 65623, 65368, 65231, 65926, 66063, 65586, 65256, 65921, 65307, 65850, 65315, 65519, 65712, 64956, 65690, 65690, 65539, 65818, 65442, 65657, 65746, 65943, 66096, 65789, 65661, 65951, 65219, 65262, 65950, 65562, 65453, 65456, 65636, 65160, 65391, 65236, 65203, 65287, 65241, 65312, 65618, 65443, 65827, 65479, 65603, 65642, 65971, 65546, 65508, 65903, 65735, 65494, 65680, 65594, 65231, 65922, 65774, 65823, 65549, 65641, 65160, 65209, 65780, 65158 ]
}
,
"histogram_atomic_private": {
"timesTransferToDevice": [ 1.9265280, 1.5880001, 1.6517440, 1.6527359, 1.5868160, 1.6601599, 1.5946240, 1.5815361, 1.6727999, 1.7295680, 1.7261120, 1.6766720, 1.7016960, 1.5753599, 1.5704000, 1.6486720, 1.5864640, 1.5930880, 1.5847040, 1.5720320, 1.6688319, 1.6848960, 1.7495040, 1.6620160, 1.6141440, 1.4329600, 1.5206400, 1.5599360, 1.4541759, 1.4641600, 1.5898560, 1.5635520, 1.7142080, 1.3964159, 1.3971200, 1.5260160, 1.3876801, 1.4937280, 1.5138240, 1.4890881, 1.3680960, 1.3458240, 1.4037440, 1.3435200, 1.4834880, 1.5183361, 1.3009920, 1.3021441, 1.3067840, 1.2932160, 1.4288000, 1.4530880, 1.3448000, 1.2890240, 1.2489920, 1.3919680, 1.3840640, 1.2387520, 1.3205440, 1.2858560, 1.2111360, 1.3079040, 1.2816000, 1.2107520, 1.2220480, 1.3356800, 1.3227201, 1.2115840, 1.2849920, 1.1844161, 1.1783360, 1.2915200, 1.1837760, 1.1786240, 1.2096000, 1.2600640, 1.3424640, 1.1810880, 1.2392319, 1.1740160, 1.3063360, 1.3161920, 1.1665920, 1.1539520, 1.1608959, 1.3017600, 1.1479360, 1.2392319, 1.2287680, 1.2134080, 1.2637120, 1.1411520, 1.1404160, 1.1618240, 1.2611520, 1.3337600, 1.1460160, 1.1672000, 1.1908799, 1.2987520 ],
"timesExecution": [ 1.7980480, 1.7122880, 1.7216001, 1.7723840, 1.7154880, 1.7377599, 1.7276800, 1.7137920, 1.7579200, 1.7131521, 1.7221440, 1.7430080, 1.7113280, 1.7434560, 1.8000640, 1.7181760, 1.7237760, 1.7634881, 1.7740800, 1.7165120, 1.7533441, 1.7252800, 1.7519360, 1.7033280, 1.6893440, 1.7313920, 1.7681921, 1.7109441, 1.7548480, 1.7126720, 1.7135040, 1.7301440, 1.7507520, 1.7168320, 1.7444479, 1.7065600, 1.7058560, 1.7728640, 1.7055360, 1.7640960, 1.7509440, 1.7068160, 1.7692480, 1.7044801, 1.7470080, 1.7315520, 1.7025599, 1.7262080, 1.7685760, 1.6987200, 1.7372160, 1.7566080, 1.6956480, 1.7033920, 1.7456000, 1.6930560, 1.6969920, 1.7354560, 1.7040640, 1.7819520, 1.7294400, 1.7000320, 1.8550080, 1.7067519, 1.7379200, 1.7346240, 1.6991040, 1.7625279, 1.7259520, 1.7036800, 1.7137920, 1.7255360, 1.7041920, 1.7529600, 1.7396160, 1.6944000, 1.7235200, 1.6971840, 1.6983041, 1.7475520, 1.7342080, 1.7137600, 1.7030081, 1.7115840, 1.6966400, 1.7271360, 1.6894720, 1.7363840, 1.7653120, 1.6950080, 1.6931520, 1.7275200, 1.7576320, 1.6933440, 1.7524800, 1.7112000, 1.7143680, 1.6971520, 1.7305599, 1.7272320 ],
"timesTransferFromDevice": [ 0.0837120, 0.0826560, 0.1359360, 0.0798400, 0.0816960, 0.0782400, 0.1449920, 0.1364160, 0.0845760, 0.0784960, 0.0829440, 0.0765120, 0.1371520, 0.1221760, 0.0831360, 0.0771200, 0.0815040, 0.0777920, 0.1156160, 0.1286720, 0.1211520, 0.1237760, 0.0836480, 0.0768000, 0.0715840, 0.0803840, 0.0824000, 0.0723200, 0.1012800, 0.0739520, 0.0759360, 0.0748800, 0.0747520, 0.0718400, 0.0769920, 0.0711680, 0.0752960, 0.0713280, 0.1104000, 0.0682560, 0.0733120, 0.0890240, 0.0728320, 0.1082240, 0.0720320, 0.0650880, 0.1042560, 0.0665600, 0.0724160, 0.0664000, 0.0688960, 0.0663040, 0.0695680, 0.0667200, 0.0680000, 0.0642560, 0.1106240, 0.0864320, 0.0687680, 0.0625280, 0.0672960, 0.0638400, 0.0659840, 0.0651840, 0.0663040, 0.0649920, 0.0691840, 0.0636800, 0.0648320, 0.0630400, 0.0670400, 0.0609600, 0.0666560, 0.0630400, 0.1235200, 0.0625920, 0.0672960, 0.0706240, 0.0656640, 0.0609600, 0.0656640, 0.0990400, 0.0825600, 0.0627200, 0.0636800, 0.0634560, 0.0935680, 0.0613440, 0.0868160, 0.0607040, 0.0620480, 0.1186240, 0.0644160, 0.0598400, 0.0636160, 0.0595840, 0.0653440, 0.0613120, 0.0637120, 0.0596800 ],