{
"inputLengthInCharacters": 1024,
"uniformInput": false,
"measurements": {
"histogram_one_thread_per_character": {
"timesTransferToDevice": [ 0.0829760, 0.0559040, 0.0334400, 0.0291520, 0.0967040, 0.0299200, 0.0343680, 0.0512640, 0.0307520, 0.0312320, 0.0582080, 0.0303680, 0.0495360, 0.0309120, 0.0304640, 0.0497920, 0.0598720, 0.0289600, 0.0411520, 0.0257920, 0.0254400, 0.0257280, 0.0247680, 0.0408000, 0.0268800, 0.0250560, 0.0406720, 0.0255680, 0.0262080, 0.0416640, 0.0254400, 0.0252800, 0.0188800, 0.0194240, 0.0305920, 0.0198080, 0.0369920, 0.0347840, 0.0194880, 0.0201920, 0.0317120, 0.0198080, 0.0195520, 0.0193280, 0.0198080, 0.0312640, 0.0199360, 0.0237440, 0.0304320, 0.0389120, 0.0209280, 0.0298240, 0.0189120, 0.0196800, 0.0198400, 0.0379840, 0.0315840, 0.0196800, 0.0196160, 0.0311040, 0.0188480, 0.0200000, 0.0191040, 0.0189440, 0.0314240, 0.0197120, 0.0192320, 0.0311360, 0.0199360, 0.0189440, 0.0311680, 0.0190080, 0.0197120, 0.0194880, 0.0189760, 0.0329600, 0.0193920, 0.0192960, 0.0307520, 0.0199360, 0.0197440, 0.0333760, 0.0200000, 0.0198720, 0.0194240, 0.0192960, 0.0334720, 0.0407040, 0.0201600, 0.0321280, 0.0204480, 0.0192960, 0.0309760, 0.0196480, 0.0203200, 0.0198080, 0.0202560, 0.0316800, 0.0197120, 0.0193920 ],
"timesExecution": [ 0.0584000, 0.1081920, 0.0780480, 0.0626880, 0.0966080, 0.1238720, 0.0586240, 0.0611520, 0.0799040, 0.0933440, 0.0785280, 0.0582400, 0.0561920, 0.0757760, 0.0573440, 0.0901440, 0.1442880, 0.0495680, 0.0512000, 0.0665600, 0.0500480, 0.0665600, 0.0491840, 0.0798720, 0.0653440, 0.0501760, 0.0492480, 0.0653440, 0.0719040, 0.0511680, 0.0973120, 0.0923520, 0.0688000, 0.0572160, 0.0562240, 0.0522560, 0.0869760, 0.0809280, 0.0676160, 0.0573440, 0.0563200, 0.0545280, 0.0576000, 0.0921600, 0.0562560, 0.0571840, 0.0675520, 0.0573440, 0.0552640, 0.0696320, 0.0806720, 0.0584000, 0.0552320, 0.0563520, 0.0675200, 0.0576640, 0.0818880, 0.0686720, 0.0555840, 0.0564160, 0.0672640, 0.0655680, 0.0890880, 0.0573120, 0.0807040, 0.0675520, 0.0552960, 0.0562560, 0.0685760, 0.0562880, 0.0563200, 0.0515520, 0.0778560, 0.0667200, 0.0563200, 0.0606720, 0.0669120, 0.0573440, 0.0797440, 0.0512640, 0.0573440, 0.0679040, 0.0666880, 0.0565120, 0.0665600, 0.0953280, 0.0757760, 0.0684800, 0.0768000, 0.0656320, 0.0675200, 0.0573440, 0.0566720, 0.0870400, 0.0542400, 0.0689280, 0.0560000, 0.0573760, 0.0667840, 0.0573440 ],
"timesTransferFromDevice": [ 0.1034240, 0.0814720, 0.0664960, 0.1220800, 0.0669120, 0.0642560, 0.0832320, 0.0641280, 0.0645120, 0.0645440, 0.0618240, 0.0626880, 0.0617280, 0.0630720, 0.0942080, 0.0632640, 0.0595520, 0.0544640, 0.0536640, 0.0543360, 0.0802560, 0.0528320, 0.0523520, 0.0545920, 0.0570560, 0.0539200, 0.0539840, 0.0537600, 0.0580480, 0.0545600, 0.0530560, 0.0415360, 0.0408000, 0.0408640, 0.0402560, 0.0507200, 0.0509120, 0.0422080, 0.0414400, 0.0412480, 0.0400960, 0.0412160, 0.0595840, 0.0417280, 0.0408320, 0.0416640, 0.0404480, 0.0412160, 0.0411200, 0.0593600, 0.0414720, 0.0416000, 0.0422400, 0.0413120, 0.0408000, 0.0507840, 0.0413440, 0.0410880, 0.0409920, 0.0413120, 0.0408320, 0.0414080, 0.0421440, 0.0593920, 0.0417280, 0.0411200, 0.0409280, 0.0420800, 0.0409600, 0.0410880, 0.0545600, 0.0409920, 0.0504000, 0.0415360, 0.0405760, 0.0410560, 0.0410560, 0.0407680, 0.0419840, 0.0410880, 0.0574080, 0.0418240, 0.0413760, 0.0418240, 0.0416000, 0.0418880, 0.0422080, 0.0419520, 0.0414400, 0.0416640, 0.0413760, 0.0418560, 0.0411840, 0.0418560, 0.0511360, 0.0623360, 0.0414400, 0.0417280, 0.0414400, 0.0423360 ],
"bins": [ 7, 10, 9, 2, 5, 11, 12, 6, 5, 11, 4, 6, 7, 6, 9, 9, 10, 12, 9, 7, 9, 4, 5, 10, 9, 5, 4, 6, 10, 6, 8, 7, 6, 15, 12, 10, 7, 8, 9, 5, 5, 10, 11, 8, 7, 7, 7, 8, 11, 13, 6, 7, 7, 7, 8, 12, 6, 15, 9, 8, 9, 8, 8, 9, 10, 9, 10, 9, 12, 8, 16, 6, 6, 12, 5, 5, 9, 9, 5, 10, 10, 5, 10, 6, 10, 5, 6, 8, 9, 9, 8, 9, 9, 8, 9, 5, 11, 7, 7, 10, 7, 10, 6, 12, 6, 10, 7, 5, 3, 10, 5, 4, 9, 8, 7, 7, 8, 10, 8, 5, 6, 9, 6, 5, 8, 10, 5, 8 ]
}
,
"histogram_atomic_private": {
"timesTransferToDevice": [ 0.0389120, 0.0506880, 0.0615680, 0.0285440, 0.0556480, 0.0278080, 0.0283200, 0.0282240, 0.0308480, 0.0481600, 0.0285760, 0.0344960, 0.0496320, 0.0278080, 0.0332800, 0.0481280, 0.0243840, 0.0229120, 0.0242240, 0.0233280, 0.0382080, 0.0236480, 0.0228160, 0.0377280, 0.0476800, 0.0229440, 0.0398080, 0.0228160, 0.0232320, 0.0232640, 0.0239680, 0.0226880, 0.0193920, 0.0191680, 0.0207680, 0.0194560, 0.0197120, 0.0195840, 0.0195520, 0.0396800, 0.0204160, 0.0198080, 0.0197440, 0.0194240, 0.0192000, 0.0204160, 0.0196480, 0.0188800, 0.0201280, 0.0191040, 0.0195520, 0.0189760, 0.0201600, 0.0191360, 0.0194560, 0.0190080, 0.0203520, 0.0192960, 0.0195520, 0.0195840, 0.0193600, 0.0190400, 0.0198720, 0.0196800, 0.0418560, 0.0188480, 0.0189440, 0.0200960, 0.0193280, 0.0191680, 0.0200640, 0.0393280, 0.0209600, 0.0193600, 0.0201920, 0.0183040, 0.0195200, 0.0192640, 0.0207360, 0.0385280, 0.0190720, 0.0197760, 0.0203200, 0.0191680, 0.0197120, 0.0200640, 0.0197120, 0.0196160, 0.0194240, 0.0202880, 0.0198080, 0.0192640, 0.0196480, 0.0410560, 0.0195520, 0.0196480, 0.0207360, 0.0192960, 0.0197120, 0.0192960 ],
"timesExecution": [ 0.0950400, 0.0572480, 0.1205440, 0.0564160, 0.0571840, 0.0759040, 0.0561600, 0.0747520, 0.0573440, 0.0564160, 0.0758080, 0.0560640, 0.0567040, 0.0767040, 0.0565440, 0.0563520, 0.0617280, 0.0880000, 0.0634560, 0.0443840, 0.0457280, 0.0789120, 0.0757440, 0.0655040, 0.0622400, 0.0665280, 0.0457280, 0.0593920, 0.0440000, 0.0984640, 0.0693440, 0.0983360, 0.0545280, 0.0554240, 0.0552000, 0.0664960, 0.0550720, 0.0561600, 0.0552320, 0.0556800, 0.0552640, 0.0545280, 0.0560960, 0.0553600, 0.0563200, 0.0555200, 0.0550400, 0.0552960, 0.0543680, 0.0555200, 0.0768320, 0.0781440, 0.0543680, 0.0565440, 0.0552640, 0.0604800, 0.0552960, 0.0555520, 0.0552000, 0.0552640, 0.0641600, 0.0556800, 0.0789760, 0.0549760, 0.0562880, 0.0604160, 0.0545600, 0.0545920, 0.0555840, 0.0788160, 0.0552000, 0.0561280, 0.0553600, 0.0553280, 0.0544000, 0.0561280, 0.0546240, 0.0553280, 0.0553280, 0.0569920, 0.0545280, 0.0553280, 0.0553600, 0.0552640, 0.0758080, 0.0550080, 0.0694080, 0.0551680, 0.0551360, 0.0548480, 0.0556160, 0.0553280, 0.0550400, 0.0554880, 0.0542720, 0.0552320, 0.0546240, 0.0563200, 0.0552960, 0.0553280 ],
"timesTransferFromDevice": [ 0.0808000, 0.0624640, 0.0632960, 0.0619840, 0.0632000, 0.0608320, 0.0627200, 0.0741120, 0.0924160, 0.0900800, 0.0948160, 0.0613120, 0.0644800, 0.0613760, 0.0630400, 0.1056000, 0.0494720, 0.0489600, 0.0494720, 0.0484480, 0.0503360, 0.0493440, 0.0503680, 0.0486720, 0.0491520, 0.0491200, 0.0493760, 0.0483520, 0.0489920, 0.0471040, 0.0586240, 0.0442560, 0.0413440, 0.0701120, 0.0404480, 0.0397440, 0.0413440, 0.0395200, 0.0409920, 0.0403200, 0.0404480, 0.0398400, 0.0409600, 0.0403520, 0.0408960, 0.0397440, 0.0405760, 0.0398080, 0.0408000, 0.0493120, 0.0416960, 0.0405760, 0.0564480, 0.0391680, 0.0401920, 0.0393600, 0.0602560, 0.0395520, 0.0404480, 0.0398400, 0.0402560, 0.0396160, 0.0416000, 0.0391680, 0.0403840, 0.0399040, 0.0405120, 0.0397120, 0.0403840, 0.0715200, 0.0402880, 0.0401600, 0.0404800, 0.0611520, 0.0407040, 0.0397120, 0.0404800, 0.0391680, 0.0403840, 0.0400640, 0.0404160, 0.0615040, 0.0407680, 0.0400960, 0.0470400, 0.0400000, 0.0403200, 0.0639040, 0.0402240, 0.0632000, 0.0407040, 0.0512640, 0.0405120, 0.0397760, 0.0404800, 0.0616320, 0.0408000, 0.0396480, 0.0408320, 0.0395840 ],
"bins": [ 7, 10, 9, 2, 5, 11, 12, 6, 5, 11, 4, 6, 7, 6, 9, 9, 10, 12, 9, 7, 9, 4, 5, 10, 9, 5, 4, 6, 10, 6, 8, 7, 6, 15, 12, 10, 7, 8, 9, 5, 5, 10, 11, 8, 7, 7, 7, 8, 11, 13, 6, 7, 7, 7, 8, 12, 6, 15, 9, 8, 9, 8, 8, 9, 10, 9, 10, 9, 12, 8, 16, 6, 6, 12, 5, 5, 9, 9, 5, 10, 10, 5, 10, 6, 10, 5, 6, 8, 9, 9, 8, 9, 9, 8, 9, 5, 11, 7, 7, 10, 7, 10, 6, 12, 6, 10, 7, 5, 3, 10, 5, 4, 9, 8, 7, 7, 8, 10, 8, 5, 6, 9, 6, 5, 8, 10, 5, 8 ]
}
,