{
"inputLengthInCharacters": 65536,
"uniformInput": false,
"measurements": {
"histogram_one_thread_per_character": {
"timesTransferToDevice": [ 0.2914560, 0.2730880, 0.2791360, 0.2725760, 0.2700480, 0.2782400, 0.2720960, 0.2619200, 0.2568640, 0.2521600, 0.0495360, 0.0641600, 0.0513920, 0.0445760, 0.0417600, 0.0655680, 0.0415680, 0.0422400, 0.0395520, 0.0394560, 0.0406400, 0.0459840, 0.1040960, 0.0426560, 0.0503040, 0.0519680, 0.0508480, 0.0510080, 0.0851200, 0.0389760, 0.0392000, 0.0403520, 0.0383680, 0.0397120, 0.0651200, 0.0479360, 0.0694400, 0.0520960, 0.0388480, 0.0381120, 0.0392640, 0.0386880, 0.0386240, 0.0388160, 0.0378560, 0.0392320, 0.0389440, 0.0387840, 0.0381760, 0.0391040, 0.0387840, 0.0384640, 0.0384640, 0.0486400, 0.0388800, 0.0386880, 0.0394880, 0.0378880, 0.0391360, 0.0388480, 0.0378880, 0.0384960, 0.0387520, 0.0391680, 0.0393920, 0.0387520, 0.0382080, 0.0382400, 0.0378880, 0.0384320, 0.0488960, 0.0515200, 0.0479680, 0.0393280, 0.0381440, 0.0385600, 0.0379200, 0.0382080, 0.0384320, 0.0384320, 0.0478400, 0.0492800, 0.0497600, 0.0377600, 0.0383360, 0.0387520, 0.0385280, 0.0380480, 0.0389120, 0.0389120, 0.0381760, 0.0385920, 0.0387520, 0.0389760, 0.0379200, 0.0384320, 0.0448960, 0.0478400, 0.0474880, 0.0601920 ],
"timesExecution": [ 0.1549120, 0.2108160, 0.1545920, 0.1553280, 0.1751360, 0.1925440, 0.1944320, 0.1853760, 0.1545600, 0.1461440, 0.1607360, 0.1557120, 0.1504640, 0.1399040, 0.1371200, 0.1537920, 0.1402880, 0.1351360, 0.1269440, 0.1351360, 0.1359040, 0.3183680, 0.1706560, 0.1648640, 0.1784320, 0.1610880, 0.1547200, 0.1535680, 0.1645120, 0.1380800, 0.1290880, 0.1290240, 0.1226880, 0.1239360, 0.1567040, 0.1167040, 0.1556160, 0.1548480, 0.1208320, 0.1209600, 0.1177600, 0.1278080, 0.1294080, 0.1260800, 0.1229120, 0.1224960, 0.1194880, 0.1184640, 0.1403840, 0.1190080, 0.1208000, 0.1200960, 0.1187840, 0.1187840, 0.1187520, 0.1402560, 0.1198400, 0.1208000, 0.1072000, 0.1167680, 0.1169280, 0.1218560, 0.1156800, 0.1188160, 0.1197760, 0.1168960, 0.1156480, 0.1156480, 0.1167680, 0.1208320, 0.1567680, 0.1464320, 0.1533120, 0.1180160, 0.1167360, 0.1179520, 0.1440960, 0.1163840, 0.1187840, 0.1218240, 0.1443520, 0.1464320, 0.1423040, 0.1197440, 0.1238720, 0.1229120, 0.1211200, 0.1208320, 0.1197760, 0.1207680, 0.1181120, 0.1188160, 0.1413440, 0.1196800, 0.1207040, 0.1206400, 0.1217600, 0.1544640, 0.1495360, 0.1472640 ],
"timesTransferFromDevice": [ 0.1415360, 0.0843520, 0.0636480, 0.0639040, 0.0633920, 0.0640960, 0.0600320, 0.0613440, 0.0575680, 0.0635840, 0.0629760, 0.1115520, 0.0873920, 0.0732800, 0.0494720, 0.0452800, 0.0456000, 0.0465280, 0.0444160, 0.0683200, 0.0435200, 0.1775040, 0.0712640, 0.0850880, 0.0656320, 0.0664000, 0.0631040, 0.0644800, 0.0536000, 0.0446080, 0.0453120, 0.0467200, 0.0420480, 0.0425600, 0.0617600, 0.0625600, 0.0867200, 0.0495680, 0.0407360, 0.0461440, 0.0416640, 0.0404800, 0.0409600, 0.0416000, 0.1005440, 0.0435200, 0.0424320, 0.0410560, 0.0444800, 0.0451520, 0.0403840, 0.0408000, 0.0426880, 0.0437760, 0.0409600, 0.0511680, 0.0478720, 0.0412160, 0.0411840, 0.0433920, 0.0428160, 0.0440000, 0.0636800, 0.0404160, 0.0393600, 0.0429760, 0.0432640, 0.0438080, 0.0432960, 0.0624640, 0.0609920, 0.0631040, 0.0445120, 0.0410240, 0.0473920, 0.0431680, 0.0401920, 0.0473600, 0.0411520, 0.0764160, 0.0609280, 0.0611840, 0.0454720, 0.0870080, 0.0398720, 0.0415360, 0.0427520, 0.0501120, 0.0491520, 0.0463040, 0.0435520, 0.0415360, 0.0398720, 0.0432000, 0.0536320, 0.0432320, 0.0602880, 0.0615360, 0.0610880, 0.0443200 ],
"bins": [ 531, 521, 515, 517, 473, 530, 504, 493, 512, 514, 537, 491, 512, 504, 532, 507, 494, 544, 527, 510, 472, 502, 531, 512, 527, 526, 483, 477, 490, 515, 546, 519, 523, 518, 511, 517, 571, 498, 494, 494, 529, 469, 503, 533, 483, 493, 515, 502, 546, 510, 503, 512, 516, 500, 518, 521, 533, 506, 496, 527, 475, 515, 546, 528, 531, 499, 502, 507, 481, 545, 508, 464, 520, 498, 498, 508, 522, 525, 491, 535, 513, 504, 492, 536, 509, 530, 556, 500, 518, 508, 534, 529, 509, 522, 519, 501, 500, 526, 471, 547, 505, 493, 521, 524, 528, 503, 540, 549, 503, 525, 526, 478, 491, 492, 516, 517, 477, 543, 484, 499, 515, 537, 517, 515, 505, 501, 481, 520 ]
}
,
"histogram_atomic_private": {
"timesTransferToDevice": [ 0.0562240, 0.0504640, 0.0482880, 0.0476480, 0.0505600, 0.0480960, 0.0498880, 0.0502080, 0.0486720, 0.0486400, 0.0486400, 0.0492160, 0.0482240, 0.0473920, 0.0489920, 0.0465280, 0.0462080, 0.0472320, 0.0472000, 0.0475840, 0.0581120, 0.0479040, 0.0761280, 0.0389440, 0.0389760, 0.0389440, 0.0428160, 0.0394560, 0.0397440, 0.0395840, 0.0396160, 0.0392960, 0.0488000, 0.0397440, 0.0396800, 0.0394880, 0.0398400, 0.0398720, 0.0388800, 0.0863680, 0.0391360, 0.0387520, 0.0394240, 0.0383680, 0.0394560, 0.0458880, 0.0376320, 0.0383360, 0.0390400, 0.0383680, 0.0385920, 0.0393600, 0.0384000, 0.0379200, 0.0379200, 0.0387520, 0.0379200, 0.0383040, 0.0388800, 0.0391360, 0.0383360, 0.0378880, 0.0389120, 0.0379840, 0.0388800, 0.0378880, 0.0391040, 0.0378560, 0.0382080, 0.0373440, 0.0382080, 0.0387520, 0.0402240, 0.0380800, 0.0384000, 0.0377280, 0.0374400, 0.0385600, 0.0385600, 0.0390080, 0.0392000, 0.0376960, 0.0389440, 0.0381120, 0.0391680, 0.0378880, 0.0464320, 0.0388480, 0.0393280, 0.0386560, 0.0380160, 0.0376640, 0.0380480, 0.0388800, 0.0385600, 0.0390400, 0.0385600, 0.0391360, 0.0379520, 0.0386560 ],
"timesExecution": [ 0.0853120, 0.1014080, 0.0839360, 0.0910080, 0.0849920, 0.0847680, 0.0839680, 0.1116160, 0.0856320, 0.0838400, 0.1427200, 0.0787520, 0.0808640, 0.0788480, 0.1096000, 0.0797760, 0.0809920, 0.0788480, 0.0818240, 0.0807040, 0.0788800, 0.0788800, 0.0822080, 0.0577280, 0.0583040, 0.0573440, 0.0779200, 0.0564480, 0.0576960, 0.0768000, 0.0576640, 0.0581120, 0.0583360, 0.0566400, 0.0780800, 0.0573120, 0.0657280, 0.0573440, 0.0581440, 0.0553280, 0.0686400, 0.0635520, 0.0552000, 0.0635200, 0.0737280, 0.0634880, 0.0552640, 0.0552960, 0.0553280, 0.0634880, 0.0625280, 0.0624000, 0.0554240, 0.0541120, 0.0675840, 0.0766080, 0.0563520, 0.0554880, 0.0551680, 0.0621760, 0.0563520, 0.0624960, 0.0551360, 0.0554240, 0.0553280, 0.0624320, 0.0736000, 0.0544000, 0.0554240, 0.0624960, 0.0571200, 0.0616640, 0.0635840, 0.0787520, 0.0556160, 0.0621440, 0.0624320, 0.0655040, 0.0553280, 0.0613760, 0.0552640, 0.0637440, 0.0622080, 0.0550720, 0.0777920, 0.0625280, 0.0552960, 0.0754560, 0.0614400, 0.0614400, 0.0614400, 0.0552320, 0.0757760, 0.0614400, 0.0552640, 0.0747840, 0.0562880, 0.0606400, 0.0613760, 0.0696320 ],
"timesTransferFromDevice": [ 0.0777280, 0.0614400, 0.0625600, 0.0599360, 0.0612160, 0.0594560, 0.0606720, 0.0595840, 0.0607040, 0.0594240, 0.0593920, 0.0564480, 0.0574400, 0.0570240, 0.0585280, 0.0569600, 0.0963200, 0.0567040, 0.0583040, 0.0554880, 0.0580480, 0.0565760, 0.0507520, 0.0419520, 0.0431040, 0.0417600, 0.0430080, 0.0416640, 0.0425600, 0.0423040, 0.0425280, 0.0421440, 0.0427200, 0.0564800, 0.0436480, 0.0525760, 0.0615680, 0.0424320, 0.0427200, 0.0399360, 0.0406080, 0.0396480, 0.0616000, 0.0403840, 0.0417280, 0.0403520, 0.0408320, 0.0397760, 0.0399680, 0.0441920, 0.0401280, 0.0402880, 0.0552960, 0.0604800, 0.0401280, 0.0414400, 0.0402560, 0.0401600, 0.0506880, 0.0401280, 0.0407680, 0.0401280, 0.0600640, 0.0396160, 0.0404160, 0.0403520, 0.0573440, 0.0438080, 0.0410880, 0.0693760, 0.0404480, 0.0401920, 0.0407040, 0.0592320, 0.0400640, 0.0401920, 0.0265600, 0.0400960, 0.0394240, 0.0400320, 0.0405440, 0.0393600, 0.0404160, 0.0400320, 0.0412480, 0.0397440, 0.0417920, 0.0408960, 0.0402880, 0.0395840, 0.0689920, 0.0511680, 0.0419200, 0.0403520, 0.0406400, 0.0401600, 0.0402560, 0.0496640, 0.0407680, 0.0403520 ],