{
"inputLengthInCharacters": 8,
"uniformInput": false,
"measurements": {
"histogram_one_thread_per_character": {
"timesTransferToDevice": [ 0.0766720, 0.0302720, 0.0328320, 0.0281600, 0.0298240, 0.0303040, 0.0592320, 0.0297280, 0.0294080, 0.0313920, 0.0289920, 0.0574080, 0.0290560, 0.0308480, 0.0233600, 0.0249280, 0.0251520, 0.0274240, 0.0449280, 0.0239680, 0.0248960, 0.0239360, 0.0232000, 0.0439040, 0.0249920, 0.0238400, 0.0242240, 0.0247680, 0.0243520, 0.0421760, 0.0460160, 0.0200320, 0.0191040, 0.0194880, 0.0197120, 0.0202560, 0.0348800, 0.0243200, 0.0198080, 0.0197120, 0.0197120, 0.0194880, 0.0198080, 0.0321920, 0.0195840, 0.0189440, 0.0199360, 0.0353920, 0.0192000, 0.0200320, 0.0187840, 0.0194240, 0.0189760, 0.0196800, 0.0360000, 0.0193920, 0.0195520, 0.0200000, 0.0190080, 0.0356160, 0.0197120, 0.0192960, 0.0192960, 0.0198080, 0.0379200, 0.0192320, 0.0195520, 0.0196160, 0.0188480, 0.0191680, 0.0189440, 0.0434560, 0.0196800, 0.0194880, 0.0315520, 0.0220800, 0.0448640, 0.0196480, 0.0193920, 0.0193920, 0.0194560, 0.0417600, 0.0198400, 0.0193600, 0.0190400, 0.0195840, 0.0197440, 0.0189760, 0.0358720, 0.0196160, 0.0187520, 0.0194560, 0.0190400, 0.0199040, 0.0360000, 0.0192320, 0.0191040, 0.0201920, 0.0188800, 0.0191360 ],
"timesExecution": [ 0.0584640, 0.1692480, 0.0592320, 0.0613440, 0.0808640, 0.0584960, 0.0788800, 0.0593600, 0.0583680, 0.0889920, 0.0593920, 0.0596160, 0.1024320, 0.0603200, 0.1043840, 0.0491520, 0.0483520, 0.0982400, 0.0509760, 0.0648000, 0.0480960, 0.0490880, 0.0655040, 0.0481280, 0.0883840, 0.0488000, 0.0484160, 0.0633600, 0.0481280, 0.0573440, 0.0890880, 0.0409600, 0.0522560, 0.0563520, 0.0556160, 0.0720000, 0.0625280, 0.0521920, 0.0563520, 0.0399680, 0.0675200, 0.0727040, 0.0554560, 0.0562560, 0.0552960, 0.0513280, 0.0552320, 0.0573120, 0.0686400, 0.0560320, 0.0518720, 0.0563200, 0.0553600, 0.0879360, 0.0569920, 0.0645760, 0.0593600, 0.0563200, 0.0675840, 0.0571200, 0.0563200, 0.0695040, 0.0561280, 0.0522560, 0.0560640, 0.0740800, 0.0706880, 0.0389120, 0.0513600, 0.0392960, 0.0530880, 0.0522880, 0.0553280, 0.0391360, 0.0696320, 0.0566720, 0.0520320, 0.0391360, 0.0553280, 0.0695040, 0.0552640, 0.0522240, 0.0717440, 0.0562240, 0.0695680, 0.0562880, 0.0553280, 0.0729280, 0.0563840, 0.0519040, 0.0553600, 0.0553600, 0.0675520, 0.0716480, 0.0514240, 0.0523200, 0.0553280, 0.0525760, 0.0562880, 0.0511680 ],
"timesTransferFromDevice": [ 0.1498240, 0.0808000, 0.0614080, 0.0628160, 0.0622720, 0.0639040, 0.0902720, 0.0633600, 0.0624640, 0.0633920, 0.0627200, 0.0991040, 0.0625280, 0.1954880, 0.0595840, 0.0505280, 0.0717440, 0.0508800, 0.0503680, 0.0513280, 0.0505920, 0.0506240, 0.0508160, 0.0500160, 0.0510720, 0.0509440, 0.0504960, 0.0507520, 0.1447680, 0.0624320, 0.0510720, 0.0444800, 0.0400640, 0.0409600, 0.0585920, 0.0405120, 0.0546240, 0.0407040, 0.0406400, 0.0408640, 0.0581440, 0.0451200, 0.0563520, 0.0403520, 0.0405440, 0.0405120, 0.0841280, 0.0621120, 0.0402560, 0.0402560, 0.0401920, 0.0409280, 0.0563200, 0.0410560, 0.0402240, 0.0505600, 0.0405760, 0.0409600, 0.0408320, 0.0570880, 0.0402560, 0.0402560, 0.0406720, 0.0405440, 0.0578240, 0.0410880, 0.0403200, 0.0410560, 0.0404480, 0.0583360, 0.0402560, 0.0403200, 0.0401280, 0.0409280, 0.0403840, 0.0408320, 0.0572800, 0.0401600, 0.0402880, 0.0409280, 0.0407680, 0.0562880, 0.0406400, 0.0408640, 0.0405120, 0.0407360, 0.0416640, 0.0403200, 0.0628800, 0.0399680, 0.0523520, 0.0409280, 0.0402240, 0.0411200, 0.0504000, 0.0440000, 0.0402880, 0.0405760, 0.0395520, 0.0401280 ],
"bins": [ 0, 0, 0, 0, 0, 1, 0, 0, 0, 0, 0, 0, 0, 0, 0, 0, 0, 0, 0, 0, 0, 0, 0, 0, 1, 0, 0, 0, 0, 0, 0, 0, 0, 0, 0, 0, 0, 0, 0, 0, 0, 1, 0, 0, 0, 0, 0, 0, 0, 0, 0, 0, 0, 0, 0, 0, 0, 0, 0, 0, 0, 0, 0, 0, 0, 0, 0, 0, 0, 0, 0, 0, 0, 0, 0, 0, 1, 0, 0, 0, 0, 0, 0, 0, 0, 0, 0, 1, 0, 0, 0, 0, 0, 0, 0, 0, 0, 0, 0, 0, 0, 0, 0, 0, 1, 0, 0, 0, 0, 0, 0, 0, 0, 0, 0, 0, 0, 1, 1, 0, 0, 0, 0, 0, 0, 0, 0, 0 ]
}
,
"histogram_atomic_private": {
"timesTransferToDevice": [ 0.0471040, 0.0296320, 0.0291840, 0.0302720, 0.0509760, 0.0296000, 0.0292160, 0.0291840, 0.0313600, 0.0544640, 0.0295040, 0.0305920, 0.0293120, 0.0295040, 0.0323200, 0.0262720, 0.0502400, 0.0244160, 0.0249600, 0.0249920, 0.0245760, 0.0247680, 0.0256640, 0.0249600, 0.0480000, 0.0249920, 0.0290880, 0.0248640, 0.0249920, 0.0193280, 0.0214400, 0.0193280, 0.0201280, 0.0195840, 0.0194880, 0.0473920, 0.0197120, 0.0197440, 0.0188480, 0.0196480, 0.0260160, 0.0196480, 0.0190720, 0.0188800, 0.0360960, 0.0192640, 0.0195200, 0.0188800, 0.0198720, 0.0190400, 0.0352000, 0.0186880, 0.0199360, 0.0191680, 0.0231040, 0.0192960, 0.0193920, 0.0185600, 0.0191680, 0.0194560, 0.0188800, 0.0360320, 0.0194880, 0.0190720, 0.0188160, 0.0185920, 0.0198400, 0.0191360, 0.0372480, 0.0187200, 0.0366720, 0.0192320, 0.0213440, 0.0185600, 0.0202880, 0.0189760, 0.0360000, 0.0196800, 0.0268800, 0.0307840, 0.0190720, 0.0190400, 0.0191360, 0.0353600, 0.0193920, 0.0192000, 0.0196480, 0.0185280, 0.0196160, 0.0192960, 0.0188480, 0.0378560, 0.0197440, 0.0183360, 0.0195840, 0.0184960, 0.0189760, 0.0190400, 0.0196800, 0.0192640 ],
"timesExecution": [ 0.0911360, 0.0819200, 0.0935680, 0.0584640, 0.0575680, 0.0579840, 0.0777920, 0.0580480, 0.0890880, 0.0789440, 0.0846400, 0.0768320, 0.0594240, 0.0571200, 0.0708160, 0.1122560, 0.0706880, 0.0500480, 0.0500480, 0.0654720, 0.0512000, 0.0501120, 0.0695040, 0.0727360, 0.0665280, 0.0501760, 0.0501760, 0.0684480, 0.0495040, 0.0996160, 0.0810240, 0.0562880, 0.0522240, 0.0561280, 0.0573760, 0.0563200, 0.0625600, 0.0519680, 0.0570880, 0.0559680, 0.0693440, 0.0554240, 0.0737280, 0.0727360, 0.0555520, 0.0678080, 0.0590720, 0.0748160, 0.0559360, 0.0716480, 0.0522560, 0.0551040, 0.0551360, 0.0675520, 0.0545920, 0.0893440, 0.0736000, 0.0553600, 0.0686400, 0.0543680, 0.0511360, 0.0551360, 0.0727360, 0.0503360, 0.0562880, 0.0549120, 0.0563520, 0.0553920, 0.0510080, 0.0768000, 0.0554880, 0.0675200, 0.0555200, 0.0510080, 0.0553280, 0.0563520, 0.0693120, 0.0552320, 0.0554560, 0.0555200, 0.0552320, 0.0665280, 0.1085120, 0.0553280, 0.0901120, 0.0545920, 0.0503040, 0.0544640, 0.0552640, 0.0676160, 0.0570240, 0.0661760, 0.0624320, 0.0550720, 0.0504320, 0.0542720, 0.0556480, 0.0940480, 0.0562560, 0.0512000 ],
"timesTransferFromDevice": [ 0.0760320, 0.1039680, 0.0637760, 0.0619200, 0.0626560, 0.0772160, 0.0630400, 0.0621120, 0.0629440, 0.0621760, 0.0634240, 0.0752320, 0.0627840, 0.0620160, 0.0714240, 0.0539200, 0.0760960, 0.0524160, 0.0532800, 0.0519680, 0.0530240, 0.0505600, 0.0582400, 0.0524480, 0.0536320, 0.0522560, 0.0624000, 0.0516800, 0.0504960, 0.0613120, 0.0413760, 0.0400000, 0.0413760, 0.0504960, 0.0407680, 0.0408320, 0.0411840, 0.0400640, 0.0414080, 0.0407360, 0.0405120, 0.0399040, 0.0408960, 0.0408640, 0.0449280, 0.0400000, 0.0405760, 0.0395200, 0.0579200, 0.0394560, 0.0401600, 0.0397760, 0.0511680, 0.0398720, 0.0675200, 0.0393600, 0.0406720, 0.0395200, 0.0440960, 0.0396480, 0.0402880, 0.0399040, 0.0411520, 0.0397120, 0.0401920, 0.0396160, 0.0403520, 0.0399360, 0.0401280, 0.0704640, 0.0397440, 0.0396480, 0.0406400, 0.0397120, 0.0409600, 0.0403200, 0.0560960, 0.0398080, 0.0408640, 0.0399360, 0.0401600, 0.0395200, 0.0514880, 0.0402560, 0.0408320, 0.0393280, 0.0402560, 0.0432320, 0.0408320, 0.0578240, 0.0407040, 0.0501120, 0.0408000, 0.0391360, 0.0497280, 0.0396160, 0.0572480, 0.0397760, 0.0409280, 0.0392960 ],
"bins": [ 0, 0, 0, 0, 0, 1, 0, 0, 0, 0, 0, 0, 0, 0, 0, 0, 0, 0, 0, 0, 0, 0, 0, 0, 1, 0, 0, 0, 0, 0, 0, 0, 0, 0, 0, 0, 0, 0, 0, 0, 0, 1, 0, 0, 0, 0, 0, 0, 0, 0, 0, 0, 0, 0, 0, 0, 0, 0, 0, 0, 0, 0, 0, 0, 0, 0, 0, 0, 0, 0, 0, 0, 0, 0, 0, 0, 1, 0, 0, 0, 0, 0, 0, 0, 0, 0, 0, 1, 0, 0, 0, 0, 0, 0, 0, 0, 0, 0, 0, 0, 0, 0, 0, 0, 1, 0, 0, 0, 0, 0, 0, 0, 0, 0, 0, 0, 0, 1, 1, 0, 0, 0, 0, 0, 0, 0, 0, 0 ]
}
,