{
"inputLengthInCharacters": 65536,
"uniformInput": false,
"measurements": {
"histogram_one_thread_per_character": {
"timesTransferToDevice": [ 0.3143360, 0.2914880, 0.3212480, 0.2680960, 0.2664960, 0.2671680, 0.2785600, 0.2651520, 0.4168000, 0.2963200, 0.0463360, 0.0460480, 0.0455360, 0.0726400, 0.0424960, 0.0425920, 0.0649280, 0.0451840, 0.0490240, 0.0427200, 0.0425920, 0.0411200, 0.0417920, 0.0415360, 0.0408960, 0.0421760, 0.0416640, 0.0844160, 0.1149120, 0.0415680, 0.0406720, 0.0402560, 0.0395840, 0.0402240, 0.0610560, 0.0395520, 0.0395840, 0.0607040, 0.0397120, 0.0581760, 0.0401920, 0.0396800, 0.0407360, 0.0404480, 0.0440000, 0.0406720, 0.0395840, 0.0390400, 0.0386240, 0.0500160, 0.0395200, 0.0394560, 0.0392000, 0.0396480, 0.0383040, 0.0493120, 0.0410240, 0.0393280, 0.0398720, 0.0386560, 0.0403840, 0.0495680, 0.0386240, 0.0765440, 0.0451200, 0.0388480, 0.0386880, 0.0392960, 0.0389760, 0.0389760, 0.0393920, 0.0583040, 0.0397760, 0.0388160, 0.0383680, 0.0406400, 0.0393600, 0.0400000, 0.0405760, 0.0396800, 0.0388160, 0.0392000, 0.0569600, 0.0396480, 0.0398080, 0.0381440, 0.0392320, 0.0391680, 0.0388800, 0.0390080, 0.0391680, 0.0389120, 0.0486080, 0.0427200, 0.0390400, 0.0390720, 0.0385280, 0.0392000, 0.0388480, 0.0389120 ],
"timesExecution": [ 0.1569600, 0.1935040, 0.1751040, 0.1496640, 0.1471360, 0.2074880, 0.1556480, 0.1645760, 0.1349760, 0.1710400, 0.1484800, 0.1382720, 0.1849920, 0.1996480, 0.1401280, 0.1343360, 0.1465280, 0.2283840, 0.2641920, 0.1085440, 0.1416320, 0.1303680, 0.1280000, 0.1476800, 0.1248960, 0.1242880, 0.1689600, 0.2280000, 0.1320640, 0.1628160, 0.1781760, 0.1251840, 0.1194240, 0.1195200, 0.1256960, 0.1423680, 0.1453760, 0.1608000, 0.1353920, 0.1412800, 0.1310400, 0.1218560, 0.1198080, 0.1487680, 0.1239040, 0.1283200, 0.1395200, 0.1178240, 0.1845440, 0.2305600, 0.1683200, 0.1177600, 0.1167360, 0.1403520, 0.2109440, 0.2130240, 0.1391680, 0.1167680, 0.1153920, 0.1228480, 0.1968320, 0.2201600, 0.1569920, 0.1291520, 0.1167680, 0.1372160, 0.1300800, 0.1228800, 0.1167680, 0.1166080, 0.1247360, 0.1239040, 0.1226240, 0.1177600, 0.1156800, 0.1361920, 0.1330880, 0.1266240, 0.1631360, 0.1191680, 0.1239040, 0.1289600, 0.1247680, 0.1218560, 0.1167360, 0.1175360, 0.1167680, 0.1201280, 0.1266560, 0.1210240, 0.1202240, 0.1718400, 0.1965760, 0.1370880, 0.1442240, 0.1208320, 0.1167040, 0.1157440, 0.1159360, 0.1443840 ],
"timesTransferFromDevice": [ 0.1307840, 0.0822080, 0.0676800, 0.0606400, 0.0920640, 0.0894400, 0.0606400, 0.0616000, 0.0792000, 0.0778240, 0.0530240, 0.0524480, 0.0563520, 0.0481600, 0.0478080, 0.0483200, 0.0614720, 0.0614400, 0.0724800, 0.0473280, 0.0470400, 0.0452800, 0.0622720, 0.0452480, 0.0461120, 0.0451840, 0.0606400, 0.0680320, 0.0469120, 0.0442560, 0.0395840, 0.0435840, 0.0413120, 0.0560320, 0.0626880, 0.0401920, 0.0557760, 0.0400960, 0.0432000, 0.0427840, 0.0422720, 0.0456320, 0.0671680, 0.0419520, 0.0412800, 0.0409600, 0.0396800, 0.0486080, 0.0883520, 0.0461760, 0.0391680, 0.0412800, 0.0440000, 0.0395840, 0.0955200, 0.1205440, 0.0398080, 0.0440960, 0.0419200, 0.0582720, 0.1349760, 0.0397120, 0.0394880, 0.0417920, 0.0632960, 0.0395520, 0.0395520, 0.0436480, 0.0432320, 0.0403520, 0.0395840, 0.0584320, 0.0427200, 0.0399680, 0.0441280, 0.0402880, 0.0443840, 0.0520000, 0.0395520, 0.0406720, 0.0400000, 0.0414720, 0.0582080, 0.0432320, 0.0414080, 0.0426880, 0.0431040, 0.0573760, 0.0392000, 0.0764800, 0.0433600, 0.0995200, 0.0401280, 0.0587840, 0.0550400, 0.0412800, 0.0437120, 0.0440640, 0.0588800, 0.0394240 ],
"bins": [ 531, 521, 515, 517, 473, 530, 504, 493, 512, 514, 537, 491, 512, 504, 532, 507, 494, 544, 527, 510, 472, 502, 531, 512, 527, 526, 483, 477, 490, 515, 546, 519, 523, 518, 511, 517, 571, 498, 494, 494, 529, 469, 503, 533, 483, 493, 515, 502, 546, 510, 503, 512, 516, 500, 518, 521, 533, 506, 496, 527, 475, 515, 546, 528, 531, 499, 502, 507, 481, 545, 508, 464, 520, 498, 498, 508, 522, 525, 491, 535, 513, 504, 492, 536, 509, 530, 556, 500, 518, 508, 534, 529, 509, 522, 519, 501, 500, 526, 471, 547, 505, 493, 521, 524, 528, 503, 540, 549, 503, 525, 526, 478, 491, 492, 516, 517, 477, 543, 484, 499, 515, 537, 517, 515, 505, 501, 481, 520 ]
}
,
"histogram_atomic_private": {
"timesTransferToDevice": [ 0.0798080, 0.0803840, 0.0473280, 0.0482240, 0.0504320, 0.0470080, 0.0481280, 0.0476480, 0.0715200, 0.0474560, 0.0488320, 0.0503360, 0.0479360, 0.0479040, 0.0760640, 0.0506560, 0.0415040, 0.0413440, 0.0420480, 0.0415040, 0.0604160, 0.0413120, 0.0426560, 0.0419520, 0.0471360, 0.0658880, 0.0672960, 0.0384640, 0.0402560, 0.1218560, 0.0658560, 0.0442240, 0.0395200, 0.0392000, 0.0392960, 0.0386240, 0.0384960, 0.0568960, 0.0391680, 0.0389760, 0.0391680, 0.0391360, 0.0389760, 0.0384960, 0.0451200, 0.0387840, 0.0391040, 0.0392640, 0.0395840, 0.0392640, 0.0442240, 0.0397440, 0.0398400, 0.0389760, 0.0392000, 0.0396480, 0.0460800, 0.0391040, 0.0387520, 0.0398720, 0.0392000, 0.0387200, 0.0621760, 0.0392320, 0.0396480, 0.0385600, 0.0401280, 0.0377920, 0.0394560, 0.0390720, 0.0397760, 0.0384960, 0.0397760, 0.0394240, 0.0397120, 0.0389120, 0.0434560, 0.0399360, 0.0393280, 0.0384000, 0.0391680, 0.0397760, 0.0713600, 0.0393920, 0.0394560, 0.0384000, 0.0391360, 0.0388160, 0.0468480, 0.0383040, 0.0394240, 0.0381440, 0.0392640, 0.0384960, 0.0435520, 0.0400000, 0.0387520, 0.0388800, 0.0392000, 0.0401600 ],
"timesExecution": [ 0.1263040, 0.0907840, 0.0859840, 0.0872640, 0.0860160, 0.0860160, 0.0848640, 0.1076160, 0.0862080, 0.0831360, 0.0849600, 0.0850240, 0.0869760, 0.0836480, 0.0863040, 0.0853120, 0.0657920, 0.0634880, 0.0637440, 0.0890880, 0.0714880, 0.0626240, 0.0643840, 0.0737280, 0.2353600, 0.0799680, 0.0593600, 0.0567040, 0.0571840, 0.0737920, 0.0605120, 0.0563520, 0.0555200, 0.0560320, 0.0559680, 0.0549120, 0.0750720, 0.0552640, 0.0552960, 0.0542720, 0.0552640, 0.0552960, 0.0562880, 0.0545920, 0.0564800, 0.0553280, 0.0676480, 0.0563200, 0.0552960, 0.0560000, 0.0665280, 0.0543680, 0.0552640, 0.0553280, 0.0550400, 0.0549760, 0.0560960, 0.0551360, 0.0563200, 0.0554880, 0.0573440, 0.0573440, 0.0562880, 0.0551680, 0.1179200, 0.0543360, 0.0560320, 0.0552960, 0.0563520, 0.0746880, 0.0570240, 0.0553280, 0.0563200, 0.0544000, 0.0562560, 0.0532800, 0.0543360, 0.0542720, 0.0611520, 0.0543360, 0.0553280, 0.0532160, 0.0562880, 0.0542720, 0.0552640, 0.0553280, 0.0560320, 0.0614400, 0.0555200, 0.0552640, 0.0543360, 0.0549760, 0.0553920, 0.0525440, 0.0560640, 0.0551360, 0.0552960, 0.0552640, 0.0654080, 0.0544960 ],
"timesTransferFromDevice": [ 0.0770560, 0.0888960, 0.0614080, 0.0604160, 0.0611520, 0.0606400, 0.0966400, 0.0613440, 0.0609920, 0.0611200, 0.0612160, 0.0611520, 0.0868800, 0.0610880, 0.0609280, 0.0512320, 0.0784960, 0.0461760, 0.0448320, 0.0453120, 0.0457920, 0.0445120, 0.0459520, 0.0526080, 0.0420480, 0.0619520, 0.0409920, 0.0400640, 0.0409600, 0.0400000, 0.0394240, 0.0609280, 0.0547840, 0.0520000, 0.0398400, 0.0400000, 0.0401600, 0.0551040, 0.0403520, 0.0397760, 0.0399360, 0.0399360, 0.0565440, 0.0393280, 0.0402880, 0.0495040, 0.0410880, 0.0395840, 0.0580800, 0.0389120, 0.0401280, 0.0389440, 0.0526720, 0.0397440, 0.0568000, 0.0394880, 0.0399360, 0.0401280, 0.0401280, 0.0392640, 0.0401280, 0.0392640, 0.0582400, 0.0398080, 0.0399680, 0.0517120, 0.0404800, 0.0392640, 0.0562240, 0.0708160, 0.0405760, 0.0395200, 0.0398400, 0.0440000, 0.0577600, 0.0394560, 0.0403840, 0.0397120, 0.0400320, 0.0398080, 0.0551360, 0.0394240, 0.0409600, 0.0398720, 0.0399040, 0.0397440, 0.0601280, 0.0394560, 0.0399040, 0.0400000, 0.0401600, 0.0522880, 0.0614400, 0.0400640, 0.0397440, 0.0394560, 0.0397760, 0.0395840, 0.0559680, 0.0402560 ],