{
"inputLengthInCharacters": 16,
"uniformInput": false,
"measurements": {
"histogram_one_thread_per_character": {
"timesTransferToDevice": [ 0.0759040, 0.0338880, 0.0338560, 0.0325760, 0.0311040, 0.0298240, 0.0290240, 0.0319680, 0.0319680, 0.0687680, 0.0324160, 0.1449600, 0.0290240, 0.0625600, 0.0295360, 0.0292160, 0.0288320, 0.0371200, 0.0299840, 0.0292480, 0.0320640, 0.0288640, 0.0286080, 0.0296000, 0.0220160, 0.0210880, 0.0212480, 0.0201920, 0.0206080, 0.0210560, 0.0205440, 0.0211200, 0.0207360, 0.0207680, 0.0206080, 0.0215680, 0.0499200, 0.0215680, 0.0208320, 0.0203200, 0.0216960, 0.0318400, 0.0214400, 0.0407360, 0.0593280, 0.0207360, 0.0209280, 0.0212160, 0.0207680, 0.0212800, 0.0209600, 0.0207680, 0.0198080, 0.0443840, 0.0208320, 0.0209280, 0.0209600, 0.0214400, 0.0376640, 0.0210560, 0.0212160, 0.0203520, 0.0200960, 0.0215040, 0.0376640, 0.0205760, 0.0205120, 0.0209600, 0.0208000, 0.0208640, 0.0205440, 0.0213120, 0.0202880, 0.0217600, 0.0209600, 0.0229760, 0.0204800, 0.0211840, 0.0210880, 0.0216000, 0.0208320, 0.0202880, 0.0217280, 0.0207680, 0.0203200, 0.0210880, 0.0219200, 0.0206400, 0.0337920, 0.0204800, 0.0216960, 0.0207040, 0.0204480, 0.0215680, 0.0203520, 0.0205440, 0.0207040, 0.0217600, 0.0206080, 0.0208960 ],
"timesExecution": [ 0.1136960, 0.0983040, 0.0836160, 0.0727040, 0.0588160, 0.1116160, 0.0614080, 0.0818880, 0.0586880, 0.0604160, 0.0798400, 0.0594880, 0.0582080, 0.0894400, 0.0593920, 0.0818880, 0.0655360, 0.0613440, 0.1057280, 0.0604480, 0.0808640, 0.0602560, 0.0860160, 0.1496000, 0.0430400, 0.0543040, 0.0839040, 0.0658560, 0.0552960, 0.0410880, 0.0597120, 0.0550400, 0.0409600, 0.0550400, 0.0602560, 0.0410240, 0.0908480, 0.0409280, 0.0590720, 0.0420480, 0.0696320, 0.1308480, 0.0601600, 0.0409600, 0.0788800, 0.0634880, 0.0536960, 0.0409600, 0.0624960, 0.0551360, 0.0594880, 0.0549120, 0.0583680, 0.0406720, 0.0716480, 0.0399680, 0.0593280, 0.0398720, 0.0604160, 0.0541120, 0.0592640, 0.0400640, 0.0730240, 0.0400640, 0.0535680, 0.0409600, 0.0584000, 0.0739840, 0.0604160, 0.0739840, 0.0594560, 0.0401280, 0.0532160, 0.0410560, 0.0594880, 0.0447680, 0.0602880, 0.0551040, 0.0591360, 0.0389440, 0.0870720, 0.0440640, 0.0533440, 0.0409280, 0.0860160, 0.0536320, 0.0586240, 0.0409600, 0.0594240, 0.0579840, 0.0705280, 0.0409280, 0.0592000, 0.0560640, 0.0760640, 0.0604800, 0.0592320, 0.0401280, 0.0687040, 0.0409280 ],
"timesTransferFromDevice": [ 0.1069440, 0.1273280, 0.0685120, 0.0680640, 0.0691520, 0.0701120, 0.0497920, 0.0702080, 0.0684160, 0.0671360, 0.0676160, 0.0699840, 0.0683200, 0.1020800, 0.0914240, 0.0699840, 0.0682880, 0.0689600, 0.0676800, 0.0691520, 0.0684800, 0.0691840, 0.0992960, 0.0552640, 0.0575040, 0.0448320, 0.0496960, 0.0469440, 0.0451840, 0.0451520, 0.0626560, 0.0643840, 0.0443200, 0.0554240, 0.0449600, 0.0436160, 0.0572160, 0.0448960, 0.0446080, 0.0644160, 0.1166400, 0.0563200, 0.0436160, 0.0448000, 0.0618880, 0.0451520, 0.0440960, 0.0440640, 0.0624960, 0.0632960, 0.0444480, 0.0461120, 0.0446400, 0.0449280, 0.0598080, 0.0555840, 0.0471360, 0.0488000, 0.0436480, 0.0448960, 0.0444480, 0.0448320, 0.0447680, 0.0445760, 0.0446080, 0.0444800, 0.0447040, 0.0456320, 0.0448320, 0.0449920, 0.0446400, 0.0453440, 0.0437120, 0.0449600, 0.0854080, 0.0448000, 0.0441600, 0.0455040, 0.0447680, 0.0625280, 0.0451200, 0.0443840, 0.0444800, 0.0610240, 0.0612160, 0.0447360, 0.0441280, 0.0442560, 0.0612800, 0.0454400, 0.0483200, 0.0453760, 0.0686400, 0.0621440, 0.0644160, 0.0451520, 0.0447680, 0.0446400, 0.0452160, 0.0456640 ],
"bins": [ 0, 0, 0, 0, 0, 1, 0, 0, 0, 0, 0, 0, 0, 0, 0, 0, 0, 0, 0, 0, 0, 0, 0, 0, 1, 0, 0, 0, 0, 0, 0, 0, 0, 0, 0, 0, 0, 0, 0, 0, 0, 1, 0, 0, 0, 1, 0, 0, 0, 0, 0, 0, 0, 0, 0, 0, 0, 0, 0, 0, 1, 0, 0, 1, 0, 0, 0, 0, 0, 0, 0, 0, 0, 0, 0, 0, 1, 0, 0, 0, 0, 0, 0, 0, 1, 0, 0, 2, 0, 0, 0, 0, 1, 0, 0, 1, 0, 0, 0, 0, 0, 0, 0, 0, 1, 0, 0, 0, 0, 0, 0, 0, 0, 0, 0, 0, 0, 1, 1, 1, 0, 0, 0, 0, 0, 0, 0, 0 ]
}
,
"histogram_atomic_private": {
"timesTransferToDevice": [ 0.0777920, 0.0465280, 0.0293120, 0.0289280, 0.0335680, 0.0291520, 0.0473280, 0.0289600, 0.0334720, 0.0288320, 0.0295680, 0.0290240, 0.0336000, 0.0292160, 0.0300800, 0.0275200, 0.0524800, 0.0252160, 0.0276480, 0.0276160, 0.0245760, 0.0248640, 0.0257600, 0.0249600, 0.0275520, 0.0475840, 0.0288960, 0.0272320, 0.0210240, 0.0212480, 0.0408000, 0.0204800, 0.0211200, 0.0203840, 0.0210240, 0.0202560, 0.0216000, 0.0212800, 0.0207040, 0.0209600, 0.0225600, 0.0213760, 0.0208640, 0.0208320, 0.0212160, 0.0211520, 0.0207680, 0.0201280, 0.0211520, 0.0206720, 0.0337920, 0.0205120, 0.0216000, 0.0202880, 0.0206400, 0.0203200, 0.0207680, 0.0206720, 0.0209600, 0.0213120, 0.0204160, 0.0418560, 0.0207680, 0.0220160, 0.0212480, 0.0205120, 0.0212480, 0.0401600, 0.0208320, 0.0205440, 0.0216960, 0.0207360, 0.0230080, 0.0203840, 0.0212160, 0.0209600, 0.0209600, 0.0210560, 0.0210240, 0.0197120, 0.0223040, 0.0360960, 0.0208320, 0.0384320, 0.0209920, 0.0218240, 0.0204160, 0.0206080, 0.0212800, 0.0373760, 0.0207360, 0.0205120, 0.0216960, 0.0206080, 0.0208000, 0.0301760, 0.0215680, 0.0209280, 0.1047680, 0.0211520 ],
"timesExecution": [ 0.0867520, 0.0605760, 0.0607680, 0.0839680, 0.0954880, 0.0934400, 0.0584320, 0.0594880, 0.0829440, 0.0604160, 0.0871680, 0.1206080, 0.0603840, 0.0734080, 0.0860160, 0.0512000, 0.0746880, 0.0512000, 0.0482560, 0.0519360, 0.0787840, 0.0706240, 0.0531840, 0.0512320, 0.0696320, 0.0675840, 0.0932480, 0.0501440, 0.0419840, 0.0746560, 0.0411840, 0.0714560, 0.0399680, 0.0586560, 0.0563200, 0.0757760, 0.0575680, 0.0616960, 0.0401600, 0.0513920, 0.0654400, 0.0798720, 0.0544320, 0.0584000, 0.0545280, 0.0726720, 0.0440320, 0.0563520, 0.0409600, 0.0600320, 0.0591360, 0.0573440, 0.0551680, 0.0604160, 0.0418240, 0.0747200, 0.0633920, 0.0635200, 0.0409600, 0.0593280, 0.0556480, 0.0409920, 0.0788160, 0.0409600, 0.0413440, 0.0542720, 0.0419520, 0.0601280, 0.0545280, 0.0600320, 0.0552640, 0.0491200, 0.0590400, 0.0717120, 0.0419520, 0.0543360, 0.0410880, 0.0592000, 0.0716800, 0.0408960, 0.0410880, 0.0593600, 0.0419840, 0.0533760, 0.0602880, 0.0587520, 0.0551680, 0.0593600, 0.0542720, 0.0417280, 0.0480960, 0.0535680, 0.0410240, 0.0696000, 0.0426240, 0.0604160, 0.0563840, 0.0419520, 0.0411840, 0.0566400 ],
"timesTransferFromDevice": [ 0.0833920, 0.0694400, 0.0712000, 0.0660160, 0.0702720, 0.0969920, 0.0696640, 0.0677120, 0.0698880, 0.0678400, 0.0707200, 0.0683520, 0.0695040, 0.0764480, 0.0586560, 0.0569600, 0.0600640, 0.0581440, 0.0614080, 0.0580480, 0.0812800, 0.0585280, 0.0585280, 0.0581440, 0.0592960, 0.0715520, 0.0595200, 0.0448960, 0.0626560, 0.0560000, 0.0450560, 0.0441280, 0.0454400, 0.0573120, 0.0445760, 0.0619200, 0.0450240, 0.0440000, 0.0449280, 0.0643520, 0.0456640, 0.0435520, 0.0451840, 0.0501760, 0.0704960, 0.0626240, 0.0447040, 0.0445120, 0.0441280, 0.0440640, 0.0456640, 0.0447680, 0.0563520, 0.0440640, 0.0673600, 0.0611840, 0.0451840, 0.0442880, 0.0448960, 0.0437120, 0.0447680, 0.0446400, 0.0454400, 0.0439040, 0.0450880, 0.0440640, 0.0529600, 0.0443520, 0.0623360, 0.0698880, 0.0447680, 0.0433280, 0.0454720, 0.0442880, 0.0447360, 0.0436480, 0.0448640, 0.0537600, 0.0454720, 0.0436480, 0.0446720, 0.0440320, 0.0447680, 0.0446080, 0.0610880, 0.0442240, 0.0449920, 0.0440960, 0.0447360, 0.0613760, 0.0452480, 0.0544960, 0.0442560, 0.0613120, 0.0456960, 0.0440640, 0.0452160, 0.0434560, 0.0630720, 0.0605760 ],
"bins": [ 0, 0, 0, 0, 0, 1, 0, 0, 0, 0, 0, 0, 0, 0, 0, 0, 0, 0, 0, 0, 0, 0, 0, 0, 1, 0, 0, 0, 0, 0, 0, 0, 0, 0, 0, 0, 0, 0, 0, 0, 0, 1, 0, 0, 0, 1, 0, 0, 0, 0, 0, 0, 0, 0, 0, 0, 0, 0, 0, 0, 1, 0, 0, 1, 0, 0, 0, 0, 0, 0, 0, 0, 0, 0, 0, 0, 1, 0, 0, 0, 0, 0, 0, 0, 1, 0, 0, 2, 0, 0, 0, 0, 1, 0, 0, 1, 0, 0, 0, 0, 0, 0, 0, 0, 1, 0, 0, 0, 0, 0, 0, 0, 0, 0, 0, 0, 0, 1, 1, 1, 0, 0, 0, 0, 0, 0, 0, 0 ]
}
,