{
"inputLengthInCharacters": 1073741824,
"uniformInput": false,
"measurements": {
"histogram_one_thread_per_character": {
"timesTransferToDevice": [ 161.6264648, 155.8054047, 154.2104950, 155.1952057, 153.3672943, 150.0786896, 149.2713928, 147.8057251, 147.1244812, 145.8774719, 145.4212494, 152.4443512, 151.8085175, 152.4769592, 150.5632324, 152.0558472, 151.2139130, 152.0440674, 151.7552948, 153.4176941, 152.8405151, 154.3652496, 152.8548431, 152.1444855, 152.4414368, 147.7711029, 151.5923767, 152.1327972, 147.2569885, 146.6980438, 149.0122223, 148.9352570, 150.3190460, 149.7511292, 149.0961609, 149.0666199, 148.9540863, 149.7862396, 149.5027466, 149.6138916, 149.9607086, 150.6266174, 149.3106842, 150.5673981, 149.9918976, 153.2188873, 151.3798676, 166.4493103, 150.7944641, 151.0613098, 148.3166656, 146.6536713, 146.5678711, 145.3403778, 145.3685760, 146.8104706, 145.7233276, 146.0174103, 144.9431610, 147.1955566, 149.8705902, 149.1593323, 147.8448639, 149.2034912, 149.2070770, 151.0115509, 149.5490570, 152.0759735, 149.7999115, 150.9567108, 148.3954620, 147.9783020, 147.3793030, 146.3583374, 151.5830688, 148.5550995, 147.9048615, 145.7902679, 144.7971191, 146.7381134, 146.1789703, 147.3186188, 147.4105530, 147.5071106, 146.9620819, 145.1569977, 148.1228790, 149.6284485, 155.1438446, 154.1762543, 154.4182739, 155.2338867, 154.6862335, 154.8037415, 155.1952972, 154.5505676, 154.5901794, 155.8842316, 157.3047638, 156.7550354 ],
"timesExecution": [ 776.7170410, 776.7334595, 776.7565918, 776.7205811, 776.7174072, 776.7066650, 776.7012939, 776.7015381, 776.6967163, 776.7351074, 776.7192383, 776.6997070, 776.7094116, 776.6838989, 776.7229614, 776.7100220, 776.7081299, 776.7271729, 776.7247314, 776.6981812, 776.7541504, 776.7192383, 776.7154541, 776.6940308, 776.7129517, 776.7166748, 776.7564697, 776.7094116, 776.6979980, 776.6954346, 776.7099609, 776.7338867, 776.7006836, 776.6981812, 776.7071533, 776.7139282, 776.7238159, 776.7464600, 776.7106323, 776.6967163, 776.7313843, 776.7242432, 776.8473511, 776.7485962, 776.7483521, 776.7029419, 776.7996826, 776.7143555, 776.6903076, 776.6987915, 776.7191772, 776.7152710, 776.6998291, 776.6895142, 776.7319336, 776.7057495, 776.7091675, 776.7316895, 776.7038574, 776.7022705, 776.7346802, 776.7147827, 776.7130127, 776.7423096, 776.7170410, 776.7082520, 776.7125244, 776.7204590, 776.7167358, 777.3035889, 776.7418213, 776.7177124, 776.7007446, 776.6874390, 776.7180176, 776.7000122, 776.6934814, 776.7380981, 776.7232666, 776.7700195, 776.7243652, 776.6983643, 776.7092896, 776.8005981, 776.6866455, 776.7017212, 776.7008057, 776.7072144, 776.7146606, 776.7086792, 776.6882324, 776.7012939, 776.7393799, 776.7123413, 776.7098999, 776.7139282, 776.7308350, 776.8302612, 776.7249756, 776.7444458 ],
"timesTransferFromDevice": [ 0.1776000, 0.1408640, 0.5936320, 0.1676800, 0.0841920, 0.1486720, 0.1503360, 0.1584640, 0.1195520, 0.1224320, 0.1168320, 0.1503680, 0.1201920, 0.1119040, 0.1508800, 0.1264320, 0.1132160, 0.1152960, 0.1361600, 0.1169280, 0.1315200, 0.1179200, 0.1208640, 0.1187840, 0.1102080, 0.1191680, 0.1177600, 0.1125120, 0.1100480, 0.0817600, 0.0809920, 0.0800320, 0.0722880, 0.1025280, 0.1257600, 0.0774720, 0.1072320, 0.0827520, 0.0758400, 0.1186240, 0.0716800, 0.0825920, 0.0751040, 0.0796800, 0.1598720, 0.0926400, 0.0863040, 0.1568320, 0.1441920, 0.1119360, 0.1135680, 0.1294400, 0.1105280, 0.1111680, 0.1125760, 0.1187200, 0.1124160, 0.1542080, 0.1508160, 0.0840320, 0.0744960, 0.0809920, 0.0751040, 0.1002560, 0.0861440, 0.0726720, 0.0787840, 0.0801600, 0.0736000, 0.1721280, 0.1546880, 0.1176960, 0.1496960, 0.1483840, 0.2069760, 0.1105280, 0.1447040, 0.1744320, 0.1500160, 0.1342720, 0.1023360, 0.0670720, 0.1519360, 0.0819520, 0.1476480, 0.1076800, 0.0752960, 0.0700160, 0.0841600, 0.0693440, 0.0785280, 0.0702400, 0.0853760, 0.0713600, 0.0779840, 0.0767360, 0.0877760, 0.1333440, 0.0804160, 0.0810560 ],
"bins": [ 8388479, 8388637, 8388060, 8389558, 8387244, 8389098, 8386361, 8389466, 8391367, 8388950, 8388047, 8387651, 8390328, 8386628, 8388050, 8388394, 8387862, 8391564, 8386479, 8391395, 8390006, 8386435, 8387828, 8387486, 8388249, 8385996, 8385550, 8388137, 8383623, 8387565, 8386168, 8389627, 8387358, 8388520, 8390768, 8390538, 8383945, 8389484, 8388748, 8389157, 8388074, 8390225, 8390585, 8388283, 8387842, 8392160, 8389428, 8384631, 8385296, 8388223, 8387925, 8392297, 8390797, 8384795, 8387268, 8391589, 8385319, 8385926, 8391706, 8386344, 8387956, 8388577, 8392337, 8384158, 8393058, 8384879, 8388639, 8389260, 8390872, 8385510, 8391290, 8391897, 8385627, 8389948, 8392421, 8386419, 8384919, 8389291, 8388993, 8391920, 8392585, 8387788, 8385056, 8389374, 8388933, 8386631, 8386991, 8389142, 8388059, 8388468, 8387732, 8393271, 8386678, 8386448, 8388696, 8389858, 8387589, 8391048, 8389651, 8393593, 8389079, 8391666, 8391220, 8388967, 8389730, 8389388, 8390781, 8387210, 8385821, 8390737, 8385652, 8389354, 8388822, 8389166, 8390588, 8386888, 8389565, 8389170, 8388266, 8385849, 8387750, 8390855, 8388118, 8389972, 8387658, 8389156, 8388579, 8388736 ]
}
,
"histogram_atomic_private": {
"timesTransferToDevice": [ 152.4983368, 151.6677094, 151.3738556, 150.1610260, 145.3717499, 145.2487335, 145.7106171, 145.9194183, 144.7884827, 145.1827545, 144.4094086, 147.7082520, 146.9595184, 146.9671326, 145.1152039, 148.3537598, 148.9936371, 149.0910034, 148.9228516, 149.6005096, 153.1207428, 155.6571503, 154.6346588, 154.7026520, 155.6218567, 155.4503021, 154.6286774, 154.7865906, 158.0679016, 156.2662354, 155.9877167, 155.9782715, 161.1820221, 152.3285065, 152.3935089, 149.6306610, 144.9724731, 146.2990723, 147.0956726, 145.6393585, 144.2230988, 144.4188232, 143.9592590, 145.1559296, 143.8786316, 146.9465027, 146.8036804, 146.0873260, 144.6528015, 149.9929352, 154.1669769, 154.7173157, 154.5320282, 154.0696259, 153.8887634, 155.0306854, 155.1458893, 155.3781433, 153.8875580, 154.2127075, 155.8552246, 156.6343689, 155.9003906, 155.0184631, 154.0526733, 154.4564819, 154.5181122, 154.2577209, 155.1983948, 156.0738831, 155.5742340, 155.1328888, 154.1074829, 153.5677185, 154.2717133, 153.7509155, 154.3685760, 154.1838684, 154.2296600, 154.3739166, 153.3964233, 154.5429077, 154.4442902, 155.6408386, 155.9817963, 156.5422668, 153.8311615, 154.4854126, 154.4107819, 154.5401917, 154.5481567, 154.1519012, 154.0564728, 154.3311005, 154.6159058, 154.4675446, 154.1661835, 154.5799713, 154.6408691, 154.9851532 ],
"timesExecution": [ 183.8654327, 183.8119965, 183.8032684, 183.8572540, 183.8415070, 183.7954559, 183.8058929, 183.7957153, 183.7963867, 183.8017578, 183.7963257, 183.8257294, 183.8077087, 183.7905884, 183.7903748, 183.8011169, 183.8468170, 183.8442535, 183.8067474, 183.8320618, 183.8495941, 183.8046417, 183.7951050, 183.9024353, 183.8047028, 183.8087616, 183.8149414, 183.8321991, 183.8138885, 183.8243866, 183.8014069, 183.8251801, 183.8048706, 183.8231049, 183.7869110, 183.7905273, 183.8058624, 183.8383331, 183.8055115, 183.7881927, 183.8784637, 183.8592682, 183.7992706, 183.8426208, 183.7981720, 183.8375702, 183.8090210, 183.8055725, 183.8058624, 183.8327637, 183.8559113, 183.8452759, 183.9166107, 183.8156738, 183.8254089, 183.7997131, 183.8143005, 183.8395844, 183.8385925, 183.7941742, 183.8500824, 183.8096619, 183.8047943, 183.8863678, 183.8824310, 183.8129883, 183.8132477, 183.7904053, 183.8292542, 183.8506165, 183.8284760, 183.7786560, 183.8236542, 183.7944031, 183.8762512, 183.8183746, 183.8033905, 183.8683167, 183.8115234, 183.8056641, 183.8566742, 183.8314819, 183.7993622, 183.8399048, 183.8206024, 183.8817291, 183.8074188, 183.8148804, 183.8074188, 183.8233643, 183.8122253, 183.8198395, 183.8124542, 183.7902374, 183.8067169, 183.8199615, 183.8029785, 183.8798981, 183.8216705, 183.7993317 ],