{
"inputLengthInCharacters": 67108864,
"uniformInput": false,
"measurements": {
"histogram_one_thread_per_character": {
"timesTransferToDevice": [ 12.7449284, 12.5801601, 13.0407677, 12.8274240, 12.3694401, 12.1536636, 12.0723200, 12.3193283, 12.5806723, 12.5789757, 12.1177597, 11.7451839, 12.4058237, 11.6939201, 12.3170557, 12.0169277, 12.0893764, 11.7430077, 11.7830400, 12.7407999, 11.9643202, 12.1998081, 12.4189444, 12.3864641, 12.2108479, 11.7035198, 12.0325117, 11.5738564, 11.8603201, 12.5464315, 11.8231363, 12.0126724, 11.9850883, 11.9683523, 12.0980482, 11.7541761, 12.0313282, 12.5655041, 12.0481281, 11.9413757, 12.3715839, 11.9988804, 11.9964161, 12.1434240, 11.8951683, 12.0783997, 12.1042242, 12.1021757, 12.1203842, 12.5153599, 11.0559359, 11.4372158, 11.0918722, 11.0273924, 10.8372164, 11.3899517, 11.2990084, 11.3930883, 11.1770563, 11.5608959, 11.0619841, 11.3443203, 10.9661436, 11.1270399, 11.4913921, 11.8464003, 11.6033602, 11.6799364, 11.4550076, 11.7318401, 11.6760321, 10.7168636, 10.5816317, 10.8930883, 11.9104643, 11.7800322, 11.9384956, 11.5362244, 11.8916798, 11.8653765, 12.1647043, 11.4559364, 11.6265917, 11.6699200, 11.5665922, 11.6071682, 11.2920322, 11.4016323, 11.2187843, 11.4502077, 11.3859844, 11.4742718, 11.5073919, 11.8119364, 11.6970243, 11.6509762, 11.4997759, 11.2246723, 9.6731844, 11.1146240 ],
"timesExecution": [ 49.0525436, 49.0238419, 49.0583038, 48.9660797, 49.0141754, 49.0001907, 49.0366096, 49.0476799, 49.0205765, 49.0157776, 49.0373764, 48.9696312, 49.0144310, 49.0537262, 49.0018883, 49.0757103, 49.0172806, 49.0380783, 49.0945282, 49.0155830, 49.0130577, 49.0472641, 49.0300179, 49.0319366, 49.0072327, 48.9924469, 48.9861450, 49.0026550, 49.0059509, 49.0026894, 49.0027199, 49.0230713, 48.9943695, 48.9682884, 49.0337906, 49.0261765, 49.0344315, 49.0303688, 48.9682236, 48.9580154, 49.0312958, 48.9824638, 48.9702721, 49.0197105, 48.9741745, 48.9447365, 49.0343361, 48.9682236, 48.9573135, 48.9871674, 48.9896965, 48.9768639, 48.9849281, 48.9982414, 48.9805450, 48.9967995, 48.9930573, 49.0063362, 48.9870415, 48.9944954, 49.0181122, 49.0080338, 48.9615364, 49.0023689, 48.9889603, 48.9892159, 48.9786224, 48.9708786, 48.9847031, 48.9888306, 49.0489922, 49.0616646, 49.0545273, 48.9772491, 48.9983025, 48.9923210, 48.9752312, 49.0122566, 48.9937935, 48.9951668, 49.0375671, 49.0123520, 48.9959373, 49.0279694, 48.9814415, 48.9777603, 48.9893761, 48.9766388, 48.9803200, 48.9906883, 48.9649582, 49.0060463, 49.0021133, 48.9716492, 48.9814720, 49.0024948, 49.0002556, 49.1218567, 48.9624634, 48.9856339 ],
"timesTransferFromDevice": [ 0.1630720, 0.1904000, 0.0834560, 0.1555520, 0.1167360, 0.1292800, 0.2064960, 0.0936960, 0.1232000, 0.0992960, 0.1288000, 0.1139200, 0.1235520, 0.6027200, 0.1591360, 0.0739840, 0.1615040, 0.1251520, 0.0763200, 0.1118720, 0.0855040, 0.1380160, 0.0990080, 0.1241920, 0.1283840, 0.0890560, 0.0877120, 0.1515840, 0.1272640, 0.0847680, 0.1064000, 0.1200320, 0.0873920, 0.0846400, 0.1145280, 0.1619840, 0.0852160, 0.1000640, 0.1197120, 0.0849600, 0.0903680, 0.0870080, 0.1186560, 0.0810560, 0.0818240, 0.1714880, 0.1100160, 0.0816640, 0.0872640, 0.0889600, 0.0840640, 0.0815360, 0.0831680, 0.1008320, 0.1005120, 0.0843520, 0.0822720, 0.0850240, 0.0824640, 0.0877760, 0.0821120, 0.0861120, 0.0836480, 0.0819840, 0.0791040, 0.0806400, 0.0988160, 0.1610560, 0.1147840, 0.0786560, 0.1377600, 0.6068800, 0.6842560, 0.0880960, 0.0859200, 0.0851200, 0.1296000, 0.0677760, 0.0822080, 0.0832640, 0.1137280, 0.0954240, 0.1312640, 0.0876480, 0.0810880, 0.0874880, 0.0830720, 0.0827520, 0.0590720, 0.1105920, 0.0825280, 0.1446080, 0.0883520, 0.0814400, 0.0840000, 0.0810560, 0.0848000, 0.0929280, 0.1192960, 0.0823040 ],
"bins": [ 524103, 525617, 524469, 524510, 523404, 524135, 523108, 524224, 525769, 525024, 523763, 524045, 524891, 524815, 524306, 523644, 524388, 524110, 523320, 523420, 523396, 523157, 524617, 523875, 524695, 523858, 524511, 525525, 524346, 523698, 522788, 524011, 524206, 525256, 525352, 523992, 523981, 524138, 524078, 524973, 523945, 524789, 524634, 523903, 522736, 523410, 524208, 524845, 523673, 523740, 524082, 523703, 526600, 523884, 523784, 525249, 523822, 524543, 524497, 524593, 523341, 524196, 524261, 524193, 525329, 523689, 524444, 525130, 524296, 525035, 524447, 525964, 523077, 524957, 522321, 524479, 523864, 523449, 525678, 525321, 524852, 523420, 523773, 525463, 525444, 523819, 523640, 524559, 524132, 524353, 524568, 524659, 525717, 524290, 523891, 523351, 524260, 524132, 523969, 524964, 523933, 524372, 525006, 523680, 523651, 524293, 525145, 523685, 524635, 523210, 525348, 524544, 524267, 524046, 523287, 525163, 523461, 523780, 523618, 524417, 524822, 524299, 524409, 525171, 523994, 523746, 524947, 525050 ]
}
,
"histogram_atomic_private": {
"timesTransferToDevice": [ 11.3222084, 11.8046398, 12.3754883, 11.5422401, 11.7049923, 12.1764479, 11.5713921, 10.8580484, 12.4450235, 11.7138243, 12.3137283, 9.9823685, 11.8635197, 10.9078083, 11.1921282, 11.1866236, 10.5603523, 10.9373121, 11.0749435, 10.9218559, 11.3325119, 11.1870718, 10.7437763, 10.5690241, 10.8788481, 10.5989122, 11.4038401, 11.5921278, 12.0356483, 11.7052164, 10.6549759, 12.0619841, 11.7503996, 12.0353918, 11.6016960, 11.7086401, 11.6986237, 11.7221117, 12.0791683, 11.7505283, 11.4430084, 10.7990084, 12.1518717, 11.4550076, 10.6411839, 11.5487680, 12.1016636, 11.1558399, 10.9740162, 10.7966404, 10.9241600, 11.0704317, 11.9725437, 11.5459204, 9.6887035, 11.6254721, 11.4480000, 11.6552963, 11.4790401, 10.8624315, 11.1200323, 10.5855360, 10.5621758, 11.0339203, 10.0248003, 9.9135675, 10.2274876, 10.1535044, 10.6775684, 11.5318718, 11.4708157, 11.4788485, 11.5576000, 11.8269119, 11.8514557, 11.2309437, 11.8385277, 10.5481920, 10.9034882, 11.0659199, 11.2633600, 10.7685757, 10.5592957, 10.5399036, 10.2013121, 11.0905600, 11.7630720, 11.6148157, 10.9116163, 10.9806080, 11.0061760, 11.0383043, 10.5617275, 9.4727039, 9.3268805, 10.9686079, 11.1909437, 11.5243196, 10.9016962, 10.8649282 ],
"timesExecution": [ 12.0210562, 11.9521599, 11.9473600, 11.9753284, 11.9494400, 11.9485760, 12.0336323, 11.9564476, 12.0031996, 11.9580479, 11.8987837, 11.9640636, 11.9414396, 11.9743996, 11.9600964, 11.9703999, 11.9688644, 11.9545918, 11.9091520, 12.0218239, 11.9848957, 12.0295362, 11.9516163, 11.9353924, 12.0104637, 12.5202236, 11.9956799, 11.9528322, 12.0192957, 12.0819836, 11.9360962, 12.0424004, 12.0152321, 12.0469761, 11.9272642, 11.9674559, 11.9974403, 12.0486403, 11.9810238, 11.9743996, 12.0707197, 11.9297276, 12.0544319, 11.9647999, 11.9707518, 12.0303679, 11.9779196, 11.9560318, 11.9552317, 12.0409603, 11.9520636, 11.9366398, 12.0515203, 11.9528637, 11.9589758, 12.0133123, 11.9708796, 12.0294085, 12.0092163, 12.0121603, 11.9862404, 11.9639997, 11.9730883, 12.0498238, 11.9579515, 11.9488964, 12.0352316, 12.0407038, 11.9676800, 12.0277119, 11.9565439, 12.0067844, 11.9703360, 11.9356480, 11.9625597, 12.0163841, 11.9716158, 12.0167999, 11.9905920, 12.0112000, 12.0664644, 11.9640322, 11.9256325, 12.0172482, 11.9499521, 11.9399042, 11.9894724, 11.9572802, 11.9492798, 11.9520960, 11.9373760, 12.0063038, 11.9641924, 11.9343681, 12.0018244, 11.9727678, 11.9880962, 12.0053759, 12.0240955, 11.9772158 ],