{
"inputLengthInCharacters": 33554432,
"uniformInput": false,
"measurements": {
"histogram_one_thread_per_character": {
"timesTransferToDevice": [ 6.9708800, 6.7730880, 6.9356480, 6.4568319, 6.5121918, 6.4907842, 6.4561920, 6.4381442, 6.0533438, 5.3969922, 5.9125762, 4.9168000, 6.7916479, 7.0184321, 5.1103039, 6.8614402, 6.5319362, 6.4590082, 7.1736002, 6.3557758, 6.7528319, 7.1189122, 6.5303679, 6.8029761, 6.5741119, 6.6103678, 6.5339198, 6.3668480, 6.7071042, 6.7170558, 6.5044160, 6.7260480, 6.4651518, 6.3842878, 6.5728321, 6.6930242, 6.8072639, 6.9039679, 6.5141120, 6.5602241, 6.3733439, 6.3950081, 6.7154241, 6.6541438, 6.5504961, 6.6644802, 6.5416002, 5.6251521, 6.5467839, 6.6316481, 6.6048641, 6.5563202, 6.7262402, 6.6261439, 6.5490241, 7.0396800, 6.5253119, 6.6024642, 6.3126721, 6.5776958, 6.5337920, 6.7499838, 6.5433278, 6.7345281, 6.5281281, 6.6466560, 6.6099520, 6.6796479, 6.5786881, 6.3178878, 6.9140482, 6.4219198, 6.4771838, 6.7062402, 6.6891518, 6.6699200, 6.7586880, 6.9288640, 6.5797119, 6.8485761, 6.6604800, 6.4125762, 6.4621758, 6.5624642, 6.9895039, 6.7026238, 6.3520961, 6.8433280, 6.5007362, 6.7777281, 6.7681599, 6.6390080, 6.7286720, 6.7424002, 6.4704642, 6.0774722, 6.5607362, 6.3826561, 6.6590400, 6.7072959 ],
"timesExecution": [ 24.4682560, 24.4566402, 24.5571518, 24.4810562, 24.5071678, 24.5443192, 24.5127354, 25.8130245, 24.5338249, 24.6056957, 24.4533443, 24.5706558, 24.5394249, 24.4889927, 24.5102081, 24.4482555, 24.5765438, 24.5325432, 24.6673603, 24.5175037, 24.5217915, 24.5262394, 24.4649277, 24.5386238, 24.4863033, 24.4982719, 24.4961281, 24.5202236, 24.4863033, 24.5085754, 24.4748154, 24.5677128, 24.4422722, 24.4749432, 24.5161915, 24.5299206, 24.5238075, 24.5396805, 24.4815369, 24.5069122, 24.5916481, 24.5244160, 24.5283527, 24.4728966, 24.7669449, 24.8140793, 24.7452488, 24.9252796, 24.7613449, 24.7459202, 24.7379208, 24.7141113, 24.6926727, 24.7541122, 24.7267208, 24.7483521, 24.7606716, 24.7447033, 24.7758408, 24.7510395, 24.7899513, 24.7101116, 24.7427197, 24.7847672, 24.7671356, 24.7488632, 24.7256317, 24.7878723, 24.7221127, 24.7448006, 24.7551994, 24.7515831, 24.7803192, 24.7120323, 24.7433281, 24.7353592, 24.7337284, 24.7664318, 24.7708473, 24.7353916, 24.7197437, 24.7397442, 24.7090569, 24.7726727, 24.7122231, 24.7527046, 24.7466240, 24.7744961, 24.7290249, 24.7647038, 24.7536640, 24.7401276, 24.7774391, 24.7976646, 24.7735043, 24.7358723, 24.8042564, 24.7964802, 24.7253113, 24.7382088 ],
"timesTransferFromDevice": [ 0.1072960, 0.1665920, 0.1251840, 0.1791360, 0.1404160, 0.1335680, 0.1064320, 0.1208000, 0.1199040, 0.1200000, 0.1515840, 0.1116480, 0.1359040, 0.0907200, 0.1332480, 0.1269120, 0.1124800, 0.1616640, 0.1141440, 0.1704000, 0.0911360, 0.1582400, 0.0906240, 0.1488320, 0.1506560, 0.1970880, 0.0929920, 0.1623040, 0.0805440, 0.1239680, 0.1525120, 0.0786240, 0.1333440, 0.1767040, 0.1457920, 0.1552960, 0.1308800, 0.1255360, 0.1465600, 0.0872960, 0.1823040, 0.1203200, 0.1336640, 0.0866240, 0.2014720, 0.1688960, 0.0675200, 0.1875200, 0.2029120, 0.1876160, 0.1477120, 0.0794560, 0.1137280, 0.0888960, 0.1201280, 0.1221120, 0.1443200, 0.1056000, 0.1540160, 0.1115520, 0.1135680, 0.0914240, 0.1197120, 0.1368000, 0.1271360, 0.1641920, 0.1223680, 0.1464000, 0.0870400, 0.1209920, 0.1237120, 0.1251520, 0.0837760, 0.1142720, 0.1181440, 0.1138240, 0.0904320, 0.1248640, 0.1283200, 0.0845440, 0.1163520, 0.1101440, 0.1078720, 0.1541120, 0.1184000, 0.2140800, 0.1288640, 0.1550080, 0.1251840, 0.1364480, 0.1117120, 0.1152640, 0.1250880, 0.1763520, 0.0960640, 0.1654400, 0.1138240, 0.1337280, 0.1225600, 0.0808640 ],
"bins": [ 261629, 262862, 262209, 262645, 262419, 262251, 261424, 262470, 262847, 262401, 261812, 262128, 262104, 261961, 262023, 261457, 262992, 262526, 262337, 261514, 262078, 261330, 261719, 262311, 262159, 261394, 262109, 262918, 262625, 261667, 261374, 261679, 262954, 261987, 262212, 262250, 261993, 262324, 261212, 262648, 261702, 262804, 262696, 261960, 260777, 261653, 262655, 261906, 262061, 262103, 261795, 261783, 263824, 261822, 262017, 262020, 262337, 262123, 262131, 262155, 261262, 261484, 262306, 262349, 262426, 261502, 262176, 262394, 262356, 262166, 261586, 263725, 262212, 262170, 261158, 262041, 262539, 262537, 263354, 263205, 262964, 261856, 261901, 262750, 262548, 262114, 262528, 262719, 261802, 262544, 261840, 262063, 262962, 261628, 262045, 261329, 262350, 261335, 261803, 262507, 261661, 262184, 262334, 261841, 261720, 261749, 262571, 262625, 262529, 261702, 263166, 261913, 262066, 262474, 261917, 262578, 261584, 261063, 261159, 262488, 262282, 262467, 261844, 262383, 262309, 261502, 262432, 262075 ]
}
,
"histogram_atomic_private": {
"timesTransferToDevice": [ 6.8743358, 6.7986240, 5.7736640, 6.5843520, 7.3404160, 6.5001278, 6.3842239, 7.0022082, 6.6970558, 4.7271361, 6.2431998, 6.1761279, 6.3392320, 5.6186562, 6.2526078, 6.0704002, 6.1643200, 5.1186562, 5.9543042, 6.7009282, 6.5196161, 6.4575362, 6.1554241, 6.4978561, 6.1105919, 6.1606078, 6.0431681, 5.8594241, 5.9695039, 5.7030082, 6.1590400, 5.6572480, 6.5626879, 6.3765440, 5.0310721, 6.5868158, 5.4705601, 6.3253760, 6.7281599, 6.3657279, 6.4229121, 6.4608641, 6.6599998, 6.4528322, 6.3611841, 6.4030399, 6.4805121, 6.4062400, 6.1506238, 6.0696321, 6.2661438, 5.0835199, 5.6959038, 6.1156158, 6.4254718, 6.2156801, 6.2069440, 5.8656640, 6.1696320, 5.4898238, 5.8248959, 5.5805759, 5.7147198, 5.5388479, 4.9725442, 6.0658879, 6.3454080, 5.9060159, 5.8769922, 6.3087358, 6.0606079, 5.8501120, 5.5370240, 5.4539518, 5.9545922, 4.9226880, 6.2839360, 5.5227842, 6.4732480, 6.1811199, 6.4477119, 6.8280640, 6.2687039, 6.4117122, 6.3939519, 6.8207998, 6.2723198, 5.8942719, 5.8140159, 5.7088962, 5.7087040, 6.5528321, 6.4221759, 6.1711679, 6.1420479, 5.7452798, 5.9796481, 6.2130880, 6.0688639, 5.8400321 ],
"timesExecution": [ 6.2800002, 6.1790719, 6.1542721, 6.2347202, 6.2584639, 6.2656641, 6.2122240, 6.2445760, 6.1791358, 6.2826562, 6.2310719, 6.2329602, 6.2145281, 6.2327042, 6.2293758, 6.2583361, 6.2087998, 6.2571521, 6.1968961, 6.2145600, 6.2371521, 6.2364159, 6.2294722, 6.2919998, 6.2252479, 6.2162881, 6.2458558, 6.1759038, 6.2148480, 6.2514882, 6.2645121, 6.2480640, 6.2849598, 6.1743679, 6.2919040, 6.2397122, 6.2255359, 6.2714882, 6.2863359, 6.1931520, 6.2207041, 6.2433281, 6.2824321, 6.2615681, 6.2806401, 6.2416639, 6.2540159, 6.2630720, 6.1831040, 6.2397761, 6.1838398, 6.2322879, 6.2123199, 6.2513280, 6.2419200, 6.2343040, 6.2500801, 6.2428479, 6.2396479, 6.1773438, 6.2664642, 6.2383361, 6.3035841, 6.1975999, 6.2544641, 6.2661762, 6.2164159, 6.2383361, 6.2192960, 6.2775998, 6.2395201, 6.1946239, 6.2041278, 6.2909122, 6.1803522, 6.2738562, 6.1755519, 6.3269439, 6.2915521, 6.1865282, 6.2181759, 6.2306242, 6.2380481, 6.2791362, 6.2625279, 6.3478718, 6.1799359, 6.2302718, 6.2532802, 6.1907840, 6.2290878, 6.2533441, 6.1813760, 6.2242560, 6.2128320, 6.2071681, 6.2288318, 6.2249599, 6.2586241, 6.1870079 ],