{
"inputLengthInCharacters": 8,
"uniformInput": false,
"measurements": {
"histogram_one_thread_per_character": {
"timesTransferToDevice": [ 0.1158720, 0.0306240, 0.0349760, 0.0299520, 0.0326080, 0.0299840, 0.0286400, 0.0627520, 0.0312960, 0.0327680, 0.0276480, 0.0261440, 0.0261760, 0.0325120, 0.0298560, 0.0245760, 0.0292160, 0.0406720, 0.0253120, 0.0315520, 0.1747520, 0.0252480, 0.0238400, 0.0220800, 0.0230080, 0.0418560, 0.0248640, 0.0428160, 0.0244800, 0.0231360, 0.0307200, 0.0224000, 0.0394880, 0.0215680, 0.0451200, 0.0685120, 0.0234560, 0.0190720, 0.0217920, 0.0499200, 0.0234240, 0.0219520, 0.0398720, 0.0249280, 0.0216640, 0.0232000, 0.0249600, 0.0248320, 0.0223680, 0.0225920, 0.0399360, 0.0220480, 0.0210880, 0.0416640, 0.0201600, 0.0228160, 0.0248320, 0.0230080, 0.0237760, 0.0197760, 0.0239040, 0.0218240, 0.0410880, 0.0216000, 0.0215360, 0.0220480, 0.0216960, 0.0402880, 0.0229440, 0.0213120, 0.0230080, 0.0263360, 0.0220160, 0.0285440, 0.0250560, 0.0271680, 0.0434240, 0.0303680, 0.0238720, 0.0226880, 0.0213760, 0.0216320, 0.0220480, 0.0222400, 0.0203520, 0.0211840, 0.0246720, 0.0227200, 0.0216640, 0.0210240, 0.0221760, 0.0323520, 0.0209920, 0.0221120, 0.0271680, 0.0217280, 0.0438400, 0.0229760, 0.1052800, 0.0226240 ],
"timesExecution": [ 0.1228480, 0.0665600, 0.1107520, 0.0623040, 0.0573440, 0.0880000, 0.0592320, 0.1259840, 0.0634240, 0.0808000, 0.0702400, 0.0512000, 0.0696320, 0.0899200, 0.0717120, 0.0685760, 0.0491840, 0.0551360, 0.0934400, 0.0846720, 0.0614400, 0.0432960, 0.0646400, 0.0567680, 0.0654720, 0.0665600, 0.0488320, 0.0553280, 0.0624640, 0.0665600, 0.0461760, 0.0634880, 0.0624320, 0.0553280, 0.0624640, 0.0583360, 0.0758080, 0.0440640, 0.0587840, 0.0675840, 0.0616960, 0.0850240, 0.0616000, 0.0491840, 0.0829760, 0.0429760, 0.0520320, 0.0614400, 0.0655360, 0.0597760, 0.0665600, 0.0423680, 0.0573440, 0.0741120, 0.0593920, 0.0655360, 0.0440000, 0.0595520, 0.0612160, 0.0545920, 0.0603840, 0.0429440, 0.0744000, 0.0409920, 0.0720320, 0.0461120, 0.0471040, 0.0819200, 0.0419200, 0.0426880, 0.0648000, 0.0460480, 0.0552960, 0.0614720, 0.0433280, 0.0637760, 0.0831680, 0.0430080, 0.0655680, 0.0603840, 0.0583360, 0.0717120, 0.0604160, 0.0664640, 0.0829760, 0.0623040, 0.0601600, 0.0421120, 0.0595840, 0.0420160, 0.0860160, 0.0440960, 0.0481280, 0.0890880, 0.0460800, 0.0412480, 0.0893760, 0.0420160, 0.0654080, 0.0643520 ],
"timesTransferFromDevice": [ 0.1103680, 0.0896640, 0.1024000, 0.0678080, 0.0995200, 0.0678080, 0.0696320, 0.1501760, 0.0733760, 0.0901440, 0.0541120, 0.0822400, 0.0562560, 0.0662720, 0.0762880, 0.0614400, 0.0787840, 0.0561280, 0.0638080, 0.0611200, 0.0518080, 0.0493760, 0.0493440, 0.0466560, 0.0666240, 0.0493120, 0.0494080, 0.0477760, 0.0643520, 0.0468800, 0.0451200, 0.0679680, 0.0464320, 0.0472320, 0.0462400, 0.0610560, 0.0634560, 0.0464960, 0.0489920, 0.2048000, 0.0531520, 0.0483200, 0.0529920, 0.0436480, 0.0727360, 0.0598720, 0.0820160, 0.0492480, 0.0470080, 0.1066240, 0.0574720, 0.0540160, 0.0516480, 0.0509440, 0.0450880, 0.0680320, 0.0512640, 0.0453120, 0.0599680, 0.0476800, 0.0616640, 0.0527680, 0.0482880, 0.0460800, 0.0454720, 0.0482880, 0.0486400, 0.0488640, 0.0450880, 0.0680960, 0.0484160, 0.0522560, 0.0464640, 0.0499200, 0.0481920, 0.0516480, 0.0692160, 0.0528640, 0.0648000, 0.0451840, 0.0460800, 0.0460800, 0.0459200, 0.0530240, 0.0568000, 0.0477440, 0.0477120, 0.0669760, 0.0480000, 0.0480000, 0.0670720, 0.0508480, 0.0450880, 0.0472640, 0.0678720, 0.0547520, 0.0678080, 0.0464000, 0.0643520, 0.0476480 ]
}
,
"histogram_atomic_private": {
"timesTransferToDevice": [ 0.0561600, 0.0334720, 0.0626560, 0.0298560, 0.0347200, 0.0290880, 0.0305920, 0.0293120, 0.0333760, 0.0287680, 0.0297280, 0.0288320, 0.0341120, 0.0667200, 0.0356800, 0.0328320, 0.0288640, 0.0281920, 0.0248000, 0.0285760, 0.0612480, 0.0277760, 0.0276480, 0.0290560, 0.0278400, 0.0266560, 0.0281600, 0.0543360, 0.0280960, 0.0241920, 0.0285760, 0.0211840, 0.0209600, 0.0206400, 0.0387200, 0.0204480, 0.0211520, 0.0403840, 0.0210880, 0.0206080, 0.0572800, 0.0225920, 0.0222400, 0.0218560, 0.0416640, 0.0215040, 0.0214720, 0.0217600, 0.0230080, 0.0219840, 0.0397760, 0.0276800, 0.0228480, 0.0209600, 0.0217920, 0.0214080, 0.0226240, 0.0211840, 0.0409600, 0.0220480, 0.0217600, 0.0395840, 0.0214720, 0.0216960, 0.0406720, 0.0210560, 0.0218240, 0.0212480, 0.0383040, 0.0216640, 0.0224000, 0.0403200, 0.0259520, 0.0208960, 0.0404480, 0.0213760, 0.0222080, 0.0215360, 0.0216000, 0.0213760, 0.0216320, 0.0408000, 0.0481280, 0.0209920, 0.0485120, 0.0216320, 0.0214080, 0.0209920, 0.0408000, 0.0214400, 0.0215680, 0.0208640, 0.0223680, 0.0215680, 0.0213120, 0.0214080, 0.0221120, 0.0209920, 0.0210560, 0.0426560 ],
"timesExecution": [ 0.0584320, 0.0901120, 0.0620480, 0.0614400, 0.0944960, 0.1608320, 0.0889600, 0.0624640, 0.0920000, 0.1239360, 0.0944000, 0.0932480, 0.0614080, 0.0901760, 0.0890880, 0.0597440, 0.1209280, 0.0749760, 0.0552640, 0.0749760, 0.0829440, 0.0512640, 0.0768320, 0.0772480, 0.0718400, 0.0601280, 0.0542080, 0.0747200, 0.0532800, 0.0512000, 0.1294080, 0.0604160, 0.0573120, 0.0771520, 0.0432960, 0.0575040, 0.0410880, 0.0727040, 0.0419840, 0.0584320, 0.0819520, 0.0604160, 0.0576000, 0.0778560, 0.0562240, 0.0552960, 0.0421760, 0.0808640, 0.0608960, 0.0604160, 0.0738240, 0.0779520, 0.0420480, 0.0765440, 0.0600960, 0.0719680, 0.0419520, 0.0798720, 0.0562880, 0.0605120, 0.0421440, 0.0757760, 0.0427520, 0.0901440, 0.0624640, 0.0605120, 0.0606720, 0.0799360, 0.0778560, 0.0604160, 0.0419840, 0.0757760, 0.0420160, 0.0604160, 0.0777920, 0.0439360, 0.0563840, 0.0562880, 0.0429120, 0.0758080, 0.0419520, 0.0736960, 0.0429440, 0.0604160, 0.0808640, 0.0605440, 0.0430080, 0.0573440, 0.0572160, 0.0546240, 0.0510720, 0.0644480, 0.0740160, 0.0605120, 0.0531200, 0.0618240, 0.0768320, 0.0573440, 0.0605120, 0.0604160 ],
"timesTransferFromDevice": [ 0.0773440, 0.1007040, 0.0712000, 0.0714880, 0.0731840, 0.0665600, 0.0711680, 0.0684800, 0.0699200, 0.0743360, 0.0715840, 0.0676480, 0.0696320, 0.0966080, 0.0685440, 0.0671680, 0.0991040, 0.0583680, 0.0593280, 0.0854720, 0.0592640, 0.0583680, 0.0672640, 0.0600640, 0.0585920, 0.0573760, 0.0834880, 0.0716480, 0.0597440, 0.0695040, 0.0625280, 0.0436480, 0.0453440, 0.0829760, 0.0447360, 0.0445440, 0.0447680, 0.0433920, 0.0448640, 0.0456320, 0.0707520, 0.0451200, 0.0473280, 0.0664960, 0.0456320, 0.0443520, 0.0916160, 0.0449280, 0.0448960, 0.0446400, 0.0463040, 0.0448960, 0.0568320, 0.0443840, 0.0631360, 0.0442240, 0.0453760, 0.0634240, 0.0454080, 0.0446400, 0.0796800, 0.0447040, 0.0458880, 0.0447040, 0.0683520, 0.0440960, 0.0458240, 0.0623040, 0.0465600, 0.0704320, 0.0664960, 0.0446080, 0.0565440, 0.0446400, 0.0611520, 0.0448320, 0.0455040, 0.0600320, 0.0459520, 0.0961600, 0.0626880, 0.0447040, 0.0455040, 0.0452800, 0.0454720, 0.0546240, 0.0449280, 0.0439360, 0.0628160, 0.0446400, 0.0458880, 0.0828800, 0.0455360, 0.0441280, 0.0464960, 0.0670720, 0.0454080, 0.0446720, 0.0640960, 0.0446080 ]
}
,